run_id,scenario,seed,window_start_s,window_end_s,binary_label,cause_family,cause_label,attack_subtype,impairment_level,is_attack,is_impairment,reachable_fraction,app_tx_delta,app_rx_delta,app_timeouts_delta,route_miss_delta,root_server_rx_delta,root_server_tx_delta,transaction_count,transaction_success_count,uplink_success_count,app_delivery_ratio,uplink_delivery_ratio,mean_rtt_ms,median_rtt_ms,p95_rtt_ms,max_rtt_ms,std_rtt_ms,mean_etx_x100,std_etx_x100,p95_etx_x100,mean_rank,mean_neighbors,mean_rssi,parent_changes_delta,root_mean_etx_x100,root_mean_rssi,queue_drops_delta,client_mac_tx_attempts_delta,client_mac_acked_delta,client_mac_rx_delta,client_mac_ack_ratio,client_mac_valid_nodes,client_mac_reset_nodes,root_mac_tx_attempts_delta,root_mac_acked_delta,root_mac_rx_delta,root_mac_ack_ratio,client_energest_tx_delta,client_energest_listen_delta,client_energest_total_delta,client_radio_tx_fraction,root_energest_tx_delta,root_radio_tx_fraction,cv_fold
Clean_seed1001_600s,Clean,1001,190,200,benign,normal,Clean,none,none,0,0,1.0,13.0,13.0,0.0,0.0,15.0,15.0,13,13,13,1.0,1.0,157.69230769230768,135.0,295.3999999999999,338.0,91.04338216420474,107.06666666666666,6.870918702002216,120.0,492.4,4.8,-71.73333333333333,0.0,109.0,-77.0,0.0,41.0,38.0,37.0,0.926829268292683,15,0,17.0,15.0,15.0,0.8823529411764706,343800.0,149656200.0,150000000.0,0.002292,84056.0,0.0084056,1
Clean_seed1001_600s,Clean,1001,200,210,benign,normal,Clean,none,none,0,0,1.0,15.0,15.0,0.0,0.0,13.0,13.0,16,16,16,1.0,1.0,146.9375,137.0,286.5,321.0,87.97914052016345,105.4,5.666946771788642,116.3,490.3333333333333,4.8,-71.73333333333333,0.0,105.0,-77.0,0.0,39.0,39.0,40.0,1.0,15,0,13.0,13.0,13.0,1.0,352232.0,149647768.0,150000000.0,0.002348213333333333,65880.0,0.006588,1
Clean_seed1001_600s,Clean,1001,210,220,benign,normal,Clean,none,none,0,0,1.0,15.0,15.0,0.0,0.0,16.0,16.0,14,14,14,1.0,1.0,166.57142857142858,128.0,324.95,388.0,112.1768619263721,106.26666666666667,6.681174689984931,117.69999999999999,491.46666666666664,4.8,-71.73333333333333,0.0,110.0,-77.0,0.0,45.0,41.0,41.0,0.9111111111111111,15,0,20.0,16.0,16.0,0.8,376976.0,149623024.0,150000000.0,0.002513173333333333,97680.0,0.009768,1
Clean_seed1001_600s,Clean,1001,220,230,benign,normal,Clean,none,none,0,0,1.0,14.0,14.0,0.0,0.0,14.0,14.0,14,14,14,1.0,1.0,145.42857142857142,135.5,305.0,305.0,85.61695939627695,105.0,5.0,113.89999999999999,489.6,4.8,-71.73333333333333,0.0,107.0,-77.0,0.0,40.0,39.0,39.0,0.975,15,0,15.0,14.0,14.0,0.9333333333333333,364720.0,149635280.0,150000000.0,0.0024314666666666665,74784.0,0.0074784,1
Clean_seed1001_600s,Clean,1001,230,240,benign,normal,Clean,none,none,0,0,1.0,15.0,14.0,0.0,0.0,15.0,15.0,15,15,15,1.0,1.0,143.73333333333332,141.0,273.29999999999995,323.0,81.29440910899687,103.8,5.8578396798039565,114.39999999999999,488.1333333333333,4.8,-71.73333333333333,0.0,105.0,-77.0,0.0,40.0,39.0,38.0,0.975,15,0,16.0,15.0,17.0,0.9375,367728.0,149632272.0,150000000.0,0.00245152,79128.0,0.0079128,1
Clean_seed1001_600s,Clean,1001,240,250,benign,normal,Clean,none,none,0,0,1.0,16.0,17.0,0.0,0.0,15.0,15.0,16,16,16,1.0,1.0,132.5625,128.0,270.75,297.0,83.19212202286144,102.46666666666667,4.596064569151473,111.19999999999999,486.46666666666664,4.8,-71.73333333333333,0.0,102.0,-77.0,0.0,43.0,43.0,48.0,1.0,15,0,15.0,15.0,15.0,1.0,372552.0,149627448.0,150000000.0,0.00248368,80920.0,0.008092,1
Clean_seed1001_600s,Clean,1001,250,260,benign,normal,Clean,none,none,0,0,1.0,14.0,14.0,0.0,0.0,16.0,16.0,15,15,15,1.0,1.0,156.73333333333332,179.0,273.99999999999994,302.0,88.29048376699225,101.86666666666666,3.3988793671416104,108.3,486.6,4.8,-71.73333333333333,0.0,101.0,-77.0,0.0,44.0,44.0,46.0,1.0,15,0,16.0,16.0,16.0,1.0,415208.0,149584792.0,150000000.0,0.0027680533333333335,83264.0,0.0083264,1
Clean_seed1001_600s,Clean,1001,260,270,benign,normal,Clean,none,none,0,0,1.0,15.0,15.0,0.0,0.0,13.0,13.0,15,15,15,1.0,1.0,131.26666666666668,119.0,236.39999999999995,270.0,75.36147809691886,101.46666666666667,2.7481595573002946,107.0,486.1333333333333,4.8,-71.73333333333333,0.0,101.0,-77.0,0.0,38.0,38.0,38.0,1.0,15,0,13.0,13.0,13.0,1.0,329344.0,149670656.0,150000000.0,0.0021956266666666668,65880.0,0.006588,1
Clean_seed1001_600s,Clean,1001,270,280,benign,normal,Clean,none,none,0,0,1.0,16.0,16.0,0.0,0.0,16.0,16.0,15,15,15,1.0,1.0,145.86666666666667,125.0,256.29999999999995,278.0,81.6717005251309,103.86666666666666,7.259148579223191,113.99999999999997,487.3333333333333,4.8,-71.73333333333333,0.0,110.0,-77.0,0.0,48.0,42.0,46.0,0.875,15,0,21.0,16.0,17.0,0.7619047619047619,457712.0,149542288.0,150000000.0,0.0030514133333333334,101432.0,0.0101432,1
Clean_seed1001_600s,Clean,1001,280,290,benign,normal,Clean,none,none,0,0,1.0,14.0,14.0,0.0,0.0,15.0,15.0,15,15,15,1.0,1.0,135.13333333333333,138.0,246.5,250.0,69.43122667860072,102.06666666666666,3.731462116089284,108.1,485.0,4.8,-71.73333333333333,0.0,104.0,-77.0,0.0,40.0,40.0,43.0,1.0,15,0,15.0,15.0,16.0,1.0,380496.0,149619504.0,150000000.0,0.00253664,75624.0,0.0075624,1
Clean_seed1001_600s,Clean,1001,290,300,benign,normal,Clean,none,none,0,0,1.0,15.0,15.0,0.0,0.0,15.0,15.0,15,15,15,1.0,1.0,146.46666666666667,141.0,244.6999999999999,307.0,77.27582015709947,101.33333333333333,2.2886885410853175,105.0,482.6666666666667,4.8,-71.73333333333333,0.0,101.0,-77.0,0.0,41.0,41.0,43.0,1.0,15,0,15.0,15.0,15.0,1.0,371760.0,149628240.0,150000000.0,0.0024784,75880.0,0.007588,1
Clean_seed1001_600s,Clean,1001,300,310,benign,normal,Clean,none,none,0,0,1.0,15.0,15.0,0.0,0.0,15.0,15.0,14,14,14,1.0,1.0,157.07142857142858,155.0,270.3,282.0,84.61265979628698,100.8,1.5212776585113297,104.0,482.0,4.8,-71.73333333333333,0.0,100.0,-77.0,0.0,41.0,41.0,41.0,1.0,15,0,14.0,14.0,15.0,1.0,357640.0,149642360.0,150000000.0,0.0023842666666666667,72376.0,0.0072376,1
Clean_seed1001_600s,Clean,1001,310,320,benign,normal,Clean,none,none,0,0,1.0,15.0,15.0,0.0,0.0,14.0,14.0,15,15,15,1.0,1.0,150.2,146.0,281.4999999999999,341.0,94.7147597488676,102.46666666666667,6.162868843400156,113.19999999999999,484.2,4.8,-71.73333333333333,0.0,100.0,-77.0,0.0,44.0,41.0,40.0,0.9318181818181818,15,0,15.0,15.0,14.0,1.0,364312.0,149640576.0,150004888.0,0.002428667524487602,74784.0,0.0074784,1
Clean_seed1001_600s,Clean,1001,320,330,benign,normal,Clean,none,none,0,0,1.0,15.0,15.0,0.0,0.0,15.0,15.0,15,15,15,1.0,1.0,151.06666666666666,157.0,257.2,274.0,84.06839619081143,102.0,5.5677643628300215,111.19999999999999,483.6,4.8,-71.73333333333333,0.0,100.0,-77.0,0.0,41.0,41.0,42.0,1.0,15,0,15.0,15.0,15.0,1.0,375072.0,149620040.0,149995112.0,0.0025005614849635902,75880.0,0.007588,1
Clean_seed1001_600s,Clean,1001,330,340,benign,normal,Clean,none,none,0,0,1.0,15.0,15.0,0.0,0.0,17.0,17.0,15,15,15,1.0,1.0,153.53333333333333,135.0,329.79999999999995,355.0,93.95733580929672,101.73333333333333,4.963677592077797,109.19999999999999,483.2,4.8,-71.73333333333333,0.0,100.0,-77.0,0.0,41.0,41.0,41.0,1.0,15,0,17.0,17.0,17.0,1.0,364136.0,149637040.0,150001176.0,0.002427554301307611,87136.0,0.0087136,1
Clean_seed1001_600s,Clean,1001,340,350,benign,normal,Clean,none,none,0,0,1.0,15.0,15.0,0.0,0.0,13.0,13.0,14,14,14,1.0,1.0,128.78571428571428,131.5,240.14999999999998,285.0,82.35213188724155,101.4,4.171330722922842,107.6,482.8,4.8,-71.73333333333333,0.0,100.0,-77.0,0.0,41.0,41.0,41.0,1.0,15,0,13.0,13.0,13.0,1.0,363760.0,149635064.0,149998824.0,0.002425085679338393,65880.0,0.006588,1
Clean_seed1001_600s,Clean,1001,350,360,benign,normal,Clean,none,none,0,0,1.0,15.0,15.0,0.0,0.0,16.0,16.0,17,17,17,1.0,1.0,148.76470588235293,141.0,251.4,257.0,71.17015650165868,101.06666666666666,3.6147844564602556,105.6,482.4,4.8,-71.73333333333333,0.0,100.0,-77.0,0.0,41.0,41.0,41.0,1.0,15,0,16.0,16.0,16.0,1.0,357640.0,149642360.0,150000000.0,0.0023842666666666667,81560.0,0.008156,1
Clean_seed1001_600s,Clean,1001,360,370,benign,normal,Clean,none,none,0,0,1.0,16.0,16.0,0.0,0.0,15.0,15.0,15,15,15,1.0,1.0,121.2,121.0,223.79999999999995,249.0,70.91765849007062,100.93333333333334,3.3480626949810555,104.6,482.1333333333333,4.8,-71.73333333333333,0.0,100.0,-77.0,0.0,42.0,42.0,42.0,1.0,15,0,15.0,15.0,15.0,1.0,396752.0,149603248.0,150000000.0,0.0026450133333333335,75880.0,0.007588,1
Clean_seed1001_600s,Clean,1001,370,380,benign,normal,Clean,none,none,0,0,1.0,15.0,15.0,0.0,0.0,15.0,15.0,15,15,15,1.0,1.0,142.46666666666667,127.0,289.09999999999997,322.0,82.30593336246584,101.6,3.5010202594590707,108.89999999999999,483.0,4.8,-71.73333333333333,0.0,100.0,-77.0,0.0,43.0,41.0,41.0,0.9534883720930233,15,0,15.0,15.0,15.0,1.0,370376.0,149629624.0,150000000.0,0.0024691733333333334,76976.0,0.0076976,1
Clean_seed1001_600s,Clean,1001,380,390,benign,normal,Clean,none,none,0,0,1.0,14.0,14.0,0.0,0.0,15.0,15.0,15,15,15,1.0,1.0,144.26666666666668,152.0,247.09999999999994,294.0,69.47298207285503,101.6,3.3763886032268267,109.0,483.1333333333333,4.8,-71.73333333333333,0.0,102.0,-77.0,0.0,41.0,40.0,40.0,0.975609756097561,15,0,16.0,15.0,15.0,0.9375,372720.0,149627280.0,150000000.0,0.0024848,78688.0,0.0078688,1
Clean_seed1001_600s,Clean,1001,390,400,benign,normal,Clean,none,none,0,0,1.0,16.0,16.0,0.0,0.0,16.0,16.0,15,15,15,1.0,1.0,141.53333333333333,157.0,253.69999999999996,274.0,69.45694109782453,101.4,2.9712912056160747,108.0,482.73333333333335,4.8,-71.73333333333333,0.0,102.0,-77.0,0.0,42.0,42.0,42.0,1.0,15,0,16.0,16.0,16.0,1.0,354944.0,149645056.0,150000000.0,0.0023662933333333334,81480.0,0.008148,1
Clean_seed1001_600s,Clean,1001,400,410,benign,normal,Clean,none,none,0,0,1.0,15.0,15.0,0.0,0.0,14.0,14.0,15,15,15,1.0,1.0,128.73333333333332,138.0,224.59999999999997,254.0,65.31841423438905,101.13333333333334,2.503331114069145,107.0,482.46666666666664,4.8,-71.73333333333333,0.0,105.0,-77.0,0.0,41.0,41.0,41.0,1.0,15,0,16.0,14.0,14.0,0.875,369880.0,149630120.0,150000000.0,0.0024658666666666665,78392.0,0.0078392,1
Clean_seed1001_600s,Clean,1001,410,420,benign,normal,Clean,none,none,0,0,1.0,15.0,15.0,0.0,0.0,16.0,16.0,14,14,14,1.0,1.0,147.64285714285714,135.0,278.25,314.0,101.0853463799143,100.93333333333334,2.1201976547572388,106.0,482.2,4.8,-71.73333333333333,0.0,104.0,-77.0,0.0,41.0,41.0,41.0,1.0,15,0,16.0,16.0,16.0,1.0,356640.0,149643360.0,150000000.0,0.0023776,80480.0,0.008048,1
Clean_seed1001_600s,Clean,1001,420,430,benign,normal,Clean,none,none,0,0,1.0,14.0,14.0,0.0,0.0,14.0,14.0,15,15,15,1.0,1.0,139.2,128.0,278.99999999999994,321.0,85.56968755681785,101.0,2.0701966780270626,105.0,482.4,4.8,-71.73333333333333,0.0,105.0,-77.0,0.0,39.0,38.0,40.0,0.9743589743589743,15,0,15.0,14.0,14.0,0.9333333333333333,366192.0,149633808.0,150000000.0,0.00244128,75040.0,0.007504,1
Clean_seed1001_600s,Clean,1001,430,440,benign,normal,Clean,none,none,0,0,1.0,15.0,15.0,0.0,0.0,15.0,15.0,15,15,15,1.0,1.0,143.33333333333334,141.0,268.5,279.0,80.63025545809772,101.33333333333333,2.742956347412318,106.19999999999999,482.6666666666667,4.8,-71.73333333333333,0.0,104.0,-77.0,0.0,42.0,41.0,39.0,0.9761904761904762,15,0,16.0,15.0,15.0,0.9375,357248.0,149642752.0,150000000.0,0.0023816533333333332,79640.0,0.007964,1
Clean_seed1001_600s,Clean,1001,440,450,benign,normal,Clean,none,none,0,0,1.0,15.0,15.0,0.0,0.0,15.0,15.0,15,15,15,1.0,1.0,141.6,135.0,256.0999999999999,296.0,80.83475207395112,101.06666666666666,2.374467358818655,105.19999999999999,482.3333333333333,4.8,-71.73333333333333,0.0,102.0,-77.0,0.0,39.0,39.0,41.0,1.0,15,0,15.0,15.0,15.0,1.0,375376.0,149624624.0,150000000.0,0.0025025066666666666,75336.0,0.0075336,1
Clean_seed1001_600s,Clean,1001,450,460,benign,normal,Clean,none,none,0,0,1.0,16.0,15.0,0.0,0.0,14.0,14.0,15,15,15,1.0,1.0,135.73333333333332,130.0,281.0999999999999,321.0,87.24142746807085,101.46666666666667,2.8751811537130436,107.6,482.93333333333334,4.8,-71.73333333333333,0.0,102.0,-77.0,0.0,44.0,43.0,42.0,0.9772727272727273,15,0,14.0,14.0,14.0,1.0,377680.0,149626208.0,150003888.0,0.0025178014052542426,72376.0,0.0072376,1
Clean_seed1001_600s,Clean,1001,460,470,benign,normal,Clean,none,none,0,0,1.0,14.0,15.0,0.0,0.0,15.0,15.0,15,15,15,1.0,1.0,141.2,139.0,275.0,289.0,79.15012859839747,101.2,2.4842360136324753,106.6,482.6,4.8,-71.73333333333333,0.0,102.0,-77.0,0.0,40.0,40.0,41.0,1.0,15,0,15.0,15.0,16.0,1.0,362424.0,149633688.0,149996112.0,0.0024162226284905304,75880.0,0.007588,1
Clean_seed1001_600s,Clean,1001,470,480,benign,normal,Clean,none,none,0,0,1.0,15.0,15.0,0.0,0.0,15.0,15.0,13,13,13,1.0,1.0,169.23076923076923,139.0,329.59999999999985,389.0,115.83404353222605,103.66666666666667,6.768273325562717,119.3,485.6,4.8,-71.73333333333333,0.0,103.0,-77.0,0.0,46.0,41.0,46.0,0.8913043478260869,15,0,16.0,15.0,15.0,0.9375,411456.0,149588544.0,150000000.0,0.00274304,86864.0,0.0086864,1
Clean_seed1001_600s,Clean,1001,480,490,benign,normal,Clean,none,none,0,0,1.0,14.0,14.0,0.0,0.0,15.0,15.0,17,17,17,1.0,1.0,161.94117647058823,132.0,298.99999999999994,347.0,89.15889649120503,105.33333333333333,6.031662488978672,117.0,488.6666666666667,4.8,-71.73333333333333,0.0,102.0,-77.0,0.0,46.0,41.0,44.0,0.8913043478260869,15,0,15.0,15.0,16.0,1.0,418896.0,149581104.0,150000000.0,0.00279264,77880.0,0.007788,1
Clean_seed1001_600s,Clean,1001,490,500,benign,normal,Clean,none,none,0,0,1.0,15.0,15.0,0.0,0.0,14.0,14.0,14,14,14,1.0,1.0,151.21428571428572,151.0,273.49999999999994,332.0,81.62972551657936,105.26666666666667,7.205817755384153,117.69999999999999,488.73333333333335,4.8,-71.73333333333333,0.0,103.0,-77.0,0.0,43.0,41.0,41.0,0.9534883720930233,15,0,15.0,14.0,15.0,0.9333333333333333,389120.0,149610880.0,150000000.0,0.0025941333333333334,74528.0,0.0074528,1
Clean_seed1001_600s,Clean,1001,500,510,benign,normal,Clean,none,none,0,0,1.0,15.0,15.0,0.0,0.0,16.0,16.0,15,15,15,1.0,1.0,154.13333333333333,130.0,298.4,304.0,90.40849096238271,103.86666666666666,5.097151398668905,113.3,486.8666666666667,4.8,-71.73333333333333,0.0,101.0,-77.0,0.0,41.0,41.0,42.0,1.0,15,0,16.0,16.0,16.0,1.0,362680.0,149637320.0,150000000.0,0.0024178666666666666,80736.0,0.0080736,1
Clean_seed1001_600s,Clean,1001,510,520,benign,normal,Clean,none,none,0,0,1.0,15.0,14.0,0.0,0.0,15.0,15.0,15,15,15,1.0,1.0,142.6,138.0,255.99999999999997,270.0,73.27911415559396,102.93333333333334,3.918211448145818,109.19999999999999,485.6,4.8,-71.73333333333333,0.0,101.0,-77.0,0.0,39.0,39.0,38.0,1.0,15,0,15.0,15.0,15.0,1.0,354976.0,149645024.0,150000000.0,0.0023665066666666667,75880.0,0.007588,1
Clean_seed1001_600s,Clean,1001,520,530,benign,normal,Clean,none,none,0,0,1.0,17.0,18.0,0.0,0.0,16.0,16.0,15,15,15,1.0,1.0,133.73333333333332,125.0,233.6,235.0,71.85647069646812,102.06666666666666,2.9632671801497046,107.19999999999999,484.0,4.8,-71.73333333333333,0.0,101.0,-77.0,0.0,47.0,47.0,50.0,1.0,15,0,16.0,16.0,17.0,1.0,424648.0,149576752.0,150001400.0,0.0028309602443710525,80704.0,0.0080704,1
Clean_seed1002_600s,Clean,1002,190,200,benign,normal,Clean,none,none,0,0,1.0,14.0,14.0,0.0,0.0,14.0,14.0,14,14,14,1.0,1.0,129.35714285714286,128.5,213.35,214.0,68.70853394857612,105.93333333333334,7.401415566021974,116.6,487.6666666666667,4.8,-70.53333333333333,0.0,105.0,-77.0,0.0,38.0,38.0,37.0,1.0,15,0,14.0,14.0,14.0,1.0,330120.0,149669880.0,150000000.0,0.0022008,70224.0,0.0070224,2
Clean_seed1002_600s,Clean,1002,200,210,benign,normal,Clean,none,none,0,0,1.0,16.0,15.0,0.0,0.0,16.0,16.0,15,15,15,1.0,1.0,143.93333333333334,136.0,272.3,280.0,82.18747442512729,105.06666666666666,6.238894896038042,115.1,486.6,4.8,-70.53333333333333,0.0,104.0,-77.0,0.0,43.0,43.0,47.0,1.0,15,0,15.0,15.0,16.0,1.0,385568.0,149614432.0,150000000.0,0.0025704533333333335,82272.0,0.0082272,2
Clean_seed1002_600s,Clean,1002,210,220,benign,normal,Clean,none,none,0,0,1.0,16.0,16.0,0.0,0.0,15.0,15.0,14,14,14,1.0,1.0,136.21428571428572,141.0,236.9,246.0,73.51418342629648,104.06666666666666,5.035114790387698,111.39999999999999,485.46666666666664,4.8,-70.53333333333333,0.0,104.0,-77.0,0.0,45.0,45.0,45.0,1.0,15,0,16.0,16.0,16.0,1.0,400520.0,149599480.0,150000000.0,0.0026701333333333335,82184.0,0.0082184,2
Clean_seed1002_600s,Clean,1002,220,230,benign,normal,Clean,none,none,0,0,1.0,14.0,13.0,0.0,0.0,13.0,13.0,15,15,15,1.0,1.0,132.93333333333334,134.0,266.4,286.0,82.42092891862796,103.66666666666667,4.5303211281110665,110.1,484.73333333333335,4.8,-70.53333333333333,0.0,103.0,-77.0,0.0,36.0,36.0,34.0,1.0,15,0,13.0,13.0,13.0,1.0,299040.0,149700960.0,150000000.0,0.0019936,65080.0,0.006508,2
Clean_seed1002_600s,Clean,1002,230,240,benign,normal,Clean,none,none,0,0,1.0,14.0,16.0,0.0,0.0,16.0,16.0,15,15,15,1.0,1.0,160.6,158.0,320.79999999999995,367.0,98.28006628290106,103.06666666666666,3.954503159449394,108.8,484.1333333333333,4.8,-70.53333333333333,0.0,103.0,-77.0,0.0,40.0,40.0,43.0,1.0,15,0,16.0,16.0,16.0,1.0,366424.0,149633576.0,150000000.0,0.0024428266666666667,81536.0,0.0081536,2
Clean_seed1002_600s,Clean,1002,240,250,benign,normal,Clean,none,none,0,0,1.0,14.0,14.0,0.0,0.0,14.0,14.0,15,15,15,1.0,1.0,145.06666666666666,135.0,277.9999999999999,369.0,91.95920420542599,102.73333333333333,3.6344908597386523,108.5,483.6666666666667,4.8,-70.53333333333333,0.0,104.0,-77.0,0.0,39.0,39.0,40.0,1.0,15,0,15.0,14.0,14.0,0.9333333333333333,357648.0,149642352.0,150000000.0,0.00238432,75040.0,0.007504,2
Clean_seed1002_600s,Clean,1002,250,260,benign,normal,Clean,none,none,0,0,1.0,16.0,15.0,0.0,0.0,16.0,16.0,15,15,15,1.0,1.0,142.8,115.0,263.8999999999999,308.0,85.8671731721234,102.2,3.0047581314594067,106.5,483.06666666666666,4.8,-70.53333333333333,0.0,102.0,-77.0,0.0,44.0,44.0,44.0,1.0,15,0,16.0,16.0,16.0,1.0,381296.0,149618704.0,150000000.0,0.0025419733333333335,81280.0,0.008128,2
Clean_seed1002_600s,Clean,1002,260,270,benign,normal,Clean,none,none,0,0,1.0,14.0,15.0,0.0,0.0,14.0,14.0,16,16,16,1.0,1.0,148.5,130.5,289.5,309.0,81.64312585882537,102.0,2.7255405754769875,106.19999999999999,481.8666666666667,4.8,-70.53333333333333,0.0,101.0,-77.0,0.0,38.0,38.0,44.0,1.0,15,0,14.0,14.0,15.0,1.0,361032.0,149638968.0,150000000.0,0.00240688,70480.0,0.007048,2
Clean_seed1002_600s,Clean,1002,270,280,benign,normal,Clean,none,none,0,0,1.0,15.0,15.0,0.0,0.0,15.0,15.0,14,14,14,1.0,1.0,130.57142857142858,132.5,235.9,245.0,75.5611970888134,101.53333333333333,2.2318047362958033,105.6,481.3333333333333,4.8,-70.53333333333333,0.0,101.0,-77.0,0.0,40.0,40.0,42.0,1.0,15,0,15.0,15.0,16.0,1.0,347824.0,149652176.0,150000000.0,0.0023188266666666667,75880.0,0.007588,2
Clean_seed1002_600s,Clean,1002,280,290,benign,normal,Clean,none,none,0,0,1.0,15.0,15.0,0.0,0.0,15.0,15.0,15,15,15,1.0,1.0,138.4,118.0,274.29999999999995,296.0,84.12983163794263,101.86666666666666,2.53170373652286,106.6,481.8,4.8,-70.53333333333333,0.0,101.0,-77.0,0.0,44.0,42.0,43.0,0.9545454545454546,15,0,15.0,15.0,16.0,1.0,407984.0,149592016.0,150000000.0,0.0027198933333333333,75880.0,0.007588,2
Clean_seed1002_600s,Clean,1002,290,300,benign,normal,Clean,none,none,0,0,1.0,14.0,14.0,0.0,0.0,14.0,14.0,15,15,15,1.0,1.0,131.53333333333333,146.0,237.7,251.0,70.52139155367446,101.26666666666667,1.9808608037440498,105.3,480.06666666666666,4.8,-70.53333333333333,0.0,101.0,-77.0,0.0,38.0,38.0,39.0,1.0,15,0,14.0,14.0,14.0,1.0,354048.0,149645952.0,150000000.0,0.00236032,71024.0,0.0071024,2
Clean_seed1002_600s,Clean,1002,300,310,benign,normal,Clean,none,none,0,0,1.0,16.0,16.0,0.0,0.0,16.0,16.0,16,16,16,1.0,1.0,148.3125,112.5,364.25,404.0,114.93866117774877,101.6,3.699420804087348,107.69999999999999,480.4,4.8,-70.53333333333333,0.0,100.0,-77.0,0.0,44.0,43.0,43.0,0.9772727272727273,15,0,16.0,16.0,16.0,1.0,408736.0,149591264.0,150000000.0,0.0027249066666666668,80736.0,0.0080736,2
Clean_seed1002_600s,Clean,1002,310,320,benign,normal,Clean,none,none,0,0,1.0,15.0,15.0,0.0,0.0,14.0,14.0,14,14,14,1.0,1.0,154.5,169.5,282.8,288.0,84.32606130600797,101.66666666666667,3.265986323710905,108.19999999999999,480.46666666666664,4.8,-70.53333333333333,0.0,100.0,-77.0,0.0,42.0,41.0,41.0,0.9761904761904762,15,0,14.0,14.0,14.0,1.0,366864.0,149633136.0,150000000.0,0.00244576,71024.0,0.0071024,2
Clean_seed1002_600s,Clean,1002,320,330,benign,normal,Clean,none,none,0,0,1.0,15.0,15.0,0.0,0.0,15.0,15.0,14,14,14,1.0,1.0,145.57142857142858,122.0,310.49999999999994,421.0,106.46611182452831,102.6,3.7758631936476266,109.0,481.73333333333335,4.8,-70.53333333333333,0.0,102.0,-77.0,0.0,44.0,41.0,41.0,0.9318181818181818,15,0,16.0,15.0,15.0,0.9375,374792.0,149625208.0,150000000.0,0.0024986133333333334,80184.0,0.0080184,2
Clean_seed1002_600s,Clean,1002,330,340,benign,normal,Clean,none,none,0,0,1.0,15.0,15.0,0.0,0.0,14.0,14.0,15,15,15,1.0,1.0,165.53333333333333,155.0,313.19999999999993,365.0,110.49813616182897,102.2,3.668397859712446,108.89999999999999,481.26666666666665,4.8,-70.53333333333333,0.0,101.0,-77.0,0.0,40.0,39.0,39.0,0.975,15,0,15.0,14.0,14.0,0.9333333333333333,346184.0,149653816.0,150000000.0,0.0023078933333333333,76072.0,0.0076072,2
Clean_seed1002_600s,Clean,1002,340,350,benign,normal,Clean,none,none,0,0,1.0,14.0,14.0,0.0,0.0,16.0,16.0,15,15,15,1.0,1.0,136.33333333333334,114.0,275.3,276.0,90.34510554113098,101.53333333333333,2.445598573141631,105.6,480.3333333333333,4.8,-70.53333333333333,0.0,100.0,-77.0,0.0,41.0,41.0,41.0,1.0,15,0,16.0,16.0,16.0,1.0,367784.0,149632216.0,150000000.0,0.0024518933333333333,80992.0,0.0080992,2
Clean_seed1002_600s,Clean,1002,350,360,benign,normal,Clean,none,none,0,0,1.0,16.0,16.0,0.0,0.0,16.0,16.0,16,16,16,1.0,1.0,171.3125,151.5,340.5,372.0,107.38262972504758,105.46666666666667,11.211388767464898,126.69999999999997,485.4,4.8,-70.53333333333333,0.0,101.0,-77.0,0.0,50.0,43.0,43.0,0.86,15,0,17.0,16.0,16.0,0.9411764705882353,433880.0,149566120.0,150000000.0,0.0028925333333333332,86392.0,0.0086392,2
Clean_seed1002_600s,Clean,1002,360,370,benign,normal,Clean,none,none,0,0,1.0,15.0,15.0,0.0,0.0,15.0,15.0,15,15,15,1.0,1.0,140.4,152.0,258.09999999999997,291.0,82.4108175978303,105.06666666666666,10.333486942022638,127.29999999999998,484.93333333333334,4.8,-70.53333333333333,0.0,100.0,-77.0,0.0,43.0,41.0,41.0,0.9534883720930233,15,0,15.0,15.0,15.0,1.0,381728.0,149618272.0,150000000.0,0.0025448533333333333,76976.0,0.0076976,2
Clean_seed1002_600s,Clean,1002,370,380,benign,normal,Clean,none,none,0,0,1.0,15.0,15.0,0.0,0.0,16.0,16.0,14,14,14,1.0,1.0,133.0,105.5,258.05,286.0,79.82673544814226,103.6,8.66684981491463,120.49999999999999,483.0,4.8,-70.53333333333333,0.0,100.0,-77.0,0.0,42.0,42.0,41.0,1.0,15,0,16.0,16.0,16.0,1.0,369208.0,149630792.0,150000000.0,0.0024613866666666666,80480.0,0.008048,2
Clean_seed1002_600s,Clean,1002,380,390,benign,normal,Clean,none,none,0,0,1.0,17.0,16.0,0.0,0.0,15.0,15.0,17,17,17,1.0,1.0,134.0,137.0,259.0,267.0,75.31268153505091,102.86666666666666,7.5485728704803785,116.09999999999998,482.06666666666666,4.8,-70.53333333333333,0.0,100.0,-77.0,0.0,44.0,44.0,45.0,1.0,15,0,15.0,15.0,15.0,1.0,379720.0,149620280.0,150000000.0,0.0025314666666666668,75880.0,0.007588,2
Clean_seed1002_600s,Clean,1002,390,400,benign,normal,Clean,none,none,0,0,1.0,14.0,15.0,0.0,0.0,15.0,15.0,16,16,16,1.0,1.0,151.0625,135.0,276.75,306.0,82.73690732275007,102.93333333333334,6.734417640180993,113.79999999999998,482.2,4.8,-70.53333333333333,0.0,100.0,-77.0,0.0,39.0,38.0,42.0,0.9743589743589743,15,0,15.0,15.0,15.0,1.0,344432.0,149655568.0,150000000.0,0.0022962133333333332,80920.0,0.008092,2
Clean_seed1002_600s,Clean,1002,400,410,benign,normal,Clean,none,none,0,0,1.0,16.0,16.0,0.0,0.0,15.0,15.0,14,14,14,1.0,1.0,146.07142857142858,153.5,270.59999999999997,294.0,75.27331152919625,103.46666666666667,7.424541031189035,120.6,482.8666666666667,4.8,-70.53333333333333,0.0,100.0,-77.0,0.0,46.0,44.0,44.0,0.9565217391304348,15,0,15.0,15.0,15.0,1.0,414208.0,149585792.0,150000000.0,0.0027613866666666665,75568.0,0.0075568,2
Clean_seed1002_600s,Clean,1002,410,420,benign,normal,Clean,none,none,0,0,1.0,13.0,13.0,0.0,0.0,14.0,14.0,15,15,15,1.0,1.0,128.2,122.0,248.3,249.0,70.91161500669085,103.8,6.20138233437859,115.8,483.26666666666665,4.8,-70.53333333333333,0.0,100.0,-77.0,0.0,39.0,37.0,36.0,0.9487179487179487,15,0,14.0,14.0,14.0,1.0,340680.0,149659320.0,150000000.0,0.0022712,71024.0,0.0071024,2
Clean_seed1002_600s,Clean,1002,420,430,benign,normal,Clean,none,none,0,0,1.0,14.0,14.0,0.0,0.0,15.0,15.0,14,14,14,1.0,1.0,164.71428571428572,155.5,386.59999999999997,410.0,115.70282130156922,104.2,7.5137968336349665,116.49999999999999,485.8,4.8,-70.53333333333333,0.0,100.0,-77.0,0.0,43.0,41.0,42.0,0.9534883720930233,15,0,15.0,15.0,15.0,1.0,392008.0,149611912.0,150003920.0,0.0026133183719465464,75880.0,0.007584511124882554,2
Clean_seed1002_600s,Clean,1002,430,440,benign,normal,Clean,none,none,0,0,1.0,17.0,16.0,0.0,0.0,15.0,15.0,15,15,15,1.0,1.0,134.06666666666666,133.0,252.89999999999998,269.0,80.087868411306,103.13333333333334,6.345602151621756,112.09999999999998,484.53333333333336,4.8,-70.53333333333333,0.0,100.0,-77.0,0.0,44.0,44.0,45.0,1.0,15,0,15.0,15.0,15.0,1.0,379888.0,149616192.0,149996080.0,0.0025326528533279003,76136.0,0.0076171038677791784,2
Clean_seed1002_600s,Clean,1002,440,450,benign,normal,Clean,none,none,0,0,1.0,14.0,15.0,0.0,0.0,15.0,15.0,16,16,16,1.0,1.0,146.9375,141.5,301.25,332.0,94.14631786037448,102.53333333333333,5.514483095406478,110.49999999999999,483.6,4.8,-70.53333333333333,0.0,100.0,-77.0,0.0,38.0,38.0,39.0,1.0,15,0,15.0,15.0,15.0,1.0,349376.0,149650624.0,150000000.0,0.0023291733333333335,75880.0,0.007588,2
Clean_seed1002_600s,Clean,1002,450,460,benign,normal,Clean,none,none,0,0,1.0,15.0,15.0,0.0,0.0,16.0,16.0,15,15,15,1.0,1.0,130.8,137.0,218.2,235.0,65.43175288584501,102.0,4.971346468944376,109.19999999999999,482.93333333333334,4.8,-70.53333333333333,0.0,100.0,-77.0,0.0,41.0,41.0,41.0,1.0,15,0,16.0,16.0,16.0,1.0,367672.0,149632328.0,150000000.0,0.0024511466666666667,80480.0,0.008048,2
Clean_seed1002_600s,Clean,1002,460,470,benign,normal,Clean,none,none,0,0,1.0,16.0,16.0,0.0,0.0,15.0,15.0,15,15,15,1.0,1.0,134.06666666666666,133.0,255.7,262.0,73.93285241803312,101.6,4.239272174728649,108.29999999999998,482.46666666666664,4.8,-70.53333333333333,0.0,100.0,-77.0,0.0,42.0,42.0,42.0,1.0,15,0,15.0,15.0,16.0,1.0,366280.0,149633720.0,150000000.0,0.0024418666666666668,75880.0,0.007588,2
Clean_seed1002_600s,Clean,1002,470,480,benign,normal,Clean,none,none,0,0,1.0,17.0,16.0,0.0,0.0,16.0,16.0,16,16,16,1.0,1.0,166.6875,152.5,283.25,296.0,89.20965474655756,103.53333333333333,6.081196624098943,115.8,484.8666666666667,4.8,-70.53333333333333,0.0,102.0,-77.0,0.0,50.0,46.0,44.0,0.92,15,0,17.0,16.0,16.0,0.9411764705882353,446288.0,149553712.0,150000000.0,0.0029752533333333333,85784.0,0.0085784,2
Clean_seed1002_600s,Clean,1002,480,490,benign,normal,Clean,none,none,0,0,1.0,16.0,15.0,0.0,0.0,16.0,16.0,14,14,14,1.0,1.0,170.07142857142858,193.0,294.6,305.0,90.3765322548812,102.53333333333333,4.897035060212698,113.6,483.6,4.8,-70.53333333333333,0.0,102.0,-77.0,0.0,44.0,44.0,44.0,1.0,15,0,17.0,16.0,16.0,0.9411764705882353,399264.0,149600736.0,150000000.0,0.00266176,84576.0,0.0084576,2
Clean_seed1002_600s,Clean,1002,490,500,benign,normal,Clean,none,none,0,0,1.0,12.0,14.0,0.0,0.0,13.0,13.0,16,16,16,1.0,1.0,152.75,146.5,265.25,293.0,77.49537620615396,102.0,4.174754056057845,111.6,483.0,4.8,-70.53333333333333,0.0,101.0,-77.0,0.0,36.0,36.0,41.0,1.0,15,0,13.0,13.0,13.0,1.0,355992.0,149644008.0,150000000.0,0.00237328,66136.0,0.0066136,2
Clean_seed1002_600s,Clean,1002,500,510,benign,normal,Clean,none,none,0,0,1.0,15.0,15.0,0.0,0.0,15.0,15.0,14,14,14,1.0,1.0,153.57142857142858,111.5,322.0,335.0,103.78655188244934,101.6,3.6994208040873486,109.89999999999999,482.4,4.8,-70.53333333333333,0.0,101.0,-77.0,0.0,41.0,41.0,43.0,1.0,15,0,15.0,15.0,17.0,1.0,371936.0,149628064.0,150000000.0,0.0024795733333333333,77880.0,0.007788,2
Clean_seed1002_600s,Clean,1002,510,520,benign,normal,Clean,none,none,0,0,1.0,16.0,16.0,0.0,0.0,17.0,17.0,17,17,17,1.0,1.0,146.2941176470588,137.0,308.8,320.0,91.22620560033884,102.6,5.754501343668775,112.99999999999999,485.1333333333333,4.8,-70.53333333333333,0.0,102.0,-77.0,0.0,44.0,42.0,46.0,0.9545454545454546,15,0,17.0,16.0,18.0,0.9411764705882353,398288.0,149601712.0,150000000.0,0.0026552533333333334,85880.0,0.008588,2
Clean_seed1002_600s,Clean,1002,520,530,benign,normal,Clean,none,none,0,0,1.0,16.0,15.0,0.0,0.0,15.0,15.0,15,15,15,1.0,1.0,143.8,119.0,284.59999999999997,300.0,90.37793662488333,102.06666666666666,4.5586129887228175,110.8,484.46666666666664,4.8,-70.53333333333333,0.0,100.0,-77.0,0.0,42.0,42.0,41.0,1.0,15,0,16.0,16.0,15.0,1.0,366440.0,149633560.0,150000000.0,0.002442933333333333,79384.0,0.0079384,2
Clean_seed1003_600s,Clean,1003,190,200,benign,normal,Clean,none,none,0,0,1.0,15.0,15.0,0.0,0.0,14.0,14.0,15,15,15,1.0,1.0,148.73333333333332,134.0,263.5,274.0,81.8207681168913,104.66666666666667,5.259911279353166,113.0,502.0,4.8,-73.6,0.0,107.0,-77.0,0.0,41.0,41.0,41.0,1.0,15,0,14.0,14.0,14.0,1.0,364896.0,149635104.0,150000000.0,0.00243264,70736.0,0.0070736,3
Clean_seed1003_600s,Clean,1003,200,210,benign,normal,Clean,none,none,0,0,1.0,15.0,14.0,0.0,0.0,15.0,15.0,15,15,15,1.0,1.0,141.6,150.0,243.6,245.0,74.81481900570998,104.06666666666666,4.727830469928142,112.0,501.06666666666666,4.8,-73.6,0.0,106.0,-77.0,0.0,42.0,42.0,40.0,1.0,15,0,15.0,15.0,15.0,1.0,365824.0,149634176.0,150000000.0,0.0024388266666666666,75880.0,0.007588,3
Clean_seed1003_600s,Clean,1003,210,220,benign,normal,Clean,none,none,0,0,1.0,16.0,17.0,0.0,0.0,15.0,15.0,15,15,15,1.0,1.0,143.53333333333333,125.0,283.09999999999985,365.0,97.03376928138152,104.0,5.606119105813881,112.99999999999999,501.0,4.8,-73.6,0.0,105.0,-77.0,0.0,45.0,44.0,51.0,0.9777777777777777,15,0,15.0,15.0,17.0,1.0,435488.0,149564512.0,150000000.0,0.0029032533333333333,80920.0,0.008092,3
Clean_seed1003_600s,Clean,1003,220,230,benign,normal,Clean,none,none,0,0,1.0,14.0,14.0,0.0,0.0,16.0,16.0,15,15,15,1.0,1.0,154.13333333333333,144.0,297.19999999999993,335.0,91.42824404703292,103.4,5.053994177168899,111.69999999999999,500.2,4.8,-73.6,0.0,104.0,-77.0,0.0,38.0,38.0,38.0,1.0,15,0,15.0,15.0,16.0,1.0,330792.0,149669208.0,150000000.0,0.00220528,76976.0,0.0076976,3
Clean_seed1003_600s,Clean,1003,230,240,benign,normal,Clean,none,none,0,0,1.0,15.0,15.0,0.0,0.0,15.0,15.0,16,16,16,1.0,1.0,130.625,137.5,236.0,272.0,73.29472468511405,102.73333333333333,4.4475782602392036,109.69999999999999,497.46666666666664,4.8,-73.6,0.0,103.0,-77.0,0.0,41.0,41.0,43.0,1.0,15,0,16.0,16.0,16.0,1.0,379664.0,149620336.0,150000000.0,0.0025310933333333335,79384.0,0.0079384,3
Clean_seed1003_600s,Clean,1003,240,250,benign,normal,Clean,none,none,0,0,1.0,14.0,14.0,0.0,0.0,14.0,14.0,14,14,14,1.0,1.0,120.14285714285714,113.0,212.95,224.0,59.5028856997155,103.73333333333333,5.675343497051417,116.3,497.26666666666665,4.8,-73.6,0.0,103.0,-77.0,0.0,37.0,35.0,38.0,0.9459459459459459,15,0,14.0,14.0,14.0,1.0,329568.0,149673376.0,150002944.0,0.002197076878704461,69184.0,0.0069184,3
Clean_seed1003_600s,Clean,1003,250,260,benign,normal,Clean,none,none,0,0,1.0,16.0,16.0,0.0,0.0,16.0,16.0,16,16,16,1.0,1.0,128.25,139.5,242.0,251.0,74.24868124530339,102.8,4.1092230756816175,110.5,496.06666666666666,4.8,-73.6,0.0,103.0,-77.0,0.0,42.0,42.0,42.0,1.0,15,0,16.0,16.0,16.0,1.0,365024.0,149632032.0,149997056.0,0.002433541095633237,80480.0,0.008048,3
Clean_seed1003_600s,Clean,1003,260,270,benign,normal,Clean,none,none,0,0,1.0,16.0,15.0,0.0,0.0,15.0,15.0,15,15,15,1.0,1.0,140.33333333333334,120.0,274.7999999999999,349.0,86.34454790188522,102.0,3.0472470011002204,106.8,493.8666666666667,4.8,-73.6,0.0,102.0,-77.0,0.0,43.0,43.0,44.0,1.0,15,0,15.0,15.0,15.0,1.0,398200.0,149601800.0,150000000.0,0.0026546666666666667,75880.0,0.007588,3
Clean_seed1003_600s,Clean,1003,270,280,benign,normal,Clean,none,none,0,0,1.0,15.0,16.0,0.0,0.0,16.0,16.0,15,15,15,1.0,1.0,156.33333333333334,145.0,283.9,293.0,82.83000376560129,101.93333333333334,3.305118685283408,109.3,493.1333333333333,4.8,-73.6,0.0,102.0,-77.0,0.0,43.0,42.0,44.0,0.9767441860465116,15,0,16.0,16.0,17.0,1.0,375648.0,149624352.0,150000000.0,0.00250432,83632.0,0.0083632,3
Clean_seed1003_600s,Clean,1003,280,290,benign,normal,Clean,none,none,0,0,1.0,13.0,13.0,0.0,0.0,13.0,13.0,14,14,14,1.0,1.0,141.78571428571428,125.5,278.34999999999997,331.0,79.19613293922545,101.8,3.0983866769659336,109.0,487.3333333333333,4.8,-73.6,0.0,101.0,-77.0,0.0,37.0,37.0,38.0,1.0,15,0,13.0,13.0,13.0,1.0,348584.0,149651416.0,150000000.0,0.002323893333333333,65624.0,0.0065624,3
Clean_seed1003_600s,Clean,1003,290,300,benign,normal,Clean,none,none,0,0,1.0,16.0,16.0,0.0,0.0,16.0,16.0,15,15,15,1.0,1.0,132.2,162.0,213.9,216.0,65.32140318674817,101.33333333333333,2.5819888974716108,107.3,486.8,4.8,-73.6,0.0,101.0,-77.0,0.0,43.0,43.0,42.0,1.0,15,0,16.0,16.0,16.0,1.0,391088.0,149608912.0,150000000.0,0.0026072533333333335,82336.0,0.0082336,3
Clean_seed1003_600s,Clean,1003,300,310,benign,normal,Clean,none,none,0,0,1.0,14.0,14.0,0.0,0.0,14.0,14.0,15,15,15,1.0,1.0,135.26666666666668,140.0,259.79999999999995,292.0,73.01708867172971,101.0,2.29906813420444,106.3,479.1333333333333,4.8,-73.6,0.0,101.0,-77.0,0.0,37.0,37.0,39.0,1.0,15,0,14.0,14.0,14.0,1.0,337216.0,149662784.0,150000000.0,0.0022481066666666665,71280.0,0.007128,3
Clean_seed1003_600s,Clean,1003,310,320,benign,normal,Clean,none,none,0,0,1.0,15.0,15.0,0.0,0.0,15.0,15.0,15,15,15,1.0,1.0,168.0,156.0,357.8999999999999,423.0,115.69294335808533,101.33333333333333,2.6636888135137142,106.6,479.6,4.8,-73.6,0.0,104.0,-77.0,0.0,42.0,41.0,41.0,0.9761904761904762,15,0,18.0,15.0,15.0,0.8333333333333334,383736.0,149616264.0,150000000.0,0.00255824,88896.0,0.0088896,3
Clean_seed1003_600s,Clean,1003,320,330,benign,normal,Clean,none,none,0,0,1.0,15.0,15.0,0.0,0.0,15.0,15.0,15,15,15,1.0,1.0,144.66666666666666,107.0,285.9,288.0,91.41402414030252,101.0,2.0701966780270626,105.0,479.1333333333333,4.8,-73.6,0.0,103.0,-77.0,0.0,43.0,43.0,43.0,1.0,15,0,16.0,15.0,15.0,0.9375,387176.0,149612824.0,150000000.0,0.002581173333333333,79384.0,0.0079384,3
Clean_seed1003_600s,Clean,1003,330,340,benign,normal,Clean,none,none,0,0,1.0,15.0,15.0,0.0,0.0,15.0,15.0,15,15,15,1.0,1.0,136.6,143.0,275.6,277.0,78.88490712061827,100.73333333333333,1.6242214252050853,104.3,478.73333333333335,4.8,-73.6,0.0,100.0,-77.0,0.0,39.0,39.0,39.0,1.0,15,0,15.0,15.0,15.0,1.0,345072.0,149654928.0,150000000.0,0.00230048,75880.0,0.007588,3
Clean_seed1003_600s,Clean,1003,340,350,benign,normal,Clean,none,none,0,0,1.0,16.0,15.0,0.0,0.0,16.0,16.0,15,15,15,1.0,1.0,140.93333333333334,134.0,269.99999999999994,298.0,87.83789181267522,100.4,1.055597325823495,103.0,478.4,4.8,-73.6,0.0,100.0,-77.0,0.0,45.0,45.0,44.0,1.0,15,0,16.0,16.0,16.0,1.0,399832.0,149600168.0,150000000.0,0.0026655466666666667,81536.0,0.0081536,3
Clean_seed1003_600s,Clean,1003,350,360,benign,normal,Clean,none,none,0,0,1.0,14.0,15.0,0.0,0.0,14.0,14.0,15,15,15,1.0,1.0,147.26666666666668,141.0,292.59999999999997,308.0,97.78582037630336,100.33333333333333,0.8997354108424374,102.3,478.3333333333333,4.8,-73.6,0.0,100.0,-77.0,0.0,39.0,39.0,38.0,1.0,15,0,14.0,14.0,14.0,1.0,329240.0,149670760.0,150000000.0,0.002194933333333333,70224.0,0.0070224,3
Clean_seed1003_600s,Clean,1003,360,370,benign,normal,Clean,none,none,0,0,1.0,16.0,15.0,0.0,0.0,15.0,15.0,14,14,14,1.0,1.0,146.42857142857142,178.5,240.25,263.0,77.72507197286352,102.13333333333334,5.370111287310091,111.6,480.46666666666664,4.8,-73.6,0.0,100.0,-77.0,0.0,46.0,43.0,44.0,0.9347826086956522,15,0,15.0,15.0,15.0,1.0,400240.0,149599760.0,150000000.0,0.0026682666666666666,76976.0,0.0076976,3
Clean_seed1003_600s,Clean,1003,370,380,benign,normal,Clean,none,none,0,0,1.0,14.0,14.0,0.0,0.0,15.0,15.0,15,15,15,1.0,1.0,167.4,143.0,311.3,312.0,95.45140873015669,101.33333333333333,3.8483144114694956,105.89999999999999,479.53333333333336,4.8,-73.6,0.0,100.0,-77.0,0.0,40.0,40.0,39.0,1.0,15,0,15.0,15.0,15.0,1.0,349952.0,149650048.0,150000000.0,0.0023330133333333333,78816.0,0.0078816,3
Clean_seed1003_600s,Clean,1003,380,390,benign,normal,Clean,none,none,0,0,1.0,15.0,16.0,0.0,0.0,15.0,15.0,15,15,15,1.0,1.0,155.33333333333334,166.0,258.59999999999997,288.0,85.34523726494363,102.73333333333333,4.742914514856672,112.3,481.3333333333333,4.8,-73.6,0.0,105.0,-77.0,0.0,44.0,40.0,41.0,0.9090909090909091,15,0,18.0,15.0,15.0,0.8333333333333334,388304.0,149611696.0,150000000.0,0.002588693333333333,87616.0,0.0087616,3
Clean_seed1003_600s,Clean,1003,390,400,benign,normal,Clean,none,none,0,0,1.0,15.0,15.0,0.0,0.0,15.0,15.0,16,16,16,1.0,1.0,144.8125,155.0,250.5,300.0,76.76910728498368,102.26666666666667,4.078982132603089,109.89999999999999,480.73333333333335,4.8,-73.6,0.0,108.0,-77.0,0.0,40.0,39.0,40.0,0.975,15,0,18.0,15.0,15.0,0.8333333333333334,360168.0,149639832.0,150000000.0,0.00240112,88744.0,0.0088744,3
Clean_seed1003_600s,Clean,1003,400,410,benign,normal,Clean,none,none,0,0,1.0,14.0,14.0,0.0,0.0,13.0,13.0,13,13,13,1.0,1.0,153.76923076923077,132.0,289.19999999999993,309.0,97.26266313969425,101.8,2.90811671999988,106.89999999999999,480.26666666666665,4.8,-73.6,0.0,106.0,-77.0,0.0,39.0,38.0,42.0,0.9743589743589743,15,0,14.0,13.0,13.0,0.9285714285714286,344016.0,149655984.0,150000000.0,0.00229344,74424.0,0.0074424,3
Clean_seed1003_600s,Clean,1003,410,420,benign,normal,Clean,none,none,0,0,1.0,16.0,16.0,0.0,0.0,16.0,16.0,15,15,15,1.0,1.0,148.13333333333333,114.0,301.4,307.0,100.92562089172873,102.13333333333334,4.983783225431783,109.19999999999999,480.53333333333336,4.8,-73.6,0.0,104.0,-77.0,0.0,48.0,45.0,44.0,0.9375,15,0,16.0,16.0,16.0,1.0,439768.0,149560232.0,150000000.0,0.0029317866666666668,81536.0,0.0081536,3
Clean_seed1003_600s,Clean,1003,420,430,benign,normal,Clean,none,none,0,0,1.0,13.0,13.0,0.0,0.0,14.0,14.0,15,15,15,1.0,1.0,162.2,119.0,334.4,347.0,100.87842753957429,103.4,5.865151319446073,113.3,482.1333333333333,4.8,-73.6,0.0,105.0,-77.0,0.0,42.0,37.0,38.0,0.8809523809523809,15,0,16.0,14.0,14.0,0.875,347576.0,149652424.0,150000000.0,0.0023171733333333332,76992.0,0.0076992,3
Clean_seed1003_600s,Clean,1003,430,440,benign,normal,Clean,none,none,0,0,1.0,15.0,15.0,0.0,0.0,15.0,15.0,15,15,15,1.0,1.0,126.6,112.0,225.89999999999995,263.0,71.18065547805608,103.46666666666667,5.89026638576203,112.99999999999999,482.3333333333333,4.8,-73.6,0.0,102.0,-77.0,0.0,42.0,39.0,41.0,0.9285714285714286,15,0,15.0,15.0,15.0,1.0,368544.0,149631456.0,150000000.0,0.00245696,76976.0,0.0076976,3
Clean_seed1003_600s,Clean,1003,440,450,benign,normal,Clean,none,none,0,0,1.0,16.0,16.0,0.0,0.0,15.0,15.0,15,15,15,1.0,1.0,135.2,110.0,295.7999999999999,356.0,93.30992903835507,103.33333333333333,8.723258456290177,115.09999999999997,482.1333333333333,4.8,-73.6,0.0,104.0,-77.0,0.0,46.0,44.0,44.0,0.9565217391304348,15,0,17.0,15.0,15.0,0.8823529411764706,400456.0,149599544.0,150000000.0,0.0026697066666666667,83976.0,0.0083976,3
Clean_seed1003_600s,Clean,1003,450,460,benign,normal,Clean,none,none,0,0,1.0,17.0,17.0,0.0,0.0,17.0,17.0,17,17,17,1.0,1.0,135.58823529411765,127.0,278.79999999999995,330.0,83.51052240850356,101.86666666666666,5.986492732652002,110.39999999999998,480.4,4.8,-73.6,0.0,102.0,-77.0,0.0,46.0,46.0,46.0,1.0,15,0,17.0,17.0,17.0,1.0,398488.0,149601512.0,150000000.0,0.0026565866666666666,86136.0,0.0086136,3
Clean_seed1003_600s,Clean,1003,460,470,benign,normal,Clean,none,none,0,0,1.0,16.0,16.0,0.0,0.0,16.0,16.0,16,16,16,1.0,1.0,144.4375,122.5,272.25,285.0,86.08675372359365,101.53333333333333,4.940599539481399,108.49999999999999,480.4,4.8,-73.6,0.0,101.0,-77.0,0.0,44.0,44.0,48.0,1.0,15,0,16.0,16.0,16.0,1.0,405712.0,149594288.0,150000000.0,0.002704746666666667,80736.0,0.0080736,3
Clean_seed1003_600s,Clean,1003,470,480,benign,normal,Clean,none,none,0,0,1.0,15.0,15.0,0.0,0.0,16.0,16.0,16,16,16,1.0,1.0,135.75,109.5,244.5,285.0,74.95287408320866,102.93333333333334,6.181385266226641,115.8,482.2,4.8,-73.6,0.0,101.0,-77.0,0.0,44.0,41.0,40.0,0.9318181818181818,15,0,16.0,16.0,17.0,1.0,374896.0,149625104.0,150000000.0,0.0024993066666666665,82120.0,0.008212,3
Clean_seed1003_600s,Clean,1003,480,490,benign,normal,Clean,none,none,0,0,1.0,14.0,14.0,0.0,0.0,14.0,14.0,14,14,14,1.0,1.0,141.78571428571428,127.0,284.59999999999997,308.0,84.3702267677121,102.13333333333334,5.01236566142271,112.8,481.2,4.8,-73.6,0.0,101.0,-77.0,0.0,40.0,40.0,43.0,1.0,15,0,14.0,14.0,15.0,1.0,379584.0,149620416.0,150000000.0,0.00253056,71280.0,0.007128,3
Clean_seed1003_600s,Clean,1003,490,500,benign,normal,Clean,none,none,0,0,1.0,15.0,15.0,0.0,0.0,15.0,15.0,14,14,14,1.0,1.0,123.0,116.5,207.94999999999996,271.0,63.92784393962642,101.6,4.371988759624814,110.8,480.53333333333336,4.8,-73.6,0.0,100.0,-77.0,0.0,40.0,40.0,40.0,1.0,15,0,15.0,15.0,16.0,1.0,385824.0,149614176.0,150000000.0,0.00257216,75880.0,0.007588,3
Clean_seed1003_600s,Clean,1003,500,510,benign,normal,Clean,none,none,0,0,1.0,15.0,15.0,0.0,0.0,15.0,15.0,16,16,16,1.0,1.0,152.375,147.5,288.75,339.0,80.47432302707905,101.8,3.96772694913059,109.5,480.8,4.8,-73.6,0.0,100.0,-77.0,0.0,43.0,42.0,41.0,0.9767441860465116,15,0,15.0,15.0,15.0,1.0,359104.0,149640896.0,150000000.0,0.002394026666666667,75880.0,0.007588,3
Clean_seed1003_600s,Clean,1003,510,520,benign,normal,Clean,none,none,0,0,1.0,15.0,15.0,0.0,0.0,15.0,15.0,15,15,15,1.0,1.0,144.66666666666666,127.0,242.9,245.0,77.00432888264572,102.2,4.872664275615255,112.89999999999999,481.26666666666665,4.8,-73.6,0.0,100.0,-77.0,0.0,42.0,41.0,42.0,0.9761904761904762,15,0,15.0,15.0,15.0,1.0,385632.0,149614368.0,150000000.0,0.00257088,75880.0,0.007588,3
Clean_seed1003_600s,Clean,1003,520,530,benign,normal,Clean,none,none,0,0,1.0,15.0,15.0,0.0,0.0,15.0,15.0,15,15,15,1.0,1.0,142.93333333333334,142.0,271.9999999999999,363.0,92.1113198151847,102.4,4.339190181194117,110.6,481.53333333333336,4.8,-73.6,0.0,100.0,-77.0,0.0,42.0,41.0,41.0,0.9761904761904762,15,0,15.0,15.0,16.0,1.0,365824.0,149634176.0,150000000.0,0.0024388266666666666,75880.0,0.007588,3
Clean_seed1004_600s,Clean,1004,190,200,benign,normal,Clean,none,none,0,0,1.0,15.0,16.0,0.0,0.0,16.0,16.0,15,15,15,1.0,1.0,144.53333333333333,141.0,290.0999999999999,330.0,93.70307714619977,108.66666666666667,11.324226032630012,123.29999999999997,493.6,4.8,-72.33333333333333,0.0,117.0,-77.0,0.0,43.0,42.0,43.0,0.9767441860465116,15,0,21.0,16.0,16.0,0.7619047619047619,377144.0,149622856.0,150000000.0,0.0025142933333333335,101360.0,0.010136,4
Clean_seed1004_600s,Clean,1004,200,210,benign,normal,Clean,none,none,0,0,1.0,15.0,14.0,0.0,0.0,14.0,14.0,15,15,15,1.0,1.0,124.86666666666666,142.0,196.79999999999998,201.0,54.79685427189446,106.8,10.324727599312245,121.09999999999997,491.2,4.8,-72.33333333333333,0.0,108.0,-77.0,0.0,40.0,40.0,39.0,1.0,15,0,14.0,14.0,14.0,1.0,358136.0,149641864.0,150000000.0,0.002387573333333333,71024.0,0.0071024,4
Clean_seed1004_600s,Clean,1004,210,220,benign,normal,Clean,none,none,0,0,1.0,14.0,15.0,0.0,0.0,15.0,15.0,14,14,14,1.0,1.0,127.14285714285714,128.5,229.5,249.0,70.52316274470738,106.26666666666667,9.323293920273539,119.59999999999998,490.46666666666664,4.8,-72.33333333333333,0.0,105.0,-77.0,0.0,39.0,38.0,39.0,0.9743589743589743,15,0,15.0,15.0,15.0,1.0,342336.0,149657664.0,150000000.0,0.00228224,75136.0,0.0075136,4
Clean_seed1004_600s,Clean,1004,220,230,benign,normal,Clean,none,none,0,0,1.0,17.0,15.0,0.0,0.0,16.0,16.0,15,15,15,1.0,1.0,153.4,138.0,299.5,310.0,90.16952288408129,105.2,8.06402947840417,115.59999999999998,490.0,4.8,-72.33333333333333,0.0,103.0,-77.0,0.0,45.0,44.0,43.0,0.9777777777777777,15,0,15.0,15.0,16.0,1.0,390488.0,149609512.0,150000000.0,0.0026032533333333334,76720.0,0.007672,4
Clean_seed1004_600s,Clean,1004,230,240,benign,normal,Clean,none,none,0,0,1.0,17.0,19.0,0.0,0.0,17.0,17.0,19,19,19,1.0,1.0,127.47368421052632,133.0,278.2,289.0,78.55172989187346,104.13333333333334,7.27880157587445,113.99999999999997,488.73333333333335,4.8,-72.33333333333333,0.0,103.0,-77.0,0.0,47.0,47.0,50.0,1.0,15,0,18.0,18.0,17.0,1.0,431096.0,149568904.0,150000000.0,0.0028739733333333333,89640.0,0.008964,4
Clean_seed1004_600s,Clean,1004,240,250,benign,normal,Clean,none,none,0,0,1.0,15.0,15.0,0.0,0.0,15.0,15.0,15,15,15,1.0,1.0,154.86666666666667,131.0,311.6999999999999,402.0,98.54141019799508,103.53333333333333,6.468237413553652,112.39999999999998,488.06666666666666,4.8,-72.33333333333333,0.0,102.0,-77.0,0.0,41.0,41.0,42.0,1.0,15,0,15.0,15.0,15.0,1.0,379616.0,149620384.0,150000000.0,0.002530773333333333,81920.0,0.008192,4
Clean_seed1004_600s,Clean,1004,250,260,benign,normal,Clean,none,none,0,0,1.0,14.0,13.0,0.0,0.0,14.0,14.0,12,12,12,1.0,1.0,114.41666666666667,81.0,245.24999999999994,281.0,81.06053667513315,103.06666666666666,5.725465254540663,110.79999999999998,486.4,4.8,-72.33333333333333,0.0,102.0,-77.0,0.0,34.0,34.0,39.0,1.0,15,0,13.0,13.0,18.0,1.0,323496.0,149676504.0,150000000.0,0.00215664,65920.0,0.006592,4
Clean_seed1004_600s,Clean,1004,260,270,benign,normal,Clean,none,none,0,0,1.0,15.0,16.0,0.0,0.0,15.0,15.0,16,16,16,1.0,1.0,140.4375,130.0,250.25,284.0,81.20342254691813,103.66666666666667,6.377042156569663,117.89999999999999,487.1333333333333,4.8,-72.33333333333333,0.0,107.0,-77.0,0.0,47.0,45.0,44.0,0.9574468085106383,15,0,18.0,16.0,15.0,0.8888888888888888,409848.0,149590152.0,150000000.0,0.00273232,87704.0,0.0087704,4
Clean_seed1004_600s,Clean,1004,270,280,benign,normal,Clean,none,none,0,0,1.0,14.0,13.0,0.0,0.0,14.0,14.0,15,15,15,1.0,1.0,135.0,134.0,257.49999999999994,289.0,79.3176254957605,102.8,4.857983120596447,112.1,484.3333333333333,4.8,-72.33333333333333,0.0,105.0,-77.0,0.0,37.0,37.0,40.0,1.0,15,0,14.0,14.0,14.0,1.0,354136.0,149645864.0,150000000.0,0.0023609066666666666,70480.0,0.007048,4
Clean_seed1004_600s,Clean,1004,280,290,benign,normal,Clean,none,none,0,0,1.0,14.0,15.0,0.0,0.0,15.0,15.0,14,14,14,1.0,1.0,141.85714285714286,138.5,285.55,294.0,87.89316691989652,102.06666666666666,3.9545031594493936,107.99999999999999,483.4,4.8,-72.33333333333333,0.0,104.0,-77.0,0.0,40.0,40.0,39.0,1.0,15,0,15.0,15.0,15.0,1.0,353552.0,149646448.0,150000000.0,0.0023570133333333334,75880.0,0.007588,4
Clean_seed1004_600s,Clean,1004,290,300,benign,normal,Clean,none,none,0,0,1.0,17.0,15.0,0.0,0.0,15.0,15.0,15,15,15,1.0,1.0,131.13333333333333,122.0,261.2,271.0,71.35711664044516,101.6,3.3338094898007764,105.99999999999999,482.73333333333335,4.8,-72.33333333333333,0.0,103.0,-77.0,0.0,45.0,45.0,44.0,1.0,15,0,15.0,15.0,15.0,1.0,389760.0,149610240.0,150000000.0,0.0025984,75880.0,0.007588,4
Clean_seed1004_600s,Clean,1004,300,310,benign,normal,Clean,none,none,0,0,1.0,13.0,15.0,0.0,0.0,15.0,15.0,15,15,15,1.0,1.0,174.33333333333334,150.0,346.29999999999984,459.0,115.42076234782189,101.53333333333333,3.1365738056189967,106.39999999999999,482.6,4.8,-72.33333333333333,0.0,102.0,-77.0,0.0,37.0,36.0,39.0,0.972972972972973,15,0,15.0,15.0,15.0,1.0,344480.0,149655520.0,150000000.0,0.0022965333333333335,75080.0,0.007508,4
Clean_seed1004_600s,Clean,1004,310,320,benign,normal,Clean,none,none,0,0,1.0,15.0,15.0,0.0,0.0,14.0,14.0,15,15,15,1.0,1.0,160.0,159.0,272.4,285.0,85.10245925605541,103.33333333333333,5.777625150609235,112.99999999999999,484.8666666666667,4.8,-72.33333333333333,0.0,104.0,-77.0,0.0,48.0,44.0,43.0,0.9166666666666666,15,0,15.0,14.0,14.0,0.9333333333333333,415136.0,149584864.0,150000000.0,0.0027675733333333333,75840.0,0.007584,4
Clean_seed1004_600s,Clean,1004,320,330,benign,normal,Clean,none,none,0,0,1.0,13.0,13.0,0.0,0.0,14.0,14.0,13,13,13,1.0,1.0,126.84615384615384,129.0,210.2,215.0,63.73231278015645,102.86666666666666,4.897035060212698,112.3,484.3333333333333,4.8,-72.33333333333333,0.0,102.0,-77.0,0.0,38.0,37.0,37.0,0.9736842105263158,15,0,14.0,14.0,14.0,1.0,338336.0,149661664.0,150000000.0,0.0022555733333333335,69944.0,0.0069944,4
Clean_seed1004_600s,Clean,1004,330,340,benign,normal,Clean,none,none,0,0,1.0,16.0,15.0,0.0,0.0,15.0,15.0,16,16,16,1.0,1.0,151.375,145.0,315.25,385.0,98.39503713772018,102.53333333333333,5.221749387577564,113.89999999999999,484.06666666666666,4.8,-72.33333333333333,0.0,101.0,-77.0,0.0,43.0,41.0,40.0,0.9534883720930233,15,0,15.0,15.0,15.0,1.0,358088.0,149641912.0,150000000.0,0.0023872533333333334,75880.0,0.007588,4
Clean_seed1004_600s,Clean,1004,340,350,benign,normal,Clean,none,none,0,0,1.0,16.0,17.0,0.0,0.0,16.0,16.0,16,16,16,1.0,1.0,154.375,133.5,320.5,463.0,106.79130738657211,102.26666666666667,4.317186032370535,110.5,483.73333333333335,4.8,-72.33333333333333,0.0,100.0,-77.0,0.0,44.0,43.0,44.0,0.9772727272727273,15,0,16.0,16.0,16.0,1.0,387160.0,149612840.0,150000000.0,0.0025810666666666667,80992.0,0.0080992,4
Clean_seed1004_600s,Clean,1004,350,360,benign,normal,Clean,none,none,0,0,1.0,14.0,14.0,0.0,0.0,15.0,15.0,15,15,15,1.0,1.0,133.86666666666667,123.0,247.09999999999997,266.0,69.88344037105813,101.86666666666666,3.8705235280194827,109.5,483.06666666666666,4.8,-72.33333333333333,0.0,100.0,-77.0,0.0,39.0,39.0,39.0,1.0,15,0,15.0,15.0,15.0,1.0,370376.0,149629624.0,150000000.0,0.0024691733333333334,75880.0,0.007588,4
Clean_seed1004_600s,Clean,1004,360,370,benign,normal,Clean,none,none,0,0,1.0,17.0,17.0,0.0,0.0,16.0,16.0,16,16,16,1.0,1.0,158.5625,146.5,318.5,407.0,105.09295488598019,101.8,3.40587727318528,108.19999999999999,483.0,4.8,-72.33333333333333,0.0,103.0,-77.0,0.0,45.0,44.0,45.0,0.9777777777777777,15,0,19.0,16.0,16.0,0.8421052631578947,412624.0,149587376.0,150000000.0,0.002750826666666667,92824.0,0.0092824,4
Clean_seed1004_600s,Clean,1004,370,380,benign,normal,Clean,none,none,0,0,1.0,16.0,15.0,0.0,0.0,17.0,17.0,16,16,16,1.0,1.0,137.375,132.0,268.75,283.0,77.24409362533811,102.4,4.7479318806041375,111.1,483.8,4.8,-72.33333333333333,0.0,100.0,-77.0,0.0,46.0,44.0,42.0,0.9565217391304348,15,0,17.0,17.0,17.0,1.0,398464.0,149605424.0,150003888.0,0.002656357813872131,86720.0,0.008672,4
Clean_seed1004_600s,Clean,1004,380,390,benign,normal,Clean,none,none,0,0,1.0,14.0,15.0,0.0,0.0,14.0,14.0,15,15,15,1.0,1.0,166.53333333333333,149.0,295.09999999999997,307.0,91.08070727709156,101.8,4.003569835605647,109.8,483.0,4.8,-72.33333333333333,0.0,104.0,-77.0,0.0,39.0,39.0,41.0,1.0,15,0,16.0,14.0,14.0,0.875,370856.0,149625256.0,149996112.0,0.0024724374189112313,77592.0,0.0077592,4
Clean_seed1004_600s,Clean,1004,390,400,benign,normal,Clean,none,none,0,0,1.0,15.0,15.0,0.0,0.0,15.0,15.0,15,15,15,1.0,1.0,147.46666666666667,127.0,304.5,308.0,86.23793221304041,102.06666666666666,4.131182235954578,110.19999999999999,483.4,4.8,-72.33333333333333,0.0,103.0,-77.0,0.0,42.0,41.0,41.0,0.9761904761904762,15,0,15.0,15.0,15.0,1.0,378512.0,149621488.0,150000000.0,0.0025234133333333335,75880.0,0.007588,4
Clean_seed1004_600s,Clean,1004,400,410,benign,normal,Clean,none,none,0,0,1.0,15.0,15.0,0.0,0.0,15.0,15.0,15,15,15,1.0,1.0,152.46666666666667,163.0,241.9,244.0,82.41954229659949,102.8,4.0035698356056475,109.6,484.3333333333333,4.8,-72.33333333333333,0.0,103.0,-77.0,0.0,43.0,41.0,41.0,0.9534883720930233,15,0,15.0,15.0,15.0,1.0,365528.0,149634472.0,150000000.0,0.0024368533333333333,77528.0,0.0077528,4
Clean_seed1004_600s,Clean,1004,410,420,benign,normal,Clean,none,none,0,0,1.0,15.0,15.0,0.0,0.0,15.0,15.0,14,14,14,1.0,1.0,146.64285714285714,119.5,262.8,281.0,92.99595288369947,103.86666666666666,5.853773711604051,112.6,485.73333333333335,4.8,-72.33333333333333,0.0,102.0,-77.0,0.0,45.0,41.0,41.0,0.9111111111111111,15,0,15.0,15.0,15.0,1.0,393856.0,149606144.0,150000000.0,0.0026257066666666665,77816.0,0.0077816,4
Clean_seed1004_600s,Clean,1004,420,430,benign,normal,Clean,none,none,0,0,1.0,14.0,14.0,0.0,0.0,14.0,14.0,15,15,15,1.0,1.0,144.13333333333333,134.0,271.39999999999986,347.0,86.65025485632843,102.6,4.272837799067834,109.8,484.06666666666666,4.8,-72.33333333333333,0.0,101.0,-77.0,0.0,39.0,39.0,43.0,1.0,15,0,14.0,14.0,14.0,1.0,352896.0,149647104.0,150000000.0,0.00235264,77776.0,0.0077776,4
Clean_seed1004_600s,Clean,1004,430,440,benign,normal,Clean,none,none,0,0,1.0,16.0,15.0,0.0,0.0,15.0,15.0,15,15,15,1.0,1.0,134.86666666666667,116.0,244.29999999999998,259.0,69.87219625519016,102.53333333333333,4.323799035019793,110.5,483.93333333333334,4.8,-72.33333333333333,0.0,101.0,-77.0,0.0,44.0,43.0,43.0,0.9772727272727273,15,0,15.0,15.0,15.0,1.0,391032.0,149608968.0,150000000.0,0.00260688,75880.0,0.007588,4
Clean_seed1004_600s,Clean,1004,440,450,benign,normal,Clean,none,none,0,0,1.0,14.0,15.0,0.0,0.0,14.0,14.0,14,14,14,1.0,1.0,142.21428571428572,146.0,303.45,321.0,90.14021434275737,102.6,4.049691346263317,109.5,483.93333333333334,4.8,-72.33333333333333,0.0,103.0,-77.0,0.0,39.0,38.0,39.0,0.9743589743589743,15,0,16.0,14.0,14.0,0.875,348872.0,149651128.0,150000000.0,0.0023258133333333335,77368.0,0.0077368,4
Clean_seed1004_600s,Clean,1004,450,460,benign,normal,Clean,none,none,0,0,1.0,16.0,16.0,0.0,0.0,16.0,16.0,16,16,16,1.0,1.0,150.6875,165.0,267.0,276.0,84.54246960354699,102.26666666666667,3.390462814312833,107.5,483.6,4.8,-72.33333333333333,0.0,102.0,-77.0,0.0,43.0,42.0,43.0,0.9767441860465116,15,0,17.0,16.0,17.0,0.9411764705882353,381280.0,149618720.0,150000000.0,0.0025418666666666666,85328.0,0.0085328,4
Clean_seed1004_600s,Clean,1004,460,470,benign,normal,Clean,none,none,0,0,1.0,15.0,14.0,0.0,0.0,15.0,15.0,14,14,14,1.0,1.0,158.78571428571428,161.0,280.15,312.0,89.2896570558027,102.53333333333333,4.373077809027587,110.8,483.93333333333334,4.8,-72.33333333333333,0.0,104.0,-77.0,0.0,44.0,42.0,40.0,0.9545454545454546,15,0,17.0,15.0,15.0,0.8823529411764706,378400.0,149621600.0,150000000.0,0.0025226666666666665,83688.0,0.0083688,4
Clean_seed1004_600s,Clean,1004,470,480,benign,normal,Clean,none,none,0,0,1.0,15.0,16.0,0.0,0.0,15.0,15.0,16,16,16,1.0,1.0,161.8125,160.5,295.75,331.0,93.65839969449262,102.86666666666666,3.777124126457412,108.6,485.4,4.8,-72.33333333333333,0.0,104.0,-77.0,0.0,46.0,43.0,49.0,0.9347826086956522,15,0,16.0,15.0,16.0,0.9375,412208.0,149587792.0,150000000.0,0.0027480533333333335,80368.0,0.0080368,4
Clean_seed1004_600s,Clean,1004,480,490,benign,normal,Clean,none,none,0,0,1.0,15.0,15.0,0.0,0.0,16.0,16.0,16,16,16,1.0,1.0,139.0625,114.0,278.0,299.0,78.53956009553401,102.26666666666667,3.2396354880199247,107.6,484.6666666666667,4.8,-72.33333333333333,0.0,103.0,-77.0,0.0,42.0,41.0,42.0,0.9761904761904762,15,0,16.0,16.0,16.0,1.0,403936.0,149596064.0,150000000.0,0.002692906666666667,82616.0,0.0082616,4
Clean_seed1004_600s,Clean,1004,490,500,benign,normal,Clean,none,none,0,0,1.0,15.0,14.0,0.0,0.0,14.0,14.0,14,14,14,1.0,1.0,138.14285714285714,123.5,273.29999999999995,376.0,93.49690010727805,103.2,3.9133471241746127,108.89999999999999,485.8666666666667,4.8,-72.33333333333333,0.0,102.0,-77.0,0.0,42.0,39.0,37.0,0.9285714285714286,15,0,14.0,14.0,14.0,1.0,353376.0,149646624.0,150000000.0,0.00235584,71320.0,0.007132,4
Clean_seed1004_600s,Clean,1004,500,510,benign,normal,Clean,none,none,0,0,1.0,14.0,15.0,0.0,0.0,14.0,14.0,14,14,14,1.0,1.0,137.71428571428572,125.0,230.5,250.0,70.23414529155433,103.73333333333333,5.364788195348664,111.6,486.53333333333336,4.8,-72.33333333333333,0.0,108.0,-77.0,0.0,38.0,36.0,39.0,0.9473684210526315,15,0,17.0,14.0,15.0,0.8235294117647058,350880.0,149649120.0,150000000.0,0.0023392,82560.0,0.008256,4
Clean_seed1004_600s,Clean,1004,510,520,benign,normal,Clean,none,none,0,0,1.0,16.0,16.0,0.0,0.0,16.0,16.0,15,15,15,1.0,1.0,140.4,151.0,259.3,260.0,81.59376726897011,103.2,4.738896797477537,112.89999999999999,485.1333333333333,4.8,-72.33333333333333,0.0,104.0,-77.0,0.0,47.0,46.0,47.0,0.9787234042553191,15,0,16.0,16.0,16.0,1.0,425088.0,149574912.0,150000000.0,0.00283392,80616.0,0.0080616,4
Clean_seed1004_600s,Clean,1004,520,530,benign,normal,Clean,none,none,0,0,1.0,16.0,14.0,0.0,0.0,15.0,15.0,16,16,16,1.0,1.0,134.875,131.5,251.0,317.0,82.25316609914377,102.4,3.8135098194258186,110.6,484.2,4.8,-72.33333333333333,0.0,103.0,-77.0,0.0,43.0,43.0,42.0,1.0,15,0,15.0,15.0,15.0,1.0,389248.0,149615640.0,150004888.0,0.002594902107456658,76392.0,0.0076392,4
Clean_seed1005_600s,Clean,1005,190,200,benign,normal,Clean,none,none,0,0,1.0,15.0,15.0,0.0,0.0,15.0,15.0,15,15,15,1.0,1.0,159.93333333333334,186.0,271.49999999999994,296.0,83.92553388626871,109.4,12.257942031888666,133.6,492.0,4.8,-71.8,0.0,104.0,-77.0,0.0,48.0,41.0,41.0,0.8541666666666666,15,0,16.0,15.0,15.0,0.9375,400728.0,149599272.0,150000000.0,0.00267152,79640.0,0.007964,5
Clean_seed1005_600s,Clean,1005,200,210,benign,normal,Clean,none,none,0,0,1.0,14.0,14.0,0.0,0.0,15.0,15.0,15,15,15,1.0,1.0,149.73333333333332,179.0,260.49999999999994,292.0,85.22111296643628,108.13333333333334,10.795942800533028,130.29999999999998,490.4,4.8,-71.8,0.0,105.0,-77.0,0.0,38.0,37.0,37.0,0.9736842105263158,15,0,16.0,15.0,15.0,0.9375,315992.0,149684008.0,150000000.0,0.0021066133333333334,79928.0,0.0079928,5
Clean_seed1005_600s,Clean,1005,210,220,benign,normal,Clean,none,none,0,0,1.0,15.0,15.0,0.0,0.0,15.0,15.0,15,15,15,1.0,1.0,173.13333333333333,137.0,365.59999999999985,451.0,118.27804207922635,106.46666666666667,9.70174260243022,126.29999999999998,488.1333333333333,4.8,-71.8,0.0,103.0,-77.0,0.0,41.0,41.0,47.0,1.0,15,0,15.0,15.0,17.0,1.0,409248.0,149590752.0,150000000.0,0.00272832,80920.0,0.008092,5
Clean_seed1005_600s,Clean,1005,220,230,benign,normal,Clean,none,none,0,0,1.0,15.0,15.0,0.0,0.0,15.0,15.0,15,15,15,1.0,1.0,118.6,117.0,211.29999999999998,219.0,63.33335839598502,105.06666666666666,8.85975383942681,123.69999999999999,486.3333333333333,4.8,-71.8,0.0,102.0,-77.0,0.0,41.0,41.0,41.0,1.0,15,0,15.0,15.0,16.0,1.0,380568.0,149619432.0,150000000.0,0.00253712,75880.0,0.007588,5
Clean_seed1005_600s,Clean,1005,230,240,benign,normal,Clean,none,none,0,0,1.0,15.0,15.0,0.0,0.0,15.0,15.0,15,15,15,1.0,1.0,133.66666666666666,137.0,266.4,279.0,74.77935798702995,104.33333333333333,8.059303999253345,121.39999999999999,485.4,4.8,-71.8,0.0,102.0,-77.0,0.0,41.0,41.0,41.0,1.0,15,0,15.0,15.0,15.0,1.0,372880.0,149627120.0,150000000.0,0.0024858666666666665,76976.0,0.0076976,5
Clean_seed1005_600s,Clean,1005,240,250,benign,normal,Clean,none,none,0,0,1.0,15.0,15.0,0.0,0.0,15.0,15.0,15,15,15,1.0,1.0,132.4,108.0,246.2,249.0,69.92015854836552,103.6,6.853570498027184,118.1,484.26666666666665,4.8,-71.8,0.0,101.0,-77.0,0.0,41.0,41.0,43.0,1.0,15,0,15.0,15.0,15.0,1.0,360424.0,149639576.0,150000000.0,0.0024028266666666666,75880.0,0.007588,5
Clean_seed1005_600s,Clean,1005,250,260,benign,normal,Clean,none,none,0,0,1.0,16.0,15.0,0.0,0.0,15.0,15.0,15,15,15,1.0,1.0,131.33333333333334,97.0,273.09999999999997,278.0,85.65851360128165,103.2,6.224376044460773,116.1,483.6,4.8,-71.8,0.0,101.0,-77.0,0.0,42.0,42.0,43.0,1.0,15,0,15.0,15.0,16.0,1.0,376664.0,149623336.0,150000000.0,0.0025110933333333334,75880.0,0.007588,5
Clean_seed1005_600s,Clean,1005,260,270,benign,normal,Clean,none,none,0,0,1.0,15.0,16.0,0.0,0.0,16.0,16.0,15,15,15,1.0,1.0,149.8,142.0,290.79999999999995,302.0,80.17320535654575,103.8,5.747048932153913,114.8,483.93333333333334,4.8,-71.8,0.0,102.0,-77.0,0.0,44.0,42.0,46.0,0.9545454545454546,15,0,17.0,16.0,16.0,0.9411764705882353,385464.0,149614536.0,150000000.0,0.00256976,85240.0,0.008524,5
Clean_seed1005_600s,Clean,1005,270,280,benign,normal,Clean,none,none,0,0,1.0,15.0,15.0,0.0,0.0,15.0,15.0,16,16,16,1.0,1.0,135.6875,140.5,235.0,259.0,73.93845977117276,104.6,6.1388691373667745,116.3,485.06666666666666,4.8,-71.8,0.0,106.0,-77.0,0.0,44.0,41.0,42.0,0.9318181818181818,15,0,18.0,15.0,15.0,0.8333333333333334,401296.0,149598704.0,150000000.0,0.002675306666666667,88808.0,0.0088808,5
Clean_seed1005_600s,Clean,1005,280,290,benign,normal,Clean,none,none,0,0,1.0,15.0,15.0,0.0,0.0,15.0,15.0,15,15,15,1.0,1.0,155.8,157.0,339.29999999999995,368.0,100.30966340003624,105.06666666666666,6.850095585012629,116.69999999999999,485.46666666666664,4.8,-71.8,0.0,105.0,-77.0,0.0,44.0,41.0,42.0,0.9318181818181818,15,0,16.0,15.0,15.0,0.9375,392240.0,149607760.0,150000000.0,0.0026149333333333334,79640.0,0.007964,5
Clean_seed1005_600s,Clean,1005,290,300,benign,normal,Clean,none,none,0,0,1.0,15.0,15.0,0.0,0.0,15.0,15.0,15,15,15,1.0,1.0,165.6,174.0,272.69999999999993,307.0,77.02114737432275,104.8,7.23286151632158,117.19999999999999,484.8666666666667,4.8,-71.8,0.0,102.0,-77.0,0.0,43.0,41.0,41.0,0.9534883720930233,15,0,15.0,15.0,15.0,1.0,378992.0,149621008.0,150000000.0,0.002526613333333333,77880.0,0.007788,5
Clean_seed1005_600s,Clean,1005,300,310,benign,normal,Clean,none,none,0,0,1.0,15.0,15.0,0.0,0.0,15.0,15.0,15,15,15,1.0,1.0,134.33333333333334,126.0,286.4,306.0,85.23049979460461,103.86666666666666,6.034030478007532,113.99999999999999,483.8,4.8,-71.8,0.0,103.0,-77.0,0.0,42.0,41.0,41.0,0.9761904761904762,15,0,16.0,15.0,15.0,0.9375,373232.0,149626768.0,150000000.0,0.002488213333333333,79896.0,0.0079896,5
Clean_seed1005_600s,Clean,1005,310,320,benign,normal,Clean,none,none,0,0,1.0,15.0,15.0,0.0,0.0,15.0,15.0,15,15,15,1.0,1.0,151.6,137.0,288.2999999999999,345.0,94.54311185908786,106.06666666666666,14.164677731529766,125.59999999999995,486.8,4.8,-71.8,0.0,110.0,-77.0,0.0,47.0,41.0,41.0,0.8723404255319149,15,0,19.0,15.0,15.0,0.7894736842105263,414232.0,149585768.0,150000000.0,0.0027615466666666665,94048.0,0.0094048,5
Clean_seed1005_600s,Clean,1005,320,330,benign,normal,Clean,none,none,0,0,1.0,15.0,15.0,0.0,0.0,15.0,15.0,15,15,15,1.0,1.0,137.93333333333334,139.0,285.69999999999993,313.0,89.92653085925727,104.46666666666667,11.262242016494552,118.79999999999995,484.6666666666667,4.8,-71.8,0.0,104.0,-77.0,0.0,41.0,41.0,41.0,1.0,15,0,15.0,15.0,15.0,1.0,357640.0,149642360.0,150000000.0,0.0023842666666666667,75880.0,0.007588,5
Clean_seed1005_600s,Clean,1005,330,340,benign,normal,Clean,none,none,0,0,1.0,15.0,15.0,0.0,0.0,15.0,15.0,15,15,15,1.0,1.0,137.53333333333333,128.0,269.9999999999999,326.0,79.64373050983869,105.06666666666666,9.129752513205434,118.19999999999997,485.4,4.8,-71.8,0.0,102.0,-77.0,0.0,44.0,41.0,41.0,0.9318181818181818,15,0,15.0,15.0,15.0,1.0,379248.0,149620752.0,150000000.0,0.00252832,74976.0,0.0074976,5
Clean_seed1005_600s,Clean,1005,340,350,benign,normal,Clean,none,none,0,0,1.0,16.0,16.0,0.0,0.0,15.0,15.0,15,15,15,1.0,1.0,148.2,111.0,299.1999999999999,393.0,104.8156204280368,104.0,9.418826132501104,115.29999999999997,484.06666666666666,4.8,-71.8,0.0,104.0,-77.0,0.0,46.0,45.0,45.0,0.9782608695652174,15,0,17.0,15.0,15.0,0.8823529411764706,432000.0,149568000.0,150000000.0,0.00288,84200.0,0.00842,5
Clean_seed1005_600s,Clean,1005,350,360,benign,normal,Clean,none,none,0,0,1.0,15.0,15.0,0.0,0.0,16.0,16.0,16,16,16,1.0,1.0,164.5625,127.5,334.25,368.0,95.06627074485111,103.86666666666666,9.73848526404878,116.29999999999997,483.93333333333334,4.8,-71.8,0.0,103.0,-77.0,0.0,43.0,41.0,41.0,0.9534883720930233,15,0,17.0,16.0,16.0,0.9411764705882353,378800.0,149621200.0,150000000.0,0.0025253333333333334,86840.0,0.008684,5
Clean_seed1005_600s,Clean,1005,360,370,benign,normal,Clean,none,none,0,0,1.0,15.0,15.0,0.0,0.0,14.0,14.0,14,14,14,1.0,1.0,128.07142857142858,104.0,252.84999999999997,286.0,86.57363631900017,103.93333333333334,7.694772498880249,113.89999999999998,484.0,4.8,-71.8,0.0,101.0,-77.0,0.0,43.0,41.0,41.0,0.9534883720930233,15,0,14.0,14.0,14.0,1.0,365224.0,149634776.0,150000000.0,0.0024348266666666665,71224.0,0.0071224,5
Clean_seed1005_600s,Clean,1005,370,380,benign,normal,Clean,none,none,0,0,1.0,15.0,15.0,0.0,0.0,15.0,15.0,15,15,15,1.0,1.0,166.06666666666666,181.0,334.9999999999999,398.0,101.38995911589969,102.73333333333333,6.0764964843081675,109.99999999999997,482.4,4.8,-71.8,0.0,102.0,-77.0,0.0,40.0,40.0,38.0,1.0,15,0,16.0,15.0,15.0,0.9375,342216.0,149657784.0,150000000.0,0.00228144,79776.0,0.0079776,5
Clean_seed1005_600s,Clean,1005,380,390,benign,normal,Clean,none,none,0,0,1.0,16.0,15.0,0.0,0.0,15.0,15.0,15,15,15,1.0,1.0,152.93333333333334,139.0,266.3999999999999,335.0,81.6389846184028,103.8,6.720969317846093,119.0,483.8,4.8,-71.8,0.0,104.0,-77.0,0.0,43.0,39.0,40.0,0.9069767441860465,15,0,17.0,15.0,15.0,0.8823529411764706,379848.0,149620152.0,150000000.0,0.00253232,85248.0,0.0085248,5
Clean_seed1005_600s,Clean,1005,390,400,benign,normal,Clean,none,none,0,0,1.0,14.0,15.0,0.0,0.0,15.0,15.0,15,15,15,1.0,1.0,133.13333333333333,115.0,234.19999999999996,265.0,68.64595156793054,102.26666666666667,4.3006090377106005,110.5,481.8666666666667,4.8,-71.8,0.0,102.0,-77.0,0.0,40.0,40.0,41.0,1.0,15,0,15.0,15.0,15.0,1.0,365440.0,149634560.0,150000000.0,0.0024362666666666666,75880.0,0.007588,5
Clean_seed1005_600s,Clean,1005,400,410,benign,normal,Clean,none,none,0,0,1.0,14.0,14.0,0.0,0.0,15.0,15.0,14,14,14,1.0,1.0,134.92857142857142,137.0,273.84999999999997,333.0,85.96999860032952,101.53333333333333,3.159264531651691,106.8,480.93333333333334,4.8,-71.8,0.0,102.0,-77.0,0.0,40.0,40.0,40.0,1.0,15,0,16.0,15.0,15.0,0.9375,364632.0,149635368.0,150000000.0,0.00243088,79384.0,0.0079384,5
Clean_seed1005_600s,Clean,1005,410,420,benign,normal,Clean,none,none,0,0,1.0,15.0,14.0,0.0,0.0,15.0,15.0,16,15,16,0.9375,1.0,142.33333333333334,143.0,227.3,228.0,61.93737236304181,101.66666666666667,3.994043183589901,109.8,481.0,4.8,-71.8,0.0,101.0,-77.0,0.0,42.0,41.0,39.0,0.9761904761904762,15,0,14.0,14.0,16.0,1.0,360104.0,149639896.0,150000000.0,0.0024006933333333333,73832.0,0.0073832,5
Clean_seed1005_600s,Clean,1005,420,430,benign,normal,Clean,none,none,0,0,1.0,15.0,15.0,1.0,0.0,15.0,15.0,15,15,15,1.0,1.0,159.8,167.0,290.2,293.0,83.18756775246784,105.13333333333334,9.364573567185966,125.1,485.53333333333336,4.8,-71.8,0.0,102.0,-77.0,0.0,48.0,41.0,41.0,0.8541666666666666,15,0,16.0,15.0,15.0,0.9375,388176.0,149611824.0,150000000.0,0.00258784,81560.0,0.008156,5
Clean_seed1005_600s,Clean,1005,430,440,benign,normal,Clean,none,none,0,0,1.0,15.0,15.0,0.0,0.0,15.0,15.0,15,15,15,1.0,1.0,133.26666666666668,114.0,253.69999999999996,274.0,77.69120805807958,103.66666666666667,7.508725083591246,117.19999999999999,483.46666666666664,4.8,-71.8,0.0,102.0,-77.0,0.0,41.0,41.0,41.0,1.0,15,0,15.0,15.0,15.0,1.0,369008.0,149630992.0,150000000.0,0.0024600533333333334,75880.0,0.007588,5
Clean_seed1005_600s,Clean,1005,440,450,benign,normal,Clean,none,none,0,0,1.0,15.0,15.0,0.0,0.0,15.0,15.0,15,15,15,1.0,1.0,139.93333333333334,157.0,226.49999999999997,237.0,74.12293520773125,104.33333333333333,7.843711463574468,120.89999999999999,484.53333333333336,4.8,-71.8,0.0,102.0,-77.0,0.0,44.0,41.0,45.0,0.9318181818181818,15,0,15.0,15.0,15.0,1.0,389448.0,149610552.0,150000000.0,0.00259632,80920.0,0.008092,5
Clean_seed1005_600s,Clean,1005,450,460,benign,normal,Clean,none,none,0,0,1.0,15.0,15.0,0.0,0.0,15.0,15.0,15,15,15,1.0,1.0,164.2,135.0,317.99999999999994,346.0,99.99514273917794,104.66666666666667,7.01698619338069,118.19999999999999,484.93333333333334,4.8,-71.8,0.0,103.0,-77.0,0.0,43.0,41.0,41.0,0.9534883720930233,15,0,16.0,15.0,15.0,0.9375,383448.0,149616552.0,150000000.0,0.00255632,83024.0,0.0083024,5
Clean_seed1005_600s,Clean,1005,460,470,benign,normal,Clean,none,none,0,0,1.0,16.0,16.0,0.0,0.0,16.0,16.0,15,15,15,1.0,1.0,136.26666666666668,121.0,248.69999999999996,283.0,79.81448728741155,105.33333333333333,7.32575365861197,118.3,485.73333333333335,4.8,-71.8,0.0,103.0,-77.0,0.0,45.0,42.0,42.0,0.9333333333333333,15,0,17.0,16.0,16.0,0.9411764705882353,376360.0,149623640.0,150000000.0,0.0025090666666666666,84128.0,0.0084128,5
Clean_seed1005_600s,Clean,1005,470,480,benign,normal,Clean,none,none,0,0,1.0,14.0,14.0,0.0,0.0,14.0,14.0,15,15,15,1.0,1.0,158.8,160.0,278.49999999999994,303.0,81.44603822689686,104.93333333333334,5.812138365606276,114.6,485.26666666666665,4.8,-71.8,0.0,103.0,-77.0,0.0,42.0,40.0,41.0,0.9523809523809523,15,0,14.0,14.0,14.0,1.0,379200.0,149620800.0,150000000.0,0.002528,72968.0,0.0072968,5
Clean_seed1005_600s,Clean,1005,480,490,benign,normal,Clean,none,none,0,0,1.0,16.0,16.0,0.0,0.0,16.0,16.0,16,16,16,1.0,1.0,142.75,131.0,246.75,360.0,81.70067319184096,104.93333333333334,6.029293569928484,114.6,485.2,4.8,-71.8,0.0,104.0,-77.0,0.0,44.0,42.0,42.0,0.9545454545454546,15,0,17.0,16.0,17.0,0.9411764705882353,374976.0,149625024.0,150000000.0,0.00249984,84528.0,0.0084528,5
Clean_seed1005_600s,Clean,1005,490,500,benign,normal,Clean,none,none,0,0,1.0,15.0,15.0,0.0,0.0,15.0,15.0,15,15,15,1.0,1.0,154.4,102.0,378.4999999999998,536.0,135.69651011408828,105.06666666666666,6.518837173548521,115.39999999999999,485.4,4.8,-71.8,0.0,111.0,-77.0,0.0,44.0,41.0,41.0,0.9318181818181818,15,0,21.0,15.0,15.0,0.7142857142857143,402208.0,149597792.0,150000000.0,0.0026813866666666668,102064.0,0.0102064,5
Clean_seed1005_600s,Clean,1005,500,510,benign,normal,Clean,none,none,0,0,1.0,15.0,15.0,0.0,0.0,15.0,15.0,15,15,15,1.0,1.0,157.4,141.0,294.79999999999995,313.0,89.07123954613921,104.8,6.0379750626466535,116.0,485.06666666666666,4.8,-71.8,0.0,107.0,-77.0,0.0,43.0,41.0,42.0,0.9534883720930233,15,0,16.0,15.0,16.0,0.9375,403416.0,149596584.0,150000000.0,0.00268944,81896.0,0.0081896,5
Clean_seed1005_600s,Clean,1005,510,520,benign,normal,Clean,none,none,0,0,1.0,15.0,15.0,0.0,0.0,15.0,15.0,15,15,15,1.0,1.0,139.13333333333333,128.0,249.79999999999995,275.0,79.30309547792541,104.26666666666667,6.397171994233822,114.6,484.3333333333333,4.8,-71.8,0.0,103.0,-77.0,0.0,42.0,41.0,41.0,0.9761904761904762,15,0,15.0,15.0,15.0,1.0,364768.0,149635232.0,150000000.0,0.0024317866666666668,75880.0,0.007588,5
Clean_seed1005_600s,Clean,1005,520,530,benign,normal,Clean,none,none,0,0,1.0,15.0,15.0,0.0,0.0,15.0,15.0,15,15,15,1.0,1.0,152.73333333333332,162.0,249.39999999999998,262.0,70.19510225758191,105.33333333333333,5.912053869204927,116.6,485.8666666666667,4.8,-71.8,0.0,105.0,-77.0,0.0,45.0,41.0,42.0,0.9111111111111111,15,0,17.0,15.0,15.0,0.8823529411764706,387984.0,149612016.0,150000000.0,0.00258656,84752.0,0.0084752,5
Clean_seed1006_600s,Clean,1006,190,200,benign,normal,Clean,none,none,0,0,1.0,16.0,17.0,0.0,0.0,16.0,16.0,16,16,16,1.0,1.0,146.0,143.0,271.75,319.0,83.75917860151209,105.66666666666667,6.542898731412844,116.5,492.46666666666664,4.8,-68.93333333333334,0.0,106.0,-77.0,0.0,47.0,44.0,44.0,0.9361702127659575,15,0,17.0,16.0,16.0,0.9411764705882353,401376.0,149598624.0,150000000.0,0.00267584,83984.0,0.0083984,1
Clean_seed1006_600s,Clean,1006,200,210,benign,normal,Clean,none,none,0,0,1.0,14.0,13.0,0.0,0.0,14.0,14.0,14,14,14,1.0,1.0,112.14285714285714,94.0,256.29999999999995,294.0,78.90194220370296,104.8,5.882176467941097,115.6,491.2,4.8,-68.93333333333334,0.0,106.0,-77.0,0.0,39.0,39.0,38.0,1.0,15,0,14.0,14.0,14.0,1.0,333784.0,149666216.0,150000000.0,0.0022252266666666666,71280.0,0.007128,1
Clean_seed1006_600s,Clean,1006,210,220,benign,normal,Clean,none,none,0,0,1.0,18.0,17.0,0.0,0.0,17.0,17.0,16,16,16,1.0,1.0,131.1875,116.0,230.0,239.0,70.67882167476573,104.46666666666667,5.717974999528949,113.6,490.8,4.8,-68.93333333333334,0.0,105.0,-77.0,0.0,46.0,44.0,45.0,0.9565217391304348,15,0,17.0,17.0,17.0,1.0,420192.0,149579808.0,150000000.0,0.00280128,88072.0,0.0088072,1
Clean_seed1006_600s,Clean,1006,220,230,benign,normal,Clean,none,none,0,0,1.0,15.0,16.0,0.0,0.0,16.0,16.0,16,16,16,1.0,1.0,154.5,171.5,259.5,291.0,83.05098835454439,103.4,4.532422877761644,110.89999999999999,489.53333333333336,4.8,-68.93333333333334,0.0,104.0,-77.0,0.0,45.0,44.0,44.0,0.9777777777777777,15,0,15.0,15.0,17.0,1.0,404696.0,149595304.0,150000000.0,0.0026979733333333334,76976.0,0.0076976,1
Clean_seed1006_600s,Clean,1006,230,240,benign,normal,Clean,none,none,0,0,1.0,15.0,16.0,0.0,0.0,15.0,15.0,16,16,16,1.0,1.0,134.8125,103.0,262.5,300.0,82.53178680565043,103.8,5.361236531142526,113.5,490.06666666666666,4.8,-68.93333333333334,0.0,104.0,-77.0,0.0,43.0,41.0,45.0,0.9534883720930233,15,0,16.0,16.0,16.0,1.0,386776.0,149613224.0,150000000.0,0.0025785066666666667,84424.0,0.0084424,1
Clean_seed1006_600s,Clean,1006,240,250,benign,normal,Clean,none,none,0,0,1.0,15.0,15.0,0.0,0.0,16.0,16.0,14,14,14,1.0,1.0,146.0,120.5,329.65,381.0,99.97615100228039,103.26666666666667,4.382867076415141,110.89999999999999,489.53333333333336,4.8,-68.93333333333334,0.0,105.0,-77.0,0.0,40.0,39.0,39.0,0.975,15,0,18.0,16.0,16.0,0.8888888888888888,352488.0,149647512.0,150000000.0,0.00234992,89648.0,0.0089648,1
Clean_seed1006_600s,Clean,1006,250,260,benign,normal,Clean,none,none,0,0,1.0,15.0,14.0,0.0,0.0,15.0,15.0,16,16,16,1.0,1.0,122.625,111.0,235.25,242.0,75.71778743025534,102.73333333333333,4.026105290417007,110.6,488.26666666666665,4.8,-68.93333333333334,0.0,103.0,-77.0,0.0,41.0,41.0,41.0,1.0,15,0,15.0,15.0,17.0,1.0,367760.0,149632240.0,150000000.0,0.0024517333333333334,75880.0,0.007588,1
Clean_seed1006_600s,Clean,1006,260,270,benign,normal,Clean,none,none,0,0,1.0,14.0,15.0,0.0,0.0,14.0,14.0,14,14,14,1.0,1.0,154.5,146.0,276.85,284.0,81.06289106423671,102.2,3.342368706685211,109.0,486.93333333333334,4.8,-68.93333333333334,0.0,102.0,-77.0,0.0,39.0,39.0,41.0,1.0,15,0,14.0,14.0,14.0,1.0,360480.0,149639520.0,150000000.0,0.0024032,70480.0,0.007048,1
Clean_seed1006_600s,Clean,1006,270,280,benign,normal,Clean,none,none,0,0,1.0,16.0,16.0,0.0,0.0,16.0,16.0,16,16,16,1.0,1.0,139.375,127.5,231.25,244.0,60.69033421119599,101.53333333333333,2.3258383025317584,105.3,485.1333333333333,4.8,-68.93333333333334,0.0,102.0,-77.0,0.0,45.0,45.0,45.0,1.0,15,0,15.0,15.0,16.0,1.0,440976.0,149559024.0,150000000.0,0.00293984,77520.0,0.007752,1
Clean_seed1006_600s,Clean,1006,280,290,benign,normal,Clean,none,none,0,0,1.0,14.0,13.0,0.0,0.0,13.0,13.0,15,15,15,1.0,1.0,145.26666666666668,116.0,244.89999999999998,268.0,76.16848492150868,101.2,1.8593393604027362,104.3,483.53333333333336,4.8,-68.93333333333334,0.0,102.0,-77.0,0.0,40.0,40.0,41.0,1.0,15,0,15.0,14.0,13.0,0.9333333333333333,370576.0,149629424.0,150000000.0,0.0024705066666666667,73944.0,0.0073944,1
Clean_seed1006_600s,Clean,1006,290,300,benign,normal,Clean,none,none,0,0,1.0,15.0,16.0,0.0,0.0,15.0,15.0,15,15,15,1.0,1.0,135.73333333333332,139.0,260.99999999999983,359.0,91.2480658633898,101.46666666666667,2.356349072692956,105.89999999999999,483.8,4.8,-68.93333333333334,0.0,101.0,-77.0,0.0,42.0,41.0,43.0,0.9761904761904762,15,0,15.0,15.0,15.0,1.0,372064.0,149627936.0,150000000.0,0.0024804266666666667,75880.0,0.007588,1
Clean_seed1006_600s,Clean,1006,300,310,benign,normal,Clean,none,none,0,0,1.0,17.0,17.0,0.0,0.0,17.0,17.0,15,15,15,1.0,1.0,141.2,145.0,247.2999999999999,318.0,74.66611394353245,101.0,1.6035674514745464,104.3,482.0,4.8,-68.93333333333334,0.0,101.0,-77.0,0.0,43.0,43.0,45.0,1.0,15,0,17.0,17.0,17.0,1.0,392296.0,149607704.0,150000000.0,0.0026153066666666667,87000.0,0.0087,1
Clean_seed1006_600s,Clean,1006,310,320,benign,normal,Clean,none,none,0,0,1.0,15.0,14.0,0.0,0.0,15.0,15.0,15,15,15,1.0,1.0,129.33333333333334,95.0,319.29999999999995,341.0,100.16034763365809,100.6,1.121223821162776,103.0,479.1333333333333,4.8,-68.93333333333334,0.0,101.0,-77.0,0.0,40.0,40.0,40.0,1.0,15,0,15.0,15.0,15.0,1.0,349864.0,149650136.0,150000000.0,0.0023324266666666666,75880.0,0.007588,1
Clean_seed1006_600s,Clean,1006,320,330,benign,normal,Clean,none,none,0,0,1.0,15.0,15.0,0.0,0.0,15.0,15.0,15,15,15,1.0,1.0,135.26666666666668,154.0,242.7,249.0,72.00145501175322,100.26666666666667,0.5936168397046637,101.3,478.73333333333335,4.8,-68.93333333333334,0.0,101.0,-77.0,0.0,41.0,41.0,41.0,1.0,15,0,15.0,15.0,15.0,1.0,365640.0,149634360.0,150000000.0,0.0024376,75880.0,0.007588,1
Clean_seed1006_600s,Clean,1006,330,340,benign,normal,Clean,none,none,0,0,1.0,14.0,14.0,0.0,0.0,15.0,15.0,15,15,15,1.0,1.0,142.06666666666666,137.0,308.6,310.0,95.18138073223797,100.13333333333334,0.5163977794943223,100.6,478.53333333333336,4.8,-68.93333333333334,0.0,101.0,-77.0,0.0,39.0,39.0,38.0,1.0,15,0,15.0,15.0,15.0,1.0,356248.0,149643752.0,150000000.0,0.0023749866666666667,75880.0,0.007588,1
Clean_seed1006_600s,Clean,1006,340,350,benign,normal,Clean,none,none,0,0,1.0,14.0,15.0,0.0,0.0,14.0,14.0,15,15,15,1.0,1.0,138.86666666666667,123.0,248.49999999999997,266.0,78.16453951821912,100.06666666666666,0.2581988897471611,100.3,478.46666666666664,4.8,-68.93333333333334,0.0,100.0,-77.0,0.0,40.0,40.0,42.0,1.0,15,0,14.0,14.0,14.0,1.0,357712.0,149642288.0,150000000.0,0.002384746666666667,70736.0,0.0070736,1
Clean_seed1006_600s,Clean,1006,350,360,benign,normal,Clean,none,none,0,0,1.0,14.0,14.0,0.0,0.0,16.0,16.0,14,14,14,1.0,1.0,127.78571428571429,116.5,258.0,284.0,77.01366369420685,100.06666666666666,0.2581988897471611,100.3,478.46666666666664,4.8,-68.93333333333334,0.0,100.0,-77.0,0.0,41.0,41.0,41.0,1.0,15,0,15.0,15.0,16.0,1.0,379208.0,149620792.0,150000000.0,0.0025280533333333333,88776.0,0.008876442511896449,1
Clean_seed1006_600s,Clean,1006,360,370,benign,normal,Clean,none,none,0,0,1.0,18.0,18.0,0.0,0.0,16.0,16.0,16,16,16,1.0,1.0,157.75,147.5,308.5,349.0,91.34732252963593,100.0,0.0,100.0,478.4,4.8,-68.93333333333334,0.0,103.0,-77.0,0.0,47.0,47.0,47.0,1.0,15,0,21.0,17.0,16.0,0.8095238095238095,396448.0,149603552.0,150000000.0,0.0026429866666666667,93648.0,0.009366021329181325,1
Clean_seed1006_600s,Clean,1006,370,380,benign,normal,Clean,none,none,0,0,1.0,14.0,14.0,0.0,0.0,13.0,13.0,15,15,15,1.0,1.0,143.73333333333332,145.0,258.8,263.0,77.43058335112322,100.0,0.0,100.0,478.4,4.8,-68.93333333333334,0.0,101.0,-77.0,0.0,37.0,37.0,37.0,1.0,15,0,13.0,13.0,13.0,1.0,321536.0,149678464.0,150000000.0,0.0021435733333333333,65880.0,0.006588,1
Clean_seed1006_600s,Clean,1006,380,390,benign,normal,Clean,none,none,0,0,1.0,15.0,15.0,0.0,0.0,15.0,15.0,16,16,16,1.0,1.0,130.4375,114.5,285.25,325.0,83.18010078538417,100.0,0.0,100.0,478.4,4.8,-68.93333333333334,0.0,100.0,-77.0,0.0,42.0,42.0,42.0,1.0,15,0,15.0,15.0,15.0,1.0,367672.0,149632328.0,150000000.0,0.0024511466666666667,75880.0,0.007588,1
Clean_seed1006_600s,Clean,1006,390,400,benign,normal,Clean,none,none,0,0,1.0,15.0,15.0,0.0,0.0,16.0,16.0,14,14,14,1.0,1.0,140.28571428571428,128.0,244.35,271.0,77.64062038692074,100.0,0.0,100.0,478.4,4.8,-68.93333333333334,0.0,100.0,-77.0,0.0,41.0,41.0,45.0,1.0,15,0,16.0,16.0,16.0,1.0,391728.0,149608272.0,150000000.0,0.00261152,86064.0,0.0086064,1
Clean_seed1006_600s,Clean,1006,400,410,benign,normal,Clean,none,none,0,0,1.0,15.0,14.0,0.0,0.0,13.0,13.0,15,15,15,1.0,1.0,137.0,154.0,247.49999999999997,258.0,69.29749531651817,100.0,0.0,100.0,478.4,4.8,-68.93333333333334,0.0,100.0,-77.0,0.0,40.0,40.0,40.0,1.0,15,0,13.0,13.0,14.0,1.0,360440.0,149640352.0,150000792.0,0.002402920645912323,66136.0,0.0066136,1
Clean_seed1006_600s,Clean,1006,410,420,benign,normal,Clean,none,none,0,0,1.0,15.0,16.0,0.0,0.0,16.0,16.0,15,15,15,1.0,1.0,136.4,132.0,228.39999999999998,241.0,57.05235690636653,101.33333333333333,3.696845502136473,108.8,480.1333333333333,4.8,-68.93333333333334,0.0,101.0,-77.0,0.0,45.0,42.0,42.0,0.9333333333333333,15,0,18.0,16.0,16.0,0.8888888888888888,387216.0,149611992.0,149999208.0,0.002581453630075167,89128.0,0.0089128,1
Clean_seed1006_600s,Clean,1006,420,430,benign,normal,Clean,none,none,0,0,1.0,14.0,14.0,0.0,0.0,15.0,15.0,15,15,15,1.0,1.0,160.8,161.0,313.09999999999985,402.0,99.54625629754814,103.0,4.884377427793931,111.5,482.2,4.8,-68.93333333333334,0.0,101.0,-77.0,0.0,44.0,40.0,40.0,0.9090909090909091,15,0,16.0,15.0,15.0,0.9375,363256.0,149636744.0,150000000.0,0.0024217066666666668,79640.0,0.007964,1
Clean_seed1006_600s,Clean,1006,430,440,benign,normal,Clean,none,none,0,0,1.0,15.0,15.0,0.0,0.0,15.0,15.0,15,15,15,1.0,1.0,136.93333333333334,112.0,253.49999999999997,264.0,79.82254127273883,101.8,3.051931472737505,106.89999999999999,480.93333333333334,4.8,-68.93333333333334,0.0,100.0,-77.0,0.0,41.0,41.0,42.0,1.0,15,0,15.0,15.0,16.0,1.0,361680.0,149638320.0,150000000.0,0.0024112,75880.0,0.007588,1
Clean_seed1006_600s,Clean,1006,440,450,benign,normal,Clean,none,none,0,0,1.0,15.0,15.0,0.0,0.0,15.0,15.0,15,15,15,1.0,1.0,129.33333333333334,137.0,230.1,242.0,75.53680906557757,101.6,2.4727081741050068,105.6,480.6,4.8,-68.93333333333334,0.0,100.0,-77.0,0.0,42.0,41.0,41.0,0.9761904761904762,15,0,15.0,15.0,15.0,1.0,370792.0,149629208.0,150000000.0,0.002471946666666667,76976.0,0.007694060732063251,1
Clean_seed1006_600s,Clean,1006,450,460,benign,normal,Clean,none,none,0,0,1.0,16.0,16.0,0.0,0.0,15.0,15.0,15,15,15,1.0,1.0,169.73333333333332,155.0,340.09999999999997,345.0,112.81683427236423,101.93333333333334,4.366539438350085,107.89999999999999,481.0,4.8,-68.93333333333334,0.0,102.0,-77.0,0.0,44.0,42.0,42.0,0.9545454545454546,15,0,17.0,15.0,15.0,0.8823529411764706,395728.0,149604272.0,150000000.0,0.0026381866666666666,83920.0,0.00839586209656442,1
Clean_seed1006_600s,Clean,1006,460,470,benign,normal,Clean,none,none,0,0,1.0,15.0,15.0,0.0,0.0,15.0,15.0,16,16,16,1.0,1.0,164.3125,145.0,356.75,407.0,122.03754545220909,102.26666666666667,5.933761354278062,115.1,481.4,4.8,-68.93333333333334,0.0,102.0,-77.0,0.0,43.0,41.0,43.0,0.9534883720930233,15,0,16.0,15.0,16.0,0.9375,401512.0,149598488.0,150000000.0,0.0026767466666666666,81440.0,0.008144,1
Clean_seed1006_600s,Clean,1006,470,480,benign,normal,Clean,none,none,0,0,1.0,15.0,15.0,0.0,0.0,15.0,15.0,15,15,15,1.0,1.0,157.4,175.0,337.4,343.0,109.24141025401363,102.93333333333334,6.49688570082034,117.19999999999999,483.2,4.8,-68.93333333333334,0.0,100.0,-77.0,0.0,43.0,41.0,42.0,0.9534883720930233,15,0,15.0,15.0,15.0,1.0,385208.0,149614792.0,150000000.0,0.0025680533333333334,75824.0,0.0075824,1
Clean_seed1006_600s,Clean,1006,480,490,benign,normal,Clean,none,none,0,0,1.0,15.0,15.0,0.0,0.0,15.0,15.0,15,15,15,1.0,1.0,149.46666666666667,131.0,253.39999999999995,287.0,79.95701225986255,102.26666666666667,5.161210636865661,113.89999999999999,482.3333333333333,4.8,-68.93333333333334,0.0,100.0,-77.0,0.0,41.0,41.0,41.0,1.0,15,0,15.0,15.0,15.0,1.0,361608.0,149638392.0,150000000.0,0.00241072,75880.0,0.007588,1
Clean_seed1006_600s,Clean,1006,490,500,benign,normal,Clean,none,none,0,0,1.0,15.0,15.0,0.0,0.0,15.0,15.0,15,15,15,1.0,1.0,155.13333333333333,190.0,279.4,285.0,94.99914786585242,103.86666666666666,6.0929311110342885,114.19999999999999,484.4,4.8,-68.93333333333334,0.0,100.0,-77.0,0.0,46.0,41.0,41.0,0.8913043478260869,15,0,15.0,15.0,15.0,1.0,379368.0,149620632.0,150000000.0,0.00252912,78736.0,0.0078736,1
Clean_seed1006_600s,Clean,1006,500,510,benign,normal,Clean,none,none,0,0,1.0,15.0,15.0,0.0,0.0,15.0,15.0,15,15,15,1.0,1.0,135.66666666666666,155.0,242.2999999999999,299.0,80.37916100463804,102.4,4.239272174728649,109.89999999999999,483.26666666666665,4.8,-68.93333333333334,0.0,100.0,-77.0,0.0,41.0,41.0,43.0,1.0,15,0,15.0,15.0,15.0,1.0,381472.0,149618528.0,150000000.0,0.002543146666666667,75880.0,0.007588,1
Clean_seed1006_600s,Clean,1006,510,520,benign,normal,Clean,none,none,0,0,1.0,16.0,16.0,0.0,0.0,16.0,16.0,15,15,15,1.0,1.0,133.93333333333334,131.0,242.0,249.0,77.18851382600049,101.53333333333333,2.6690465570704314,106.3,482.8,4.8,-68.93333333333334,0.0,100.0,-77.0,0.0,42.0,42.0,43.0,1.0,15,0,16.0,16.0,16.0,1.0,373800.0,149627088.0,150000888.0,0.002491985247447335,81024.0,0.008099853406089125,1
Clean_seed1006_600s,Clean,1006,520,530,benign,normal,Clean,none,none,0,0,1.0,15.0,15.0,0.0,0.0,15.0,15.0,15,15,15,1.0,1.0,141.2,143.0,226.7,233.0,60.651463296444874,101.06666666666666,1.8695555876298773,104.3,482.3333333333333,4.8,-68.93333333333334,0.0,100.0,-77.0,0.0,43.0,43.0,44.0,1.0,15,0,15.0,15.0,15.0,1.0,387584.0,149611528.0,149999112.0,0.0025839086300724233,75880.0,0.0075903864174896585,1
Clean_seed1007_600s,Clean,1007,190,200,benign,normal,Clean,none,none,0,0,1.0,16.0,16.0,0.0,0.0,16.0,16.0,16,16,16,1.0,1.0,137.6875,123.0,278.25,312.0,81.72124876676813,110.86666666666666,17.451429195122703,143.69999999999996,493.6666666666667,4.8,-71.2,0.0,107.0,-77.0,0.0,49.0,44.0,44.0,0.8979591836734694,15,0,17.0,16.0,16.0,0.9411764705882353,429232.0,149570768.0,150000000.0,0.0028615466666666667,85328.0,0.0085328,2
Clean_seed1007_600s,Clean,1007,200,210,benign,normal,Clean,none,none,0,0,1.0,15.0,14.0,0.0,0.0,15.0,15.0,15,15,15,1.0,1.0,154.06666666666666,167.0,255.99999999999997,277.0,81.2390358902723,108.86666666666666,14.277187931735552,136.99999999999997,491.2,4.8,-71.2,0.0,105.0,-77.0,0.0,40.0,40.0,43.0,1.0,15,0,15.0,15.0,15.0,1.0,351296.0,149648704.0,150000000.0,0.0023419733333333334,80920.0,0.008092,2
Clean_seed1007_600s,Clean,1007,210,220,benign,normal,Clean,none,none,0,0,1.0,16.0,16.0,0.0,0.0,16.0,16.0,16,16,16,1.0,1.0,138.125,103.5,261.25,289.0,89.24936974567383,107.6,11.406764910099872,129.79999999999998,489.6,4.8,-71.2,0.0,104.0,-77.0,0.0,47.0,46.0,46.0,0.9787234042553191,15,0,16.0,16.0,18.0,1.0,448880.0,149551120.0,150000000.0,0.0029925333333333335,81280.0,0.008128,2
Clean_seed1007_600s,Clean,1007,220,230,benign,normal,Clean,none,none,0,0,1.0,15.0,16.0,0.0,0.0,15.0,15.0,16,16,16,1.0,1.0,139.5,151.5,238.75,295.0,77.25800929353538,106.0,9.304376850247875,124.99999999999999,487.6,4.8,-71.2,0.0,103.0,-77.0,0.0,41.0,41.0,44.0,1.0,15,0,15.0,15.0,16.0,1.0,369072.0,149630928.0,150000000.0,0.00246048,75880.0,0.007588,2
Clean_seed1007_600s,Clean,1007,230,240,benign,normal,Clean,none,none,0,0,1.0,15.0,14.0,0.0,0.0,16.0,16.0,14,14,14,1.0,1.0,148.64285714285714,145.5,259.5,292.0,73.8653735290996,104.93333333333334,7.7318143007286695,121.5,486.0,4.8,-71.2,0.0,103.0,-77.0,0.0,42.0,42.0,41.0,1.0,15,0,16.0,16.0,16.0,1.0,364840.0,149635160.0,150000000.0,0.0024322666666666665,80736.0,0.0080736,2
Clean_seed1007_600s,Clean,1007,240,250,benign,normal,Clean,none,none,0,0,1.0,15.0,16.0,0.0,0.0,15.0,15.0,16,16,16,1.0,1.0,126.125,115.5,235.75,241.0,64.6094678304452,103.8,6.44980619863884,117.89999999999999,484.26666666666665,4.8,-71.2,0.0,102.0,-77.0,0.0,40.0,40.0,45.0,1.0,15,0,15.0,15.0,15.0,1.0,363248.0,149636752.0,150000000.0,0.0024216533333333333,75880.0,0.007588,2
Clean_seed1007_600s,Clean,1007,250,260,benign,normal,Clean,none,none,0,0,1.0,15.0,15.0,0.0,0.0,14.0,14.0,15,15,15,1.0,1.0,146.73333333333332,128.0,362.8999999999999,421.0,115.07417897454957,106.53333333333333,10.58885307877154,128.39999999999998,490.46666666666664,4.8,-71.2,0.0,102.0,-77.0,0.0,47.0,41.0,44.0,0.8723404255319149,15,0,14.0,14.0,15.0,1.0,396016.0,149603984.0,150000000.0,0.0026401066666666665,71024.0,0.0071024,2
Clean_seed1007_600s,Clean,1007,260,270,benign,normal,Clean,none,none,0,0,1.0,15.0,15.0,0.0,0.0,15.0,15.0,15,15,15,1.0,1.0,149.33333333333334,148.0,302.29999999999995,317.0,93.91155920535529,105.93333333333334,9.05906544112949,124.19999999999999,489.6666666666667,4.8,-71.2,0.0,104.0,-77.0,0.0,42.0,41.0,41.0,0.9761904761904762,15,0,16.0,15.0,15.0,0.9375,369592.0,149630408.0,150000000.0,0.0024639466666666666,80184.0,0.0080184,2
Clean_seed1007_600s,Clean,1007,270,280,benign,normal,Clean,none,none,0,0,1.0,15.0,15.0,0.0,0.0,15.0,15.0,15,15,15,1.0,1.0,148.73333333333332,133.0,265.0999999999999,319.0,77.7601317851127,106.53333333333333,9.006875680490408,122.99999999999999,490.53333333333336,4.8,-71.2,0.0,102.0,-77.0,0.0,44.0,41.0,41.0,0.9318181818181818,15,0,15.0,15.0,15.0,1.0,388552.0,149611448.0,150000000.0,0.0025903466666666666,76992.0,0.0076992,2
Clean_seed1007_600s,Clean,1007,280,290,benign,normal,Clean,none,none,0,0,1.0,15.0,15.0,0.0,0.0,15.0,15.0,15,15,15,1.0,1.0,123.93333333333334,100.0,279.69999999999993,328.0,83.31649353662273,105.13333333333334,7.41491418567689,119.8,489.8,4.8,-71.2,0.0,101.0,-77.0,0.0,41.0,41.0,43.0,1.0,15,0,15.0,15.0,15.0,1.0,378056.0,149621944.0,150000000.0,0.0025203733333333334,75880.0,0.007588,2
Clean_seed1007_600s,Clean,1007,290,300,benign,normal,Clean,none,none,0,0,1.0,15.0,15.0,0.0,0.0,15.0,15.0,15,15,15,1.0,1.0,151.13333333333333,149.0,290.19999999999993,321.0,89.43622361905771,105.93333333333334,6.4638187150439474,116.89999999999999,490.73333333333335,4.8,-71.2,0.0,102.0,-77.0,0.0,44.0,41.0,41.0,0.9318181818181818,15,0,16.0,15.0,15.0,0.9375,374600.0,149625400.0,150000000.0,0.002497333333333333,81280.0,0.008128,2
Clean_seed1007_600s,Clean,1007,300,310,benign,normal,Clean,none,none,0,0,1.0,15.0,15.0,0.0,0.0,15.0,15.0,15,15,15,1.0,1.0,141.46666666666667,112.0,281.79999999999995,307.0,83.90714822832155,104.33333333333333,5.052109413285654,114.0,488.8,4.8,-71.2,0.0,100.0,-77.0,0.0,41.0,41.0,41.0,1.0,15,0,15.0,15.0,15.0,1.0,380568.0,149619432.0,150000000.0,0.00253712,75880.0,0.007588,2
Clean_seed1007_600s,Clean,1007,310,320,benign,normal,Clean,none,none,0,0,1.0,15.0,15.0,0.0,0.0,15.0,15.0,15,15,15,1.0,1.0,142.93333333333334,103.0,288.2,312.0,86.2334594215582,103.33333333333333,4.418575508442684,111.6,487.46666666666664,4.8,-71.2,0.0,100.0,-77.0,0.0,41.0,41.0,41.0,1.0,15,0,15.0,15.0,15.0,1.0,361840.0,149638160.0,150000000.0,0.0024122666666666665,75880.0,0.007588,2
Clean_seed1007_600s,Clean,1007,320,330,benign,normal,Clean,none,none,0,0,1.0,15.0,15.0,0.0,0.0,15.0,15.0,14,14,14,1.0,1.0,129.85714285714286,144.5,219.0,219.0,71.31712184413969,102.66666666666667,3.59894164336975,108.89999999999999,486.6,4.8,-71.2,0.0,100.0,-77.0,0.0,41.0,41.0,41.0,1.0,15,0,15.0,15.0,15.0,1.0,364032.0,149635968.0,150000000.0,0.00242688,75880.0,0.007588,2
Clean_seed1007_600s,Clean,1007,330,340,benign,normal,Clean,none,none,0,0,1.0,15.0,15.0,0.0,0.0,15.0,15.0,15,15,15,1.0,1.0,153.2,173.0,262.3,263.0,81.70084804595709,102.06666666666666,2.9632671801497046,106.89999999999999,485.8666666666667,4.8,-71.2,0.0,100.0,-77.0,0.0,41.0,41.0,41.0,1.0,15,0,15.0,15.0,15.0,1.0,357640.0,149642360.0,150000000.0,0.0023842666666666667,75880.0,0.007588,2
Clean_seed1007_600s,Clean,1007,340,350,benign,normal,Clean,none,none,0,0,1.0,14.0,14.0,0.0,0.0,15.0,15.0,15,15,15,1.0,1.0,151.13333333333333,154.0,263.4,276.0,83.93949067773819,101.73333333333333,2.711527420547495,105.89999999999999,485.3333333333333,4.8,-71.2,0.0,100.0,-77.0,0.0,39.0,39.0,38.0,1.0,15,0,14.0,14.0,15.0,1.0,349984.0,149650016.0,150000000.0,0.0023332266666666666,75880.0,0.007587010653810743,2
Clean_seed1007_600s,Clean,1007,350,360,benign,normal,Clean,none,none,0,0,1.0,16.0,16.0,0.0,0.0,15.0,15.0,15,15,15,1.0,1.0,130.0,131.0,217.99999999999994,246.0,62.22769250330365,101.26666666666667,2.1201976547572388,104.89999999999999,484.8666666666667,4.8,-71.2,0.0,100.0,-77.0,0.0,43.0,43.0,44.0,1.0,15,0,17.0,16.0,15.0,0.9411764705882353,399976.0,149600024.0,150000000.0,0.0026665066666666667,80184.0,0.008019445735723938,2
Clean_seed1007_600s,Clean,1007,360,370,benign,normal,Clean,none,none,0,0,1.0,16.0,16.0,0.0,0.0,17.0,17.0,16,16,16,1.0,1.0,145.375,135.0,259.5,291.0,79.50419276155608,100.93333333333334,1.533747356112131,103.6,484.4,4.8,-71.2,0.0,100.0,-77.0,0.0,46.0,46.0,46.0,1.0,15,0,17.0,17.0,17.0,1.0,399456.0,149600544.0,150000000.0,0.00266304,87136.0,0.0087136,2
Clean_seed1007_600s,Clean,1007,370,380,benign,normal,Clean,none,none,0,0,1.0,15.0,15.0,0.0,0.0,14.0,14.0,15,15,15,1.0,1.0,130.8,129.0,241.6,250.0,71.6561232554483,100.66666666666667,1.3972762620115438,102.89999999999999,484.06666666666666,4.8,-71.2,0.0,100.0,-77.0,0.0,39.0,39.0,38.0,1.0,15,0,14.0,14.0,14.0,1.0,329192.0,149670808.0,150000000.0,0.0021946133333333334,70480.0,0.007048,2
Clean_seed1007_600s,Clean,1007,380,390,benign,normal,Clean,none,none,0,0,1.0,16.0,16.0,0.0,0.0,16.0,16.0,16,16,16,1.0,1.0,127.625,132.0,233.75,278.0,76.61581646979515,100.53333333333333,1.1872336794093274,102.6,483.8,4.8,-71.2,0.0,100.0,-77.0,0.0,43.0,43.0,43.0,1.0,15,0,16.0,16.0,16.0,1.0,378824.0,149621176.0,150000000.0,0.0025254933333333333,80736.0,0.0080736,2
Clean_seed1007_600s,Clean,1007,390,400,benign,normal,Clean,none,none,0,0,1.0,14.0,14.0,0.0,0.0,14.0,14.0,15,15,15,1.0,1.0,136.33333333333334,120.0,250.89999999999998,274.0,80.73295190818632,100.33333333333333,0.816496580927726,101.6,483.6,4.8,-71.2,0.0,100.0,-77.0,0.0,38.0,38.0,39.0,1.0,15,0,14.0,14.0,14.0,1.0,346824.0,149653176.0,150000000.0,0.00231216,71024.0,0.0071024,2
Clean_seed1007_600s,Clean,1007,400,410,benign,normal,Clean,none,none,0,0,1.0,16.0,15.0,0.0,0.0,15.0,15.0,15,15,15,1.0,1.0,143.53333333333333,134.0,268.49999999999994,321.0,85.51012192940058,100.13333333333334,0.5163977794943223,100.6,483.4,4.8,-71.2,0.0,100.0,-77.0,0.0,43.0,43.0,41.0,1.0,15,0,15.0,15.0,15.0,1.0,359992.0,149640008.0,150000000.0,0.0023999466666666668,76880.0,0.007688,2
Clean_seed1007_600s,Clean,1007,410,420,benign,normal,Clean,none,none,0,0,1.0,14.0,15.0,0.0,0.0,15.0,15.0,14,14,14,1.0,1.0,126.64285714285714,124.5,223.45,241.0,70.28142017616051,100.13333333333334,0.5163977794943223,100.6,483.3333333333333,4.8,-71.2,0.0,100.0,-77.0,0.0,40.0,40.0,42.0,1.0,15,0,15.0,15.0,15.0,1.0,365664.0,149634336.0,150000000.0,0.00243776,76136.0,0.0076136,2
Clean_seed1007_600s,Clean,1007,420,430,benign,normal,Clean,none,none,0,0,1.0,16.0,13.0,0.0,0.0,16.0,16.0,14,14,14,1.0,1.0,127.92857142857143,118.0,232.35,246.0,78.00736088119089,101.4,5.151976042535248,106.69999999999997,484.93333333333334,4.8,-71.2,0.0,104.0,-77.0,0.0,46.0,44.0,40.0,0.9565217391304348,15,0,18.0,16.0,16.0,0.8888888888888888,417248.0,149582752.0,150000000.0,0.0027816533333333334,89632.0,0.0089632,2
Clean_seed1007_600s,Clean,1007,430,440,benign,normal,Clean,none,none,0,0,1.0,14.0,14.0,1.0,0.0,14.0,14.0,15,14,15,0.9333333333333333,1.0,185.92857142857142,152.5,377.15,383.0,116.43781059545792,105.4,5.692099788303084,114.19999999999999,490.26666666666665,4.8,-71.2,0.0,101.0,-77.0,0.0,45.0,36.0,40.0,0.8,15,0,14.0,14.0,14.0,1.0,365816.0,149634184.0,150000000.0,0.002438773333333333,75520.0,0.007552,2
Clean_seed1007_600s,Clean,1007,440,450,benign,normal,Clean,none,none,0,0,1.0,14.0,15.0,0.0,0.0,15.0,15.0,15,15,15,1.0,1.0,165.73333333333332,172.0,273.5999999999999,324.0,86.72737800278583,104.06666666666666,4.415341220702891,110.19999999999999,488.3333333333333,4.8,-71.2,0.0,104.0,-77.0,0.0,42.0,41.0,42.0,0.9761904761904762,15,0,17.0,15.0,16.0,0.8823529411764706,388296.0,149611704.0,150000000.0,0.00258864,85000.0,0.0085,2
Clean_seed1007_600s,Clean,1007,450,460,benign,normal,Clean,none,none,0,0,1.0,16.0,16.0,0.0,0.0,15.0,15.0,16,16,16,1.0,1.0,135.875,133.5,269.25,285.0,90.08875253511579,104.53333333333333,4.793845260430542,111.8,489.2,4.8,-71.2,0.0,101.0,-77.0,0.0,45.0,42.0,43.0,0.9333333333333333,15,0,15.0,15.0,15.0,1.0,397984.0,149602016.0,150000000.0,0.0026532266666666666,75824.0,0.0075824,2
Clean_seed1007_600s,Clean,1007,460,470,benign,normal,Clean,none,none,0,0,1.0,16.0,15.0,0.0,0.0,16.0,16.0,16,16,16,1.0,1.0,159.375,154.0,251.75,257.0,74.12320824141383,105.4,9.876378746426097,121.19999999999997,490.06666666666666,4.8,-71.2,0.0,108.0,-77.0,0.0,48.0,45.0,44.0,0.9375,15,0,20.0,16.0,16.0,0.8,416928.0,149583072.0,150000000.0,0.00277952,99728.0,0.0099728,2
Clean_seed1007_600s,Clean,1007,470,480,benign,normal,Clean,none,none,0,0,1.0,15.0,17.0,0.0,0.0,15.0,15.0,15,15,15,1.0,1.0,148.06666666666666,153.0,248.29999999999995,270.0,75.33588280557439,104.2,8.055166930965136,118.09999999999998,488.4,4.8,-71.2,0.0,105.0,-77.0,0.0,41.0,41.0,46.0,1.0,15,0,15.0,15.0,16.0,1.0,372240.0,149627760.0,150000000.0,0.0024816,77640.0,0.007764,2
Clean_seed1007_600s,Clean,1007,480,490,benign,normal,Clean,none,none,0,0,1.0,15.0,14.0,0.0,0.0,15.0,15.0,15,15,15,1.0,1.0,145.2,142.0,216.99999999999994,259.0,61.536516452776695,103.4,6.344851681256455,114.6,487.3333333333333,4.8,-71.2,0.0,103.0,-77.0,0.0,41.0,41.0,40.0,1.0,15,0,15.0,15.0,15.0,1.0,357544.0,149642456.0,150000000.0,0.0023836266666666665,75880.0,0.007588,2
Clean_seed1007_600s,Clean,1007,490,500,benign,normal,Clean,none,none,0,0,1.0,15.0,16.0,0.0,0.0,15.0,15.0,16,16,16,1.0,1.0,165.25,153.5,324.75,357.0,107.9428861327446,103.93333333333334,5.53516894395241,111.99999999999999,488.1333333333333,4.8,-71.2,0.0,104.0,-77.0,0.0,43.0,41.0,42.0,0.9534883720930233,15,0,16.0,15.0,16.0,0.9375,383792.0,149616208.0,150000000.0,0.0025586133333333335,79896.0,0.0079896,2
Clean_seed1007_600s,Clean,1007,500,510,benign,normal,Clean,none,none,0,0,1.0,15.0,15.0,0.0,0.0,15.0,15.0,14,14,14,1.0,1.0,131.42857142857142,126.0,252.14999999999998,310.0,83.39222827256589,103.13333333333334,4.273952113286562,109.8,484.8,4.8,-71.2,0.0,102.0,-77.0,0.0,41.0,41.0,44.0,1.0,15,0,15.0,15.0,15.0,1.0,394728.0,149605272.0,150000000.0,0.00263152,75880.0,0.007588,2
Clean_seed1007_600s,Clean,1007,510,520,benign,normal,Clean,none,none,0,0,1.0,15.0,15.0,0.0,0.0,15.0,15.0,16,16,16,1.0,1.0,132.4375,145.5,226.25,254.0,68.76914884839955,102.46666666666667,3.461351236287987,108.19999999999999,484.0,4.8,-71.2,0.0,101.0,-77.0,0.0,41.0,41.0,41.0,1.0,15,0,15.0,15.0,15.0,1.0,361680.0,149638320.0,150000000.0,0.0024112,75880.0,0.007588,2
Clean_seed1007_600s,Clean,1007,520,530,benign,normal,Clean,none,none,0,0,1.0,15.0,15.0,0.0,0.0,15.0,15.0,15,15,15,1.0,1.0,141.4,155.0,221.99999999999994,250.0,61.425680995120324,101.93333333333334,2.6850556436550455,106.6,483.2,4.8,-71.2,0.0,101.0,-77.0,0.0,41.0,41.0,41.0,1.0,15,0,16.0,15.0,15.0,0.9375,371744.0,149628256.0,150000000.0,0.0024782933333333335,79384.0,0.0079384,2
Clean_seed1008_600s,Clean,1008,190,200,benign,normal,Clean,none,none,0,0,1.0,14.0,13.0,0.0,0.0,14.0,14.0,15,15,15,1.0,1.0,148.26666666666668,144.0,236.0,243.0,74.53615294095943,106.66666666666667,7.565586245499765,117.39999999999999,505.2,4.8,-70.86666666666666,0.0,105.0,-77.0,0.0,41.0,40.0,38.0,0.975609756097561,15,0,15.0,14.0,14.0,0.9333333333333333,354856.0,149645144.0,150000000.0,0.0023657066666666667,76376.0,0.0076376,3
Clean_seed1008_600s,Clean,1008,200,210,benign,normal,Clean,none,none,0,0,1.0,16.0,16.0,0.0,0.0,18.0,18.0,15,15,15,1.0,1.0,133.13333333333333,104.0,248.69999999999993,304.0,80.98312581437361,107.06666666666666,7.582561446848819,119.5,505.8,4.8,-70.86666666666666,0.0,104.0,-77.0,0.0,48.0,44.0,48.0,0.9166666666666666,15,0,18.0,18.0,18.0,1.0,417168.0,149582832.0,150000000.0,0.00278112,96872.0,0.0096872,3
Clean_seed1008_600s,Clean,1008,210,220,benign,normal,Clean,none,none,0,0,1.0,16.0,17.0,0.0,0.0,14.0,14.0,16,16,16,1.0,1.0,151.1875,150.0,288.0,288.0,74.09383127719427,105.4,5.248128918277175,112.6,503.73333333333335,4.8,-70.86666666666666,0.0,103.0,-77.0,0.0,41.0,40.0,42.0,0.975609756097561,15,0,14.0,14.0,15.0,1.0,378448.0,149621552.0,150000000.0,0.002522986666666667,70224.0,0.0070224,3
Clean_seed1008_600s,Clean,1008,220,230,benign,normal,Clean,none,none,0,0,1.0,14.0,14.0,0.0,0.0,16.0,16.0,16,16,16,1.0,1.0,122.6875,110.5,234.75,240.0,68.74660597682866,103.8,4.178174584330202,109.3,501.6,4.8,-70.86666666666666,0.0,102.0,-77.0,0.0,41.0,41.0,41.0,1.0,15,0,16.0,16.0,16.0,1.0,361592.0,149638408.0,150000000.0,0.0024106133333333334,80480.0,0.008048,3
Clean_seed1008_600s,Clean,1008,230,240,benign,normal,Clean,none,none,0,0,1.0,16.0,15.0,0.0,0.0,15.0,15.0,15,15,15,1.0,1.0,157.2,145.0,302.09999999999997,307.0,93.56372923612776,105.0,5.11300861947808,111.69999999999999,503.06666666666666,4.8,-70.86666666666666,0.0,104.0,-77.0,0.0,45.0,41.0,41.0,0.9111111111111111,15,0,16.0,15.0,15.0,0.9375,384104.0,149615896.0,150000000.0,0.0025606933333333333,80640.0,0.008064,3
Clean_seed1008_600s,Clean,1008,240,250,benign,normal,Clean,none,none,0,0,1.0,16.0,17.0,0.0,0.0,16.0,16.0,16,16,16,1.0,1.0,130.8125,109.0,232.0,253.0,66.44317747770145,104.4,4.8814517746846,114.0,503.53333333333336,4.8,-70.86666666666666,0.0,105.0,-77.0,0.0,47.0,45.0,47.0,0.9574468085106383,15,0,17.0,16.0,17.0,0.9411764705882353,416072.0,149583928.0,150000000.0,0.002773813333333333,84376.0,0.0084376,3
Clean_seed1008_600s,Clean,1008,250,260,benign,normal,Clean,none,none,0,0,1.0,15.0,15.0,0.0,0.0,14.0,14.0,16,16,16,1.0,1.0,145.0,127.5,260.75,266.0,74.86966452887756,103.26666666666667,4.3006090377106005,110.5,502.1333333333333,4.8,-70.86666666666666,0.0,103.0,-77.0,0.0,39.0,39.0,40.0,1.0,15,0,14.0,14.0,14.0,1.0,347152.0,149652848.0,150000000.0,0.002314346666666667,70480.0,0.007048,3
Clean_seed1008_600s,Clean,1008,260,270,benign,normal,Clean,none,none,0,0,1.0,14.0,14.0,0.0,0.0,16.0,16.0,14,14,14,1.0,1.0,136.57142857142858,119.0,307.15,313.0,92.28943958731496,103.93333333333334,4.527166674117278,113.0,502.53333333333336,4.8,-70.86666666666666,0.0,102.0,-77.0,0.0,44.0,41.0,44.0,0.9318181818181818,15,0,15.0,15.0,18.0,1.0,392736.0,149607264.0,150000000.0,0.00261824,76976.0,0.0076976,3
Clean_seed1008_600s,Clean,1008,270,280,benign,normal,Clean,none,none,0,0,1.0,17.0,17.0,0.0,0.0,15.0,15.0,17,17,17,1.0,1.0,144.8235294117647,131.0,239.4,241.0,69.0961606152231,103.33333333333333,3.59894164336975,109.6,501.73333333333335,4.8,-70.86666666666666,0.0,106.0,-77.0,0.0,44.0,43.0,44.0,0.9772727272727273,15,0,18.0,16.0,15.0,0.8888888888888888,390384.0,149609616.0,150000000.0,0.00260256,86984.0,0.0086984,3
Clean_seed1008_600s,Clean,1008,280,290,benign,normal,Clean,none,none,0,0,1.0,14.0,14.0,0.0,0.0,15.0,15.0,12,12,12,1.0,1.0,147.16666666666666,129.0,265.84999999999997,273.0,81.11252939122552,102.2,2.7307769694983985,106.89999999999999,500.4,4.8,-70.86666666666666,0.0,104.0,-77.0,0.0,39.0,39.0,39.0,1.0,15,0,15.0,15.0,15.0,1.0,357456.0,149642544.0,150000000.0,0.00238304,75880.0,0.007588,3
Clean_seed1008_600s,Clean,1008,290,300,benign,normal,Clean,none,none,0,0,1.0,14.0,14.0,0.0,0.0,13.0,13.0,16,16,16,1.0,1.0,139.4375,133.5,254.5,298.0,76.05258597400442,101.33333333333333,2.1930626551751344,104.5,494.46666666666664,4.8,-70.86666666666666,0.0,102.0,-77.0,0.0,40.0,40.0,43.0,1.0,15,0,13.0,13.0,13.0,1.0,390632.0,149609368.0,150000000.0,0.0026042133333333333,66168.0,0.0066168,3
Clean_seed1008_600s,Clean,1008,300,310,benign,normal,Clean,none,none,0,0,1.0,16.0,16.0,0.0,0.0,16.0,16.0,15,15,15,1.0,1.0,145.13333333333333,119.0,262.19999999999993,307.0,83.22505346234104,100.8,1.8593393604027362,103.5,493.93333333333334,4.8,-70.86666666666666,0.0,103.0,-77.0,0.0,42.0,42.0,43.0,1.0,15,0,17.0,16.0,16.0,0.9411764705882353,374760.0,149625240.0,150000000.0,0.0024984,84752.0,0.0084752,3
Clean_seed1008_600s,Clean,1008,310,320,benign,normal,Clean,none,none,0,0,1.0,14.0,14.0,0.0,0.0,14.0,14.0,15,15,15,1.0,1.0,137.4,136.0,272.59999999999997,302.0,86.08533971754838,101.13333333333334,2.2949219304078006,106.3,494.26666666666665,4.8,-70.86666666666666,0.0,104.0,-77.0,0.0,40.0,39.0,39.0,0.975,15,0,15.0,14.0,14.0,0.9333333333333333,351760.0,149648240.0,150000000.0,0.0023450666666666666,74528.0,0.0074528,3
Clean_seed1008_600s,Clean,1008,320,330,benign,normal,Clean,none,none,0,0,1.0,14.0,14.0,0.0,0.0,15.0,15.0,14,14,14,1.0,1.0,146.57142857142858,118.5,302.95,327.0,101.85639535505503,101.4,2.7202941017470894,106.19999999999999,494.73333333333335,4.8,-70.86666666666666,0.0,103.0,-77.0,0.0,41.0,40.0,40.0,0.975609756097561,15,0,15.0,15.0,15.0,1.0,368560.0,149631440.0,150000000.0,0.0024570666666666667,75880.0,0.007588,3
Clean_seed1008_600s,Clean,1008,330,340,benign,normal,Clean,none,none,0,0,1.0,16.0,16.0,0.0,0.0,16.0,16.0,15,15,15,1.0,1.0,146.86666666666667,157.0,240.1,245.0,73.83172630735251,101.4,2.7464262493023806,106.19999999999999,494.73333333333335,4.8,-70.86666666666666,0.0,102.0,-77.0,0.0,43.0,42.0,42.0,0.9767441860465116,15,0,16.0,16.0,16.0,1.0,388056.0,149611944.0,150000000.0,0.00258704,80480.0,0.008048,3
Clean_seed1008_600s,Clean,1008,340,350,benign,normal,Clean,none,none,0,0,1.0,15.0,15.0,0.0,0.0,15.0,15.0,16,16,16,1.0,1.0,133.625,98.5,244.25,248.0,73.68932532373103,100.93333333333334,2.016597794967223,104.89999999999999,494.06666666666666,4.8,-70.86666666666666,0.0,101.0,-77.0,0.0,41.0,41.0,41.0,1.0,15,0,15.0,15.0,15.0,1.0,356608.0,149643392.0,150000000.0,0.0023773866666666667,75880.0,0.007588,3
Clean_seed1008_600s,Clean,1008,350,360,benign,normal,Clean,none,none,0,0,1.0,15.0,14.0,0.0,0.0,16.0,16.0,14,14,14,1.0,1.0,143.14285714285714,129.0,270.2,291.0,78.27550667389477,100.53333333333333,1.4573295865416045,103.6,493.6,4.8,-70.86666666666666,0.0,100.0,-77.0,0.0,42.0,42.0,41.0,1.0,15,0,16.0,16.0,16.0,1.0,401096.0,149598904.0,150000000.0,0.0026739733333333332,83088.0,0.0083088,3
Clean_seed1008_600s,Clean,1008,360,370,benign,normal,Clean,none,none,0,0,1.0,14.0,15.0,0.0,0.0,15.0,15.0,15,15,15,1.0,1.0,168.93333333333334,159.0,317.19999999999993,369.0,104.74626939600738,102.66666666666667,6.343350474165465,114.6,496.3333333333333,4.8,-70.86666666666666,0.0,100.0,-77.0,0.0,46.0,41.0,42.0,0.8913043478260869,15,0,15.0,15.0,15.0,1.0,375472.0,149624528.0,150000000.0,0.0025031466666666667,75880.0,0.007588,3
Clean_seed1008_600s,Clean,1008,370,380,benign,normal,Clean,none,none,0,0,1.0,17.0,17.0,0.0,0.0,15.0,15.0,17,17,17,1.0,1.0,148.76470588235293,127.0,295.59999999999997,346.0,87.82619869076987,104.33333333333333,8.541216596737314,120.89999999999999,498.46666666666664,4.8,-70.86666666666666,0.0,100.0,-77.0,0.0,48.0,43.0,43.0,0.8958333333333334,15,0,15.0,15.0,15.0,1.0,394344.0,149605656.0,150000000.0,0.00262896,77664.0,0.0077664,3
Clean_seed1008_600s,Clean,1008,380,390,benign,normal,Clean,none,none,0,0,1.0,14.0,14.0,0.0,0.0,15.0,15.0,14,14,14,1.0,1.0,121.21428571428571,119.5,217.89999999999998,253.0,70.87060643978474,103.6,6.936446187658757,115.6,497.46666666666664,4.8,-70.86666666666666,0.0,100.0,-77.0,0.0,41.0,40.0,39.0,0.975609756097561,15,0,15.0,15.0,15.0,1.0,343816.0,149656184.0,150000000.0,0.0022921066666666667,75880.0,0.007588,3
Clean_seed1008_600s,Clean,1008,390,400,benign,normal,Clean,none,none,0,0,1.0,14.0,14.0,0.0,0.0,15.0,15.0,14,14,14,1.0,1.0,141.57142857142858,147.0,278.25,301.0,81.8654752869367,102.2,4.632185537858222,110.39999999999999,495.73333333333335,4.8,-70.86666666666666,0.0,100.0,-77.0,0.0,40.0,40.0,41.0,1.0,15,0,15.0,15.0,15.0,1.0,369808.0,149630192.0,150000000.0,0.0024653866666666667,75880.0,0.007588,3
Clean_seed1008_600s,Clean,1008,400,410,benign,normal,Clean,none,none,0,0,1.0,15.0,15.0,0.0,0.0,14.0,14.0,15,15,15,1.0,1.0,134.06666666666666,128.0,227.59999999999997,250.0,61.14673997462015,101.46666666666667,3.27035748737628,107.5,494.73333333333335,4.8,-70.86666666666666,0.0,100.0,-77.0,0.0,40.0,40.0,40.0,1.0,15,0,14.0,14.0,14.0,1.0,345792.0,149654208.0,150000000.0,0.00230528,70736.0,0.0070736,3
Clean_seed1008_600s,Clean,1008,410,420,benign,normal,Clean,none,none,0,0,1.0,17.0,16.0,0.0,0.0,17.0,17.0,16,16,16,1.0,1.0,152.875,130.0,276.75,327.0,93.50285200641386,101.46666666666667,2.799659843283687,107.3,494.73333333333335,4.8,-70.86666666666666,0.0,100.0,-77.0,0.0,47.0,46.0,44.0,0.9787234042553191,15,0,17.0,17.0,17.0,1.0,400856.0,149599144.0,150000000.0,0.002672373333333333,86680.0,0.008668,3
Clean_seed1008_600s,Clean,1008,420,430,benign,normal,Clean,none,none,0,0,1.0,15.0,15.0,0.0,0.0,14.0,14.0,16,16,16,1.0,1.0,135.1875,136.0,239.75,251.0,71.20881850819696,101.0,2.29906813420444,105.19999999999999,494.1333333333333,4.8,-70.86666666666666,0.0,102.0,-77.0,0.0,39.0,39.0,40.0,1.0,15,0,15.0,14.0,14.0,0.9333333333333333,359720.0,149640280.0,150000000.0,0.0023981333333333334,75080.0,0.007508,3
Clean_seed1008_600s,Clean,1008,430,440,benign,normal,Clean,none,none,0,0,1.0,15.0,15.0,0.0,0.0,15.0,15.0,15,15,15,1.0,1.0,148.13333333333333,124.0,273.9,276.0,87.75930285784656,107.4,13.356646285651198,134.49999999999997,502.26666666666665,4.8,-70.86666666666666,0.0,107.0,-77.0,0.0,53.0,41.0,42.0,0.7735849056603774,15,0,19.0,15.0,15.0,0.7894736842105263,433472.0,149566528.0,150000000.0,0.0028898133333333333,92656.0,0.0092656,3
Clean_seed1008_600s,Clean,1008,440,450,benign,normal,Clean,none,none,0,0,1.0,15.0,16.0,0.0,0.0,14.0,14.0,13,13,13,1.0,1.0,152.0,142.0,273.79999999999984,332.0,82.01727460317937,105.0,9.102589898327995,125.6,499.26666666666665,4.8,-70.86666666666666,0.0,104.0,-77.0,0.0,41.0,41.0,41.0,1.0,15,0,14.0,14.0,14.0,1.0,359632.0,149642512.0,150002144.0,0.002397512398222788,72712.0,0.0072712,3
Clean_seed1008_600s,Clean,1008,450,460,benign,normal,Clean,none,none,0,0,1.0,14.0,13.0,0.0,0.0,14.0,14.0,15,15,15,1.0,1.0,149.0,141.0,287.9,297.0,82.58848069105728,103.73333333333333,6.83966025332782,117.39999999999999,497.73333333333335,4.8,-70.86666666666666,0.0,102.0,-77.0,0.0,38.0,38.0,40.0,1.0,15,0,14.0,14.0,14.0,1.0,340784.0,149657072.0,149997856.0,0.0022719258067261973,71280.0,0.007128,3
Clean_seed1008_600s,Clean,1008,460,470,benign,normal,Clean,none,none,0,0,1.0,14.0,15.0,0.0,0.0,16.0,16.0,14,14,14,1.0,1.0,136.0,134.5,243.4,246.0,81.05933249549607,102.86666666666666,5.7553287937188715,112.6,497.0,4.8,-70.86666666666666,0.0,100.0,-77.0,0.0,41.0,41.0,43.0,1.0,15,0,16.0,16.0,18.0,1.0,371760.0,149628240.0,150000000.0,0.0024784,80480.0,0.008048,3
Clean_seed1008_600s,Clean,1008,470,480,benign,normal,Clean,none,none,0,0,1.0,16.0,16.0,0.0,0.0,15.0,15.0,16,16,16,1.0,1.0,135.625,123.0,259.75,262.0,77.88955856424745,102.06666666666666,4.97804704487135,109.19999999999999,496.0,4.8,-70.86666666666666,0.0,100.0,-77.0,0.0,42.0,42.0,42.0,1.0,15,0,15.0,15.0,15.0,1.0,361496.0,149638504.0,150000000.0,0.0024099733333333333,75880.0,0.007588,3
Clean_seed1008_600s,Clean,1008,480,490,benign,normal,Clean,none,none,0,0,1.0,16.0,15.0,0.0,0.0,15.0,15.0,16,16,16,1.0,1.0,119.9375,111.5,249.75,288.0,81.61165664290856,101.6,4.239272174728649,108.29999999999998,495.4,4.8,-70.86666666666666,0.0,100.0,-77.0,0.0,42.0,42.0,45.0,1.0,15,0,15.0,15.0,15.0,1.0,379032.0,149620968.0,150000000.0,0.00252688,80920.0,0.008092,3
Clean_seed1008_600s,Clean,1008,490,500,benign,normal,Clean,none,none,0,0,1.0,14.0,14.0,0.0,0.0,16.0,16.0,14,14,14,1.0,1.0,159.71428571428572,149.0,289.75,319.0,93.14540210910002,101.33333333333333,3.6774732526300618,106.99999999999999,491.06666666666666,4.8,-70.86666666666666,0.0,100.0,-77.0,0.0,39.0,39.0,44.0,1.0,15,0,16.0,16.0,18.0,1.0,380000.0,149620000.0,150000000.0,0.002533333333333333,80480.0,0.008048,3
Clean_seed1008_600s,Clean,1008,500,510,benign,normal,Clean,none,none,0,0,1.0,15.0,16.0,0.0,0.0,14.0,14.0,15,15,15,1.0,1.0,149.73333333333332,147.0,271.5,275.0,77.39921249753189,101.2,3.384840152376897,105.99999999999999,490.8,4.8,-70.86666666666666,0.0,100.0,-77.0,0.0,41.0,41.0,41.0,1.0,15,0,14.0,14.0,14.0,1.0,351208.0,149648792.0,150000000.0,0.0023413866666666667,70768.0,0.0070768,3
Clean_seed1008_600s,Clean,1008,510,520,benign,normal,Clean,none,none,0,0,1.0,16.0,16.0,0.0,0.0,15.0,15.0,17,17,17,1.0,1.0,146.7058823529412,129.0,303.9999999999998,524.0,116.36460195538545,101.4,3.224903099319419,108.19999999999999,491.1333333333333,4.8,-70.86666666666666,0.0,102.0,-77.0,0.0,43.0,42.0,42.0,0.9767441860465116,15,0,16.0,15.0,15.0,0.9375,383592.0,149616408.0,150000000.0,0.00255728,79464.0,0.0079464,3
Clean_seed1008_600s,Clean,1008,520,530,benign,normal,Clean,none,none,0,0,1.0,15.0,15.0,0.0,0.0,15.0,15.0,14,14,14,1.0,1.0,142.07142857142858,156.5,235.25,245.0,72.54013667323373,101.6,3.2026774513120824,109.0,491.4,4.8,-70.86666666666666,0.0,101.0,-77.0,0.0,42.0,41.0,41.0,0.9761904761904762,15,0,15.0,15.0,15.0,1.0,365872.0,149634128.0,150000000.0,0.002439146666666667,75880.0,0.007588,3
Clean_seed1009_600s,Clean,1009,190,200,benign,normal,Clean,none,none,0,0,1.0,15.0,15.0,0.0,0.0,16.0,16.0,15,15,15,1.0,1.0,135.26666666666668,121.0,283.09999999999997,295.0,82.58110010915388,106.33333333333333,5.4335816478460615,113.6,489.0,4.8,-70.46666666666667,0.0,107.0,-77.0,0.0,47.0,44.0,44.0,0.9361702127659575,15,0,16.0,16.0,16.0,1.0,407928.0,149589280.0,149997208.0,0.0027195706202744786,81536.0,0.0081536,4
Clean_seed1009_600s,Clean,1009,200,210,benign,normal,Clean,none,none,0,0,1.0,14.0,15.0,0.0,0.0,14.0,14.0,16,16,16,1.0,1.0,140.3125,116.0,285.75,291.0,78.26852815787454,104.66666666666667,4.7308511264837305,111.39999999999999,487.0,4.8,-70.46666666666667,0.0,105.0,-77.0,0.0,41.0,41.0,41.0,1.0,15,0,14.0,14.0,14.0,1.0,377776.0,149627400.0,150005176.0,0.00251841976439533,70480.0,0.007048,4
Clean_seed1009_600s,Clean,1009,210,220,benign,normal,Clean,none,none,0,0,1.0,16.0,15.0,0.0,0.0,16.0,16.0,15,15,15,1.0,1.0,131.33333333333334,150.0,219.79999999999998,238.0,71.8208750659451,103.46666666666667,3.3352375513311676,107.89999999999999,485.53333333333336,4.8,-70.46666666666667,0.0,104.0,-77.0,0.0,43.0,43.0,43.0,1.0,15,0,16.0,16.0,16.0,1.0,376728.0,149618096.0,149994824.0,0.002511606667174062,81280.0,0.008128,4
Clean_seed1009_600s,Clean,1009,220,230,benign,normal,Clean,none,none,0,0,1.0,14.0,15.0,0.0,0.0,14.0,14.0,14,14,14,1.0,1.0,167.0,168.0,283.7,324.0,86.38375915734302,103.53333333333333,3.9072582032246945,109.1,485.53333333333336,4.8,-70.46666666666667,0.0,103.0,-77.0,0.0,40.0,39.0,40.0,0.975,15,0,14.0,14.0,14.0,1.0,354232.0,149645768.0,150000000.0,0.0023615466666666667,70480.0,0.007048,4
Clean_seed1009_600s,Clean,1009,230,240,benign,normal,Clean,none,none,0,0,1.0,15.0,15.0,0.0,0.0,15.0,15.0,16,16,16,1.0,1.0,132.125,129.0,259.25,305.0,84.0348142141101,103.6,3.7947331922020546,110.19999999999999,485.46666666666664,4.8,-70.46666666666667,0.0,103.0,-77.0,0.0,41.0,40.0,41.0,0.975609756097561,15,0,15.0,15.0,15.0,1.0,362696.0,149637304.0,150000000.0,0.0024179733333333335,76976.0,0.0076976,4
Clean_seed1009_600s,Clean,1009,240,250,benign,normal,Clean,none,none,0,0,1.0,15.0,15.0,0.0,0.0,16.0,16.0,15,15,15,1.0,1.0,159.86666666666667,129.0,354.2999999999999,432.0,118.97410682681377,110.6,12.921742474272909,134.0,495.1333333333333,4.8,-70.46666666666667,0.0,109.0,-77.0,0.0,56.0,43.0,44.0,0.7678571428571429,15,0,19.0,16.0,17.0,0.8421052631578947,484160.0,149515840.0,150000000.0,0.003227733333333333,91536.0,0.0091536,4
Clean_seed1009_600s,Clean,1009,250,260,benign,normal,Clean,none,none,0,0,1.0,15.0,15.0,0.0,0.0,14.0,14.0,14,14,14,1.0,1.0,146.42857142857142,156.5,244.54999999999998,253.0,72.72573799579463,107.26666666666667,8.762474101585259,122.19999999999999,490.93333333333334,4.8,-70.46666666666667,0.0,105.0,-77.0,0.0,39.0,39.0,43.0,1.0,15,0,14.0,14.0,14.0,1.0,336680.0,149663320.0,150000000.0,0.0022445333333333335,75776.0,0.0075776,4
Clean_seed1009_600s,Clean,1009,260,270,benign,normal,Clean,none,none,0,0,1.0,15.0,15.0,0.0,0.0,15.0,15.0,15,15,15,1.0,1.0,142.26666666666668,134.0,254.59999999999994,298.0,80.6770162585414,104.86666666666666,6.289068369192765,117.6,490.46666666666664,4.8,-70.46666666666667,0.0,103.0,-77.0,0.0,44.0,44.0,44.0,1.0,15,0,15.0,15.0,15.0,1.0,394360.0,149605640.0,150000000.0,0.0026290666666666665,76680.0,0.007668,4
Clean_seed1009_600s,Clean,1009,270,280,benign,normal,Clean,none,none,0,0,1.0,15.0,15.0,0.0,0.0,15.0,15.0,16,16,16,1.0,1.0,158.4375,176.5,267.25,319.0,85.97981836842101,108.8,15.589373670182244,129.49999999999994,497.06666666666666,4.8,-70.46666666666667,0.0,101.0,-77.0,0.0,50.0,41.0,46.0,0.82,15,0,15.0,15.0,17.0,1.0,460392.0,149539608.0,150000000.0,0.00306928,75880.0,0.007588,4
Clean_seed1009_600s,Clean,1009,280,290,benign,normal,Clean,none,none,0,0,1.0,15.0,15.0,0.0,0.0,15.0,15.0,15,15,15,1.0,1.0,160.66666666666666,188.0,254.29999999999998,262.0,78.67080295824645,106.33333333333333,11.604596790352806,122.99999999999997,507.4,4.8,-70.46666666666667,0.0,101.0,-77.0,0.0,41.0,41.0,45.0,1.0,15,0,15.0,15.0,16.0,1.0,379056.0,149620944.0,150000000.0,0.00252704,75880.0,0.007588,4
Clean_seed1009_600s,Clean,1009,290,300,benign,normal,Clean,none,none,0,0,1.0,15.0,15.0,0.0,0.0,15.0,15.0,15,15,15,1.0,1.0,138.46666666666667,107.0,232.1,244.0,67.11170503258691,105.33333333333333,8.64924989866311,118.39999999999998,506.2,4.8,-70.46666666666667,0.0,101.0,-77.0,0.0,42.0,41.0,41.0,0.9761904761904762,15,0,15.0,15.0,15.0,1.0,360144.0,149639856.0,150000000.0,0.00240096,77880.0,0.007788,4
Clean_seed1009_600s,Clean,1009,300,310,benign,normal,Clean,none,none,0,0,1.0,15.0,15.0,0.0,0.0,15.0,15.0,14,14,14,1.0,1.0,128.92857142857142,116.0,260.25,309.0,82.29446591891292,104.13333333333334,6.501281924871945,114.29999999999998,504.6666666666667,4.8,-70.46666666666667,0.0,101.0,-77.0,0.0,40.0,40.0,40.0,1.0,15,0,15.0,15.0,15.0,1.0,368192.0,149636752.0,150004944.0,0.0024545324319443763,75880.0,0.007588,4
Clean_seed1009_600s,Clean,1009,310,320,benign,normal,Clean,none,none,0,0,1.0,15.0,15.0,0.0,0.0,15.0,15.0,16,16,16,1.0,1.0,152.4375,154.0,277.75,286.0,86.24690815714304,103.46666666666667,4.718756898449703,110.8,503.93333333333334,4.8,-70.46666666666667,0.0,102.0,-77.0,0.0,43.0,42.0,41.0,0.9767441860465116,15,0,16.0,15.0,15.0,0.9375,377496.0,149617560.0,149995056.0,0.002516722951188471,79640.0,0.007964,4
Clean_seed1009_600s,Clean,1009,320,330,benign,normal,Clean,none,none,0,0,1.0,15.0,15.0,0.0,0.0,15.0,15.0,14,14,14,1.0,1.0,129.0,135.0,221.54999999999998,269.0,72.64666861968594,102.46666666666667,3.6029088776920766,108.6,502.6,4.8,-70.46666666666667,0.0,101.0,-77.0,0.0,40.0,40.0,40.0,1.0,15,0,15.0,15.0,15.0,1.0,346968.0,149653032.0,150000000.0,0.00231312,75880.0,0.007588,4
Clean_seed1009_600s,Clean,1009,330,340,benign,normal,Clean,none,none,0,0,1.0,15.0,14.0,0.0,0.0,14.0,14.0,15,15,15,1.0,1.0,140.0,128.0,244.79999999999995,277.0,73.48274821830145,103.26666666666667,4.527166674117279,109.39999999999999,503.6,4.8,-70.46666666666667,0.0,100.0,-77.0,0.0,41.0,38.0,38.0,0.926829268292683,15,0,14.0,14.0,14.0,1.0,344744.0,149655256.0,150000000.0,0.0022982933333333335,71320.0,0.007132,4
Clean_seed1009_600s,Clean,1009,340,350,benign,normal,Clean,none,none,0,0,1.0,15.0,15.0,0.0,0.0,15.0,15.0,15,15,15,1.0,1.0,134.46666666666667,124.0,237.49999999999997,248.0,73.75041565661722,102.0,2.6186146828319083,106.0,502.0,4.8,-70.46666666666667,0.0,100.0,-77.0,0.0,41.0,41.0,41.0,1.0,15,0,15.0,15.0,15.0,1.0,369232.0,149630768.0,150000000.0,0.0024615466666666665,75880.0,0.007588,4
Clean_seed1009_600s,Clean,1009,350,360,benign,normal,Clean,none,none,0,0,1.0,15.0,15.0,0.0,0.0,15.0,15.0,14,14,14,1.0,1.0,143.0,123.5,285.5,318.0,89.05141125301634,101.86666666666666,2.6421491973301547,105.89999999999999,501.8666666666667,4.8,-70.46666666666667,0.0,100.0,-77.0,0.0,43.0,41.0,39.0,0.9534883720930233,15,0,15.0,15.0,15.0,1.0,347552.0,149652448.0,150000000.0,0.0023170133333333333,75880.0,0.007588,4
Clean_seed1009_600s,Clean,1009,360,370,benign,normal,Clean,none,none,0,0,1.0,15.0,16.0,0.0,0.0,16.0,16.0,16,16,16,1.0,1.0,143.1875,154.5,235.5,258.0,73.85500998578227,101.73333333333333,2.711527420547495,105.89999999999999,501.53333333333336,4.8,-70.46666666666667,0.0,100.0,-77.0,0.0,45.0,44.0,45.0,0.9777777777777777,15,0,16.0,16.0,16.0,1.0,407912.0,149595008.0,150002920.0,0.002719360396450949,81536.0,0.0081536,4
Clean_seed1009_600s,Clean,1009,370,380,benign,normal,Clean,none,none,0,0,1.0,15.0,15.0,0.0,0.0,14.0,14.0,14,14,14,1.0,1.0,128.14285714285714,112.5,231.45,236.0,66.01265279982566,101.13333333333334,1.8073922282301278,104.3,500.8,4.8,-70.46666666666667,0.0,100.0,-77.0,0.0,37.0,37.0,38.0,1.0,15,0,14.0,14.0,14.0,1.0,324584.0,149672496.0,149997080.0,0.002163935457943581,70224.0,0.0070224,4
Clean_seed1009_600s,Clean,1009,380,390,benign,normal,Clean,none,none,0,0,1.0,14.0,14.0,0.0,0.0,15.0,15.0,15,15,15,1.0,1.0,142.66666666666666,146.0,210.59999999999997,226.0,58.722916756415906,101.66666666666667,2.870208222079931,108.0,501.46666666666664,4.8,-70.46666666666667,0.0,100.0,-77.0,0.0,43.0,41.0,42.0,0.9534883720930233,15,0,15.0,15.0,15.0,1.0,398608.0,149601392.0,150000000.0,0.0026573866666666666,75880.0,0.007588,4
Clean_seed1009_600s,Clean,1009,390,400,benign,normal,Clean,none,none,0,0,1.0,16.0,16.0,0.0,0.0,16.0,16.0,15,15,15,1.0,1.0,128.06666666666666,133.0,227.59999999999997,243.0,73.62789326516594,100.86666666666666,1.6846647257229668,103.89999999999999,500.53333333333336,4.8,-70.46666666666667,0.0,100.0,-77.0,0.0,44.0,44.0,44.0,1.0,15,0,16.0,16.0,16.0,1.0,398560.0,149601440.0,150000000.0,0.0026570666666666668,80872.0,0.0080872,4
Clean_seed1009_600s,Clean,1009,400,410,benign,normal,Clean,none,none,0,0,1.0,15.0,14.0,0.0,0.0,14.0,14.0,16,16,16,1.0,1.0,160.125,150.0,360.5,410.0,103.682769381738,103.0,7.299706452023552,113.99999999999997,503.26666666666665,4.8,-70.46666666666667,0.0,104.0,-77.0,0.0,43.0,39.0,38.0,0.9069767441860465,15,0,16.0,14.0,14.0,0.875,356296.0,149643704.0,150000000.0,0.0023753066666666665,78168.0,0.0078168,4
Clean_seed1009_600s,Clean,1009,410,420,benign,normal,Clean,none,none,0,0,1.0,15.0,14.0,0.0,0.0,15.0,15.0,14,14,14,1.0,1.0,133.35714285714286,124.0,252.84999999999997,286.0,80.55347687941618,103.26666666666667,6.891678902505404,120.0,503.4,4.8,-70.46666666666667,0.0,101.0,-77.0,0.0,42.0,40.0,41.0,0.9523809523809523,15,0,15.0,15.0,16.0,1.0,355512.0,149644488.0,150000000.0,0.00237008,80920.0,0.008092,4
Clean_seed1009_600s,Clean,1009,420,430,benign,normal,Clean,none,none,0,0,1.0,14.0,16.0,0.0,0.0,15.0,15.0,15,15,15,1.0,1.0,146.86666666666667,143.0,271.7999999999999,325.0,87.85204011507618,101.66666666666667,3.1320159337914952,107.89999999999999,501.6,4.8,-70.46666666666667,0.0,102.0,-77.0,0.0,42.0,41.0,44.0,0.9761904761904762,15,0,16.0,15.0,15.0,0.9375,403664.0,149596336.0,150000000.0,0.0026910933333333335,81384.0,0.0081384,4
Clean_seed1009_600s,Clean,1009,430,440,benign,normal,Clean,none,none,0,0,1.0,15.0,15.0,0.0,0.0,16.0,16.0,16,16,16,1.0,1.0,149.8125,152.0,299.5,310.0,100.8703582162107,100.66666666666667,1.3972762620115438,102.89999999999999,500.2,4.8,-70.46666666666667,0.0,100.0,-77.0,0.0,41.0,41.0,41.0,1.0,15,0,16.0,16.0,16.0,1.0,362936.0,149637064.0,150000000.0,0.0024195733333333335,80480.0,0.008048,4
Clean_seed1009_600s,Clean,1009,440,450,benign,normal,Clean,none,none,0,0,1.0,17.0,17.0,0.0,0.0,16.0,16.0,16,16,16,1.0,1.0,129.5,108.0,244.25,263.0,75.7407860182786,100.13333333333334,0.5163977794943223,100.6,499.6,4.8,-70.46666666666667,0.0,100.0,-77.0,0.0,46.0,46.0,46.0,1.0,15,0,16.0,16.0,16.0,1.0,404896.0,149595104.0,150000000.0,0.0026993066666666666,81280.0,0.008128,4
Clean_seed1009_600s,Clean,1009,450,460,benign,normal,Clean,none,none,0,0,1.0,14.0,14.0,0.0,0.0,14.0,14.0,14,14,14,1.0,1.0,154.35714285714286,143.5,282.5,328.0,82.75041914172922,100.0,0.0,100.0,499.4,4.8,-70.46666666666667,0.0,100.0,-77.0,0.0,40.0,40.0,42.0,1.0,15,0,14.0,14.0,14.0,1.0,381952.0,149618048.0,150000000.0,0.002546346666666667,71280.0,0.007128,4
Clean_seed1009_600s,Clean,1009,460,470,benign,normal,Clean,none,none,0,0,1.0,15.0,14.0,0.0,0.0,14.0,14.0,15,15,15,1.0,1.0,140.93333333333334,159.0,228.09999999999988,310.0,76.09624232009156,101.2,3.166791977470486,109.0,501.0,4.8,-70.46666666666667,0.0,102.0,-77.0,0.0,39.0,37.0,37.0,0.9487179487179487,15,0,15.0,14.0,14.0,0.9333333333333333,327288.0,149672712.0,150000000.0,0.00218192,74784.0,0.0074784,4
Clean_seed1009_600s,Clean,1009,470,480,benign,normal,Clean,none,none,0,0,1.0,13.0,14.0,0.0,0.0,14.0,14.0,14,14,14,1.0,1.0,137.0,162.0,259.7,274.0,84.25236814749803,101.46666666666667,3.1365738056189967,108.3,490.4,4.8,-70.46666666666667,0.0,100.0,-77.0,0.0,39.0,38.0,44.0,0.9743589743589743,15,0,14.0,14.0,15.0,1.0,345568.0,149654432.0,150000000.0,0.0023037866666666667,70768.0,0.0070768,4
Clean_seed1009_600s,Clean,1009,480,490,benign,normal,Clean,none,none,0,0,1.0,15.0,15.0,0.0,0.0,15.0,15.0,15,15,15,1.0,1.0,147.33333333333334,160.0,262.7,283.0,81.49466824511252,101.13333333333334,2.6421491973301547,107.3,487.26666666666665,4.8,-70.46666666666667,0.0,100.0,-77.0,0.0,41.0,41.0,42.0,1.0,15,0,15.0,15.0,15.0,1.0,360424.0,149639576.0,150000000.0,0.0024028266666666666,75880.0,0.007588,4
Clean_seed1009_600s,Clean,1009,490,500,benign,normal,Clean,none,none,0,0,1.0,16.0,16.0,0.0,0.0,17.0,17.0,16,16,16,1.0,1.0,130.75,137.0,262.75,265.0,74.69895135363905,102.33333333333333,4.253849796976628,110.19999999999999,488.8,4.8,-70.46666666666667,0.0,100.0,-77.0,0.0,49.0,45.0,45.0,0.9183673469387755,15,0,17.0,17.0,17.0,1.0,438848.0,149561152.0,150000000.0,0.0029256533333333334,88072.0,0.0088072,4
Clean_seed1009_600s,Clean,1009,500,510,benign,normal,Clean,none,none,0,0,1.0,16.0,16.0,0.0,0.0,15.0,15.0,15,15,15,1.0,1.0,138.6,145.0,263.19999999999993,294.0,81.22965679391453,101.2,2.210365192839022,105.3,487.46666666666664,4.8,-70.46666666666667,0.0,100.0,-77.0,0.0,42.0,42.0,42.0,1.0,15,0,15.0,15.0,15.0,1.0,361240.0,149638760.0,150000000.0,0.002408266666666667,75880.0,0.007588,4
Clean_seed1009_600s,Clean,1009,510,520,benign,normal,Clean,none,none,0,0,1.0,16.0,16.0,0.0,0.0,16.0,16.0,16,16,16,1.0,1.0,140.6875,138.5,269.5,304.0,85.58482634205669,102.06666666666666,5.257194616722425,109.49999999999999,488.4,4.8,-70.46666666666667,0.0,100.0,-77.0,0.0,46.0,44.0,44.0,0.9565217391304348,15,0,16.0,16.0,17.0,1.0,421088.0,149578912.0,150000000.0,0.002807253333333333,80992.0,0.0080992,4
Clean_seed1009_600s,Clean,1009,520,530,benign,normal,Clean,none,none,0,0,1.0,14.0,14.0,0.0,0.0,14.0,14.0,15,15,15,1.0,1.0,147.46666666666667,144.0,274.0,288.0,75.69286309692298,102.46666666666667,3.997618338580157,109.89999999999999,488.73333333333335,4.8,-70.46666666666667,0.0,102.0,-77.0,0.0,42.0,40.0,42.0,0.9523809523809523,15,0,15.0,14.0,15.0,0.9333333333333333,392144.0,149607856.0,150000000.0,0.0026142933333333333,74376.0,0.0074376,4
Clean_seed1010_600s,Clean,1010,190,200,benign,normal,Clean,none,none,0,0,1.0,16.0,16.0,0.0,0.0,15.0,15.0,15,15,15,1.0,1.0,133.53333333333333,121.0,228.69999999999996,256.0,79.38411739912522,107.06666666666666,8.639334189513404,122.1,490.53333333333336,4.8,-71.73333333333333,0.0,104.0,-77.0,0.0,44.0,43.0,43.0,0.9772727272727273,15,0,15.0,15.0,15.0,1.0,375112.0,149624888.0,150000000.0,0.0025007466666666666,75880.0,0.007588,5
Clean_seed1010_600s,Clean,1010,200,210,benign,normal,Clean,none,none,0,0,1.0,16.0,15.0,0.0,0.0,15.0,15.0,15,14,14,0.9333333333333333,0.9333333333333333,145.57142857142858,145.5,286.79999999999995,331.0,88.14299072068528,107.4,8.244478671900884,121.19999999999999,490.8,4.8,-71.73333333333333,0.0,105.0,-77.0,1.0,45.0,43.0,39.0,0.9555555555555556,15,0,15.0,14.0,15.0,0.9333333333333333,391072.0,149608928.0,150000000.0,0.0026071466666666666,76976.0,0.0076976,5
Clean_seed1010_600s,Clean,1010,210,220,benign,normal,Clean,none,none,0,0,1.0,15.0,15.0,1.0,0.0,15.0,15.0,16,16,16,1.0,1.0,136.0,126.5,251.0,305.0,72.20433966644018,105.8,6.624629369686602,117.5,488.73333333333335,4.8,-71.73333333333333,0.0,104.0,-77.0,0.0,41.0,41.0,41.0,1.0,15,0,16.0,16.0,15.0,1.0,362936.0,149637064.0,150000000.0,0.0024195733333333335,80040.0,0.008004,5
Clean_seed1010_600s,Clean,1010,220,230,benign,normal,Clean,none,none,0,0,1.0,15.0,15.0,0.0,0.0,15.0,15.0,15,15,15,1.0,1.0,143.6,118.0,309.59999999999997,346.0,90.50951015540538,104.66666666666667,5.912053869204928,115.5,487.26666666666665,4.8,-71.73333333333333,0.0,103.0,-77.0,0.0,41.0,41.0,42.0,1.0,15,0,15.0,15.0,15.0,1.0,375528.0,149624472.0,150000000.0,0.00250352,75880.0,0.007588,5
Clean_seed1010_600s,Clean,1010,230,240,benign,normal,Clean,none,none,0,0,1.0,15.0,15.0,0.0,0.0,15.0,15.0,15,15,15,1.0,1.0,128.2,109.0,249.59999999999997,279.0,81.67111746860961,105.46666666666667,6.534159325822879,117.19999999999999,488.6666666666667,4.8,-71.73333333333333,0.0,105.0,-77.0,0.0,44.0,41.0,46.0,0.9318181818181818,15,0,16.0,15.0,15.0,0.9375,394952.0,149605048.0,150000000.0,0.002633013333333333,85480.0,0.008548,5
Clean_seed1010_600s,Clean,1010,240,250,benign,normal,Clean,none,none,0,0,1.0,15.0,14.0,0.0,0.0,15.0,15.0,15,15,15,1.0,1.0,137.73333333333332,108.0,274.2,284.0,82.0099877773317,103.8,4.84325746343748,113.3,486.53333333333336,4.8,-71.73333333333333,0.0,102.0,-77.0,0.0,40.0,40.0,42.0,1.0,15,0,15.0,15.0,16.0,1.0,357512.0,149642488.0,150000000.0,0.002383413333333333,75880.0,0.007588,5
Clean_seed1010_600s,Clean,1010,250,260,benign,normal,Clean,none,none,0,0,1.0,16.0,16.0,0.0,0.0,15.0,15.0,15,15,15,1.0,1.0,137.46666666666667,154.0,247.79999999999998,266.0,76.27100803494514,102.6,4.032014739202085,110.19999999999999,485.0,4.8,-71.73333333333333,0.0,102.0,-77.0,0.0,42.0,42.0,42.0,1.0,15,0,15.0,15.0,15.0,1.0,393160.0,149606840.0,150000000.0,0.0026210666666666668,75056.0,0.0075056,5
Clean_seed1010_600s,Clean,1010,260,270,benign,normal,Clean,none,none,0,0,1.0,15.0,16.0,0.0,0.0,16.0,16.0,16,16,16,1.0,1.0,114.5625,95.0,246.75,249.0,68.97629423698164,101.93333333333334,3.534860406754147,108.89999999999999,483.46666666666664,4.8,-71.73333333333333,0.0,101.0,-77.0,0.0,42.0,42.0,46.0,1.0,15,0,16.0,16.0,17.0,1.0,388952.0,149611048.0,150000000.0,0.0025930133333333335,80480.0,0.008048,5
Clean_seed1010_600s,Clean,1010,270,280,benign,normal,Clean,none,none,0,0,1.0,14.0,14.0,0.0,0.0,14.0,14.0,14,14,14,1.0,1.0,149.35714285714286,176.5,220.2,254.0,70.27704203623426,102.2,3.6095112451094296,109.0,481.6,4.8,-71.73333333333333,0.0,101.0,-77.0,0.0,41.0,40.0,43.0,0.975609756097561,15,0,14.0,14.0,16.0,1.0,375024.0,149624976.0,150000000.0,0.00250016,70168.0,0.0070168,5
Clean_seed1010_600s,Clean,1010,280,290,benign,normal,Clean,none,none,0,0,1.0,15.0,15.0,0.0,0.0,15.0,15.0,15,15,15,1.0,1.0,135.93333333333334,140.0,250.9,253.0,72.70534139020782,101.86666666666666,2.9968237153613795,107.3,481.0,4.8,-71.73333333333333,0.0,101.0,-77.0,0.0,41.0,41.0,41.0,1.0,15,0,15.0,15.0,15.0,1.0,362680.0,149637320.0,150000000.0,0.0024178666666666666,75880.0,0.007588,5
Clean_seed1010_600s,Clean,1010,290,300,benign,normal,Clean,none,none,0,0,1.0,16.0,16.0,0.0,0.0,17.0,17.0,17,17,17,1.0,1.0,133.88235294117646,104.0,267.0,291.0,80.67131022933523,101.46666666666667,2.445598573141631,105.6,480.6,4.8,-71.73333333333333,0.0,100.0,-77.0,0.0,42.0,42.0,42.0,1.0,15,0,17.0,17.0,17.0,1.0,366536.0,149633464.0,150000000.0,0.0024435733333333333,85336.0,0.0085336,5
Clean_seed1010_600s,Clean,1010,300,310,benign,normal,Clean,none,none,0,0,1.0,14.0,14.0,0.0,0.0,14.0,14.0,14,14,14,1.0,1.0,143.85714285714286,130.5,302.34999999999997,355.0,92.5218121000973,101.2,2.1447610589527217,105.3,480.2,4.8,-71.73333333333333,0.0,102.0,-77.0,0.0,40.0,40.0,40.0,1.0,15,0,15.0,14.0,14.0,0.9333333333333333,382232.0,149617768.0,150000000.0,0.0025482133333333333,75040.0,0.007504,5
Clean_seed1010_600s,Clean,1010,310,320,benign,normal,Clean,none,none,0,0,1.0,15.0,15.0,0.0,0.0,14.0,14.0,14,14,14,1.0,1.0,136.35714285714286,153.0,229.14999999999998,261.0,65.0616360347362,100.86666666666666,1.6417180315870614,104.3,479.8666666666667,4.8,-71.73333333333333,0.0,100.0,-77.0,0.0,41.0,41.0,41.0,1.0,15,0,14.0,14.0,14.0,1.0,385392.0,149614608.0,150000000.0,0.00256928,71280.0,0.007128,5
Clean_seed1010_600s,Clean,1010,320,330,benign,normal,Clean,none,none,0,0,1.0,14.0,14.0,0.0,0.0,15.0,15.0,15,15,15,1.0,1.0,142.13333333333333,133.0,256.69999999999993,291.0,82.79394962941493,100.8,1.6124515496597096,104.3,479.6,4.8,-71.73333333333333,0.0,100.0,-77.0,0.0,39.0,39.0,39.0,1.0,15,0,15.0,15.0,15.0,1.0,354600.0,149645400.0,150000000.0,0.002364,75880.0,0.007588,5
Clean_seed1010_600s,Clean,1010,330,340,benign,normal,Clean,none,none,0,0,1.0,16.0,16.0,0.0,0.0,15.0,15.0,15,15,15,1.0,1.0,133.66666666666666,129.0,229.6,231.0,62.1480567063923,100.46666666666667,1.1254628677422756,102.6,479.26666666666665,4.8,-71.73333333333333,0.0,101.0,-77.0,0.0,42.0,42.0,42.0,1.0,15,0,16.0,15.0,15.0,0.9375,368536.0,149631464.0,150000000.0,0.0024569066666666668,79384.0,0.0079384,5
Clean_seed1010_600s,Clean,1010,340,350,benign,normal,Clean,none,none,0,0,1.0,15.0,15.0,0.0,0.0,15.0,15.0,15,15,15,1.0,1.0,140.0,134.0,275.2999999999999,339.0,89.19641248391103,102.8,6.4608712371364545,117.89999999999999,482.26666666666665,4.8,-71.73333333333333,0.0,105.0,-77.0,0.0,45.0,41.0,41.0,0.9111111111111111,15,0,17.0,15.0,15.0,0.8823529411764706,377000.0,149623000.0,150000000.0,0.002513333333333333,82888.0,0.0082888,5
Clean_seed1010_600s,Clean,1010,350,360,benign,normal,Clean,none,none,0,0,1.0,14.0,14.0,0.0,0.0,15.0,15.0,15,15,15,1.0,1.0,147.53333333333333,87.0,332.09999999999997,358.0,108.97894073539861,102.93333333333334,5.16121063686566,111.69999999999999,482.3333333333333,4.8,-71.73333333333333,0.0,104.0,-77.0,0.0,42.0,40.0,40.0,0.9523809523809523,15,0,15.0,15.0,15.0,1.0,370784.0,149629216.0,150000000.0,0.0024718933333333333,75880.0,0.007588,5
Clean_seed1010_600s,Clean,1010,360,370,benign,normal,Clean,none,none,0,0,1.0,15.0,15.0,0.0,0.0,14.0,14.0,14,14,14,1.0,1.0,135.35714285714286,106.0,327.35,328.0,100.05506725556924,102.33333333333333,4.745925570824887,111.8,481.6,4.8,-71.73333333333333,0.0,106.0,-77.0,0.0,42.0,41.0,40.0,0.9761904761904762,15,0,16.0,14.0,14.0,0.875,356016.0,149643984.0,150000000.0,0.00237344,79088.0,0.0079088,5
Clean_seed1010_600s,Clean,1010,370,380,benign,normal,Clean,none,none,0,0,1.0,15.0,15.0,0.0,0.0,15.0,15.0,15,15,15,1.0,1.0,167.86666666666667,138.0,402.3999999999999,443.0,128.6095234568946,102.06666666666666,4.463609472591607,111.89999999999999,481.26666666666665,4.8,-71.73333333333333,0.0,104.0,-77.0,0.0,43.0,42.0,42.0,0.9767441860465116,15,0,15.0,15.0,15.0,1.0,378312.0,149621688.0,150000000.0,0.00252208,76136.0,0.0076136,5
Clean_seed1010_600s,Clean,1010,380,390,benign,normal,Clean,none,none,0,0,1.0,15.0,15.0,0.0,0.0,16.0,16.0,16,16,16,1.0,1.0,132.0,134.0,239.0,263.0,68.76917914298527,101.4,3.521363372331802,107.39999999999999,480.46666666666664,4.8,-71.73333333333333,0.0,104.0,-77.0,0.0,40.0,40.0,40.0,1.0,15,0,17.0,16.0,16.0,0.9411764705882353,378904.0,149621096.0,150000000.0,0.0025260266666666665,84888.0,0.0084888,5
Clean_seed1010_600s,Clean,1010,390,400,benign,normal,Clean,none,none,0,0,1.0,15.0,15.0,0.0,0.0,15.0,15.0,15,15,15,1.0,1.0,134.13333333333333,106.0,277.5999999999999,321.0,89.63805526884747,101.0,2.8535691936340255,104.69999999999999,479.93333333333334,4.8,-71.73333333333333,0.0,103.0,-77.0,0.0,39.0,39.0,40.0,1.0,15,0,15.0,15.0,15.0,1.0,359744.0,149640256.0,150000000.0,0.0023982933333333333,75880.0,0.007588,5
Clean_seed1010_600s,Clean,1010,400,410,benign,normal,Clean,none,none,0,0,1.0,15.0,15.0,0.0,0.0,15.0,15.0,15,15,15,1.0,1.0,141.06666666666666,138.0,246.39999999999998,259.0,74.42298672037391,101.6,3.3763886032268267,109.0,480.8,4.8,-71.73333333333333,0.0,102.0,-77.0,0.0,43.0,41.0,41.0,0.9534883720930233,15,0,15.0,15.0,15.0,1.0,374456.0,149625544.0,150000000.0,0.0024963733333333332,76976.0,0.0076976,5
Clean_seed1010_600s,Clean,1010,410,420,benign,normal,Clean,none,none,0,0,1.0,15.0,15.0,0.0,0.0,15.0,15.0,15,15,15,1.0,1.0,154.26666666666668,158.0,314.2,338.0,94.19544018890167,101.6,4.484895284651104,110.39999999999999,480.6666666666667,4.8,-71.73333333333333,0.0,102.0,-77.0,0.0,42.0,41.0,45.0,0.9761904761904762,15,0,15.0,15.0,15.0,1.0,358872.0,149641128.0,150000000.0,0.00239248,80920.0,0.008092,5
Clean_seed1010_600s,Clean,1010,420,430,benign,normal,Clean,none,none,0,0,1.0,14.0,14.0,0.0,0.0,14.0,14.0,14,14,14,1.0,1.0,148.85714285714286,131.0,312.44999999999993,382.0,89.19197716840227,101.33333333333333,3.696845502136473,108.8,480.3333333333333,4.8,-71.73333333333333,0.0,102.0,-77.0,0.0,40.0,40.0,40.0,1.0,15,0,14.0,14.0,14.0,1.0,354040.0,149645960.0,150000000.0,0.0023602666666666665,71280.0,0.007128,5
Clean_seed1010_600s,Clean,1010,430,440,benign,normal,Clean,none,none,0,0,1.0,16.0,15.0,0.0,0.0,14.0,14.0,14,14,14,1.0,1.0,165.57142857142858,155.0,371.5,391.0,115.0349206416598,106.33333333333333,10.068810872240693,125.3,486.73333333333335,4.8,-71.73333333333333,0.0,109.0,-77.0,0.0,52.0,42.0,39.0,0.8076923076923077,15,0,18.0,14.0,16.0,0.7777777777777778,416256.0,149583744.0,150000000.0,0.00277504,85720.0,0.008572,5
Clean_seed1010_600s,Clean,1010,440,450,benign,normal,Clean,none,none,0,0,1.0,15.0,16.0,0.0,0.0,15.0,15.0,15,15,15,1.0,1.0,156.4,145.0,315.1999999999999,402.0,105.88254948627882,103.66666666666667,7.0575862594462,117.39999999999999,486.73333333333335,4.8,-71.73333333333333,0.0,105.0,-77.0,0.0,41.0,41.0,49.0,1.0,15,0,15.0,15.0,15.0,1.0,388528.0,149611472.0,150000000.0,0.0025901866666666667,78136.0,0.0078136,5
Clean_seed1010_600s,Clean,1010,450,460,benign,normal,Clean,none,none,0,0,1.0,17.0,17.0,0.0,0.0,17.0,17.0,17,17,17,1.0,1.0,148.2941176470588,149.0,251.6,262.0,82.5384491508975,102.66666666666667,5.740416444159862,114.39999999999999,485.46666666666664,4.8,-71.73333333333333,0.0,103.0,-77.0,0.0,44.0,43.0,43.0,0.9772727272727273,15,0,17.0,17.0,17.0,1.0,373136.0,149626864.0,150000000.0,0.0024875733333333335,86136.0,0.0086136,5
Clean_seed1010_600s,Clean,1010,460,470,benign,normal,Clean,none,none,0,0,1.0,14.0,14.0,0.0,0.0,15.0,15.0,15,15,15,1.0,1.0,172.0,175.0,382.2,385.0,123.66544730498836,104.13333333333334,9.905746288079941,123.09999999999998,487.4,4.8,-71.73333333333333,0.0,104.0,-77.0,0.0,44.0,40.0,40.0,0.9090909090909091,15,0,16.0,15.0,15.0,0.9375,406120.0,149593880.0,150000000.0,0.0027074666666666667,79872.0,0.0079872,5
Clean_seed1010_600s,Clean,1010,470,480,benign,normal,Clean,none,none,0,0,1.0,15.0,15.0,0.0,0.0,16.0,16.0,16,16,16,1.0,1.0,133.125,119.0,259.5,261.0,80.39060890427439,102.8,6.405354902624165,117.19999999999999,485.6666666666667,4.8,-71.73333333333333,0.0,103.0,-77.0,0.0,41.0,41.0,43.0,1.0,15,0,16.0,16.0,17.0,1.0,360424.0,149639576.0,150000000.0,0.0024028266666666666,80480.0,0.008048,5
Clean_seed1010_600s,Clean,1010,480,490,benign,normal,Clean,none,none,0,0,1.0,15.0,15.0,0.0,0.0,15.0,15.0,15,15,15,1.0,1.0,144.06666666666666,147.0,285.9,316.0,87.80454484386384,103.93333333333334,8.092912831313463,118.19999999999999,488.8666666666667,4.8,-71.73333333333333,0.0,102.0,-77.0,0.0,45.0,41.0,44.0,0.9111111111111111,15,0,15.0,15.0,16.0,1.0,413752.0,149586248.0,150000000.0,0.002758346666666667,75880.0,0.007588,5
Clean_seed1010_600s,Clean,1010,490,500,benign,normal,Clean,none,none,0,0,1.0,14.0,14.0,0.0,0.0,14.0,14.0,14,14,14,1.0,1.0,173.57142857142858,169.0,330.5,337.0,98.40553008671998,102.8,5.143650732421755,113.6,487.4,4.8,-71.73333333333333,0.0,104.0,-77.0,0.0,41.0,40.0,40.0,0.975609756097561,15,0,15.0,14.0,14.0,0.9333333333333333,370712.0,149629288.0,150000000.0,0.002471413333333333,75040.0,0.007504,5
Clean_seed1010_600s,Clean,1010,500,510,benign,normal,Clean,none,none,0,0,1.0,15.0,15.0,0.0,0.0,15.0,15.0,15,15,15,1.0,1.0,154.73333333333332,135.0,373.09999999999997,385.0,108.40233699817853,103.73333333333333,6.215954893505521,114.39999999999999,488.6,4.8,-71.73333333333333,0.0,108.0,-77.0,0.0,46.0,43.0,42.0,0.9347826086956522,15,0,18.0,15.0,15.0,0.8333333333333334,428920.0,149571080.0,150000000.0,0.0028594666666666665,88024.0,0.0088024,5
Clean_seed1010_600s,Clean,1010,510,520,benign,normal,Clean,none,none,0,0,1.0,15.0,15.0,0.0,0.0,15.0,15.0,15,15,15,1.0,1.0,155.13333333333333,118.0,326.4,332.0,95.09158492637255,104.0,5.358571238146015,111.39999999999999,489.1333333333333,4.8,-71.73333333333333,0.0,103.0,-77.0,0.0,43.0,41.0,42.0,0.9534883720930233,15,0,15.0,15.0,15.0,1.0,382960.0,149617040.0,150000000.0,0.002553066666666667,75880.0,0.007588,5
Clean_seed1010_600s,Clean,1010,520,530,benign,normal,Clean,none,none,0,0,1.0,16.0,15.0,0.0,0.0,16.0,16.0,16,16,16,1.0,1.0,145.6875,133.0,254.0,275.0,77.35693784873683,103.8,4.768947173418589,110.8,488.73333333333335,4.8,-71.73333333333333,0.0,101.0,-77.0,0.0,44.0,43.0,42.0,0.9772727272727273,15,0,16.0,16.0,16.0,1.0,390632.0,149609368.0,150000000.0,0.0026042133333333333,81280.0,0.008128,5
DIO_Flood_seed1001_600s,DIO_Flood,1001,190,200,attack,attack,DIO_Flood,dio_flood,none,1,0,1.0,13.0,13.0,0.0,0.0,15.0,15.0,12,12,12,1.0,1.0,162.75,152.0,300.54999999999995,344.0,94.46319629647016,106.26666666666667,7.22561580832553,120.0,491.3333333333333,4.8,-71.73333333333333,0.0,106.0,-77.0,0.0,40.0,38.0,76.0,0.95,15,0,16.0,15.0,15.0,0.9375,449272.0,149550728.0,150000000.0,0.0029951466666666665,81264.0,0.0081264,1
DIO_Flood_seed1001_600s,DIO_Flood,1001,200,210,attack,attack,DIO_Flood,dio_flood,none,1,0,1.0,15.0,15.0,0.0,0.0,13.0,13.0,17,17,17,1.0,1.0,135.1764705882353,110.0,257.4,259.0,73.81161434194965,104.93333333333334,5.812138365606275,116.3,489.73333333333335,4.8,-71.73333333333333,0.0,105.0,-77.0,0.0,39.0,39.0,80.0,1.0,15,0,13.0,13.0,13.0,1.0,447128.0,149552872.0,150000000.0,0.0029808533333333335,65880.0,0.006588,1
DIO_Flood_seed1001_600s,DIO_Flood,1001,210,220,attack,attack,DIO_Flood,dio_flood,none,1,0,1.0,15.0,15.0,0.0,0.0,16.0,16.0,14,14,14,1.0,1.0,164.14285714285714,149.5,330.7,358.0,104.4346370060882,107.26666666666667,4.772939595359697,115.0,493.8,4.8,-71.73333333333333,0.0,109.0,-77.0,0.0,48.0,41.0,74.0,0.8541666666666666,15,0,19.0,16.0,16.0,0.8421052631578947,492336.0,149507664.0,150000000.0,0.00328224,92584.0,0.0092584,1
DIO_Flood_seed1001_600s,DIO_Flood,1001,220,230,attack,attack,DIO_Flood,dio_flood,none,1,0,1.0,15.0,15.0,0.0,0.0,14.0,14.0,15,15,15,1.0,1.0,132.33333333333334,98.0,306.69999999999993,334.0,96.03397216362451,106.8,7.103319143692113,120.6,492.3333333333333,4.8,-71.73333333333333,0.0,105.0,-77.0,0.0,43.0,40.0,78.0,0.9302325581395349,15,0,14.0,14.0,14.0,1.0,482168.0,149517832.0,150000000.0,0.0032144533333333335,70072.0,0.0070072,1
DIO_Flood_seed1001_600s,DIO_Flood,1001,230,240,attack,attack,DIO_Flood,dio_flood,none,1,0,1.0,16.0,15.0,0.0,0.0,15.0,15.0,15,14,14,0.9333333333333333,0.9333333333333333,148.64285714285714,157.0,286.3,298.0,87.47272730387468,105.06666666666666,6.215954893505521,116.19999999999999,489.6666666666667,4.8,-71.73333333333333,0.0,103.0,-77.0,1.0,42.0,41.0,78.0,0.9761904761904762,15,0,15.0,15.0,17.0,1.0,481368.0,149518632.0,150000000.0,0.00320912,75592.0,0.0075592,1
DIO_Flood_seed1001_600s,DIO_Flood,1001,240,250,attack,attack,DIO_Flood,dio_flood,none,1,0,1.0,15.0,15.0,1.0,0.0,15.0,15.0,15,15,15,1.0,1.0,147.53333333333333,179.0,269.09999999999997,288.0,94.10394455575377,105.66666666666667,6.4660284417503,114.6,492.93333333333334,4.8,-71.73333333333333,0.0,102.0,-77.0,0.0,44.0,40.0,85.0,0.9090909090909091,15,0,15.0,15.0,15.0,1.0,477144.0,149522856.0,150000000.0,0.00318096,82016.0,0.0082016,1
DIO_Flood_seed1001_600s,DIO_Flood,1001,250,260,attack,attack,DIO_Flood,dio_flood,none,1,0,1.0,15.0,14.0,0.0,0.0,16.0,16.0,16,16,16,1.0,1.0,146.125,138.5,258.75,264.0,81.1836395669308,107.6,7.297749163758842,118.19999999999999,497.0,4.8,-71.73333333333333,0.0,104.0,-77.0,0.0,51.0,44.0,84.0,0.8627450980392157,15,0,18.0,16.0,16.0,0.8888888888888888,539376.0,149466312.0,150005688.0,0.0035957036509175573,89744.0,0.0089744,1
DIO_Flood_seed1001_600s,DIO_Flood,1001,260,270,attack,attack,DIO_Flood,dio_flood,none,1,0,1.0,15.0,16.0,0.0,0.0,14.0,14.0,15,15,15,1.0,1.0,135.06666666666666,84.0,244.79999999999998,249.0,80.81059572204862,105.33333333333333,5.936168397046637,114.8,493.4,4.8,-71.73333333333333,0.0,102.0,-77.0,0.0,39.0,39.0,80.0,1.0,15,0,14.0,14.0,14.0,1.0,442768.0,149551544.0,149994312.0,0.00295189860266168,70480.0,0.007048,1
DIO_Flood_seed1001_600s,DIO_Flood,1001,270,280,attack,attack,DIO_Flood,dio_flood,none,1,0,1.0,15.0,15.0,0.0,0.0,15.0,15.0,15,15,15,1.0,1.0,140.86666666666667,135.0,266.8,271.0,79.53603555861301,103.6,5.011415539973283,111.8,490.2,4.8,-71.73333333333333,0.0,101.0,-77.0,0.0,41.0,41.0,85.0,1.0,15,0,15.0,15.0,16.0,1.0,496488.0,149503512.0,150000000.0,0.00330992,75880.0,0.007588,1
DIO_Flood_seed1001_600s,DIO_Flood,1001,280,290,attack,attack,DIO_Flood,dio_flood,none,1,0,1.0,15.0,15.0,0.0,0.0,15.0,15.0,15,15,15,1.0,1.0,134.2,136.0,241.39999999999998,247.0,68.66190459677873,103.0,4.0178174601214955,109.1,489.26666666666665,4.8,-71.73333333333333,0.0,100.0,-77.0,0.0,41.0,40.0,83.0,0.975609756097561,15,0,15.0,15.0,16.0,1.0,472760.0,149527240.0,150000000.0,0.0031517333333333335,76976.0,0.0076976,1
DIO_Flood_seed1001_600s,DIO_Flood,1001,290,300,attack,attack,DIO_Flood,dio_flood,none,1,0,1.0,14.0,13.0,0.0,0.0,15.0,15.0,14,14,14,1.0,1.0,151.57142857142858,141.0,296.34999999999997,323.0,93.79331966183314,103.4,4.8667971280621805,113.3,488.6,4.8,-71.73333333333333,0.0,103.0,-77.0,0.0,44.0,42.0,76.0,0.9545454545454546,15,0,17.0,15.0,15.0,0.8823529411764706,489048.0,149510952.0,150000000.0,0.00326032,83432.0,0.0083432,1
DIO_Flood_seed1001_600s,DIO_Flood,1001,300,310,attack,attack,DIO_Flood,dio_flood,none,1,0,1.0,14.0,15.0,0.0,0.0,15.0,15.0,15,15,15,1.0,1.0,162.0,171.0,299.69999999999993,362.0,90.80591547754081,102.33333333333333,3.9400265892262105,111.0,487.3333333333333,4.8,-71.73333333333333,0.0,101.0,-77.0,0.0,39.0,39.0,83.0,1.0,15,0,15.0,15.0,15.0,1.0,467256.0,149532744.0,150000000.0,0.00311504,75880.0,0.007588,1
DIO_Flood_seed1001_600s,DIO_Flood,1001,310,320,attack,attack,DIO_Flood,dio_flood,none,1,0,1.0,15.0,15.0,0.0,0.0,14.0,14.0,15,15,15,1.0,1.0,143.46666666666667,132.0,249.2,252.0,79.81752999960658,103.13333333333334,4.470005859163093,110.5,488.4,4.8,-71.73333333333333,0.0,100.0,-77.0,0.0,44.0,41.0,76.0,0.9318181818181818,15,0,14.0,14.0,14.0,1.0,479184.0,149520816.0,150000000.0,0.00319456,71832.0,0.0071832,1
DIO_Flood_seed1001_600s,DIO_Flood,1001,320,330,attack,attack,DIO_Flood,dio_flood,none,1,0,1.0,16.0,16.0,0.0,0.0,15.0,15.0,16,16,16,1.0,1.0,148.375,147.5,247.25,251.0,76.7740190429028,103.53333333333333,4.940599539481398,110.99999999999999,490.06666666666666,4.8,-71.73333333333333,0.0,102.0,-77.0,0.0,45.0,42.0,82.0,0.9333333333333333,15,0,16.0,15.0,15.0,0.9375,477064.0,149522936.0,150000000.0,0.003180426666666667,82736.0,0.0082736,1
DIO_Flood_seed1001_600s,DIO_Flood,1001,330,340,attack,attack,DIO_Flood,dio_flood,none,1,0,1.0,14.0,14.0,0.0,0.0,15.0,15.0,14,14,14,1.0,1.0,156.92857142857142,144.5,342.34999999999997,369.0,100.56185565703734,105.13333333333334,9.876860885543591,125.19999999999999,491.06666666666666,4.8,-71.73333333333333,0.0,103.0,-77.0,0.0,44.0,39.0,78.0,0.8863636363636364,15,0,17.0,15.0,15.0,0.8823529411764706,481144.0,149518856.0,150000000.0,0.0032076266666666666,85000.0,0.0085,1
DIO_Flood_seed1001_600s,DIO_Flood,1001,340,350,attack,attack,DIO_Flood,dio_flood,none,1,0,1.0,14.0,14.0,0.0,0.0,15.0,15.0,14,14,14,1.0,1.0,144.35714285714286,138.0,265.7,280.0,79.23733302588462,104.93333333333334,8.497618714058888,123.19999999999999,490.6,4.8,-71.73333333333333,0.0,101.0,-77.0,0.0,42.0,39.0,79.0,0.9285714285714286,15,0,15.0,15.0,15.0,1.0,473768.0,149526232.0,150000000.0,0.0031584533333333335,75880.0,0.007588,1
DIO_Flood_seed1001_600s,DIO_Flood,1001,350,360,attack,attack,DIO_Flood,dio_flood,none,1,0,1.0,16.0,16.0,0.0,0.0,14.0,14.0,16,16,16,1.0,1.0,140.1875,123.5,258.0,261.0,72.72158666219175,104.2,7.418124522315019,117.39999999999999,489.6666666666667,4.8,-71.73333333333333,0.0,100.0,-77.0,0.0,42.0,41.0,78.0,0.9761904761904762,15,0,14.0,14.0,14.0,1.0,457360.0,149542640.0,150000000.0,0.0030490666666666668,70480.0,0.007048,1
DIO_Flood_seed1001_600s,DIO_Flood,1001,360,370,attack,attack,DIO_Flood,dio_flood,none,1,0,1.0,15.0,15.0,0.0,0.0,16.0,16.0,15,15,15,1.0,1.0,134.86666666666667,122.0,257.99999999999994,286.0,79.71006986633019,102.86666666666666,5.717974999528949,112.29999999999998,488.0,4.8,-71.73333333333333,0.0,101.0,-77.0,0.0,41.0,41.0,80.0,1.0,15,0,17.0,16.0,16.0,0.9411764705882353,464832.0,149535168.0,150000000.0,0.00309888,85584.0,0.0085584,1
DIO_Flood_seed1001_600s,DIO_Flood,1001,370,380,attack,attack,DIO_Flood,dio_flood,none,1,0,1.0,15.0,16.0,0.0,0.0,15.0,15.0,14,14,14,1.0,1.0,177.71428571428572,166.5,301.29999999999995,339.0,81.57905893759046,106.66666666666667,8.014867137894129,118.6,492.8,4.8,-71.73333333333333,0.0,104.0,-77.0,0.0,50.0,42.0,81.0,0.84,15,0,17.0,15.0,15.0,0.8823529411764706,546032.0,149453968.0,150000000.0,0.0036402133333333334,86552.0,0.0086552,1
DIO_Flood_seed1001_600s,DIO_Flood,1001,380,390,attack,attack,DIO_Flood,dio_flood,none,1,0,1.0,15.0,15.0,0.0,0.0,14.0,14.0,16,16,16,1.0,1.0,146.0,132.5,311.0,359.0,95.37644712750976,106.06666666666666,8.472364037324668,119.6,492.1333333333333,4.8,-71.73333333333333,0.0,103.0,-77.0,0.0,43.0,40.0,80.0,0.9302325581395349,15,0,15.0,14.0,14.0,0.9333333333333333,496840.0,149503160.0,150000000.0,0.0033122666666666667,74528.0,0.0074528,1
DIO_Flood_seed1001_600s,DIO_Flood,1001,390,400,attack,attack,DIO_Flood,dio_flood,none,1,0,1.0,15.0,15.0,0.0,0.0,15.0,15.0,15,15,15,1.0,1.0,165.46666666666667,167.0,297.19999999999993,356.0,85.2440753422335,105.53333333333333,7.2394422305536645,116.5,491.26666666666665,4.8,-71.73333333333333,0.0,104.0,-77.0,0.0,43.0,41.0,79.0,0.9534883720930233,15,0,17.0,15.0,15.0,0.8823529411764706,504064.0,149495936.0,150000000.0,0.003360426666666667,84528.0,0.0084528,1
DIO_Flood_seed1001_600s,DIO_Flood,1001,400,410,attack,attack,DIO_Flood,dio_flood,none,1,0,1.0,16.0,16.0,0.0,0.0,16.0,16.0,15,15,15,1.0,1.0,127.4,121.0,263.8999999999999,322.0,89.16261227987562,103.73333333333333,5.483308003994183,113.0,489.0,4.8,-71.73333333333333,0.0,102.0,-77.0,0.0,43.0,43.0,83.0,1.0,15,0,16.0,16.0,16.0,1.0,466032.0,149533968.0,150000000.0,0.00310688,80736.0,0.0080736,1
DIO_Flood_seed1001_600s,DIO_Flood,1001,410,420,attack,attack,DIO_Flood,dio_flood,none,1,0,1.0,15.0,15.0,0.0,0.0,16.0,16.0,16,16,16,1.0,1.0,163.0,143.5,301.75,310.0,90.82070248572182,103.8,6.258708219067939,112.6,489.1333333333333,4.8,-71.73333333333333,0.0,102.0,-77.0,0.0,46.0,43.0,82.0,0.9347826086956522,15,0,16.0,16.0,16.0,1.0,511120.0,149488880.0,150000000.0,0.003407466666666667,81416.0,0.0081416,1
DIO_Flood_seed1001_600s,DIO_Flood,1001,420,430,attack,attack,DIO_Flood,dio_flood,none,1,0,1.0,16.0,16.0,0.0,0.0,15.0,15.0,16,16,16,1.0,1.0,138.5,130.5,248.5,280.0,83.09993983150649,102.66666666666667,5.232681184722836,111.29999999999998,487.8,4.8,-71.73333333333333,0.0,103.0,-77.0,0.0,43.0,43.0,84.0,1.0,15,0,16.0,15.0,15.0,0.9375,477608.0,149522392.0,150000000.0,0.003184053333333333,79928.0,0.0079928,1
DIO_Flood_seed1001_600s,DIO_Flood,1001,430,440,attack,attack,DIO_Flood,dio_flood,none,1,0,1.0,14.0,14.0,0.0,0.0,15.0,15.0,14,14,14,1.0,1.0,128.92857142857142,127.0,223.99999999999997,263.0,65.48806618909137,102.06666666666666,4.431489054267791,109.69999999999999,487.53333333333336,4.8,-71.73333333333333,0.0,101.0,-77.0,0.0,40.0,40.0,80.0,1.0,15,0,15.0,15.0,15.0,1.0,446304.0,149553696.0,150000000.0,0.00297536,75880.0,0.007588,1
DIO_Flood_seed1001_600s,DIO_Flood,1001,440,450,attack,attack,DIO_Flood,dio_flood,none,1,0,1.0,15.0,15.0,0.0,0.0,15.0,15.0,15,15,15,1.0,1.0,132.93333333333334,130.0,268.5,272.0,83.9451067804488,102.2,4.229150539495406,110.5,487.73333333333335,4.8,-71.73333333333333,0.0,101.0,-77.0,0.0,42.0,41.0,83.0,0.9761904761904762,15,0,15.0,15.0,15.0,1.0,472408.0,149527592.0,150000000.0,0.003149386666666667,80920.0,0.008092,1
DIO_Flood_seed1001_600s,DIO_Flood,1001,450,460,attack,attack,DIO_Flood,dio_flood,none,1,0,1.0,15.0,15.0,0.0,0.0,15.0,15.0,15,15,15,1.0,1.0,152.66666666666666,128.0,294.5,298.0,82.53628350754653,102.73333333333333,4.078982132603088,108.8,489.73333333333335,4.8,-71.73333333333333,0.0,101.0,-77.0,0.0,41.0,39.0,80.0,0.9512195121951219,15,0,15.0,15.0,15.0,1.0,460848.0,149539152.0,150000000.0,0.00307232,76136.0,0.0076136,1
DIO_Flood_seed1001_600s,DIO_Flood,1001,460,470,attack,attack,DIO_Flood,dio_flood,none,1,0,1.0,15.0,15.0,0.0,0.0,14.0,14.0,15,15,15,1.0,1.0,131.6,111.0,255.2,265.0,83.98877476016831,102.26666666666667,3.6147844564602556,109.6,488.46666666666664,4.8,-71.73333333333333,0.0,101.0,-77.0,0.0,41.0,40.0,80.0,0.975609756097561,15,0,14.0,14.0,15.0,1.0,466648.0,149533352.0,150000000.0,0.003110986666666667,70224.0,0.0070224,1
DIO_Flood_seed1001_600s,DIO_Flood,1001,470,480,attack,attack,DIO_Flood,dio_flood,none,1,0,1.0,15.0,14.0,0.0,0.0,14.0,14.0,15,14,14,0.9333333333333333,0.9333333333333333,157.07142857142858,154.0,297.7,338.0,98.8421151952129,102.8,3.8209946349085597,109.0,490.0,4.8,-71.73333333333333,0.0,105.0,-77.0,1.0,41.0,39.0,77.0,0.9512195121951219,15,0,16.0,14.0,15.0,0.875,461936.0,149538064.0,150000000.0,0.0030795733333333335,78544.0,0.0078544,1
DIO_Flood_seed1001_600s,DIO_Flood,1001,480,490,attack,attack,DIO_Flood,dio_flood,none,1,0,1.0,15.0,15.0,1.0,0.0,15.0,15.0,15,15,15,1.0,1.0,145.66666666666666,117.0,264.5,275.0,85.19948580215951,103.06666666666666,3.494212902718409,108.0,488.1333333333333,4.8,-71.73333333333333,0.0,103.0,-77.0,0.0,43.0,41.0,80.0,0.9534883720930233,15,0,16.0,15.0,15.0,0.9375,487888.0,149512112.0,150000000.0,0.0032525866666666668,79640.0,0.007964,1
DIO_Flood_seed1001_600s,DIO_Flood,1001,490,500,attack,attack,DIO_Flood,dio_flood,none,1,0,1.0,16.0,15.0,0.0,0.0,16.0,16.0,15,15,15,1.0,1.0,139.46666666666667,158.0,242.29999999999995,264.0,76.75737904654666,103.6,4.595028369257988,109.99999999999999,488.4,4.8,-71.73333333333333,0.0,103.0,-77.0,0.0,48.0,45.0,84.0,0.9375,15,0,18.0,16.0,16.0,0.8888888888888888,508944.0,149491056.0,150000000.0,0.00339296,89632.0,0.0089632,1
DIO_Flood_seed1001_600s,DIO_Flood,1001,500,510,attack,attack,DIO_Flood,dio_flood,none,1,0,1.0,15.0,16.0,0.0,0.0,15.0,15.0,16,16,16,1.0,1.0,154.75,148.5,278.75,293.0,91.28745806516905,103.13333333333334,3.7199590371528606,109.89999999999999,489.3333333333333,4.8,-71.73333333333333,0.0,103.0,-77.0,0.0,43.0,42.0,81.0,0.9767441860465116,15,0,16.0,15.0,15.0,0.9375,474216.0,149525784.0,150000000.0,0.00316144,81320.0,0.008132,1
DIO_Flood_seed1001_600s,DIO_Flood,1001,510,520,attack,attack,DIO_Flood,dio_flood,none,1,0,1.0,15.0,15.0,0.0,0.0,15.0,15.0,15,15,15,1.0,1.0,150.93333333333334,178.0,259.7999999999999,327.0,83.39618582119813,102.4,2.9712912056160756,107.6,487.46666666666664,4.8,-71.73333333333333,0.0,102.0,-77.0,0.0,42.0,41.0,80.0,0.9761904761904762,15,0,16.0,15.0,16.0,0.9375,482936.0,149517064.0,150000000.0,0.0032195733333333335,80184.0,0.0080184,1
DIO_Flood_seed1001_600s,DIO_Flood,1001,520,530,attack,attack,DIO_Flood,dio_flood,none,1,0,1.0,15.0,15.0,0.0,0.0,15.0,15.0,15,15,15,1.0,1.0,161.93333333333334,160.0,279.2,282.0,81.7552677784362,102.53333333333333,3.8147583085145707,108.8,486.6666666666667,4.8,-71.73333333333333,0.0,107.0,-77.0,0.0,43.0,41.0,81.0,0.9534883720930233,15,0,19.0,15.0,16.0,0.7894736842105263,485728.0,149514272.0,150000000.0,0.003238186666666667,91496.0,0.0091496,1
DIO_Flood_seed1002_600s,DIO_Flood,1002,190,200,attack,attack,DIO_Flood,dio_flood,none,1,0,1.0,14.0,14.0,0.0,0.0,14.0,14.0,14,14,14,1.0,1.0,130.78571428571428,130.0,251.09999999999997,333.0,84.34560639820737,109.46666666666667,9.210759753575989,126.5,492.2,4.8,-70.53333333333333,0.0,115.0,-77.0,0.0,38.0,38.0,57.0,1.0,15,0,15.0,14.0,14.0,0.9333333333333333,431920.0,149568080.0,150000000.0,0.0028794666666666665,74784.0,0.0074784,2
DIO_Flood_seed1002_600s,DIO_Flood,1002,200,210,attack,attack,DIO_Flood,dio_flood,none,1,0,1.0,16.0,14.0,0.0,0.0,15.0,15.0,15,15,15,1.0,1.0,142.66666666666666,148.0,285.2,288.0,81.20755301489305,108.4,8.060485628758888,122.1,490.8,4.8,-70.53333333333333,0.0,112.0,-77.0,0.0,44.0,43.0,65.0,0.9772727272727273,15,0,15.0,15.0,15.0,1.0,496968.0,149503032.0,150000000.0,0.00331312,81176.0,0.0081176,2
DIO_Flood_seed1002_600s,DIO_Flood,1002,210,220,attack,attack,DIO_Flood,dio_flood,none,1,0,1.0,16.0,16.0,0.0,0.0,16.0,16.0,15,15,15,1.0,1.0,140.06666666666666,120.0,276.79999999999984,400.0,102.7107357489724,106.33333333333333,6.477065767180456,118.8,488.3333333333333,4.8,-70.53333333333333,0.0,111.0,-77.0,0.0,45.0,45.0,66.0,1.0,15,0,16.0,16.0,17.0,1.0,500592.0,149499408.0,150000000.0,0.00333728,81280.0,0.008128,2
DIO_Flood_seed1002_600s,DIO_Flood,1002,220,230,attack,attack,DIO_Flood,dio_flood,none,1,0,1.0,14.0,15.0,0.0,0.0,14.0,14.0,15,15,15,1.0,1.0,144.53333333333333,131.0,267.69999999999993,330.0,80.16043436817965,105.86666666666666,6.345602151621756,116.8,487.6,4.8,-70.53333333333333,0.0,110.0,-77.0,0.0,39.0,38.0,59.0,0.9743589743589743,15,0,14.0,14.0,14.0,1.0,438272.0,149561728.0,150000000.0,0.0029218133333333333,70224.0,0.0070224,2
DIO_Flood_seed1002_600s,DIO_Flood,1002,230,240,attack,attack,DIO_Flood,dio_flood,none,1,0,1.0,15.0,16.0,0.0,0.0,16.0,16.0,16,16,16,1.0,1.0,145.25,138.0,248.25,255.0,74.92173694373794,105.2,6.315513778443863,116.89999999999999,486.8666666666667,4.8,-70.53333333333333,0.0,109.0,-77.0,0.0,42.0,41.0,60.0,0.9761904761904762,15,0,16.0,16.0,16.0,1.0,463328.0,149536672.0,150000000.0,0.0030888533333333335,81536.0,0.0081536,2
DIO_Flood_seed1002_600s,DIO_Flood,1002,240,250,attack,attack,DIO_Flood,dio_flood,none,1,0,1.0,14.0,14.0,0.0,0.0,14.0,14.0,15,15,15,1.0,1.0,152.93333333333334,139.0,291.0999999999999,338.0,101.19109691686367,104.93333333333334,5.762770497731435,116.0,486.6,4.8,-70.53333333333333,0.0,108.0,-77.0,0.0,40.0,39.0,61.0,0.975,15,0,14.0,14.0,14.0,1.0,463240.0,149536760.0,150000000.0,0.003088266666666667,70480.0,0.007048,2
DIO_Flood_seed1002_600s,DIO_Flood,1002,250,260,attack,attack,DIO_Flood,dio_flood,none,1,0,1.0,15.0,15.0,0.0,0.0,15.0,15.0,15,15,15,1.0,1.0,154.0,132.0,296.69999999999993,331.0,92.22565493706959,104.13333333333334,5.05493629558088,114.0,485.46666666666664,4.8,-70.53333333333333,0.0,107.0,-77.0,0.0,41.0,41.0,62.0,1.0,15,0,15.0,15.0,15.0,1.0,456008.0,149543992.0,150000000.0,0.003040053333333333,75096.0,0.0075096,2
DIO_Flood_seed1002_600s,DIO_Flood,1002,260,270,attack,attack,DIO_Flood,dio_flood,none,1,0,1.0,16.0,15.0,0.0,0.0,16.0,16.0,15,15,15,1.0,1.0,139.66666666666666,147.0,254.99999999999997,269.0,75.77001542889666,103.46666666666667,4.421807430495018,111.6,484.2,4.8,-70.53333333333333,0.0,106.0,-77.0,0.0,44.0,44.0,68.0,1.0,15,0,16.0,16.0,17.0,1.0,510416.0,149489584.0,150000000.0,0.003402773333333333,80320.0,0.008032,2
DIO_Flood_seed1002_600s,DIO_Flood,1002,270,280,attack,attack,DIO_Flood,dio_flood,none,1,0,1.0,14.0,15.0,0.0,0.0,14.0,14.0,15,15,15,1.0,1.0,145.86666666666667,145.0,293.9,317.0,102.07550893240514,102.8,4.0035698356056475,111.0,483.53333333333336,4.8,-70.53333333333333,0.0,105.0,-77.0,0.0,40.0,40.0,63.0,1.0,15,0,14.0,14.0,15.0,1.0,474064.0,149525936.0,150000000.0,0.003160426666666667,70480.0,0.007048,2
DIO_Flood_seed1002_600s,DIO_Flood,1002,280,290,attack,attack,DIO_Flood,dio_flood,none,1,0,1.0,15.0,15.0,0.0,0.0,15.0,15.0,15,15,15,1.0,1.0,130.06666666666666,119.0,266.8999999999999,318.0,75.32450432881024,102.2,3.3636714634883282,109.0,482.8666666666667,4.8,-70.53333333333333,0.0,104.0,-77.0,0.0,39.0,39.0,59.0,1.0,15,0,15.0,15.0,16.0,1.0,458288.0,149541712.0,150000000.0,0.003055253333333333,75880.0,0.007588,2
DIO_Flood_seed1002_600s,DIO_Flood,1002,290,300,attack,attack,DIO_Flood,dio_flood,none,1,0,1.0,15.0,15.0,0.0,0.0,15.0,15.0,15,15,15,1.0,1.0,128.6,118.0,244.79999999999995,277.0,74.56904758103632,102.13333333333334,2.972893411828826,108.0,481.6,4.8,-70.53333333333333,0.0,104.0,-77.0,0.0,41.0,40.0,62.0,0.975609756097561,15,0,15.0,15.0,15.0,1.0,466408.0,149533592.0,150000000.0,0.0031093866666666668,75880.0,0.007588,2
DIO_Flood_seed1002_600s,DIO_Flood,1002,300,310,attack,attack,DIO_Flood,dio_flood,none,1,0,1.0,15.0,15.0,0.0,0.0,15.0,15.0,15,15,15,1.0,1.0,155.4,137.0,311.9,342.0,93.26827664630363,102.93333333333334,5.417783767591778,110.89999999999999,482.6666666666667,4.8,-70.53333333333333,0.0,104.0,-77.0,0.0,46.0,44.0,64.0,0.9565217391304348,15,0,16.0,15.0,15.0,0.9375,545088.0,149454912.0,150000000.0,0.00363392,78424.0,0.0078424,2
DIO_Flood_seed1002_600s,DIO_Flood,1002,310,320,attack,attack,DIO_Flood,dio_flood,none,1,0,1.0,15.0,15.0,0.0,0.0,15.0,15.0,15,15,15,1.0,1.0,136.26666666666668,118.0,265.4,292.0,80.04326211195924,103.0,5.0,110.99999999999999,482.8,4.8,-70.53333333333333,0.0,105.0,-77.0,0.0,39.0,38.0,57.0,0.9743589743589743,15,0,17.0,15.0,15.0,0.8823529411764706,458008.0,149541992.0,150000000.0,0.0030533866666666667,84080.0,0.008408,2
DIO_Flood_seed1002_600s,DIO_Flood,1002,320,330,attack,attack,DIO_Flood,dio_flood,none,1,0,1.0,15.0,15.0,0.0,0.0,15.0,15.0,14,14,14,1.0,1.0,154.35714285714286,138.5,303.84999999999997,363.0,102.21441050207018,103.53333333333333,4.611579628139003,111.1,483.6,4.8,-70.53333333333333,0.0,104.0,-77.0,0.0,43.0,41.0,61.0,0.9534883720930233,15,0,16.0,15.0,15.0,0.9375,471576.0,149528424.0,150000000.0,0.00314384,81280.0,0.008128,2
DIO_Flood_seed1002_600s,DIO_Flood,1002,330,340,attack,attack,DIO_Flood,dio_flood,none,1,0,1.0,15.0,14.0,0.0,0.0,14.0,14.0,15,15,15,1.0,1.0,143.13333333333333,123.0,289.9,320.0,90.206799448083,103.73333333333333,5.06340747304572,114.3,483.6,4.8,-70.53333333333333,0.0,107.0,-77.0,0.0,42.0,41.0,58.0,0.9761904761904762,15,0,17.0,14.0,14.0,0.8235294117647058,452432.0,149547568.0,150000000.0,0.0030162133333333334,83336.0,0.0083336,2
DIO_Flood_seed1002_600s,DIO_Flood,1002,340,350,attack,attack,DIO_Flood,dio_flood,none,1,0,1.0,14.0,15.0,0.0,0.0,15.0,15.0,15,15,15,1.0,1.0,161.8,179.0,311.8,316.0,92.43623284652584,103.0,4.5197977198732495,113.0,482.73333333333335,4.8,-70.53333333333333,0.0,103.0,-77.0,0.0,39.0,39.0,61.0,1.0,15,0,15.0,15.0,15.0,1.0,466952.0,149533048.0,150000000.0,0.003113013333333333,75824.0,0.0075824,2
DIO_Flood_seed1002_600s,DIO_Flood,1002,350,360,attack,attack,DIO_Flood,dio_flood,none,1,0,1.0,16.0,16.0,0.0,0.0,16.0,16.0,15,15,15,1.0,1.0,139.2,135.0,266.09999999999997,299.0,80.07692729940557,102.33333333333333,4.08248290463863,111.3,481.8666666666667,4.8,-70.53333333333333,0.0,105.0,-77.0,0.0,43.0,43.0,63.0,1.0,15,0,18.0,16.0,16.0,0.8888888888888888,491216.0,149508784.0,150000000.0,0.0032747733333333335,89056.0,0.0089056,2
DIO_Flood_seed1002_600s,DIO_Flood,1002,360,370,attack,attack,DIO_Flood,dio_flood,none,1,0,1.0,15.0,15.0,0.0,0.0,15.0,15.0,16,16,16,1.0,1.0,142.625,126.5,310.5,360.0,88.44800732633834,103.06666666666666,5.787507070858583,112.99999999999999,482.93333333333334,4.8,-70.53333333333333,0.0,102.0,-77.0,0.0,43.0,41.0,61.0,0.9534883720930233,15,0,15.0,15.0,15.0,1.0,488576.0,149511424.0,150000000.0,0.0032571733333333335,75880.0,0.007588,2
DIO_Flood_seed1002_600s,DIO_Flood,1002,370,380,attack,attack,DIO_Flood,dio_flood,none,1,0,1.0,15.0,15.0,0.0,0.0,15.0,15.0,14,14,14,1.0,1.0,145.64285714285714,138.0,261.65,274.0,84.90049120348719,102.6,4.8814517746846,111.39999999999999,482.2,4.8,-70.53333333333333,0.0,101.0,-77.0,0.0,41.0,41.0,61.0,1.0,15,0,15.0,15.0,15.0,1.0,476328.0,149523672.0,150000000.0,0.00317552,75880.0,0.007588,2
DIO_Flood_seed1002_600s,DIO_Flood,1002,380,390,attack,attack,DIO_Flood,dio_flood,none,1,0,1.0,15.0,15.0,0.0,0.0,15.0,15.0,15,15,15,1.0,1.0,148.4,124.0,298.2,301.0,90.2510783473369,102.46666666666667,4.2403953095144775,109.39999999999999,482.06666666666666,4.8,-70.53333333333333,0.0,102.0,-77.0,0.0,42.0,41.0,61.0,0.9761904761904762,15,0,16.0,15.0,15.0,0.9375,462520.0,149537480.0,150000000.0,0.0030834666666666667,80184.0,0.0080184,2
DIO_Flood_seed1002_600s,DIO_Flood,1002,390,400,attack,attack,DIO_Flood,dio_flood,none,1,0,1.0,15.0,15.0,0.0,0.0,14.0,14.0,15,15,15,1.0,1.0,154.46666666666667,127.0,332.2,356.0,101.86396156966735,102.33333333333333,3.9761191895520196,110.19999999999999,482.0,4.8,-70.53333333333333,0.0,101.0,-77.0,0.0,42.0,41.0,60.0,0.9761904761904762,15,0,14.0,14.0,14.0,1.0,465696.0,149534304.0,150000000.0,0.00310464,70312.0,0.0070312,2
DIO_Flood_seed1002_600s,DIO_Flood,1002,400,410,attack,attack,DIO_Flood,dio_flood,none,1,0,1.0,16.0,16.0,0.0,0.0,16.0,16.0,15,15,15,1.0,1.0,133.4,131.0,276.7999999999999,344.0,86.95959652948851,101.8,3.6683978597124463,109.19999999999999,481.26666666666665,4.8,-70.53333333333333,0.0,101.0,-77.0,0.0,43.0,43.0,63.0,1.0,15,0,17.0,16.0,16.0,0.9411764705882353,484168.0,149515832.0,150000000.0,0.0032277866666666666,84888.0,0.0084888,2
DIO_Flood_seed1002_600s,DIO_Flood,1002,410,420,attack,attack,DIO_Flood,dio_flood,none,1,0,1.0,14.0,14.0,0.0,0.0,15.0,15.0,16,16,16,1.0,1.0,140.1875,126.0,293.75,311.0,88.01304354090554,101.6,3.1577568892219317,107.89999999999999,480.93333333333334,4.8,-70.53333333333333,0.0,100.0,-77.0,0.0,39.0,39.0,59.0,1.0,15,0,15.0,15.0,15.0,1.0,462464.0,149537536.0,150000000.0,0.0030830933333333334,75880.0,0.007588,2
DIO_Flood_seed1002_600s,DIO_Flood,1002,420,430,attack,attack,DIO_Flood,dio_flood,none,1,0,1.0,16.0,16.0,0.0,0.0,16.0,16.0,16,16,16,1.0,1.0,143.625,125.0,269.0,308.0,88.57078148765164,101.33333333333333,2.7688746209726918,106.89999999999999,480.6,4.8,-70.53333333333333,0.0,100.0,-77.0,0.0,43.0,43.0,65.0,1.0,15,0,16.0,16.0,17.0,1.0,477368.0,149522632.0,150000000.0,0.003182453333333333,80736.0,0.0080736,2
DIO_Flood_seed1002_600s,DIO_Flood,1002,430,440,attack,attack,DIO_Flood,dio_flood,none,1,0,1.0,13.0,13.0,0.0,0.0,14.0,14.0,13,13,13,1.0,1.0,127.46153846153847,130.0,222.39999999999992,256.0,71.82225210501197,101.13333333333334,2.614975188810639,106.19999999999999,480.4,4.8,-70.53333333333333,0.0,100.0,-77.0,0.0,37.0,37.0,56.0,1.0,15,0,14.0,14.0,14.0,1.0,432224.0,149567776.0,150000000.0,0.0028814933333333333,71024.0,0.0071024,2
DIO_Flood_seed1002_600s,DIO_Flood,1002,440,450,attack,attack,DIO_Flood,dio_flood,none,1,0,1.0,17.0,17.0,0.0,0.0,14.0,14.0,15,15,15,1.0,1.0,146.6,133.0,301.99999999999994,351.0,89.94029765826407,100.86666666666666,1.9591057240729093,105.3,480.06666666666666,4.8,-70.53333333333333,0.0,100.0,-77.0,0.0,45.0,45.0,69.0,1.0,15,0,14.0,14.0,14.0,1.0,518488.0,149485656.0,150004144.0,0.0034564911753371293,75776.0,0.0075776,2
DIO_Flood_seed1002_600s,DIO_Flood,1002,450,460,attack,attack,DIO_Flood,dio_flood,none,1,0,1.0,15.0,15.0,0.0,0.0,16.0,16.0,14,14,14,1.0,1.0,153.07142857142858,175.0,285.84999999999997,332.0,93.2461294603731,100.73333333333333,1.624221425205085,104.3,479.8666666666667,4.8,-70.53333333333333,0.0,101.0,-77.0,0.0,41.0,41.0,62.0,1.0,15,0,17.0,16.0,17.0,0.9411764705882353,468640.0,149531360.0,150000000.0,0.003124266666666667,85328.0,0.0085328,2
DIO_Flood_seed1002_600s,DIO_Flood,1002,460,470,attack,attack,DIO_Flood,dio_flood,none,1,0,1.0,15.0,15.0,0.0,0.0,16.0,16.0,17,17,17,1.0,1.0,154.35294117647058,147.0,283.8,295.0,76.67377418034685,101.46666666666667,2.5597618936887376,105.89999999999999,480.8,4.8,-70.53333333333333,0.0,100.0,-77.0,0.0,43.0,41.0,61.0,0.9534883720930233,15,0,16.0,16.0,16.0,1.0,475912.0,149519944.0,149995856.0,0.0031728343215028554,82736.0,0.0082736,2
DIO_Flood_seed1002_600s,DIO_Flood,1002,470,480,attack,attack,DIO_Flood,dio_flood,none,1,0,1.0,15.0,13.0,0.0,0.0,13.0,13.0,14,14,14,1.0,1.0,150.07142857142858,124.0,265.25,314.0,83.78586652038295,102.6,4.954074801903697,112.1,482.3333333333333,4.8,-70.53333333333333,0.0,102.0,-77.0,0.0,42.0,39.0,57.0,0.9285714285714286,15,0,14.0,13.0,13.0,0.9285714285714286,460816.0,149539184.0,150000000.0,0.0030721066666666665,69384.0,0.0069384,2
DIO_Flood_seed1002_600s,DIO_Flood,1002,480,490,attack,attack,DIO_Flood,dio_flood,none,1,0,1.0,15.0,17.0,0.0,0.0,17.0,17.0,16,16,16,1.0,1.0,157.5,135.0,298.75,337.0,93.55568751640206,103.06666666666666,4.949266419908924,113.3,482.8666666666667,4.8,-70.53333333333333,0.0,102.0,-77.0,0.0,47.0,43.0,64.0,0.9148936170212766,15,0,17.0,17.0,17.0,1.0,549664.0,149450336.0,150000000.0,0.0036644266666666665,88072.0,0.0088072,2
DIO_Flood_seed1002_600s,DIO_Flood,1002,490,500,attack,attack,DIO_Flood,dio_flood,none,1,0,1.0,15.0,15.0,0.0,0.0,15.0,15.0,16,16,16,1.0,1.0,145.5625,144.0,272.25,312.0,82.74456175483678,102.33333333333333,5.765248931147313,113.29999999999998,481.93333333333334,4.8,-70.53333333333333,0.0,102.0,-77.0,0.0,42.0,41.0,60.0,0.9761904761904762,15,0,16.0,15.0,15.0,0.9375,466240.0,149533760.0,150000000.0,0.0031082666666666665,80440.0,0.008044,2
DIO_Flood_seed1002_600s,DIO_Flood,1002,500,510,attack,attack,DIO_Flood,dio_flood,none,1,0,1.0,15.0,15.0,0.0,0.0,15.0,15.0,13,13,13,1.0,1.0,145.69230769230768,136.0,263.0,275.0,91.17143614768152,102.93333333333334,6.974101751343696,114.09999999999998,482.6666666666667,4.8,-70.53333333333333,0.0,104.0,-77.0,0.0,43.0,41.0,63.0,0.9534883720930233,15,0,17.0,15.0,15.0,0.8823529411764706,474112.0,149525888.0,150000000.0,0.0031607466666666666,83944.0,0.0083944,2
DIO_Flood_seed1002_600s,DIO_Flood,1002,510,520,attack,attack,DIO_Flood,dio_flood,none,1,0,1.0,15.0,14.0,0.0,0.0,14.0,14.0,15,15,15,1.0,1.0,166.93333333333334,185.0,331.8999999999999,390.0,101.22285644392115,102.8,5.583137878597355,111.6,482.53333333333336,4.8,-70.53333333333333,0.0,103.0,-77.0,0.0,40.0,39.0,58.0,0.975,15,0,15.0,14.0,14.0,0.9333333333333333,455152.0,149544848.0,150000000.0,0.0030343466666666666,73576.0,0.0073576,2
DIO_Flood_seed1002_600s,DIO_Flood,1002,520,530,attack,attack,DIO_Flood,dio_flood,none,1,0,1.0,14.0,15.0,0.0,0.0,15.0,15.0,16,16,16,1.0,1.0,133.125,102.5,278.0,278.0,76.75057003045647,102.66666666666667,4.654746681256314,110.39999999999999,483.6,4.8,-70.53333333333333,0.0,100.0,-77.0,0.0,41.0,40.0,62.0,0.975609756097561,15,0,15.0,15.0,16.0,1.0,486696.0,149513304.0,150000000.0,0.00324464,75880.0,0.007588,2
DIO_Flood_seed1003_600s,DIO_Flood,1003,190,200,attack,attack,DIO_Flood,dio_flood,none,1,0,1.0,15.0,15.0,0.0,0.0,15.0,15.0,15,15,15,1.0,1.0,152.46666666666667,147.0,297.3999999999999,352.0,92.34397394421319,104.66666666666667,5.259911279353166,113.0,500.8,4.8,-73.6,0.0,107.0,-77.0,0.0,41.0,41.0,81.0,1.0,15,0,15.0,15.0,15.0,1.0,470032.0,149529968.0,150000000.0,0.003133546666666667,75880.0,0.007588,3
DIO_Flood_seed1003_600s,DIO_Flood,1003,200,210,attack,attack,DIO_Flood,dio_flood,none,1,0,1.0,14.0,14.0,0.0,0.0,15.0,15.0,15,15,15,1.0,1.0,135.33333333333334,129.0,279.09999999999997,284.0,81.20755301489308,104.06666666666666,4.727830469928142,112.0,499.8666666666667,4.8,-73.6,0.0,106.0,-77.0,0.0,40.0,40.0,80.0,1.0,15,0,15.0,15.0,15.0,1.0,454320.0,149545680.0,150000000.0,0.0030288,75880.0,0.007588,3
DIO_Flood_seed1003_600s,DIO_Flood,1003,210,220,attack,attack,DIO_Flood,dio_flood,none,1,0,1.0,16.0,16.0,0.0,0.0,15.0,15.0,15,15,15,1.0,1.0,142.66666666666666,136.0,237.3,238.0,72.08592756135523,103.33333333333333,3.9036002917941333,110.0,498.93333333333334,4.8,-73.6,0.0,105.0,-77.0,0.0,43.0,43.0,86.0,1.0,15,0,15.0,15.0,17.0,1.0,527688.0,149472312.0,150000000.0,0.00351792,80920.0,0.008092,3
DIO_Flood_seed1003_600s,DIO_Flood,1003,220,230,attack,attack,DIO_Flood,dio_flood,none,1,0,1.0,16.0,15.0,0.0,0.0,16.0,16.0,14,14,14,1.0,1.0,147.35714285714286,152.5,305.65,331.0,97.49683004145245,102.8,3.4887574537976365,109.0,498.2,4.8,-73.6,0.0,104.0,-77.0,0.0,39.0,39.0,77.0,1.0,15,0,16.0,16.0,16.0,1.0,441592.0,149558408.0,150000000.0,0.0029439466666666666,80520.0,0.008049907024173715,3
DIO_Flood_seed1003_600s,DIO_Flood,1003,230,240,attack,attack,DIO_Flood,dio_flood,none,1,0,1.0,15.0,13.0,0.0,0.0,14.0,14.0,15,15,15,1.0,1.0,111.93333333333334,110.0,197.89999999999995,235.0,58.30274027701891,102.13333333333334,2.8502297317601477,107.0,495.53333333333336,4.8,-73.6,0.0,103.0,-77.0,0.0,42.0,42.0,81.0,1.0,15,0,14.0,14.0,15.0,1.0,495168.0,149504832.0,150000000.0,0.00330112,70224.0,0.007024226298837697,3
DIO_Flood_seed1003_600s,DIO_Flood,1003,240,250,attack,attack,DIO_Flood,dio_flood,none,1,0,1.0,14.0,17.0,0.0,0.0,15.0,15.0,16,16,16,1.0,1.0,149.3125,149.5,272.0,329.0,81.80604602758079,101.93333333333334,2.6040261866871424,106.0,493.8,4.8,-73.6,0.0,106.0,-77.0,0.0,40.0,40.0,81.0,1.0,15,0,17.0,15.0,15.0,0.8823529411764706,475160.0,149529272.0,150004432.0,0.0031676397401378116,84488.0,0.0084488,3
DIO_Flood_seed1003_600s,DIO_Flood,1003,250,260,attack,attack,DIO_Flood,dio_flood,none,1,0,1.0,15.0,15.0,0.0,0.0,16.0,16.0,16,16,16,1.0,1.0,140.4375,130.5,254.25,264.0,80.23213716045045,101.6,2.1313979316066587,105.0,493.4,4.8,-73.6,0.0,104.0,-77.0,0.0,41.0,41.0,79.0,1.0,15,0,16.0,16.0,16.0,1.0,465816.0,149529752.0,149995568.0,0.0031055317581116797,81024.0,0.0081024,3
DIO_Flood_seed1003_600s,DIO_Flood,1003,260,270,attack,attack,DIO_Flood,dio_flood,none,1,0,1.0,15.0,15.0,0.0,0.0,14.0,14.0,14,14,14,1.0,1.0,134.5,129.5,257.9,306.0,78.01060085753632,101.33333333333333,1.9148542155126762,105.0,493.0,4.8,-73.6,0.0,103.0,-77.0,0.0,40.0,40.0,82.0,1.0,15,0,14.0,14.0,14.0,1.0,471016.0,149528984.0,150000000.0,0.0031401066666666665,70736.0,0.0070736,3
DIO_Flood_seed1003_600s,DIO_Flood,1003,270,280,attack,attack,DIO_Flood,dio_flood,none,1,0,1.0,14.0,15.0,0.0,0.0,15.0,15.0,15,15,15,1.0,1.0,146.53333333333333,120.0,317.59999999999985,403.0,99.0626545364575,100.93333333333334,1.486446705914413,104.0,491.8,4.8,-73.6,0.0,105.0,-77.0,0.0,39.0,39.0,82.0,1.0,15,0,17.0,15.0,16.0,0.8823529411764706,485088.0,149514912.0,150000000.0,0.00323392,84632.0,0.0084632,3
DIO_Flood_seed1003_600s,DIO_Flood,1003,280,290,attack,attack,DIO_Flood,dio_flood,none,1,0,1.0,15.0,15.0,0.0,0.0,15.0,15.0,15,15,15,1.0,1.0,140.53333333333333,127.0,281.59999999999997,311.0,79.43269088324013,101.6,2.164651077128664,105.6,487.1333333333333,4.8,-73.6,0.0,104.0,-77.0,0.0,43.0,41.0,79.0,0.9534883720930233,15,0,16.0,15.0,15.0,0.9375,492656.0,149507344.0,150000000.0,0.0032843733333333333,79384.0,0.0079384,3
DIO_Flood_seed1003_600s,DIO_Flood,1003,290,300,attack,attack,DIO_Flood,dio_flood,none,1,0,1.0,15.0,15.0,0.0,0.0,14.0,14.0,14,14,14,1.0,1.0,134.42857142857142,143.5,264.09999999999997,281.0,82.13938836440846,100.66666666666667,0.975900072948533,102.3,486.0,4.8,-73.6,0.0,102.0,-77.0,0.0,43.0,43.0,82.0,1.0,15,0,14.0,14.0,14.0,1.0,475184.0,149524816.0,150000000.0,0.0031678933333333333,71024.0,0.0071024,3
DIO_Flood_seed1003_600s,DIO_Flood,1003,300,310,attack,attack,DIO_Flood,dio_flood,none,1,0,1.0,15.0,15.0,0.0,0.0,16.0,16.0,16,16,16,1.0,1.0,134.5625,123.5,238.5,288.0,70.96662948175008,100.26666666666667,0.7037315505489968,102.0,478.1333333333333,4.8,-73.6,0.0,101.0,-77.0,0.0,41.0,41.0,83.0,1.0,15,0,16.0,16.0,16.0,1.0,477128.0,149522872.0,150000000.0,0.003180853333333333,80736.0,0.0080736,3
DIO_Flood_seed1003_600s,DIO_Flood,1003,310,320,attack,attack,DIO_Flood,dio_flood,none,1,0,1.0,16.0,16.0,0.0,0.0,16.0,16.0,15,15,15,1.0,1.0,146.06666666666666,170.0,248.9,251.0,80.24290504165344,101.86666666666666,4.778921974472405,111.39999999999999,481.73333333333335,4.8,-73.6,0.0,102.0,-77.0,0.0,49.0,46.0,86.0,0.9387755102040817,15,0,16.0,15.0,16.0,0.9375,523680.0,149476320.0,150000000.0,0.0034912,85752.0,0.0085752,3
DIO_Flood_seed1003_600s,DIO_Flood,1003,320,330,attack,attack,DIO_Flood,dio_flood,none,1,0,1.0,17.0,17.0,0.0,0.0,16.0,16.0,17,17,17,1.0,1.0,156.47058823529412,135.0,315.8,323.0,92.11685353876538,102.33333333333333,4.6239541932151935,110.39999999999999,483.6666666666667,4.8,-73.6,0.0,102.0,-77.0,0.0,46.0,43.0,83.0,0.9347826086956522,15,0,18.0,17.0,16.0,0.9444444444444444,472592.0,149527408.0,150000000.0,0.003150613333333333,86136.0,0.0086136,3
DIO_Flood_seed1003_600s,DIO_Flood,1003,330,340,attack,attack,DIO_Flood,dio_flood,none,1,0,1.0,13.0,12.0,0.0,0.0,13.0,13.0,13,13,13,1.0,1.0,141.76923076923077,142.0,326.5999999999998,401.0,107.6384022597216,101.8,3.0983866769659336,108.3,481.8666666666667,4.8,-73.6,0.0,108.0,-77.0,0.0,37.0,36.0,75.0,0.972972972972973,15,0,16.0,13.0,13.0,0.8125,432744.0,149570432.0,150003176.0,0.0028848989170735958,77136.0,0.0077136,3
DIO_Flood_seed1003_600s,DIO_Flood,1003,340,350,attack,attack,DIO_Flood,dio_flood,none,1,0,1.0,15.0,16.0,0.0,0.0,15.0,15.0,15,15,15,1.0,1.0,143.86666666666667,160.0,255.29999999999998,270.0,83.27910616600977,102.53333333333333,4.688384837121668,110.39999999999999,481.8666666666667,4.8,-73.6,0.0,107.0,-77.0,0.0,44.0,41.0,76.0,0.9318181818181818,15,0,15.0,15.0,15.0,1.0,489528.0,149507296.0,149996824.0,0.0032635891010599,75880.0,0.007588,3
DIO_Flood_seed1003_600s,DIO_Flood,1003,350,360,attack,attack,DIO_Flood,dio_flood,none,1,0,1.0,15.0,15.0,0.0,0.0,16.0,16.0,16,16,16,1.0,1.0,166.25,167.0,294.75,324.0,93.73544331432659,109.33333333333333,18.710832105901602,135.19999999999993,491.53333333333336,4.8,-73.6,0.0,107.0,-77.0,0.0,56.0,41.0,79.0,0.7321428571428571,15,0,17.0,16.0,16.0,0.9411764705882353,546080.0,149453920.0,150000000.0,0.003640533333333333,85040.0,0.008504,3
DIO_Flood_seed1003_600s,DIO_Flood,1003,360,370,attack,attack,DIO_Flood,dio_flood,none,1,0,1.0,15.0,15.0,0.0,0.0,15.0,15.0,15,15,15,1.0,1.0,145.53333333333333,119.0,281.59999999999985,374.0,92.6651935477291,107.0,14.990473165123431,127.49999999999996,487.6666666666667,4.8,-73.6,0.0,109.0,-77.0,0.0,42.0,41.0,81.0,0.9761904761904762,15,0,17.0,15.0,15.0,0.8823529411764706,483472.0,149516528.0,150000000.0,0.003223146666666667,84496.0,0.0084496,3
DIO_Flood_seed1003_600s,DIO_Flood,1003,370,380,attack,attack,DIO_Flood,dio_flood,none,1,0,1.0,16.0,15.0,0.0,0.0,15.0,15.0,15,15,15,1.0,1.0,156.6,143.0,301.49999999999994,347.0,89.97364693540628,104.93333333333334,12.168264735231013,123.19999999999996,484.2,4.8,-73.6,0.0,106.0,-77.0,0.0,44.0,44.0,82.0,1.0,15,0,15.0,15.0,15.0,1.0,471304.0,149528696.0,150000000.0,0.0031420266666666668,75880.0,0.007588,3
DIO_Flood_seed1003_600s,DIO_Flood,1003,380,390,attack,attack,DIO_Flood,dio_flood,none,1,0,1.0,15.0,16.0,0.0,0.0,15.0,15.0,14,14,14,1.0,1.0,127.5,117.5,247.54999999999998,256.0,82.18904100631946,104.2,9.972820205796497,119.09999999999997,483.2,4.8,-73.6,0.0,107.0,-77.0,0.0,42.0,41.0,83.0,0.9761904761904762,15,0,16.0,15.0,15.0,0.9375,485824.0,149514176.0,150000000.0,0.0032388266666666665,79144.0,0.0079144,3
DIO_Flood_seed1003_600s,DIO_Flood,1003,390,400,attack,attack,DIO_Flood,dio_flood,none,1,0,1.0,16.0,16.0,0.0,0.0,17.0,17.0,17,17,17,1.0,1.0,136.0,134.0,258.6,261.0,76.14295765203765,103.0,7.892129895390362,115.29999999999998,481.73333333333335,4.8,-73.6,0.0,105.0,-77.0,0.0,43.0,43.0,80.0,1.0,15,0,17.0,17.0,17.0,1.0,486208.0,149513792.0,150000000.0,0.0032413866666666665,85880.0,0.008588,3
DIO_Flood_seed1003_600s,DIO_Flood,1003,400,410,attack,attack,DIO_Flood,dio_flood,none,1,0,1.0,15.0,15.0,0.0,0.0,15.0,15.0,15,15,15,1.0,1.0,145.46666666666667,124.0,267.19999999999993,326.0,73.96414832941186,103.4,6.467501173449559,113.19999999999999,482.26666666666665,4.8,-73.6,0.0,107.0,-77.0,0.0,44.0,42.0,80.0,0.9545454545454546,15,0,16.0,15.0,15.0,0.9375,479200.0,149520800.0,150000000.0,0.003194666666666667,80696.0,0.0080696,3
DIO_Flood_seed1003_600s,DIO_Flood,1003,410,420,attack,attack,DIO_Flood,dio_flood,none,1,0,1.0,15.0,15.0,0.0,0.0,14.0,14.0,15,15,15,1.0,1.0,141.66666666666666,114.0,330.4,364.0,104.47054722789211,102.8,5.479833157001354,111.29999999999998,481.4,4.8,-73.6,0.0,105.0,-77.0,0.0,39.0,39.0,78.0,1.0,15,0,14.0,14.0,15.0,1.0,438224.0,149561776.0,150000000.0,0.0029214933333333334,70480.0,0.007048,3
DIO_Flood_seed1003_600s,DIO_Flood,1003,420,430,attack,attack,DIO_Flood,dio_flood,none,1,0,1.0,15.0,14.0,0.0,0.0,15.0,15.0,15,15,15,1.0,1.0,143.73333333333332,161.0,255.19999999999996,286.0,75.22012142150973,102.4,4.656792274271453,109.69999999999999,481.0,4.8,-73.6,0.0,106.0,-77.0,0.0,42.0,42.0,86.0,1.0,15,0,16.0,15.0,15.0,0.9375,471072.0,149528928.0,150000000.0,0.00314048,84168.0,0.0084168,3
DIO_Flood_seed1003_600s,DIO_Flood,1003,430,440,attack,attack,DIO_Flood,dio_flood,none,1,0,1.0,15.0,16.0,0.0,0.0,16.0,16.0,16,16,16,1.0,1.0,121.0625,119.5,243.5,263.0,72.17244972979648,105.53333333333333,10.154989390630082,127.1,486.1333333333333,4.8,-73.6,0.0,111.0,-77.0,0.0,46.0,40.0,83.0,0.8695652173913043,15,0,18.0,16.0,17.0,0.8888888888888888,478816.0,149521184.0,150000000.0,0.003192106666666667,89272.0,0.0089272,3
DIO_Flood_seed1003_600s,DIO_Flood,1003,440,450,attack,attack,DIO_Flood,dio_flood,none,1,0,1.0,16.0,16.0,0.0,0.0,15.0,15.0,14,14,14,1.0,1.0,155.92857142857142,167.5,242.85,263.0,69.3613329276082,106.26666666666667,10.579404970214986,126.8,493.1333333333333,4.8,-73.6,0.0,116.0,-77.0,0.0,46.0,42.0,83.0,0.9130434782608695,15,0,18.0,15.0,15.0,0.8333333333333334,518728.0,149481272.0,150000000.0,0.0034581866666666666,89088.0,0.0089088,3
DIO_Flood_seed1003_600s,DIO_Flood,1003,450,460,attack,attack,DIO_Flood,dio_flood,none,1,0,1.0,13.0,13.0,0.0,0.0,14.0,14.0,15,15,15,1.0,1.0,126.53333333333333,121.0,218.5,222.0,65.98361990098827,105.26666666666667,8.08408194864333,120.0,489.0,4.8,-73.6,0.0,112.0,-77.0,0.0,38.0,37.0,75.0,0.9736842105263158,15,0,14.0,14.0,14.0,1.0,429688.0,149570312.0,150000000.0,0.002864586666666667,71280.0,0.007128,3
DIO_Flood_seed1003_600s,DIO_Flood,1003,460,470,attack,attack,DIO_Flood,dio_flood,none,1,0,1.0,16.0,16.0,0.0,0.0,15.0,15.0,15,15,15,1.0,1.0,143.13333333333333,129.0,240.99999999999997,255.0,67.39951956872719,103.8,5.608666762889632,115.6,487.0,4.8,-73.6,0.0,110.0,-77.0,0.0,47.0,46.0,82.0,0.9787234042553191,15,0,15.0,15.0,15.0,1.0,517160.0,149482840.0,150000000.0,0.0034477333333333333,75880.0,0.007588,3
DIO_Flood_seed1003_600s,DIO_Flood,1003,470,480,attack,attack,DIO_Flood,dio_flood,none,1,0,1.0,15.0,15.0,0.0,0.0,16.0,16.0,16,16,16,1.0,1.0,136.0625,146.5,250.5,297.0,83.31103868435842,103.26666666666667,4.802776974487434,112.89999999999999,486.06666666666666,4.8,-73.6,0.0,108.0,-77.0,0.0,41.0,40.0,81.0,0.975609756097561,15,0,16.0,16.0,16.0,1.0,483008.0,149516992.0,150000000.0,0.0032200533333333332,80768.0,0.0080768,3
DIO_Flood_seed1003_600s,DIO_Flood,1003,480,490,attack,attack,DIO_Flood,dio_flood,none,1,0,1.0,14.0,14.0,0.0,0.0,14.0,14.0,14,14,14,1.0,1.0,148.42857142857142,139.0,284.59999999999997,321.0,90.57229520852752,102.8,4.329302154257328,110.89999999999999,486.53333333333336,4.8,-73.6,0.0,112.0,-77.0,0.0,39.0,38.0,78.0,0.9743589743589743,15,0,16.0,14.0,14.0,0.875,466464.0,149533536.0,150000000.0,0.00310976,80832.0,0.0080832,3
DIO_Flood_seed1003_600s,DIO_Flood,1003,490,500,attack,attack,DIO_Flood,dio_flood,none,1,0,1.0,16.0,15.0,0.0,0.0,14.0,14.0,14,14,14,1.0,1.0,160.28571428571428,188.5,276.2,336.0,91.7952810681117,103.33333333333333,4.83538544285276,112.6,486.8666666666667,4.8,-73.6,0.0,112.0,-77.0,0.0,47.0,44.0,82.0,0.9361702127659575,15,0,16.0,14.0,15.0,0.875,533448.0,149471440.0,150004888.0,0.0035562041151619007,78800.0,0.00788,3
DIO_Flood_seed1003_600s,DIO_Flood,1003,500,510,attack,attack,DIO_Flood,dio_flood,none,1,0,1.0,14.0,15.0,0.0,0.0,16.0,16.0,16,16,16,1.0,1.0,147.625,138.5,274.25,287.0,76.66800723465646,103.6,5.666946771788643,112.99999999999999,486.46666666666664,4.8,-73.6,0.0,109.0,-77.0,0.0,40.0,38.0,79.0,0.95,15,0,17.0,16.0,16.0,0.9411764705882353,435240.0,149559872.0,149995112.0,0.002901694556553283,85040.0,0.008504,3
DIO_Flood_seed1003_600s,DIO_Flood,1003,510,520,attack,attack,DIO_Flood,dio_flood,none,1,0,1.0,16.0,15.0,0.0,0.0,16.0,16.0,13,13,13,1.0,1.0,140.84615384615384,134.0,288.4,298.0,93.42898029505812,104.13333333333334,6.045856511064494,112.89999999999999,487.8666666666667,4.8,-73.6,0.0,106.0,-77.0,0.0,44.0,41.0,81.0,0.9318181818181818,15,0,16.0,16.0,16.0,1.0,498032.0,149501968.0,150000000.0,0.0033202133333333334,80896.0,0.0080896,3
DIO_Flood_seed1003_600s,DIO_Flood,1003,520,530,attack,attack,DIO_Flood,dio_flood,none,1,0,1.0,13.0,14.0,0.0,0.0,14.0,14.0,16,16,16,1.0,1.0,159.875,164.5,282.75,288.0,86.68784997526083,103.13333333333334,4.2403953095144775,110.19999999999999,488.0,4.8,-73.6,0.0,105.0,-77.0,0.0,41.0,40.0,78.0,0.975609756097561,15,0,13.0,13.0,14.0,1.0,479560.0,149520440.0,150000000.0,0.0031970666666666665,67264.0,0.0067264,3
DIO_Flood_seed1004_600s,DIO_Flood,1004,190,200,attack,attack,DIO_Flood,dio_flood,none,1,0,1.0,15.0,16.0,0.0,0.0,16.0,16.0,15,15,15,1.0,1.0,151.2,157.0,297.5999999999999,369.0,100.32817578897195,108.8,12.060561465252887,128.89999999999998,493.8,4.8,-72.33333333333333,0.0,105.0,-77.0,0.0,43.0,42.0,61.0,0.9767441860465116,15,0,16.0,16.0,16.0,1.0,492040.0,149507960.0,150000000.0,0.0032802666666666667,81736.0,0.0081736,4
DIO_Flood_seed1004_600s,DIO_Flood,1004,200,210,attack,attack,DIO_Flood,dio_flood,none,1,0,1.0,15.0,15.0,0.0,0.0,14.0,14.0,15,15,15,1.0,1.0,132.93333333333334,113.0,241.29999999999995,263.0,70.23782727955343,109.06666666666666,10.457168878447979,125.99999999999997,494.06666666666666,4.8,-72.33333333333333,0.0,105.0,-77.0,0.0,43.0,40.0,58.0,0.9302325581395349,15,0,15.0,14.0,14.0,0.9333333333333333,472584.0,149527416.0,150000000.0,0.00315056,74784.0,0.0074784,4
DIO_Flood_seed1004_600s,DIO_Flood,1004,210,220,attack,attack,DIO_Flood,dio_flood,none,1,0,1.0,15.0,15.0,0.0,0.0,16.0,16.0,15,15,15,1.0,1.0,133.73333333333332,134.0,244.0,244.0,69.17520888157493,107.66666666666667,9.324826054805577,122.39999999999998,492.3333333333333,4.8,-72.33333333333333,0.0,104.0,-77.0,0.0,41.0,40.0,60.0,0.975609756097561,15,0,16.0,16.0,16.0,1.0,455704.0,149544296.0,150000000.0,0.003038026666666667,80480.0,0.008048,4
DIO_Flood_seed1004_600s,DIO_Flood,1004,220,230,attack,attack,DIO_Flood,dio_flood,none,1,0,1.0,16.0,16.0,0.0,0.0,16.0,16.0,16,16,16,1.0,1.0,151.8125,119.0,314.75,380.0,97.48792660290468,107.13333333333334,8.01664934163062,119.79999999999998,492.46666666666664,4.8,-72.33333333333333,0.0,106.0,-77.0,0.0,47.0,44.0,65.0,0.9361702127659575,15,0,17.0,16.0,16.0,0.9411764705882353,512008.0,149487992.0,150000000.0,0.0034133866666666668,87400.0,0.00874,4
DIO_Flood_seed1004_600s,DIO_Flood,1004,230,240,attack,attack,DIO_Flood,dio_flood,none,1,0,1.0,17.0,17.0,0.0,0.0,16.0,16.0,17,17,17,1.0,1.0,132.7058823529412,150.0,247.39999999999998,257.0,77.97256304774966,107.2,8.595679978088661,122.39999999999999,492.6666666666667,4.8,-72.33333333333333,0.0,107.0,-77.0,0.0,49.0,45.0,63.0,0.9183673469387755,15,0,17.0,16.0,16.0,0.9411764705882353,527824.0,149472176.0,150000000.0,0.003518826666666667,86728.0,0.0086728,4
DIO_Flood_seed1004_600s,DIO_Flood,1004,240,250,attack,attack,DIO_Flood,dio_flood,none,1,0,1.0,15.0,15.0,0.0,0.0,15.0,15.0,15,15,15,1.0,1.0,140.86666666666667,111.0,269.8999999999999,335.0,85.6503412274636,106.53333333333333,8.288259050924875,122.89999999999999,492.1333333333333,4.8,-72.33333333333333,0.0,105.0,-77.0,0.0,44.0,42.0,67.0,0.9545454545454546,15,0,15.0,15.0,15.0,1.0,489960.0,149510040.0,150000000.0,0.0032664,80920.0,0.008092,4
DIO_Flood_seed1004_600s,DIO_Flood,1004,250,260,attack,attack,DIO_Flood,dio_flood,none,1,0,1.0,13.0,13.0,0.0,0.0,14.0,14.0,13,13,13,1.0,1.0,116.92307692307692,98.0,211.39999999999998,215.0,68.91959268894627,105.4,7.854025355555855,122.0,489.8,4.8,-72.33333333333333,0.0,104.0,-77.0,0.0,36.0,36.0,61.0,1.0,15,0,13.0,13.0,18.0,1.0,446328.0,149553672.0,150000000.0,0.00297552,66464.0,0.0066464,4
DIO_Flood_seed1004_600s,DIO_Flood,1004,260,270,attack,attack,DIO_Flood,dio_flood,none,1,0,1.0,16.0,15.0,0.0,0.0,15.0,15.0,14,14,14,1.0,1.0,143.0,119.5,303.75,346.0,96.92741138049172,106.26666666666667,8.843614860990035,122.1,490.93333333333334,4.8,-72.33333333333333,0.0,105.0,-77.0,0.0,45.0,42.0,61.0,0.9333333333333333,15,0,18.0,16.0,15.0,0.8888888888888888,500688.0,149499312.0,150000000.0,0.00333792,88248.0,0.0088248,4
DIO_Flood_seed1004_600s,DIO_Flood,1004,270,280,attack,attack,DIO_Flood,dio_flood,none,1,0,1.0,14.0,15.0,0.0,0.0,15.0,15.0,16,16,16,1.0,1.0,155.8125,160.5,274.5,312.0,87.25458440678061,105.4,7.725653000602233,119.1,488.1333333333333,4.8,-72.33333333333333,0.0,107.0,-77.0,0.0,40.0,40.0,63.0,1.0,15,0,17.0,15.0,15.0,0.8823529411764706,465672.0,149534328.0,150000000.0,0.00310448,83536.0,0.0083536,4
DIO_Flood_seed1004_600s,DIO_Flood,1004,280,290,attack,attack,DIO_Flood,dio_flood,none,1,0,1.0,15.0,15.0,0.0,0.0,15.0,15.0,15,15,15,1.0,1.0,152.66666666666666,170.0,266.69999999999993,294.0,77.45105981629087,105.53333333333333,6.4792709760398495,116.8,488.8666666666667,4.8,-72.33333333333333,0.0,105.0,-77.0,0.0,43.0,41.0,59.0,0.9534883720930233,15,0,15.0,15.0,15.0,1.0,497928.0,149502072.0,150000000.0,0.00331952,75880.0,0.007588,4
DIO_Flood_seed1004_600s,DIO_Flood,1004,290,300,attack,attack,DIO_Flood,dio_flood,none,1,0,1.0,17.0,17.0,0.0,0.0,15.0,15.0,16,16,16,1.0,1.0,140.4375,136.0,253.25,290.0,67.10982913602646,105.6,8.087026647662292,121.39999999999999,488.93333333333334,4.8,-72.33333333333333,0.0,106.0,-77.0,0.0,45.0,43.0,64.0,0.9555555555555556,15,0,16.0,15.0,15.0,0.9375,499928.0,149500072.0,150000000.0,0.0033328533333333334,79096.0,0.0079096,4
DIO_Flood_seed1004_600s,DIO_Flood,1004,300,310,attack,attack,DIO_Flood,dio_flood,none,1,0,1.0,16.0,16.0,0.0,0.0,18.0,18.0,17,17,17,1.0,1.0,146.47058823529412,159.0,253.99999999999997,278.0,74.66853223334682,105.0,6.80336051416609,116.89999999999999,489.0,4.8,-72.33333333333333,0.0,104.0,-77.0,0.0,47.0,46.0,65.0,0.9787234042553191,15,0,18.0,18.0,18.0,1.0,519472.0,149485704.0,150005176.0,0.0034630271691424835,91248.0,0.0091248,4
DIO_Flood_seed1004_600s,DIO_Flood,1004,310,320,attack,attack,DIO_Flood,dio_flood,none,1,0,1.0,15.0,13.0,0.0,0.0,15.0,15.0,15,15,15,1.0,1.0,140.66666666666666,138.0,247.1,259.0,69.1743828168726,104.06666666666666,5.470265946351194,114.0,487.3333333333333,4.8,-72.33333333333333,0.0,103.0,-77.0,0.0,39.0,39.0,57.0,1.0,15,0,15.0,15.0,15.0,1.0,449680.0,149545144.0,149994824.0,0.0029979701166221577,75624.0,0.0075624,4
DIO_Flood_seed1004_600s,DIO_Flood,1004,320,330,attack,attack,DIO_Flood,dio_flood,none,1,0,1.0,14.0,15.0,0.0,0.0,14.0,14.0,15,15,15,1.0,1.0,131.53333333333333,135.0,217.2,234.0,67.93680536947204,103.66666666666667,4.561745697594706,111.6,486.4,4.8,-72.33333333333333,0.0,102.0,-77.0,0.0,40.0,39.0,59.0,0.975,15,0,14.0,14.0,14.0,1.0,466112.0,149533888.0,150000000.0,0.0031074133333333334,70768.0,0.0070768,4
DIO_Flood_seed1004_600s,DIO_Flood,1004,330,340,attack,attack,DIO_Flood,dio_flood,none,1,0,1.0,14.0,15.0,0.0,0.0,14.0,14.0,13,13,13,1.0,1.0,134.30769230769232,119.0,265.4,281.0,86.7999468273499,102.66666666666667,3.829708431025353,109.6,485.2,4.8,-72.33333333333333,0.0,103.0,-77.0,0.0,37.0,37.0,58.0,1.0,15,0,16.0,14.0,14.0,0.875,417408.0,149583480.0,150000888.0,0.0027827035263951238,80512.0,0.0080512,4
DIO_Flood_seed1004_600s,DIO_Flood,1004,340,350,attack,attack,DIO_Flood,dio_flood,none,1,0,1.0,17.0,16.0,0.0,0.0,16.0,16.0,17,17,17,1.0,1.0,141.64705882352942,134.0,254.2,263.0,80.14123562223647,102.73333333333333,4.463609472591607,110.8,486.06666666666666,4.8,-72.33333333333333,0.0,101.0,-77.0,0.0,48.0,47.0,65.0,0.9791666666666666,15,0,16.0,16.0,16.0,1.0,535664.0,149463448.0,149999112.0,0.0035711144743310213,81536.0,0.0081536,4
DIO_Flood_seed1004_600s,DIO_Flood,1004,350,360,attack,attack,DIO_Flood,dio_flood,none,1,0,1.0,15.0,16.0,0.0,0.0,16.0,16.0,16,16,16,1.0,1.0,154.5,159.0,277.75,304.0,91.62532401034115,102.86666666666666,3.997618338580158,109.89999999999999,485.8666666666667,4.8,-72.33333333333333,0.0,101.0,-77.0,0.0,42.0,41.0,62.0,0.9761904761904762,15,0,16.0,16.0,16.0,1.0,477416.0,149522584.0,150000000.0,0.0031827733333333334,81736.0,0.0081736,4
DIO_Flood_seed1004_600s,DIO_Flood,1004,360,370,attack,attack,DIO_Flood,dio_flood,none,1,0,1.0,15.0,15.0,0.0,0.0,15.0,15.0,15,15,15,1.0,1.0,142.53333333333333,152.0,257.8999999999999,295.0,69.07745824865908,102.33333333333333,3.28778402720188,108.3,484.8,4.8,-72.33333333333333,0.0,101.0,-77.0,0.0,41.0,41.0,61.0,1.0,15,0,15.0,15.0,15.0,1.0,469072.0,149530928.0,150000000.0,0.0031271466666666667,75880.0,0.007588,4
DIO_Flood_seed1004_600s,DIO_Flood,1004,370,380,attack,attack,DIO_Flood,dio_flood,none,1,0,1.0,15.0,15.0,0.0,0.0,15.0,15.0,15,15,15,1.0,1.0,163.66666666666666,178.0,297.5,315.0,100.67959551160779,102.33333333333333,3.1773004414499577,107.6,484.73333333333335,4.8,-72.33333333333333,0.0,101.0,-77.0,0.0,42.0,41.0,60.0,0.9761904761904762,15,0,15.0,15.0,15.0,1.0,465144.0,149534856.0,150000000.0,0.00310096,76880.0,0.007688,4
DIO_Flood_seed1004_600s,DIO_Flood,1004,380,390,attack,attack,DIO_Flood,dio_flood,none,1,0,1.0,15.0,15.0,0.0,0.0,15.0,15.0,15,15,15,1.0,1.0,164.66666666666666,175.0,316.59999999999997,346.0,95.00877152487904,102.4,4.436858605558023,108.99999999999999,484.6666666666667,4.8,-72.33333333333333,0.0,100.0,-77.0,0.0,42.0,41.0,61.0,0.9761904761904762,15,0,15.0,15.0,15.0,1.0,493696.0,149506304.0,150000000.0,0.0032913066666666667,75880.0,0.007588,4
DIO_Flood_seed1004_600s,DIO_Flood,1004,390,400,attack,attack,DIO_Flood,dio_flood,none,1,0,1.0,14.0,14.0,0.0,0.0,14.0,14.0,14,14,14,1.0,1.0,144.07142857142858,130.0,287.75,304.0,96.69656288992527,101.86666666666666,3.758165712659505,107.69999999999999,483.93333333333334,4.8,-72.33333333333333,0.0,102.0,-77.0,0.0,39.0,39.0,58.0,1.0,15,0,15.0,14.0,14.0,0.9333333333333333,436400.0,149563600.0,150000000.0,0.002909333333333333,75072.0,0.0075072,4
DIO_Flood_seed1004_600s,DIO_Flood,1004,400,410,attack,attack,DIO_Flood,dio_flood,none,1,0,1.0,15.0,15.0,0.0,0.0,15.0,15.0,15,15,15,1.0,1.0,141.86666666666667,115.0,273.59999999999997,296.0,87.3661152577937,101.6,3.4599752269963684,107.39999999999999,483.2,4.8,-72.33333333333333,0.0,100.0,-77.0,0.0,41.0,41.0,60.0,1.0,15,0,15.0,15.0,15.0,1.0,474928.0,149525072.0,150000000.0,0.003166186666666667,75880.0,0.007588,4
DIO_Flood_seed1004_600s,DIO_Flood,1004,410,420,attack,attack,DIO_Flood,dio_flood,none,1,0,1.0,15.0,15.0,0.0,0.0,15.0,15.0,15,15,15,1.0,1.0,135.2,142.0,278.99999999999994,307.0,83.46359343193551,101.06666666666666,2.9390636669006063,106.1,482.53333333333336,4.8,-72.33333333333333,0.0,100.0,-77.0,0.0,40.0,40.0,59.0,1.0,15,0,15.0,15.0,15.0,1.0,460392.0,149539608.0,150000000.0,0.00306928,75880.0,0.007588,4
DIO_Flood_seed1004_600s,DIO_Flood,1004,420,430,attack,attack,DIO_Flood,dio_flood,none,1,0,1.0,15.0,15.0,0.0,0.0,15.0,15.0,15,15,15,1.0,1.0,156.46666666666667,141.0,270.2,280.0,74.74802115552403,100.8,2.396425910153941,104.8,482.26666666666665,4.8,-72.33333333333333,0.0,102.0,-77.0,0.0,41.0,41.0,61.0,1.0,15,0,16.0,15.0,15.0,0.9375,472240.0,149527760.0,150000000.0,0.0031482666666666666,80784.0,0.0080784,4
DIO_Flood_seed1004_600s,DIO_Flood,1004,430,440,attack,attack,DIO_Flood,dio_flood,none,1,0,1.0,16.0,16.0,0.0,0.0,16.0,16.0,15,15,15,1.0,1.0,120.2,113.0,230.09999999999994,263.0,73.82430881104524,101.0,2.3603873774083293,105.89999999999999,482.46666666666664,4.8,-72.33333333333333,0.0,100.0,-77.0,0.0,43.0,42.0,61.0,0.9767441860465116,15,0,16.0,16.0,16.0,1.0,478360.0,149521640.0,150000000.0,0.0031890666666666667,80480.0,0.008048,4
DIO_Flood_seed1004_600s,DIO_Flood,1004,440,450,attack,attack,DIO_Flood,dio_flood,none,1,0,1.0,15.0,15.0,0.0,0.0,15.0,15.0,16,16,16,1.0,1.0,141.1875,134.5,277.25,317.0,88.77628718676326,101.73333333333333,3.3051186852834085,108.3,483.4,4.8,-72.33333333333333,0.0,100.0,-77.0,0.0,44.0,42.0,66.0,0.9545454545454546,15,0,15.0,15.0,15.0,1.0,480608.0,149519392.0,150000000.0,0.0032040533333333333,80920.0,0.008092,4
DIO_Flood_seed1004_600s,DIO_Flood,1004,450,460,attack,attack,DIO_Flood,dio_flood,none,1,0,1.0,15.0,15.0,0.0,0.0,15.0,15.0,15,15,15,1.0,1.0,143.6,141.0,265.4,278.0,81.53596927561654,102.13333333333334,4.549201918494946,110.39999999999999,483.8666666666667,4.8,-72.33333333333333,0.0,101.0,-77.0,0.0,42.0,40.0,60.0,0.9523809523809523,15,0,16.0,15.0,15.0,0.9375,465312.0,149534688.0,150000000.0,0.00310208,81280.0,0.008128,4
DIO_Flood_seed1004_600s,DIO_Flood,1004,460,470,attack,attack,DIO_Flood,dio_flood,none,1,0,1.0,15.0,14.0,0.0,0.0,15.0,15.0,13,13,13,1.0,1.0,130.92307692307693,106.0,255.19999999999996,275.0,86.55100763755972,101.6,3.699420804087348,108.1,483.26666666666665,4.8,-72.33333333333333,0.0,100.0,-77.0,0.0,43.0,43.0,61.0,1.0,15,0,15.0,15.0,15.0,1.0,470520.0,149531368.0,150001888.0,0.0031367605186409385,75880.0,0.007588,4
DIO_Flood_seed1004_600s,DIO_Flood,1004,470,480,attack,attack,DIO_Flood,dio_flood,none,1,0,1.0,16.0,17.0,0.0,0.0,16.0,16.0,18,18,18,1.0,1.0,155.88888888888889,156.0,275.3999999999999,323.0,83.73198762500498,101.26666666666667,2.7637104114026196,106.19999999999999,482.8,4.8,-72.33333333333333,0.0,100.0,-77.0,0.0,42.0,42.0,64.0,1.0,15,0,16.0,16.0,16.0,1.0,486024.0,149512088.0,149998112.0,0.003240200783327193,80992.0,0.0080992,4
DIO_Flood_seed1004_600s,DIO_Flood,1004,480,490,attack,attack,DIO_Flood,dio_flood,none,1,0,1.0,15.0,15.0,0.0,0.0,15.0,15.0,14,14,14,1.0,1.0,151.57142857142858,156.5,238.2,246.0,75.4776729959206,100.93333333333334,2.0862360730226466,104.89999999999999,482.6666666666667,4.8,-72.33333333333333,0.0,104.0,-77.0,0.0,41.0,41.0,63.0,1.0,15,0,17.0,15.0,15.0,0.8823529411764706,508440.0,149491560.0,150000000.0,0.0033896,82704.0,0.0082704,4
DIO_Flood_seed1004_600s,DIO_Flood,1004,490,500,attack,attack,DIO_Flood,dio_flood,none,1,0,1.0,15.0,15.0,0.0,0.0,15.0,15.0,14,14,14,1.0,1.0,167.92857142857142,142.5,346.54999999999995,407.0,109.53289936798005,102.53333333333333,3.2263793654069586,107.6,484.6,4.8,-72.33333333333333,0.0,104.0,-77.0,0.0,45.0,41.0,61.0,0.9111111111111111,15,0,16.0,15.0,15.0,0.9375,504056.0,149495944.0,150000000.0,0.0033603733333333334,81608.0,0.0081608,4
DIO_Flood_seed1004_600s,DIO_Flood,1004,500,510,attack,attack,DIO_Flood,dio_flood,none,1,0,1.0,16.0,15.0,0.0,0.0,15.0,15.0,16,16,16,1.0,1.0,130.8125,120.5,236.75,254.0,72.52697773932125,101.33333333333333,2.126924898488314,105.3,484.26666666666665,4.8,-72.33333333333333,0.0,103.0,-77.0,0.0,42.0,42.0,64.0,1.0,15,0,14.0,14.0,16.0,1.0,474616.0,149525384.0,150000000.0,0.0031641066666666666,72376.0,0.0072376,4
DIO_Flood_seed1004_600s,DIO_Flood,1004,510,520,attack,attack,DIO_Flood,dio_flood,none,1,0,1.0,14.0,15.0,0.0,0.0,15.0,15.0,15,15,15,1.0,1.0,150.0,141.0,231.29999999999998,239.0,64.49030934954492,101.6,2.557900925144902,105.5,484.3333333333333,4.8,-72.33333333333333,0.0,104.0,-77.0,0.0,42.0,40.0,62.0,0.9523809523809523,15,0,17.0,16.0,16.0,0.9411764705882353,469704.0,149530296.0,150000000.0,0.00313136,81928.0,0.0081928,4
DIO_Flood_seed1004_600s,DIO_Flood,1004,520,530,attack,attack,DIO_Flood,dio_flood,none,1,0,1.0,15.0,15.0,0.0,0.0,15.0,15.0,16,16,16,1.0,1.0,131.375,103.5,302.5,337.0,89.93766359725682,100.86666666666666,2.0655911179772892,103.8,483.4,4.8,-72.33333333333333,0.0,102.0,-77.0,0.0,41.0,41.0,61.0,1.0,15,0,15.0,15.0,16.0,1.0,509416.0,149490584.0,150000000.0,0.0033961066666666666,75880.0,0.007588,4
DIO_Flood_seed1005_600s,DIO_Flood,1005,190,200,attack,attack,DIO_Flood,dio_flood,none,1,0,1.0,15.0,15.0,0.0,0.0,15.0,15.0,15,15,15,1.0,1.0,166.73333333333332,168.0,328.3999999999999,369.0,102.56528698949805,109.33333333333333,12.954131534360911,133.6,491.6,4.8,-71.8,0.0,107.0,-77.0,0.0,48.0,41.0,60.0,0.8541666666666666,15,0,17.0,15.0,15.0,0.8823529411764706,503448.0,149496552.0,150000000.0,0.00335632,85296.0,0.0085296,5
DIO_Flood_seed1005_600s,DIO_Flood,1005,200,210,attack,attack,DIO_Flood,dio_flood,none,1,0,1.0,14.0,14.0,0.0,0.0,15.0,15.0,15,15,15,1.0,1.0,150.0,139.0,256.9,259.0,72.01388754955533,108.26666666666667,11.804760944313145,130.29999999999998,490.2,4.8,-71.8,0.0,106.0,-77.0,0.0,38.0,37.0,56.0,0.9736842105263158,15,0,16.0,15.0,15.0,0.9375,417400.0,149582600.0,150000000.0,0.002782666666666667,79896.0,0.0079896,5
DIO_Flood_seed1005_600s,DIO_Flood,1005,210,220,attack,attack,DIO_Flood,dio_flood,none,1,0,1.0,15.0,15.0,0.0,0.0,15.0,15.0,15,15,15,1.0,1.0,166.13333333333333,150.0,329.9,360.0,104.01639064978905,107.86666666666666,10.702914600816964,126.29999999999998,488.8666666666667,4.8,-71.8,0.0,105.0,-77.0,0.0,43.0,41.0,66.0,0.9534883720930233,15,0,16.0,15.0,17.0,0.9375,508816.0,149491184.0,150000000.0,0.0033921066666666665,84936.0,0.0084936,5
DIO_Flood_seed1005_600s,DIO_Flood,1005,220,230,attack,attack,DIO_Flood,dio_flood,none,1,0,1.0,15.0,15.0,0.0,0.0,15.0,15.0,15,15,15,1.0,1.0,141.2,163.0,243.39999999999992,291.0,85.21502214985335,107.46666666666667,9.171903266160712,123.69999999999999,488.3333333333333,4.8,-71.8,0.0,103.0,-77.0,0.0,43.0,41.0,59.0,0.9534883720930233,15,0,15.0,15.0,16.0,1.0,490064.0,149509936.0,150000000.0,0.003267093333333333,75880.0,0.007588,5
DIO_Flood_seed1005_600s,DIO_Flood,1005,230,240,attack,attack,DIO_Flood,dio_flood,none,1,0,1.0,15.0,15.0,0.0,0.0,15.0,15.0,15,15,15,1.0,1.0,126.46666666666667,121.0,244.09999999999997,270.0,76.1876130414412,106.2,8.247943466620722,121.39999999999999,486.6666666666667,4.8,-71.8,0.0,101.0,-77.0,0.0,41.0,41.0,61.0,1.0,15,0,15.0,15.0,15.0,1.0,470032.0,149529968.0,150000000.0,0.003133546666666667,75880.0,0.007588,5
DIO_Flood_seed1005_600s,DIO_Flood,1005,240,250,attack,attack,DIO_Flood,dio_flood,none,1,0,1.0,16.0,16.0,0.0,0.0,15.0,15.0,15,15,15,1.0,1.0,136.93333333333334,131.0,256.4,276.0,81.33130364368293,106.26666666666667,8.622782668743364,124.19999999999999,487.26666666666665,4.8,-71.8,0.0,101.0,-77.0,0.0,44.0,42.0,63.0,0.9545454545454546,15,0,15.0,15.0,15.0,1.0,474008.0,149525992.0,150000000.0,0.0031600533333333335,75880.0,0.007588,5
DIO_Flood_seed1005_600s,DIO_Flood,1005,250,260,attack,attack,DIO_Flood,dio_flood,none,1,0,1.0,15.0,15.0,0.0,0.0,16.0,16.0,16,16,16,1.0,1.0,159.875,115.0,379.75,397.0,119.21626007666347,108.33333333333333,8.591246929842246,122.3,490.3333333333333,4.8,-71.8,0.0,112.0,-77.0,0.0,48.0,41.0,62.0,0.8541666666666666,15,0,22.0,16.0,17.0,0.7272727272727273,521920.0,149478080.0,150000000.0,0.003479466666666667,103784.0,0.0103784,5
DIO_Flood_seed1005_600s,DIO_Flood,1005,260,270,attack,attack,DIO_Flood,dio_flood,none,1,0,1.0,15.0,15.0,0.0,0.0,15.0,15.0,15,15,15,1.0,1.0,131.13333333333333,136.0,227.79999999999998,232.0,71.93734045946482,107.93333333333334,6.551626479265247,119.6,492.8666666666667,4.8,-71.8,0.0,110.0,-77.0,0.0,45.0,41.0,64.0,0.9111111111111111,15,0,16.0,15.0,15.0,0.9375,492480.0,149507520.0,150000000.0,0.0032832,80480.0,0.008048,5
DIO_Flood_seed1005_600s,DIO_Flood,1005,270,280,attack,attack,DIO_Flood,dio_flood,none,1,0,1.0,16.0,16.0,0.0,0.0,15.0,15.0,15,15,15,1.0,1.0,152.13333333333333,148.0,250.79999999999995,283.0,71.92542434123462,107.8,6.678323142825599,116.89999999999999,492.6,4.8,-71.8,0.0,110.0,-77.0,0.0,48.0,44.0,64.0,0.9166666666666666,15,0,17.0,15.0,15.0,0.8823529411764706,526568.0,149473432.0,150000000.0,0.0035104533333333333,82888.0,0.0082888,5
DIO_Flood_seed1005_600s,DIO_Flood,1005,280,290,attack,attack,DIO_Flood,dio_flood,none,1,0,1.0,15.0,15.0,0.0,0.0,15.0,15.0,15,15,15,1.0,1.0,157.2,171.0,251.79999999999995,291.0,78.22330672047632,106.46666666666667,6.642575518863864,117.5,491.6,4.8,-71.8,0.0,115.0,-77.0,0.0,45.0,43.0,64.0,0.9555555555555556,15,0,19.0,15.0,15.0,0.7894736842105263,518232.0,149481768.0,150000000.0,0.00345488,90984.0,0.0090984,5
DIO_Flood_seed1005_600s,DIO_Flood,1005,290,300,attack,attack,DIO_Flood,dio_flood,none,1,0,1.0,15.0,15.0,0.0,0.0,15.0,15.0,15,15,15,1.0,1.0,152.66666666666666,154.0,264.4,291.0,72.16515449861882,105.8,5.518799041199349,114.6,490.46666666666664,4.8,-71.8,0.0,113.0,-77.0,0.0,43.0,41.0,61.0,0.9534883720930233,15,0,17.0,15.0,15.0,0.8823529411764706,467888.0,149532112.0,150000000.0,0.0031192533333333334,81968.0,0.0081968,5
DIO_Flood_seed1005_600s,DIO_Flood,1005,300,310,attack,attack,DIO_Flood,dio_flood,none,1,0,1.0,15.0,15.0,0.0,0.0,16.0,16.0,16,16,16,1.0,1.0,147.5,143.5,251.25,276.0,80.88263101556478,104.2,4.783901575671711,113.0,488.2,4.8,-71.8,0.0,108.0,-77.0,0.0,41.0,41.0,61.0,1.0,15,0,17.0,16.0,16.0,0.9411764705882353,475232.0,149524768.0,150000000.0,0.003168213333333333,88976.0,0.0088976,5
DIO_Flood_seed1005_600s,DIO_Flood,1005,310,320,attack,attack,DIO_Flood,dio_flood,none,1,0,1.0,15.0,15.0,0.0,0.0,15.0,15.0,15,15,15,1.0,1.0,141.8,142.0,247.6,249.0,75.6846842404157,104.8,4.723799923185329,111.89999999999999,489.06666666666666,4.8,-71.8,0.0,104.0,-77.0,0.0,45.0,41.0,57.0,0.9111111111111111,15,0,15.0,15.0,15.0,1.0,515616.0,149484384.0,150000000.0,0.00343744,76056.0,0.0076056,5
DIO_Flood_seed1005_600s,DIO_Flood,1005,320,330,attack,attack,DIO_Flood,dio_flood,none,1,0,1.0,15.0,15.0,0.0,0.0,15.0,15.0,15,15,15,1.0,1.0,132.66666666666666,142.0,274.09999999999997,293.0,76.37002653123118,103.2,3.549647869859769,109.0,487.0,4.8,-71.8,0.0,102.0,-77.0,0.0,41.0,41.0,61.0,1.0,15,0,15.0,15.0,15.0,1.0,463136.0,149536864.0,150000000.0,0.0030875733333333333,76880.0,0.007688,5
DIO_Flood_seed1005_600s,DIO_Flood,1005,330,340,attack,attack,DIO_Flood,dio_flood,none,1,0,1.0,15.0,15.0,0.0,0.0,14.0,14.0,14,14,14,1.0,1.0,127.42857142857143,137.0,212.25,222.0,62.181761221208816,102.8,3.2776298056457116,108.0,486.3333333333333,4.8,-71.8,0.0,103.0,-77.0,0.0,42.0,41.0,60.0,0.9761904761904762,15,0,15.0,14.0,14.0,0.9333333333333333,466128.0,149533872.0,150000000.0,0.00310752,73984.0,0.0073984,5
DIO_Flood_seed1005_600s,DIO_Flood,1005,340,350,attack,attack,DIO_Flood,dio_flood,none,1,0,1.0,15.0,15.0,0.0,0.0,15.0,15.0,15,15,15,1.0,1.0,134.66666666666666,138.0,249.5,253.0,74.58999039191966,102.06666666666666,2.6040261866871424,106.3,485.46666666666664,4.8,-71.8,0.0,101.0,-77.0,0.0,41.0,41.0,61.0,1.0,15,0,15.0,15.0,15.0,1.0,450832.0,149549168.0,150000000.0,0.0030055466666666667,75880.0,0.007588,5
DIO_Flood_seed1005_600s,DIO_Flood,1005,350,360,attack,attack,DIO_Flood,dio_flood,none,1,0,1.0,15.0,15.0,0.0,0.0,14.0,14.0,14,14,14,1.0,1.0,140.14285714285714,124.0,289.0,315.0,88.97005299352321,102.06666666666666,4.1656189158852435,108.29999999999998,485.46666666666664,4.8,-71.8,0.0,105.0,-77.0,0.0,39.0,38.0,57.0,0.9743589743589743,15,0,17.0,14.0,14.0,0.8235294117647058,420624.0,149579376.0,150000000.0,0.00280416,81264.0,0.0081264,5
DIO_Flood_seed1005_600s,DIO_Flood,1005,360,370,attack,attack,DIO_Flood,dio_flood,none,1,0,1.0,16.0,15.0,0.0,0.0,15.0,15.0,15,15,15,1.0,1.0,133.93333333333334,124.0,284.7,298.0,86.68371627166584,103.4,5.096217084409629,113.3,487.0,4.8,-71.8,0.0,104.0,-77.0,0.0,48.0,45.0,61.0,0.9375,15,0,16.0,15.0,15.0,0.9375,498304.0,149501696.0,150000000.0,0.003322026666666667,79640.0,0.007964,5
DIO_Flood_seed1005_600s,DIO_Flood,1005,370,380,attack,attack,DIO_Flood,dio_flood,none,1,0,1.0,16.0,14.0,0.0,0.0,15.0,15.0,15,15,15,1.0,1.0,154.46666666666667,127.0,344.1999999999999,410.0,101.43179740007332,103.2,4.5229573132125465,111.6,486.8666666666667,4.8,-71.8,0.0,102.0,-77.0,0.0,39.0,38.0,57.0,0.9743589743589743,15,0,15.0,15.0,15.0,1.0,434920.0,149565080.0,150000000.0,0.0028994666666666666,74920.0,0.007492,5
DIO_Flood_seed1005_600s,DIO_Flood,1005,380,390,attack,attack,DIO_Flood,dio_flood,none,1,0,1.0,12.0,15.0,0.0,0.0,15.0,15.0,15,15,15,1.0,1.0,139.13333333333333,145.0,246.69999999999993,295.0,85.27507311775285,102.4,3.6015869518072963,109.6,485.93333333333334,4.8,-71.8,0.0,101.0,-77.0,0.0,35.0,35.0,58.0,1.0,15,0,15.0,15.0,15.0,1.0,443848.0,149558096.0,150001944.0,0.0029589483186964563,75880.0,0.007588,5
DIO_Flood_seed1005_600s,DIO_Flood,1005,390,400,attack,attack,DIO_Flood,dio_flood,none,1,0,1.0,15.0,15.0,0.0,0.0,15.0,15.0,15,15,15,1.0,1.0,141.26666666666668,126.0,258.2,261.0,80.5591767111665,101.66666666666667,3.0394235042348474,108.3,484.93333333333334,4.8,-71.8,0.0,101.0,-77.0,0.0,43.0,43.0,61.0,1.0,15,0,15.0,15.0,15.0,1.0,473384.0,149524672.0,149998056.0,0.003155934234241009,75880.0,0.007588,5
DIO_Flood_seed1005_600s,DIO_Flood,1005,400,410,attack,attack,DIO_Flood,dio_flood,none,1,0,1.0,16.0,15.0,0.0,0.0,15.0,15.0,15,15,15,1.0,1.0,139.13333333333333,137.0,229.5,233.0,70.77213602891493,101.86666666666666,3.642343567906063,108.89999999999999,485.2,4.8,-71.8,0.0,102.0,-77.0,0.0,45.0,44.0,62.0,0.9777777777777777,15,0,16.0,15.0,15.0,0.9375,509800.0,149490200.0,150000000.0,0.0033986666666666666,79640.0,0.007964,5
DIO_Flood_seed1005_600s,DIO_Flood,1005,410,420,attack,attack,DIO_Flood,dio_flood,none,1,0,1.0,14.0,15.0,0.0,0.0,16.0,16.0,16,16,16,1.0,1.0,141.875,143.5,241.25,263.0,76.38924444361697,101.93333333333334,3.150207854064478,107.6,485.3333333333333,4.8,-71.8,0.0,101.0,-77.0,0.0,40.0,39.0,61.0,0.975,15,0,16.0,16.0,16.0,1.0,465048.0,149534952.0,150000000.0,0.00310032,81536.0,0.0081536,5
DIO_Flood_seed1005_600s,DIO_Flood,1005,420,430,attack,attack,DIO_Flood,dio_flood,none,1,0,1.0,15.0,15.0,0.0,0.0,14.0,14.0,14,14,14,1.0,1.0,141.92857142857142,140.5,258.4,326.0,86.8946880608177,101.4,2.4727081741050068,106.3,484.6,4.8,-71.8,0.0,101.0,-77.0,0.0,40.0,40.0,59.0,1.0,15,0,14.0,14.0,14.0,1.0,444728.0,149555272.0,150000000.0,0.0029648533333333335,70224.0,0.0070224,5
DIO_Flood_seed1005_600s,DIO_Flood,1005,430,440,attack,attack,DIO_Flood,dio_flood,none,1,0,1.0,15.0,15.0,0.0,0.0,15.0,15.0,15,15,15,1.0,1.0,136.2,113.0,230.69999999999996,258.0,64.65424524786773,101.4,2.4142434484888695,105.3,484.6666666666667,4.8,-71.8,0.0,100.0,-77.0,0.0,44.0,43.0,64.0,0.9772727272727273,15,0,15.0,15.0,16.0,1.0,483248.0,149516752.0,150000000.0,0.0032216533333333333,77880.0,0.007788,5
DIO_Flood_seed1005_600s,DIO_Flood,1005,440,450,attack,attack,DIO_Flood,dio_flood,none,1,0,1.0,16.0,16.0,0.0,0.0,17.0,17.0,17,17,17,1.0,1.0,156.76470588235293,142.0,315.4,365.0,93.41274632763232,100.93333333333334,1.709915063331955,104.3,483.93333333333334,4.8,-71.8,0.0,100.0,-77.0,0.0,44.0,44.0,66.0,1.0,15,0,17.0,17.0,17.0,1.0,495616.0,149504384.0,150000000.0,0.0033041066666666665,85976.0,0.0085976,5
DIO_Flood_seed1005_600s,DIO_Flood,1005,450,460,attack,attack,DIO_Flood,dio_flood,none,1,0,1.0,15.0,15.0,0.0,0.0,15.0,15.0,15,15,15,1.0,1.0,152.6,124.0,308.5999999999998,450.0,107.53125791401972,100.6,1.2983506020002014,103.3,483.53333333333336,4.8,-71.8,0.0,100.0,-77.0,0.0,41.0,41.0,61.0,1.0,15,0,15.0,15.0,15.0,1.0,460440.0,149539560.0,150000000.0,0.0030696,75880.0,0.007588,5
DIO_Flood_seed1005_600s,DIO_Flood,1005,460,470,attack,attack,DIO_Flood,dio_flood,none,1,0,1.0,15.0,15.0,0.0,0.0,14.0,14.0,14,14,14,1.0,1.0,118.71428571428571,108.5,212.54999999999998,234.0,62.350656737554864,100.33333333333333,0.8997354108424371,102.3,483.26666666666665,4.8,-71.8,0.0,100.0,-77.0,0.0,41.0,41.0,61.0,1.0,15,0,14.0,14.0,14.0,1.0,457440.0,149542560.0,150000000.0,0.0030496,70224.0,0.0070224,5
DIO_Flood_seed1005_600s,DIO_Flood,1005,470,480,attack,attack,DIO_Flood,dio_flood,none,1,0,1.0,15.0,15.0,0.0,0.0,15.0,15.0,15,15,15,1.0,1.0,142.46666666666667,155.0,293.4,320.0,90.70900622057223,100.26666666666667,0.7037315505489968,102.0,483.1333333333333,4.8,-71.8,0.0,100.0,-77.0,0.0,38.0,38.0,61.0,1.0,15,0,15.0,15.0,15.0,1.0,431728.0,149568272.0,150000000.0,0.0028781866666666668,80920.0,0.008092,5
DIO_Flood_seed1005_600s,DIO_Flood,1005,480,490,attack,attack,DIO_Flood,dio_flood,none,1,0,1.0,15.0,15.0,0.0,0.0,15.0,15.0,15,15,15,1.0,1.0,140.2,141.0,268.3,276.0,76.58720519773522,100.53333333333333,1.3557637102737476,102.89999999999999,483.4,4.8,-71.8,0.0,102.0,-77.0,0.0,45.0,44.0,64.0,0.9777777777777777,15,0,16.0,15.0,16.0,0.9375,504080.0,149495920.0,150000000.0,0.0033605333333333333,80480.0,0.008048,5
DIO_Flood_seed1005_600s,DIO_Flood,1005,490,500,attack,attack,DIO_Flood,dio_flood,none,1,0,1.0,15.0,15.0,0.0,0.0,16.0,16.0,16,16,16,1.0,1.0,168.5,160.5,296.0,326.0,87.44522094812652,100.6,2.0632844828435215,103.1,483.53333333333336,4.8,-71.8,0.0,102.0,-77.0,0.0,42.0,41.0,60.0,0.9761904761904762,15,0,16.0,16.0,16.0,1.0,502480.0,149497520.0,150000000.0,0.0033498666666666667,81536.0,0.0081536,5
DIO_Flood_seed1005_600s,DIO_Flood,1005,500,510,attack,attack,DIO_Flood,dio_flood,none,1,0,1.0,15.0,15.0,0.0,0.0,15.0,15.0,15,15,15,1.0,1.0,143.0,146.0,304.5999999999999,369.0,101.32409105721813,102.13333333333334,6.220549661825561,113.19999999999999,485.6,4.8,-71.8,0.0,104.0,-77.0,0.0,44.0,41.0,61.0,0.9318181818181818,15,0,17.0,15.0,15.0,0.8823529411764706,485400.0,149514600.0,150000000.0,0.003236,83120.0,0.008312,5
DIO_Flood_seed1005_600s,DIO_Flood,1005,510,520,attack,attack,DIO_Flood,dio_flood,none,1,0,1.0,15.0,15.0,0.0,0.0,15.0,15.0,15,15,15,1.0,1.0,148.0,150.0,305.4999999999998,435.0,107.51810478771868,102.66666666666667,5.394000194219323,111.29999999999998,488.8,4.8,-71.8,0.0,102.0,-77.0,0.0,43.0,41.0,62.0,0.9534883720930233,15,0,15.0,15.0,15.0,1.0,489808.0,149510192.0,150000000.0,0.0032653866666666666,75880.0,0.007588,5
DIO_Flood_seed1005_600s,DIO_Flood,1005,520,530,attack,attack,DIO_Flood,dio_flood,none,1,0,1.0,15.0,15.0,0.0,0.0,14.0,14.0,14,14,14,1.0,1.0,147.07142857142858,136.0,271.8,290.0,80.24622136871022,105.93333333333334,7.6575515171688675,117.89999999999999,493.06666666666666,4.8,-71.8,0.0,101.0,-77.0,0.0,48.0,40.0,60.0,0.8333333333333334,15,0,14.0,14.0,15.0,1.0,473824.0,149526864.0,150000688.0,0.0031588121782481424,71576.0,0.0071576,5
DIO_Flood_seed1006_600s,DIO_Flood,1006,190,200,attack,attack,DIO_Flood,dio_flood,none,1,0,1.0,16.0,17.0,0.0,0.0,16.0,16.0,16,16,16,1.0,1.0,150.125,151.0,286.5,303.0,90.22924507423669,105.53333333333333,6.998639323536568,119.3,492.26666666666665,4.8,-68.93333333333334,0.0,106.0,-77.0,0.0,45.0,43.0,63.0,0.9555555555555556,15,0,17.0,16.0,16.0,0.9411764705882353,492248.0,149507752.0,150000000.0,0.0032816533333333334,83984.0,0.0083984,1
DIO_Flood_seed1006_600s,DIO_Flood,1006,200,210,attack,attack,DIO_Flood,dio_flood,none,1,0,1.0,16.0,15.0,0.0,0.0,16.0,16.0,15,15,15,1.0,1.0,133.86666666666667,137.0,289.99999999999994,332.0,94.892319926074,107.06666666666666,10.08865463681617,125.99999999999999,497.3333333333333,4.8,-68.93333333333334,0.0,108.0,-77.0,0.0,48.0,42.0,59.0,0.875,15,0,19.0,16.0,16.0,0.8421052631578947,475064.0,149524936.0,150000000.0,0.0031670933333333333,92016.0,0.0092016,1
DIO_Flood_seed1006_600s,DIO_Flood,1006,210,220,attack,attack,DIO_Flood,dio_flood,none,1,0,1.0,14.0,15.0,0.0,0.0,14.0,14.0,16,16,16,1.0,1.0,152.75,132.0,308.75,392.0,98.40426820011416,106.53333333333333,8.919214144328016,123.6,495.3333333333333,4.8,-68.93333333333334,0.0,107.0,-77.0,0.0,42.0,40.0,61.0,0.9523809523809523,15,0,15.0,14.0,14.0,0.9333333333333333,486096.0,149513904.0,150000000.0,0.00324064,75584.0,0.0075584,1
DIO_Flood_seed1006_600s,DIO_Flood,1006,220,230,attack,attack,DIO_Flood,dio_flood,none,1,0,1.0,15.0,15.0,0.0,0.0,15.0,15.0,15,15,15,1.0,1.0,149.2,155.0,259.5,263.0,81.72270186429228,105.53333333333333,6.822930525249466,116.39999999999999,493.3333333333333,4.8,-68.93333333333334,0.0,105.0,-77.0,0.0,42.0,41.0,61.0,0.9761904761904762,15,0,15.0,15.0,16.0,1.0,473360.0,149526640.0,150000000.0,0.003155733333333333,75880.0,0.007588,1
DIO_Flood_seed1006_600s,DIO_Flood,1006,230,240,attack,attack,DIO_Flood,dio_flood,none,1,0,1.0,16.0,16.0,0.0,0.0,16.0,16.0,16,16,16,1.0,1.0,126.75,116.5,215.25,285.0,67.94654761894333,104.6,6.092149515096105,115.1,493.93333333333334,4.8,-68.93333333333334,0.0,105.0,-77.0,0.0,44.0,43.0,70.0,0.9772727272727273,15,0,17.0,16.0,17.0,0.9411764705882353,493880.0,149506120.0,150000000.0,0.0032925333333333334,89536.0,0.0089536,1
DIO_Flood_seed1006_600s,DIO_Flood,1006,240,250,attack,attack,DIO_Flood,dio_flood,none,1,0,1.0,16.0,16.0,0.0,0.0,16.0,16.0,14,14,14,1.0,1.0,151.21428571428572,136.5,315.44999999999993,437.0,109.59588606219779,103.33333333333333,4.864839839775475,110.69999999999999,492.1333333333333,4.8,-68.93333333333334,0.0,103.0,-77.0,0.0,42.0,42.0,61.0,1.0,15,0,16.0,16.0,16.0,1.0,463328.0,149536672.0,150000000.0,0.0030888533333333335,81024.0,0.0081024,1
DIO_Flood_seed1006_600s,DIO_Flood,1006,250,260,attack,attack,DIO_Flood,dio_flood,none,1,0,1.0,15.0,14.0,0.0,0.0,16.0,16.0,15,15,15,1.0,1.0,125.8,107.0,221.1,233.0,64.19857586315402,103.73333333333333,5.351457300408482,115.3,492.53333333333336,4.8,-68.93333333333334,0.0,103.0,-77.0,0.0,45.0,43.0,63.0,0.9555555555555556,15,0,16.0,16.0,18.0,1.0,496424.0,149503576.0,150000000.0,0.0033094933333333333,80320.0,0.008032,1
DIO_Flood_seed1006_600s,DIO_Flood,1006,260,270,attack,attack,DIO_Flood,dio_flood,none,1,0,1.0,16.0,16.0,0.0,0.0,16.0,16.0,15,15,15,1.0,1.0,132.06666666666666,113.0,262.19999999999993,293.0,82.66754991847654,104.06666666666666,6.496885700820339,115.99999999999999,493.2,4.8,-68.93333333333334,0.0,104.0,-77.0,0.0,44.0,42.0,64.0,0.9545454545454546,15,0,17.0,16.0,16.0,0.9411764705882353,491424.0,149508576.0,150000000.0,0.00327616,85240.0,0.008524,1
DIO_Flood_seed1006_600s,DIO_Flood,1006,270,280,attack,attack,DIO_Flood,dio_flood,none,1,0,1.0,14.0,15.0,0.0,0.0,15.0,15.0,15,15,15,1.0,1.0,140.2,118.0,240.0,240.0,69.14291617470916,104.06666666666666,6.452758730813916,116.5,492.06666666666666,4.8,-68.93333333333334,0.0,102.0,-77.0,0.0,44.0,41.0,63.0,0.9318181818181818,15,0,14.0,14.0,15.0,1.0,508312.0,149491688.0,150000000.0,0.0033887466666666665,71576.0,0.0071576,1
DIO_Flood_seed1006_600s,DIO_Flood,1006,280,290,attack,attack,DIO_Flood,dio_flood,none,1,0,1.0,14.0,14.0,0.0,0.0,12.0,12.0,15,15,15,1.0,1.0,141.13333333333333,167.0,273.4999999999999,361.0,91.54535696010137,103.6,5.565197981332611,115.3,491.46666666666664,4.8,-68.93333333333334,0.0,103.0,-77.0,0.0,41.0,39.0,59.0,0.9512195121951219,15,0,14.0,13.0,12.0,0.9285714285714286,456192.0,149543808.0,150000000.0,0.00304128,69552.0,0.0069552,1
DIO_Flood_seed1006_600s,DIO_Flood,1006,290,300,attack,attack,DIO_Flood,dio_flood,none,1,0,1.0,16.0,15.0,0.0,0.0,17.0,17.0,15,15,15,1.0,1.0,139.8,148.0,265.7,272.0,77.90488706474984,102.33333333333333,3.9036002917941333,109.6,489.73333333333335,4.8,-68.93333333333334,0.0,102.0,-77.0,0.0,44.0,44.0,64.0,1.0,15,0,17.0,17.0,17.0,1.0,491768.0,149508232.0,150000000.0,0.0032784533333333333,88072.0,0.0088072,1
DIO_Flood_seed1006_600s,DIO_Flood,1006,300,310,attack,attack,DIO_Flood,dio_flood,none,1,0,1.0,16.0,17.0,0.0,0.0,15.0,15.0,17,17,17,1.0,1.0,143.76470588235293,148.0,241.39999999999998,255.0,73.58033824650842,101.46666666666667,2.695675549220764,107.3,490.46666666666664,4.8,-68.93333333333334,0.0,103.0,-77.0,0.0,43.0,43.0,66.0,1.0,15,0,16.0,15.0,15.0,0.9375,514472.0,149485528.0,150000000.0,0.0034298133333333335,79640.0,0.007964,1
DIO_Flood_seed1006_600s,DIO_Flood,1006,310,320,attack,attack,DIO_Flood,dio_flood,none,1,0,1.0,14.0,14.0,0.0,0.0,14.0,14.0,13,13,13,1.0,1.0,128.76923076923077,139.0,250.79999999999998,255.0,77.99161690651314,101.53333333333333,2.9244454093692624,106.89999999999999,490.26666666666665,4.8,-68.93333333333334,0.0,102.0,-77.0,0.0,39.0,38.0,58.0,0.9743589743589743,15,0,14.0,14.0,14.0,1.0,437128.0,149562872.0,150000000.0,0.0029141866666666668,70480.0,0.007048,1
DIO_Flood_seed1006_600s,DIO_Flood,1006,320,330,attack,attack,DIO_Flood,dio_flood,none,1,0,1.0,15.0,15.0,0.0,0.0,14.0,14.0,15,15,15,1.0,1.0,145.26666666666668,172.0,251.39999999999995,278.0,85.22865603494994,102.93333333333334,4.876571785686373,111.1,492.0,4.8,-68.93333333333334,0.0,103.0,-77.0,0.0,43.0,40.0,60.0,0.9302325581395349,15,0,15.0,14.0,14.0,0.9333333333333333,488952.0,149511904.0,150000856.0,0.0032596613981989543,74784.0,0.0074784,1
DIO_Flood_seed1006_600s,DIO_Flood,1006,330,340,attack,attack,DIO_Flood,dio_flood,none,1,0,1.0,14.0,14.0,0.0,0.0,15.0,15.0,15,15,15,1.0,1.0,140.8,131.0,258.09999999999997,277.0,81.48724703026497,102.8,4.312771730569565,109.8,491.8666666666667,4.8,-68.93333333333334,0.0,102.0,-77.0,0.0,41.0,40.0,59.0,0.975609756097561,15,0,15.0,15.0,15.0,1.0,463608.0,149535536.0,149999144.0,0.003090737637809453,76168.0,0.0076168,1
DIO_Flood_seed1006_600s,DIO_Flood,1006,340,350,attack,attack,DIO_Flood,dio_flood,none,1,0,1.0,15.0,15.0,0.0,0.0,16.0,16.0,16,16,16,1.0,1.0,150.9375,156.0,300.5,302.0,86.08017096482402,102.73333333333333,4.861902429923418,113.3,491.6666666666667,4.8,-68.93333333333334,0.0,105.0,-77.0,0.0,44.0,43.0,62.0,0.9772727272727273,15,0,19.0,16.0,16.0,0.8421052631578947,483344.0,149516656.0,150000000.0,0.0032222933333333334,92016.0,0.0092016,1
DIO_Flood_seed1006_600s,DIO_Flood,1006,350,360,attack,attack,DIO_Flood,dio_flood,none,1,0,1.0,14.0,14.0,0.0,0.0,15.0,15.0,13,13,13,1.0,1.0,132.76923076923077,113.0,268.79999999999995,300.0,92.12505436104578,103.4,4.807731867969107,111.6,493.46666666666664,4.8,-68.93333333333334,0.0,102.0,-77.0,0.0,41.0,39.0,59.0,0.9512195121951219,15,0,15.0,15.0,15.0,1.0,455904.0,149544096.0,150000000.0,0.00303936,76136.0,0.0076136,1
DIO_Flood_seed1006_600s,DIO_Flood,1006,360,370,attack,attack,DIO_Flood,dio_flood,none,1,0,1.0,17.0,17.0,0.0,0.0,15.0,15.0,18,18,18,1.0,1.0,153.5,154.0,286.44999999999993,323.0,92.98908854395387,102.66666666666667,3.394673699166022,108.3,492.26666666666665,4.8,-68.93333333333334,0.0,100.0,-77.0,0.0,47.0,46.0,65.0,0.9787234042553191,15,0,15.0,15.0,15.0,1.0,500984.0,149499016.0,150000000.0,0.003339893333333333,74920.0,0.007492,1
DIO_Flood_seed1006_600s,DIO_Flood,1006,370,380,attack,attack,DIO_Flood,dio_flood,none,1,0,1.0,15.0,15.0,0.0,0.0,15.0,15.0,15,15,15,1.0,1.0,141.0,126.0,310.0,310.0,90.20532135079394,106.33333333333333,12.027745701779144,120.69999999999996,496.6666666666667,4.8,-68.93333333333334,0.0,102.0,-77.0,0.0,48.0,41.0,60.0,0.8541666666666666,15,0,16.0,15.0,15.0,0.9375,506640.0,149493360.0,150000000.0,0.0033776,82088.0,0.0082088,1
DIO_Flood_seed1006_600s,DIO_Flood,1006,380,390,attack,attack,DIO_Flood,dio_flood,none,1,0,1.0,14.0,14.0,0.0,0.0,15.0,15.0,14,14,14,1.0,1.0,132.07142857142858,143.5,229.1,246.0,74.90657184449509,105.13333333333334,10.815773314051675,119.19999999999996,494.8666666666667,4.8,-68.93333333333334,0.0,103.0,-77.0,0.0,39.0,38.0,57.0,0.9743589743589743,15,0,16.0,15.0,15.0,0.9375,427616.0,149572384.0,150000000.0,0.002850773333333333,79640.0,0.007964,1
DIO_Flood_seed1006_600s,DIO_Flood,1006,390,400,attack,attack,DIO_Flood,dio_flood,none,1,0,1.0,13.0,12.0,0.0,0.0,14.0,14.0,12,12,12,1.0,1.0,145.5,121.0,268.2,288.0,77.01770752708285,106.26666666666667,10.572651151955803,125.39999999999998,496.26666666666665,4.8,-68.93333333333334,0.0,105.0,-77.0,0.0,41.0,37.0,56.0,0.9024390243902439,15,0,16.0,14.0,14.0,0.875,457616.0,149542384.0,150000000.0,0.0030507733333333333,78512.0,0.0078512,1
DIO_Flood_seed1006_600s,DIO_Flood,1006,400,410,attack,attack,DIO_Flood,dio_flood,none,1,0,1.0,16.0,17.0,0.0,0.0,14.0,14.0,17,17,17,1.0,1.0,166.05882352941177,178.0,316.79999999999995,380.0,101.7211080529966,105.73333333333333,8.843614860990035,119.29999999999998,495.8,4.8,-68.93333333333334,0.0,103.0,-77.0,0.0,45.0,43.0,64.0,0.9555555555555556,15,0,14.0,14.0,14.0,1.0,488504.0,149511496.0,150000000.0,0.0032566933333333333,71280.0,0.007128,1
DIO_Flood_seed1006_600s,DIO_Flood,1006,410,420,attack,attack,DIO_Flood,dio_flood,none,1,0,1.0,15.0,15.0,0.0,0.0,15.0,15.0,15,15,15,1.0,1.0,156.26666666666668,103.0,285.1999999999999,365.0,99.26549297332933,104.86666666666666,7.633260552782583,115.29999999999998,494.53333333333336,4.8,-68.93333333333334,0.0,102.0,-77.0,0.0,43.0,41.0,61.0,0.9534883720930233,15,0,15.0,15.0,15.0,1.0,478904.0,149521096.0,150000000.0,0.0031926933333333335,78032.0,0.0078032,1
DIO_Flood_seed1006_600s,DIO_Flood,1006,420,430,attack,attack,DIO_Flood,dio_flood,none,1,0,1.0,15.0,15.0,0.0,0.0,16.0,16.0,15,15,15,1.0,1.0,156.53333333333333,144.0,332.99999999999994,368.0,96.090631821263,103.33333333333333,7.006799418795866,112.99999999999997,492.6,4.8,-68.93333333333334,0.0,101.0,-77.0,0.0,41.0,41.0,61.0,1.0,15,0,16.0,16.0,16.0,1.0,468736.0,149531264.0,150000000.0,0.0031249066666666665,80480.0,0.008048,1
DIO_Flood_seed1006_600s,DIO_Flood,1006,430,440,attack,attack,DIO_Flood,dio_flood,none,1,0,1.0,15.0,15.0,0.0,0.0,15.0,15.0,15,15,15,1.0,1.0,137.06666666666666,127.0,249.49999999999997,260.0,71.14519024669268,102.73333333333333,6.227435457790982,111.39999999999998,491.8,4.8,-68.93333333333334,0.0,100.0,-77.0,0.0,41.0,41.0,62.0,1.0,15,0,15.0,15.0,15.0,1.0,475072.0,149524928.0,150000000.0,0.0031671466666666668,75880.0,0.007588,1
DIO_Flood_seed1006_600s,DIO_Flood,1006,440,450,attack,attack,DIO_Flood,dio_flood,none,1,0,1.0,14.0,14.0,0.0,0.0,13.0,13.0,14,14,14,1.0,1.0,134.71428571428572,108.5,286.75,303.0,92.23167199330888,102.4,6.185235877243717,110.69999999999997,491.3333333333333,4.8,-68.93333333333334,0.0,100.0,-77.0,0.0,38.0,38.0,59.0,1.0,15,0,13.0,13.0,13.0,1.0,444120.0,149555880.0,150000000.0,0.0029608,65880.0,0.006588,1
DIO_Flood_seed1006_600s,DIO_Flood,1006,450,460,attack,attack,DIO_Flood,dio_flood,none,1,0,1.0,15.0,15.0,0.0,0.0,17.0,17.0,15,15,15,1.0,1.0,159.06666666666666,160.0,305.19999999999993,350.0,97.84861971919881,101.8,4.974219249576475,109.19999999999999,489.93333333333334,4.8,-68.93333333333334,0.0,100.0,-77.0,0.0,43.0,43.0,63.0,1.0,15,0,16.0,16.0,17.0,1.0,504648.0,149495352.0,150000000.0,0.00336432,82376.0,0.0082376,1
DIO_Flood_seed1006_600s,DIO_Flood,1006,460,470,attack,attack,DIO_Flood,dio_flood,none,1,0,1.0,15.0,15.0,0.0,0.0,14.0,14.0,15,15,15,1.0,1.0,151.06666666666666,148.0,250.0,250.0,61.61570609913708,102.26666666666667,5.243590191389684,111.99999999999999,489.8,4.8,-68.93333333333334,0.0,100.0,-77.0,0.0,41.0,40.0,62.0,0.975609756097561,15,0,15.0,15.0,15.0,1.0,476440.0,149523560.0,150000000.0,0.003176266666666667,76016.0,0.0076016,1
DIO_Flood_seed1006_600s,DIO_Flood,1006,470,480,attack,attack,DIO_Flood,dio_flood,none,1,0,1.0,15.0,15.0,0.0,0.0,15.0,15.0,15,15,15,1.0,1.0,142.26666666666668,137.0,251.89999999999995,289.0,81.05682897701787,101.53333333333333,4.12079511513887,106.89999999999999,488.8,4.8,-68.93333333333334,0.0,102.0,-77.0,0.0,39.0,39.0,59.0,1.0,15,0,16.0,15.0,15.0,0.9375,440304.0,149559696.0,150000000.0,0.00293536,78584.0,0.0078584,1
DIO_Flood_seed1006_600s,DIO_Flood,1006,480,490,attack,attack,DIO_Flood,dio_flood,none,1,0,1.0,15.0,15.0,0.0,0.0,15.0,15.0,15,15,15,1.0,1.0,146.8,142.0,280.19999999999993,318.0,86.60435488885237,101.13333333333334,3.602908877692077,105.6,487.53333333333336,4.8,-68.93333333333334,0.0,104.0,-77.0,0.0,41.0,41.0,62.0,1.0,15,0,17.0,15.0,16.0,0.8823529411764706,467520.0,149532480.0,150000000.0,0.0031168,83688.0,0.0083688,1
DIO_Flood_seed1006_600s,DIO_Flood,1006,490,500,attack,attack,DIO_Flood,dio_flood,none,1,0,1.0,15.0,15.0,0.0,0.0,15.0,15.0,15,15,15,1.0,1.0,149.06666666666666,131.0,290.19999999999993,328.0,92.921984686592,101.0,3.359421718944242,105.29999999999998,487.26666666666665,4.8,-68.93333333333334,0.0,103.0,-77.0,0.0,41.0,41.0,61.0,1.0,15,0,16.0,15.0,15.0,0.9375,480232.0,149519768.0,150000000.0,0.0032015466666666667,80184.0,0.0080184,1
DIO_Flood_seed1006_600s,DIO_Flood,1006,500,510,attack,attack,DIO_Flood,dio_flood,none,1,0,1.0,15.0,15.0,0.0,0.0,15.0,15.0,15,15,15,1.0,1.0,144.06666666666666,151.0,276.8999999999999,321.0,84.38133397742374,101.93333333333334,5.0351147903876985,112.8,488.53333333333336,4.8,-68.93333333333334,0.0,101.0,-77.0,0.0,43.0,41.0,67.0,0.9534883720930233,15,0,15.0,15.0,16.0,1.0,497072.0,149502928.0,150000000.0,0.0033138133333333332,79960.0,0.007996,1
DIO_Flood_seed1006_600s,DIO_Flood,1006,510,520,attack,attack,DIO_Flood,dio_flood,none,1,0,1.0,16.0,16.0,0.0,0.0,16.0,16.0,15,15,15,1.0,1.0,132.06666666666666,116.0,246.6,248.0,80.00755916667826,102.53333333333333,6.081196624098943,112.89999999999999,489.3333333333333,4.8,-68.93333333333334,0.0,100.0,-77.0,0.0,46.0,44.0,64.0,0.9565217391304348,15,0,16.0,16.0,16.0,1.0,507464.0,149492536.0,150000000.0,0.0033830933333333334,82376.0,0.008234635531208765,1
DIO_Flood_seed1006_600s,DIO_Flood,1006,520,530,attack,attack,DIO_Flood,dio_flood,none,1,0,1.0,15.0,15.0,0.0,0.0,14.0,14.0,16,16,16,1.0,1.0,139.9375,142.5,250.5,264.0,77.79414609510582,101.8,4.229150539495406,109.39999999999999,486.0,4.8,-68.93333333333334,0.0,100.0,-77.0,0.0,42.0,42.0,62.0,1.0,15,0,14.0,14.0,14.0,1.0,495392.0,149504608.0,150000000.0,0.0033026133333333334,70712.0,0.007073746548757553,1
DIO_Flood_seed1007_600s,DIO_Flood,1007,190,200,attack,attack,DIO_Flood,dio_flood,none,1,0,1.0,16.0,17.0,0.0,0.0,16.0,16.0,16,16,16,1.0,1.0,133.1875,135.5,245.75,266.0,77.72448670356938,112.46666666666667,17.112512826528288,148.0,495.6,4.8,-71.2,0.0,105.0,-77.0,0.0,51.0,44.0,64.0,0.8627450980392157,15,0,16.0,16.0,16.0,1.0,537488.0,149458368.0,149995856.0,0.0035833523294136875,81200.0,0.00812,2
DIO_Flood_seed1007_600s,DIO_Flood,1007,200,210,attack,attack,DIO_Flood,dio_flood,none,1,0,1.0,15.0,15.0,0.0,0.0,15.0,15.0,16,16,16,1.0,1.0,155.75,164.5,269.0,275.0,75.57556924474116,110.86666666666666,14.20194487016613,141.9,493.46666666666664,4.8,-71.2,0.0,108.0,-77.0,0.0,43.0,42.0,66.0,0.9767441860465116,15,0,17.0,15.0,15.0,0.8823529411764706,487160.0,149512840.0,150000000.0,0.003247733333333333,90536.0,0.0090536,2
DIO_Flood_seed1007_600s,DIO_Flood,1007,210,220,attack,attack,DIO_Flood,dio_flood,none,1,0,1.0,16.0,15.0,0.0,0.0,16.0,16.0,15,15,15,1.0,1.0,154.0,152.0,287.9999999999999,344.0,98.00510190801293,108.86666666666666,11.550304057016152,132.9,491.0,4.8,-71.2,0.0,104.0,-77.0,0.0,45.0,44.0,62.0,0.9777777777777777,15,0,16.0,16.0,18.0,1.0,528712.0,149471288.0,150000000.0,0.003524746666666667,82280.0,0.008228,2
DIO_Flood_seed1007_600s,DIO_Flood,1007,220,230,attack,attack,DIO_Flood,dio_flood,none,1,0,1.0,15.0,16.0,0.0,0.0,15.0,15.0,16,16,16,1.0,1.0,151.3125,133.0,277.25,290.0,93.38930613298291,106.8,9.806703246832166,128.0,488.46666666666664,4.8,-71.2,0.0,107.0,-77.0,0.0,41.0,41.0,64.0,1.0,15,0,17.0,15.0,16.0,0.8823529411764706,477848.0,149522152.0,150000000.0,0.0031856533333333333,83688.0,0.0083688,2
DIO_Flood_seed1007_600s,DIO_Flood,1007,230,240,attack,attack,DIO_Flood,dio_flood,none,1,0,1.0,14.0,14.0,0.0,0.0,15.0,15.0,14,14,14,1.0,1.0,148.85714285714286,144.0,260.25,283.0,68.40024419980828,106.93333333333334,9.953223933312595,126.8,488.26666666666665,4.8,-71.2,0.0,108.0,-77.0,0.0,42.0,40.0,59.0,0.9523809523809523,15,0,17.0,15.0,15.0,0.8823529411764706,465448.0,149534552.0,150000000.0,0.0031029866666666666,81968.0,0.0081968,2
DIO_Flood_seed1007_600s,DIO_Flood,1007,240,250,attack,attack,DIO_Flood,dio_flood,none,1,0,1.0,16.0,16.0,0.0,0.0,15.0,15.0,16,16,16,1.0,1.0,120.6875,138.0,245.75,251.0,70.48472056646982,105.66666666666667,8.541216596737314,122.89999999999999,486.2,4.8,-71.2,0.0,104.0,-77.0,0.0,42.0,42.0,66.0,1.0,15,0,15.0,15.0,15.0,1.0,477440.0,149522560.0,150000000.0,0.0031829333333333334,75880.0,0.007588,2
DIO_Flood_seed1007_600s,DIO_Flood,1007,250,260,attack,attack,DIO_Flood,dio_flood,none,1,0,1.0,15.0,15.0,0.0,0.0,15.0,15.0,15,15,15,1.0,1.0,157.8,151.0,273.5,277.0,76.82559097443655,105.86666666666666,7.39562290109752,120.0,487.8666666666667,4.8,-71.2,0.0,103.0,-77.0,0.0,43.0,41.0,63.0,0.9534883720930233,15,0,15.0,15.0,16.0,1.0,479808.0,149520192.0,150000000.0,0.00319872,75880.0,0.007588,2
DIO_Flood_seed1007_600s,DIO_Flood,1007,260,270,attack,attack,DIO_Flood,dio_flood,none,1,0,1.0,16.0,16.0,0.0,0.0,16.0,16.0,16,16,16,1.0,1.0,164.125,143.0,321.75,333.0,93.79187953477991,106.6,5.985697238298262,117.0,489.6,4.8,-71.2,0.0,108.0,-77.0,0.0,49.0,45.0,63.0,0.9183673469387755,15,0,20.0,16.0,16.0,0.8,519848.0,149480152.0,150000000.0,0.003465653333333333,102840.0,0.010284,2
DIO_Flood_seed1007_600s,DIO_Flood,1007,270,280,attack,attack,DIO_Flood,dio_flood,none,1,0,1.0,15.0,15.0,0.0,0.0,15.0,15.0,14,14,14,1.0,1.0,138.0,117.5,265.79999999999995,310.0,85.13880069988879,106.4,7.863114613724731,119.49999999999999,489.06666666666666,4.8,-71.2,0.0,107.0,-77.0,0.0,43.0,41.0,60.0,0.9534883720930233,15,0,17.0,15.0,15.0,0.8823529411764706,476576.0,149523424.0,150000000.0,0.0031771733333333333,82992.0,0.0082992,2
DIO_Flood_seed1007_600s,DIO_Flood,1007,280,290,attack,attack,DIO_Flood,dio_flood,none,1,0,1.0,14.0,13.0,0.0,0.0,15.0,15.0,14,14,14,1.0,1.0,153.64285714285714,149.0,303.09999999999997,385.0,97.71906919080064,106.0,7.928249671720919,118.09999999999998,488.6,4.8,-71.2,0.0,104.0,-77.0,0.0,36.0,35.0,56.0,0.9722222222222222,15,0,15.0,15.0,15.0,1.0,455864.0,149549024.0,150004888.0,0.0030389943026389913,75880.0,0.007588,2
DIO_Flood_seed1007_600s,DIO_Flood,1007,290,300,attack,attack,DIO_Flood,dio_flood,none,1,0,1.0,14.0,15.0,0.0,0.0,13.0,13.0,15,15,15,1.0,1.0,135.6,135.0,251.49999999999994,283.0,77.61240696103758,105.0,7.151423434733616,118.39999999999999,487.2,4.8,-71.2,0.0,102.0,-77.0,0.0,41.0,40.0,61.0,0.975609756097561,15,0,13.0,13.0,13.0,1.0,463992.0,149531120.0,149995112.0,0.0030933808029690994,65368.0,0.0065368,2
DIO_Flood_seed1007_600s,DIO_Flood,1007,300,310,attack,attack,DIO_Flood,dio_flood,none,1,0,1.0,15.0,15.0,0.0,0.0,15.0,15.0,15,15,15,1.0,1.0,167.86666666666667,159.0,314.3999999999999,369.0,94.04472087155942,106.53333333333333,7.249302101056415,116.39999999999998,489.0,4.8,-71.2,0.0,104.0,-77.0,0.0,47.0,41.0,61.0,0.8723404255319149,15,0,16.0,15.0,15.0,0.9375,492992.0,149507008.0,150000000.0,0.0032866133333333335,80752.0,0.0080752,2
DIO_Flood_seed1007_600s,DIO_Flood,1007,310,320,attack,attack,DIO_Flood,dio_flood,none,1,0,1.0,15.0,15.0,0.0,0.0,15.0,15.0,15,15,15,1.0,1.0,140.6,131.0,271.2,274.0,80.37394744922902,105.2,5.966573556070519,114.6,486.8,4.8,-71.2,0.0,102.0,-77.0,0.0,42.0,41.0,60.0,0.9761904761904762,15,0,15.0,15.0,15.0,1.0,486448.0,149513552.0,150000000.0,0.0032429866666666665,75880.0,0.007588,2
DIO_Flood_seed1007_600s,DIO_Flood,1007,320,330,attack,attack,DIO_Flood,dio_flood,none,1,0,1.0,15.0,15.0,0.0,0.0,15.0,15.0,15,15,15,1.0,1.0,139.73333333333332,136.0,251.59999999999997,267.0,78.87464436566115,103.33333333333333,4.73085112648373,110.29999999999998,484.6666666666667,4.8,-71.2,0.0,101.0,-77.0,0.0,41.0,41.0,60.0,1.0,15,0,15.0,15.0,15.0,1.0,463736.0,149536264.0,150000000.0,0.0030915733333333334,75880.0,0.007588,2
DIO_Flood_seed1007_600s,DIO_Flood,1007,330,340,attack,attack,DIO_Flood,dio_flood,none,1,0,1.0,18.0,16.0,0.0,0.0,18.0,18.0,17,17,17,1.0,1.0,163.52941176470588,164.0,296.59999999999997,347.0,86.02406469054084,105.06666666666666,11.816856402533427,121.49999999999996,486.93333333333334,4.8,-71.2,0.0,102.0,-77.0,0.0,55.0,50.0,66.0,0.9090909090909091,15,0,19.0,18.0,18.0,0.9473684210526315,556432.0,149443568.0,150000000.0,0.0037095466666666665,95552.0,0.0095552,2
DIO_Flood_seed1007_600s,DIO_Flood,1007,340,350,attack,attack,DIO_Flood,dio_flood,none,1,0,1.0,14.0,15.0,0.0,0.0,14.0,14.0,14,14,14,1.0,1.0,140.28571428571428,132.5,283.84999999999997,317.0,82.3037793051576,104.06666666666666,10.525253079187806,118.59999999999997,485.6,4.8,-71.2,0.0,101.0,-77.0,0.0,36.0,36.0,59.0,1.0,15,0,14.0,14.0,14.0,1.0,423008.0,149576992.0,150000000.0,0.0028200533333333335,71024.0,0.0071024,2
DIO_Flood_seed1007_600s,DIO_Flood,1007,350,360,attack,attack,DIO_Flood,dio_flood,none,1,0,1.0,16.0,17.0,0.0,0.0,16.0,16.0,17,17,17,1.0,1.0,137.76470588235293,130.0,237.0,253.0,70.49071695245118,103.2,9.48080768108468,115.29999999999997,484.4,4.8,-71.2,0.0,102.0,-77.0,0.0,46.0,46.0,66.0,1.0,15,0,17.0,16.0,16.0,0.9411764705882353,530752.0,149469248.0,150000000.0,0.0035383466666666667,85040.0,0.008504,2
DIO_Flood_seed1007_600s,DIO_Flood,1007,360,370,attack,attack,DIO_Flood,dio_flood,none,1,0,1.0,15.0,15.0,0.0,0.0,15.0,15.0,14,14,14,1.0,1.0,133.07142857142858,133.0,245.1,249.0,71.54177293529476,102.6,8.508818954473059,113.39999999999998,483.6666666666667,4.8,-71.2,0.0,102.0,-77.0,0.0,41.0,41.0,61.0,1.0,15,0,16.0,15.0,15.0,0.9375,464832.0,149535168.0,150000000.0,0.00309888,79640.0,0.007964,2
DIO_Flood_seed1007_600s,DIO_Flood,1007,370,380,attack,attack,DIO_Flood,dio_flood,none,1,0,1.0,15.0,15.0,0.0,0.0,15.0,15.0,16,16,16,1.0,1.0,156.5625,113.0,309.25,409.0,105.7771044854856,103.26666666666667,10.067391963779942,116.59999999999997,484.6,4.8,-71.2,0.0,102.0,-77.0,0.0,44.0,42.0,62.0,0.9545454545454546,15,0,16.0,15.0,15.0,0.9375,485120.0,149514880.0,150000000.0,0.0032341333333333333,79928.0,0.0079928,2
DIO_Flood_seed1007_600s,DIO_Flood,1007,380,390,attack,attack,DIO_Flood,dio_flood,none,1,0,1.0,16.0,16.0,0.0,0.0,16.0,16.0,15,15,15,1.0,1.0,144.06666666666666,155.0,296.59999999999997,305.0,94.48315546522919,104.4,11.274497137978514,130.79999999999998,486.0,4.8,-71.2,0.0,102.0,-77.0,0.0,48.0,45.0,64.0,0.9375,15,0,17.0,16.0,16.0,0.9411764705882353,511304.0,149488696.0,150000000.0,0.003408693333333333,85584.0,0.0085584,2
DIO_Flood_seed1007_600s,DIO_Flood,1007,390,400,attack,attack,DIO_Flood,dio_flood,none,1,0,1.0,14.0,14.0,0.0,0.0,15.0,15.0,15,15,15,1.0,1.0,133.46666666666667,130.0,254.39999999999998,260.0,72.24053736023312,104.6,9.58272254782384,125.39999999999999,486.26666666666665,4.8,-71.2,0.0,107.0,-77.0,0.0,41.0,39.0,58.0,0.9512195121951219,15,0,18.0,15.0,15.0,0.8333333333333334,481696.0,149518304.0,150000000.0,0.0032113066666666665,87208.0,0.0087208,2
DIO_Flood_seed1007_600s,DIO_Flood,1007,400,410,attack,attack,DIO_Flood,dio_flood,none,1,0,1.0,16.0,15.0,0.0,0.0,15.0,15.0,14,14,14,1.0,1.0,138.21428571428572,137.5,250.75,267.0,71.20196472162674,105.0,8.774964387392123,120.99999999999999,486.73333333333335,4.8,-71.2,0.0,103.0,-77.0,0.0,45.0,43.0,59.0,0.9555555555555556,15,0,15.0,15.0,15.0,1.0,500440.0,149499560.0,150000000.0,0.003336266666666667,76176.0,0.0076176,2
DIO_Flood_seed1007_600s,DIO_Flood,1007,410,420,attack,attack,DIO_Flood,dio_flood,none,1,0,1.0,14.0,15.0,0.0,0.0,14.0,14.0,16,16,16,1.0,1.0,149.625,134.0,337.0,409.0,102.04173982575301,103.86666666666666,7.491582578054486,117.29999999999998,485.3333333333333,4.8,-71.2,0.0,101.0,-77.0,0.0,38.0,38.0,60.0,1.0,15,0,14.0,14.0,14.0,1.0,431568.0,149568432.0,150000000.0,0.00287712,70480.0,0.007048,2
DIO_Flood_seed1007_600s,DIO_Flood,1007,420,430,attack,attack,DIO_Flood,dio_flood,none,1,0,1.0,15.0,15.0,0.0,0.0,16.0,16.0,14,14,14,1.0,1.0,159.42857142857142,147.5,297.09999999999997,392.0,91.90857856145318,103.33333333333333,6.454972243679029,114.29999999999998,484.6,4.8,-71.2,0.0,102.0,-77.0,0.0,43.0,42.0,62.0,0.9767441860465116,15,0,17.0,16.0,16.0,0.9411764705882353,489512.0,149510488.0,150000000.0,0.0032634133333333333,85072.0,0.0085072,2
DIO_Flood_seed1007_600s,DIO_Flood,1007,430,440,attack,attack,DIO_Flood,dio_flood,none,1,0,1.0,15.0,15.0,0.0,0.0,15.0,15.0,14,14,14,1.0,1.0,128.57142857142858,117.0,244.39999999999998,260.0,71.12687935677317,103.53333333333333,5.7054693893124115,112.29999999999998,484.93333333333334,4.8,-71.2,0.0,102.0,-77.0,0.0,43.0,41.0,59.0,0.9534883720930233,15,0,16.0,15.0,15.0,0.9375,449928.0,149553248.0,150003176.0,0.0029994564915078866,79384.0,0.0079384,2
DIO_Flood_seed1007_600s,DIO_Flood,1007,440,450,attack,attack,DIO_Flood,dio_flood,none,1,0,1.0,15.0,16.0,0.0,0.0,15.0,15.0,16,16,16,1.0,1.0,165.9375,166.0,332.25,363.0,114.77599560302957,102.46666666666667,4.627042663464842,109.29999999999998,483.53333333333336,4.8,-71.2,0.0,103.0,-77.0,0.0,37.0,37.0,61.0,1.0,15,0,16.0,15.0,16.0,0.9375,460344.0,149536480.0,149996824.0,0.0030690249814889414,80328.0,0.0080328,2
DIO_Flood_seed1007_600s,DIO_Flood,1007,450,460,attack,attack,DIO_Flood,dio_flood,none,1,0,1.0,14.0,14.0,0.0,0.0,14.0,14.0,15,15,15,1.0,1.0,153.46666666666667,143.0,277.4999999999999,372.0,92.64669192048642,103.0,5.903993805649092,116.19999999999999,484.06666666666666,4.8,-71.2,0.0,102.0,-77.0,0.0,42.0,39.0,57.0,0.9285714285714286,15,0,14.0,14.0,14.0,1.0,485336.0,149516808.0,150002144.0,0.0032355270868661716,71024.0,0.0071024,2
DIO_Flood_seed1007_600s,DIO_Flood,1007,460,470,attack,attack,DIO_Flood,dio_flood,none,1,0,1.0,14.0,14.0,0.0,0.0,15.0,15.0,14,14,14,1.0,1.0,139.5,152.5,237.04999999999998,278.0,76.07663140645651,104.93333333333334,13.030002010013366,124.09999999999997,486.73333333333335,4.8,-71.2,0.0,101.0,-77.0,0.0,44.0,39.0,59.0,0.8863636363636364,15,0,15.0,15.0,15.0,1.0,512136.0,149485720.0,149997856.0,0.003414288801567937,76000.0,0.0076,2
DIO_Flood_seed1007_600s,DIO_Flood,1007,470,480,attack,attack,DIO_Flood,dio_flood,none,1,0,1.0,16.0,16.0,0.0,0.0,16.0,16.0,16,16,16,1.0,1.0,143.8125,140.0,263.0,281.0,81.01622779830389,103.0,7.587583842794,116.79999999999998,483.53333333333336,4.8,-71.2,0.0,100.0,-77.0,0.0,43.0,43.0,65.0,1.0,15,0,15.0,15.0,16.0,1.0,484152.0,149515848.0,150000000.0,0.00322768,76976.0,0.0076976,2
DIO_Flood_seed1007_600s,DIO_Flood,1007,480,490,attack,attack,DIO_Flood,dio_flood,none,1,0,1.0,15.0,15.0,0.0,0.0,14.0,14.0,15,15,15,1.0,1.0,154.8,129.0,273.7999999999999,348.0,91.54093541767452,104.06666666666666,9.62486858289999,122.09999999999998,483.2,4.8,-71.2,0.0,100.0,-77.0,0.0,44.0,40.0,61.0,0.9090909090909091,15,0,15.0,15.0,14.0,1.0,478952.0,149521048.0,150000000.0,0.0031930133333333333,76976.0,0.0076976,2
DIO_Flood_seed1007_600s,DIO_Flood,1007,490,500,attack,attack,DIO_Flood,dio_flood,none,1,0,1.0,16.0,16.0,0.0,0.0,17.0,17.0,15,15,15,1.0,1.0,133.4,127.0,243.99999999999991,307.0,80.92395018958054,103.06666666666666,6.041128875900439,112.6,484.46666666666664,4.8,-71.2,0.0,100.0,-77.0,0.0,46.0,45.0,64.0,0.9782608695652174,15,0,17.0,17.0,18.0,1.0,487256.0,149512744.0,150000000.0,0.0032483733333333333,86392.0,0.0086392,2
DIO_Flood_seed1007_600s,DIO_Flood,1007,500,510,attack,attack,DIO_Flood,dio_flood,none,1,0,1.0,15.0,14.0,0.0,0.0,14.0,14.0,15,15,15,1.0,1.0,150.13333333333333,156.0,272.09999999999997,277.0,87.76662778289338,102.06666666666666,4.216746658379227,109.8,483.2,4.8,-71.2,0.0,100.0,-77.0,0.0,38.0,38.0,62.0,1.0,15,0,14.0,14.0,14.0,1.0,432128.0,149569048.0,150001176.0,0.002880830747620272,74952.0,0.0074952,2
DIO_Flood_seed1007_600s,DIO_Flood,1007,510,520,attack,attack,DIO_Flood,dio_flood,none,1,0,1.0,17.0,18.0,0.0,0.0,16.0,16.0,17,17,17,1.0,1.0,145.2941176470588,152.0,255.59999999999997,310.0,77.20651260246959,101.33333333333333,2.7688746209726918,107.0,482.26666666666665,4.8,-71.2,0.0,104.0,-77.0,0.0,47.0,47.0,71.0,1.0,15,0,18.0,16.0,17.0,0.8888888888888888,536584.0,149462240.0,149998824.0,0.0035772547123436114,88288.0,0.0088288,2
DIO_Flood_seed1007_600s,DIO_Flood,1007,520,530,attack,attack,DIO_Flood,dio_flood,none,1,0,1.0,15.0,15.0,0.0,0.0,16.0,16.0,16,16,16,1.0,1.0,141.8125,140.0,290.75,371.0,90.63348810824101,102.13333333333334,3.313752009573496,108.3,485.8666666666667,4.8,-71.2,0.0,105.0,-77.0,0.0,43.0,41.0,64.0,0.9534883720930233,15,0,17.0,16.0,16.0,0.9411764705882353,474688.0,149525312.0,150000000.0,0.003164586666666667,85216.0,0.0085216,2
DIO_Flood_seed1008_600s,DIO_Flood,1008,190,200,attack,attack,DIO_Flood,dio_flood,none,1,0,1.0,14.0,14.0,0.0,0.0,14.0,14.0,15,15,15,1.0,1.0,164.06666666666666,161.0,299.09999999999997,311.0,90.5818230478205,108.33333333333333,9.72967967955095,126.5,507.06666666666666,4.8,-70.86666666666666,0.0,104.0,-77.0,0.0,45.0,40.0,60.0,0.8888888888888888,15,0,14.0,14.0,14.0,1.0,486368.0,149519576.0,150005944.0,0.0032423248508072454,74280.0,0.007428,3
DIO_Flood_seed1008_600s,DIO_Flood,1008,200,210,attack,attack,DIO_Flood,dio_flood,none,1,0,1.0,16.0,15.0,0.0,0.0,18.0,18.0,15,15,15,1.0,1.0,128.26666666666668,132.0,235.6,237.0,63.47830525538027,106.8,8.046294621927359,122.0,504.2,4.8,-70.86666666666666,0.0,104.0,-77.0,0.0,46.0,44.0,60.0,0.9565217391304348,15,0,18.0,18.0,18.0,1.0,506000.0,149488056.0,149994056.0,0.003373467012586152,95664.0,0.0095664,3
DIO_Flood_seed1008_600s,DIO_Flood,1008,210,220,attack,attack,DIO_Flood,dio_flood,none,1,0,1.0,16.0,16.0,0.0,0.0,14.0,14.0,18,18,18,1.0,1.0,162.05555555555554,142.0,299.0999999999999,345.0,97.09999225917593,111.4,10.83512805646523,125.99999999999997,509.2,4.8,-70.86666666666666,0.0,103.0,-77.0,0.0,52.0,41.0,62.0,0.7884615384615384,15,0,14.0,14.0,15.0,1.0,560984.0,149439016.0,150000000.0,0.0037398933333333334,76688.0,0.0076688,3
DIO_Flood_seed1008_600s,DIO_Flood,1008,220,230,attack,attack,DIO_Flood,dio_flood,none,1,0,1.0,15.0,16.0,0.0,0.0,15.0,15.0,15,15,15,1.0,1.0,135.0,112.0,271.59999999999997,294.0,78.72284112178443,108.8,8.841460771356088,121.79999999999998,508.0,4.8,-70.86666666666666,0.0,103.0,-77.0,0.0,43.0,41.0,63.0,0.9534883720930233,15,0,15.0,15.0,15.0,1.0,472272.0,149527728.0,150000000.0,0.00314848,75880.0,0.007588,3
DIO_Flood_seed1008_600s,DIO_Flood,1008,230,240,attack,attack,DIO_Flood,dio_flood,none,1,0,1.0,15.0,15.0,0.0,0.0,15.0,15.0,14,14,14,1.0,1.0,198.0,175.5,374.65,387.0,99.2084053510976,108.86666666666666,8.576268474831052,122.1,507.0,4.8,-70.86666666666666,0.0,107.0,-77.0,0.0,46.0,41.0,61.0,0.8913043478260869,15,0,17.0,15.0,15.0,0.8823529411764706,540904.0,149459096.0,150000000.0,0.0036060266666666668,83432.0,0.0083432,3
DIO_Flood_seed1008_600s,DIO_Flood,1008,240,250,attack,attack,DIO_Flood,dio_flood,none,1,0,1.0,15.0,15.0,0.0,0.0,15.0,15.0,15,15,15,1.0,1.0,115.13333333333334,96.0,221.59999999999997,251.0,64.32602968657476,106.2,6.4939532313859925,116.0,506.73333333333335,4.8,-70.86666666666666,0.0,107.0,-77.0,0.0,41.0,41.0,64.0,1.0,15,0,16.0,15.0,16.0,0.9375,474216.0,149525784.0,150000000.0,0.00316144,80184.0,0.0080184,3
DIO_Flood_seed1008_600s,DIO_Flood,1008,250,260,attack,attack,DIO_Flood,dio_flood,none,1,0,1.0,15.0,15.0,0.0,0.0,14.0,14.0,15,15,15,1.0,1.0,148.46666666666667,149.0,311.09999999999997,344.0,90.93629376552315,105.66666666666667,5.912053869204927,114.6,505.53333333333336,4.8,-70.86666666666666,0.0,104.0,-77.0,0.0,43.0,41.0,60.0,0.9534883720930233,15,0,14.0,14.0,14.0,1.0,486192.0,149513808.0,150000000.0,0.00324128,73472.0,0.0073472,3
DIO_Flood_seed1008_600s,DIO_Flood,1008,260,270,attack,attack,DIO_Flood,dio_flood,none,1,0,1.0,14.0,14.0,0.0,0.0,15.0,15.0,14,14,14,1.0,1.0,144.28571428571428,154.0,263.25,273.0,85.46742840802757,106.46666666666667,7.623897266084422,121.6,503.4,4.8,-70.86666666666666,0.0,103.0,-77.0,0.0,43.0,39.0,61.0,0.9069767441860465,15,0,15.0,15.0,17.0,1.0,477288.0,149522712.0,150000000.0,0.00318192,76976.0,0.0076976,3
DIO_Flood_seed1008_600s,DIO_Flood,1008,270,280,attack,attack,DIO_Flood,dio_flood,none,1,0,1.0,14.0,14.0,0.0,0.0,14.0,14.0,15,15,15,1.0,1.0,149.26666666666668,144.0,272.69999999999993,307.0,77.21256991177637,104.66666666666667,5.972157622389639,116.0,500.53333333333336,4.8,-70.86666666666666,0.0,103.0,-77.0,0.0,40.0,40.0,60.0,1.0,15,0,14.0,14.0,14.0,1.0,454224.0,149545776.0,150000000.0,0.00302816,70768.0,0.0070768,3
DIO_Flood_seed1008_600s,DIO_Flood,1008,280,290,attack,attack,DIO_Flood,dio_flood,none,1,0,1.0,15.0,15.0,0.0,0.0,15.0,15.0,15,15,15,1.0,1.0,150.6,134.0,310.79999999999995,322.0,90.52213620356704,105.4,6.333583954940972,116.19999999999999,501.53333333333336,4.8,-70.86666666666666,0.0,106.0,-77.0,0.0,45.0,41.0,61.0,0.9111111111111111,15,0,17.0,15.0,15.0,0.8823529411764706,506560.0,149493440.0,150000000.0,0.0033770666666666665,82888.0,0.0082888,3
DIO_Flood_seed1008_600s,DIO_Flood,1008,290,300,attack,attack,DIO_Flood,dio_flood,none,1,0,1.0,15.0,15.0,0.0,0.0,15.0,15.0,15,15,15,1.0,1.0,141.6,128.0,270.0,277.0,81.78787894827168,104.13333333333334,4.501851470969101,111.3,498.6666666666667,4.8,-70.86666666666666,0.0,107.0,-77.0,0.0,41.0,40.0,63.0,0.975609756097561,15,0,17.0,15.0,15.0,0.8823529411764706,501480.0,149498520.0,150000000.0,0.0033432,83944.0,0.0083944,3
DIO_Flood_seed1008_600s,DIO_Flood,1008,300,310,attack,attack,DIO_Flood,dio_flood,none,1,0,1.0,15.0,15.0,0.0,0.0,15.0,15.0,15,15,15,1.0,1.0,152.86666666666667,154.0,298.0999999999999,359.0,96.3897346836319,106.06666666666666,8.99576619993036,123.6,501.26666666666665,4.8,-70.86666666666666,0.0,104.0,-77.0,0.0,47.0,41.0,61.0,0.8723404255319149,15,0,15.0,15.0,15.0,1.0,508008.0,149491992.0,150000000.0,0.00338672,80512.0,0.0080512,3
DIO_Flood_seed1008_600s,DIO_Flood,1008,310,320,attack,attack,DIO_Flood,dio_flood,none,1,0,1.0,16.0,16.0,0.0,0.0,16.0,16.0,15,15,15,1.0,1.0,139.8,132.0,255.99999999999997,270.0,81.33721692523575,104.2,6.4829446572195435,115.69999999999999,498.6666666666667,4.8,-70.86666666666666,0.0,103.0,-77.0,0.0,44.0,44.0,63.0,1.0,15,0,16.0,16.0,16.0,1.0,478112.0,149521888.0,150000000.0,0.003187413333333333,81280.0,0.008128,3
DIO_Flood_seed1008_600s,DIO_Flood,1008,320,330,attack,attack,DIO_Flood,dio_flood,none,1,0,1.0,16.0,15.0,0.0,0.0,17.0,17.0,16,16,16,1.0,1.0,137.25,146.0,238.0,313.0,82.21881374316546,103.53333333333333,5.316640543300502,111.6,497.73333333333335,4.8,-70.86666666666666,0.0,103.0,-77.0,0.0,46.0,45.0,64.0,0.9782608695652174,15,0,18.0,17.0,17.0,0.9444444444444444,502688.0,149500168.0,150002856.0,0.0033511895266847454,89608.0,0.0089608,3
DIO_Flood_seed1008_600s,DIO_Flood,1008,330,340,attack,attack,DIO_Flood,dio_flood,none,1,0,1.0,14.0,15.0,0.0,0.0,13.0,13.0,15,15,15,1.0,1.0,150.73333333333332,131.0,266.0,273.0,80.14938433652382,102.46666666666667,4.470005859163092,109.29999999999998,496.53333333333336,4.8,-70.86666666666666,0.0,102.0,-77.0,0.0,38.0,38.0,59.0,1.0,15,0,13.0,13.0,13.0,1.0,440656.0,149556488.0,149997144.0,0.0029377626016666024,65912.0,0.0065912,3
DIO_Flood_seed1008_600s,DIO_Flood,1008,340,350,attack,attack,DIO_Flood,dio_flood,none,1,0,1.0,15.0,15.0,0.0,0.0,15.0,15.0,14,14,14,1.0,1.0,128.35714285714286,116.0,256.75,260.0,78.91924513543735,101.8,3.931557306862365,107.99999999999999,495.6,4.8,-70.86666666666666,0.0,101.0,-77.0,0.0,40.0,40.0,59.0,1.0,15,0,15.0,15.0,15.0,1.0,459680.0,149540320.0,150000000.0,0.0030645333333333335,75880.0,0.007588,3
DIO_Flood_seed1008_600s,DIO_Flood,1008,350,360,attack,attack,DIO_Flood,dio_flood,none,1,0,1.0,15.0,15.0,0.0,0.0,15.0,15.0,15,15,15,1.0,1.0,139.46666666666667,121.0,241.39999999999998,254.0,69.03711907027848,101.4,3.397478056273085,105.99999999999999,495.1333333333333,4.8,-70.86666666666666,0.0,101.0,-77.0,0.0,39.0,39.0,60.0,1.0,15,0,15.0,15.0,15.0,1.0,442464.0,149557536.0,150000000.0,0.00294976,75080.0,0.007508,3
DIO_Flood_seed1008_600s,DIO_Flood,1008,360,370,attack,attack,DIO_Flood,dio_flood,none,1,0,1.0,16.0,16.0,0.0,0.0,16.0,16.0,16,16,16,1.0,1.0,152.0,142.5,281.0,377.0,94.18421665367646,103.86666666666666,6.749250399294794,115.29999999999998,498.8,4.8,-70.86666666666666,0.0,101.0,-77.0,0.0,48.0,42.0,62.0,0.875,15,0,16.0,16.0,16.0,1.0,495776.0,149504224.0,150000000.0,0.0033051733333333334,80480.0,0.008048,3
DIO_Flood_seed1008_600s,DIO_Flood,1008,370,380,attack,attack,DIO_Flood,dio_flood,none,1,0,1.0,15.0,15.0,0.0,0.0,15.0,15.0,15,15,15,1.0,1.0,146.6,148.0,296.09999999999997,301.0,92.14181616244758,102.73333333333333,4.3006090377106005,110.89999999999999,497.06666666666666,4.8,-70.86666666666666,0.0,102.0,-77.0,0.0,42.0,41.0,61.0,0.9761904761904762,15,0,16.0,15.0,15.0,0.9375,453424.0,149546576.0,150000000.0,0.0030228266666666665,81152.0,0.0081152,3
DIO_Flood_seed1008_600s,DIO_Flood,1008,380,390,attack,attack,DIO_Flood,dio_flood,none,1,0,1.0,14.0,14.0,0.0,0.0,14.0,14.0,15,15,15,1.0,1.0,130.4,117.0,232.1,237.0,66.36242482437956,101.6,2.922816645439317,106.89999999999999,495.4,4.8,-70.86666666666666,0.0,100.0,-77.0,0.0,40.0,40.0,60.0,1.0,15,0,14.0,14.0,14.0,1.0,465432.0,149534568.0,150000000.0,0.00310288,71280.0,0.007128,3
DIO_Flood_seed1008_600s,DIO_Flood,1008,390,400,attack,attack,DIO_Flood,dio_flood,none,1,0,1.0,15.0,15.0,0.0,0.0,15.0,15.0,13,13,13,1.0,1.0,150.76923076923077,145.0,280.4,290.0,77.26486248197801,100.93333333333334,2.1536237457121516,105.6,494.53333333333336,4.8,-70.86666666666666,0.0,100.0,-77.0,0.0,41.0,41.0,60.0,1.0,15,0,15.0,15.0,15.0,1.0,458440.0,149541560.0,150000000.0,0.0030562666666666665,74920.0,0.007492,3
DIO_Flood_seed1008_600s,DIO_Flood,1008,400,410,attack,attack,DIO_Flood,dio_flood,none,1,0,1.0,14.0,14.0,0.0,0.0,14.0,14.0,15,15,15,1.0,1.0,145.93333333333334,131.0,266.09999999999985,369.0,80.31853252311491,100.6,1.6818357317441641,103.89999999999999,494.1333333333333,4.8,-70.86666666666666,0.0,100.0,-77.0,0.0,41.0,41.0,59.0,1.0,15,0,14.0,14.0,14.0,1.0,461304.0,149538696.0,150000000.0,0.00307536,71280.0,0.007128,3
DIO_Flood_seed1008_600s,DIO_Flood,1008,410,420,attack,attack,DIO_Flood,dio_flood,none,1,0,1.0,15.0,14.0,0.0,0.0,17.0,17.0,14,14,14,1.0,1.0,155.0,116.5,360.9,383.0,109.5346801421639,100.4,1.2983506020002014,102.19999999999999,493.8666666666667,4.8,-70.86666666666666,0.0,100.0,-77.0,0.0,41.0,41.0,60.0,1.0,15,0,17.0,17.0,17.0,1.0,467240.0,149535936.0,150003176.0,0.0031148673812079817,86136.0,0.0086136,3
DIO_Flood_seed1008_600s,DIO_Flood,1008,420,430,attack,attack,DIO_Flood,dio_flood,none,1,0,1.0,15.0,16.0,0.0,0.0,13.0,13.0,16,16,16,1.0,1.0,142.625,149.0,236.5,241.0,76.12960440371843,100.33333333333333,1.2909944487358054,101.5,493.06666666666666,4.8,-70.86666666666666,0.0,102.0,-77.0,0.0,40.0,40.0,63.0,1.0,15,0,14.0,13.0,15.0,0.9285714285714286,474928.0,149522936.0,149997864.0,0.003166231753806841,68328.0,0.0068328,3
DIO_Flood_seed1008_600s,DIO_Flood,1008,430,440,attack,attack,DIO_Flood,dio_flood,none,1,0,1.0,16.0,14.0,0.0,0.0,17.0,17.0,16,16,16,1.0,1.0,133.5,95.0,259.0,268.0,73.66500752279426,101.93333333333334,3.4737107920301398,108.3,495.1333333333333,4.8,-70.86666666666666,0.0,110.0,-77.0,0.0,45.0,42.0,58.0,0.9333333333333333,15,0,21.0,17.0,17.0,0.8095238095238095,491232.0,149507728.0,149998960.0,0.0032749027059920948,100048.0,0.010002655430675663,3
DIO_Flood_seed1008_600s,DIO_Flood,1008,440,450,attack,attack,DIO_Flood,dio_flood,none,1,0,1.0,14.0,15.0,0.0,0.0,14.0,14.0,13,13,13,1.0,1.0,178.6153846153846,169.0,283.4,296.0,80.84505598317733,102.53333333333333,3.7581657126595047,109.6,496.4,4.8,-70.86666666666666,0.0,110.0,-77.0,0.0,46.0,43.0,63.0,0.9347826086956522,15,0,16.0,14.0,14.0,0.875,515376.0,149484624.0,150000000.0,0.00343584,78544.0,0.007856084344483457,3
DIO_Flood_seed1008_600s,DIO_Flood,1008,450,460,attack,attack,DIO_Flood,dio_flood,none,1,0,1.0,18.0,16.0,0.0,0.0,16.0,16.0,17,17,17,1.0,1.0,159.47058823529412,198.0,273.6,276.0,84.3423956612708,102.0,2.951996902824546,107.3,494.6666666666667,4.8,-70.86666666666666,0.0,105.0,-77.0,0.0,47.0,46.0,67.0,0.9787234042553191,15,0,16.0,16.0,16.0,1.0,524456.0,149475544.0,150000000.0,0.0034963733333333333,81280.0,0.008128,3
DIO_Flood_seed1008_600s,DIO_Flood,1008,460,470,attack,attack,DIO_Flood,dio_flood,none,1,0,1.0,15.0,18.0,0.0,0.0,16.0,16.0,17,17,17,1.0,1.0,141.76470588235293,124.0,255.39999999999995,305.0,75.09205135345942,101.86666666666666,4.2403953095144775,108.99999999999999,491.1333333333333,4.8,-70.86666666666666,0.0,105.0,-77.0,0.0,45.0,44.0,70.0,0.9777777777777777,15,0,17.0,16.0,16.0,0.9411764705882353,507008.0,149492992.0,150000000.0,0.003380053333333333,87520.0,0.008752,3
DIO_Flood_seed1008_600s,DIO_Flood,1008,470,480,attack,attack,DIO_Flood,dio_flood,none,1,0,1.0,15.0,15.0,0.0,0.0,15.0,15.0,15,15,15,1.0,1.0,120.8,136.0,210.3,211.0,62.44105792093623,101.66666666666667,3.477820883144803,108.89999999999999,490.93333333333334,4.8,-70.86666666666666,0.0,103.0,-77.0,0.0,39.0,38.0,57.0,0.9743589743589743,15,0,15.0,15.0,15.0,1.0,431808.0,149568192.0,150000000.0,0.00287872,74824.0,0.0074824,3
DIO_Flood_seed1008_600s,DIO_Flood,1008,480,490,attack,attack,DIO_Flood,dio_flood,none,1,0,1.0,15.0,15.0,0.0,0.0,17.0,17.0,15,15,15,1.0,1.0,142.13333333333333,141.0,252.6,261.0,79.36521968241564,101.0,2.2038926600773587,105.6,490.06666666666666,4.8,-70.86666666666666,0.0,103.0,-77.0,0.0,43.0,43.0,67.0,1.0,15,0,18.0,17.0,17.0,0.9444444444444444,485304.0,149514696.0,150000000.0,0.00323536,95192.0,0.0095192,3
DIO_Flood_seed1008_600s,DIO_Flood,1008,490,500,attack,attack,DIO_Flood,dio_flood,none,1,0,1.0,16.0,14.0,0.0,0.0,15.0,15.0,16,16,16,1.0,1.0,141.625,146.0,266.75,275.0,81.6462899749074,100.6,1.594633858557237,104.3,489.53333333333336,4.8,-70.86666666666666,0.0,107.0,-77.0,0.0,43.0,43.0,61.0,1.0,15,0,18.0,15.0,15.0,0.8333333333333334,476472.0,149523528.0,150000000.0,0.00317648,88288.0,0.0088288,3
DIO_Flood_seed1008_600s,DIO_Flood,1008,500,510,attack,attack,DIO_Flood,dio_flood,none,1,0,1.0,14.0,16.0,0.0,0.0,13.0,13.0,15,15,15,1.0,1.0,162.53333333333333,145.0,282.7,296.0,79.90607581642934,100.93333333333334,2.404361117002266,104.8,488.8,4.8,-70.86666666666666,0.0,104.0,-77.0,0.0,40.0,39.0,63.0,0.975,15,0,13.0,13.0,14.0,1.0,482136.0,149517864.0,150000000.0,0.00321424,66016.0,0.0066016,3
DIO_Flood_seed1008_600s,DIO_Flood,1008,510,520,attack,attack,DIO_Flood,dio_flood,none,1,0,1.0,15.0,15.0,0.0,0.0,16.0,16.0,14,14,14,1.0,1.0,151.07142857142858,133.5,270.2,291.0,82.95361473620181,100.46666666666667,1.3557637102737476,102.89999999999999,488.1333333333333,4.8,-70.86666666666666,0.0,102.0,-77.0,0.0,41.0,41.0,61.0,1.0,15,0,15.0,15.0,17.0,1.0,468776.0,149531224.0,150000000.0,0.0031251733333333333,76976.0,0.0076976,3
DIO_Flood_seed1008_600s,DIO_Flood,1008,520,530,attack,attack,DIO_Flood,dio_flood,none,1,0,1.0,15.0,15.0,0.0,0.0,14.0,14.0,16,16,16,1.0,1.0,154.8125,139.0,339.0,420.0,104.47661221536617,106.2,15.753457670347439,133.09999999999997,495.46666666666664,4.8,-70.86666666666666,0.0,103.0,-77.0,0.0,52.0,42.0,63.0,0.8076923076923077,15,0,16.0,15.0,14.0,0.9375,578392.0,149421608.0,150000000.0,0.0038559466666666666,81536.0,0.0081536,3
DIO_Flood_seed1009_600s,DIO_Flood,1009,190,200,attack,attack,DIO_Flood,dio_flood,none,1,0,1.0,15.0,15.0,0.0,0.0,16.0,16.0,15,15,15,1.0,1.0,150.26666666666668,140.0,280.79999999999995,299.0,93.96615398768908,106.8,6.471917357763021,119.6,489.6,4.8,-70.46666666666667,0.0,113.0,-77.0,0.0,51.0,45.0,81.0,0.8823529411764706,15,0,18.0,16.0,16.0,0.8888888888888888,532256.0,149464952.0,149997208.0,0.0035484393816183567,89312.0,0.0089312,4
DIO_Flood_seed1009_600s,DIO_Flood,1009,200,210,attack,attack,DIO_Flood,dio_flood,none,1,0,1.0,15.0,16.0,0.0,0.0,15.0,15.0,16,16,16,1.0,1.0,148.5625,153.0,241.25,266.0,75.25686568900761,106.6,5.448459808580247,115.3,492.3333333333333,4.8,-70.46666666666667,0.0,116.0,-77.0,0.0,45.0,42.0,81.0,0.9333333333333333,15,0,18.0,15.0,15.0,0.8333333333333334,502416.0,149498272.0,150000688.0,0.0033494246373056637,87400.0,0.00874,4
DIO_Flood_seed1009_600s,DIO_Flood,1009,210,220,attack,attack,DIO_Flood,dio_flood,none,1,0,1.0,15.0,15.0,0.0,0.0,15.0,15.0,16,16,16,1.0,1.0,141.1875,140.0,249.25,322.0,75.8922207256229,104.53333333333333,3.7959878568725434,109.8,487.8666666666667,4.8,-70.46666666666667,0.0,111.0,-77.0,0.0,42.0,42.0,82.0,1.0,15,0,15.0,15.0,15.0,1.0,470608.0,149528704.0,149999312.0,0.0031374010568795143,76976.0,0.0076976,4
DIO_Flood_seed1009_600s,DIO_Flood,1009,220,230,attack,attack,DIO_Flood,dio_flood,none,1,0,1.0,15.0,15.0,0.0,0.0,15.0,15.0,14,14,14,1.0,1.0,159.42857142857142,142.0,283.84999999999997,343.0,82.45531590430735,104.06666666666666,4.447578260239204,113.3,486.1333333333333,4.8,-70.46666666666667,0.0,108.0,-77.0,0.0,42.0,41.0,81.0,0.9761904761904762,15,0,15.0,15.0,15.0,1.0,468432.0,149531568.0,150000000.0,0.00312288,75880.0,0.007588,4
DIO_Flood_seed1009_600s,DIO_Flood,1009,230,240,attack,attack,DIO_Flood,dio_flood,none,1,0,1.0,15.0,15.0,0.0,0.0,15.0,15.0,16,16,16,1.0,1.0,139.5,134.5,281.75,308.0,89.90735972840785,105.33333333333333,6.0553007081949835,114.3,487.6666666666667,4.8,-70.46666666666667,0.0,108.0,-77.0,0.0,44.0,41.0,78.0,0.9318181818181818,15,0,16.0,15.0,15.0,0.9375,475152.0,149524848.0,150000000.0,0.00316768,80848.0,0.0080848,4
DIO_Flood_seed1009_600s,DIO_Flood,1009,240,250,attack,attack,DIO_Flood,dio_flood,none,1,0,1.0,16.0,16.0,0.0,0.0,16.0,16.0,15,15,15,1.0,1.0,150.53333333333333,154.0,307.79999999999995,326.0,92.01930439289562,104.2,5.045507195232493,112.3,485.0,4.8,-70.46666666666667,0.0,107.0,-77.0,0.0,43.0,43.0,83.0,1.0,15,0,17.0,16.0,17.0,0.9411764705882353,508912.0,149491088.0,150000000.0,0.0033927466666666666,84024.0,0.0084024,4
DIO_Flood_seed1009_600s,DIO_Flood,1009,250,260,attack,attack,DIO_Flood,dio_flood,none,1,0,1.0,14.0,14.0,0.0,0.0,14.0,14.0,15,15,15,1.0,1.0,144.53333333333333,136.0,273.09999999999997,285.0,81.81762529873261,104.66666666666667,4.514526816949078,111.3,487.0,4.8,-70.46666666666667,0.0,110.0,-77.0,0.0,41.0,39.0,84.0,0.9512195121951219,15,0,16.0,14.0,14.0,0.875,463056.0,149536944.0,150000000.0,0.00308704,82080.0,0.008208,4
DIO_Flood_seed1009_600s,DIO_Flood,1009,260,270,attack,attack,DIO_Flood,dio_flood,none,1,0,1.0,15.0,15.0,0.0,0.0,15.0,15.0,15,15,15,1.0,1.0,173.8,127.0,336.6999999999999,420.0,107.33073052153198,105.73333333333333,5.216274897810104,112.99999999999999,487.53333333333336,4.8,-70.46666666666667,0.0,109.0,-77.0,0.0,45.0,41.0,83.0,0.9111111111111111,15,0,16.0,15.0,15.0,0.9375,509696.0,149490304.0,150000000.0,0.0033979733333333335,80992.0,0.0080992,4
DIO_Flood_seed1009_600s,DIO_Flood,1009,270,280,attack,attack,DIO_Flood,dio_flood,none,1,0,1.0,15.0,15.0,0.0,0.0,15.0,15.0,15,15,15,1.0,1.0,145.0,124.0,299.8999999999999,358.0,95.81007999459884,104.66666666666667,4.561745697594707,113.0,486.2,4.8,-70.46666666666667,0.0,105.0,-77.0,0.0,42.0,41.0,82.0,0.9761904761904762,15,0,15.0,15.0,17.0,1.0,504432.0,149495568.0,150000000.0,0.00336288,75880.0,0.007588,4
DIO_Flood_seed1009_600s,DIO_Flood,1009,280,290,attack,attack,DIO_Flood,dio_flood,none,1,0,1.0,15.0,15.0,0.0,0.0,15.0,15.0,14,14,14,1.0,1.0,145.71428571428572,147.5,246.04999999999998,287.0,76.45051548996462,104.93333333333334,4.920317450076144,113.0,491.26666666666665,4.8,-70.46666666666667,0.0,108.0,-77.0,0.0,44.0,41.0,84.0,0.9318181818181818,15,0,17.0,15.0,16.0,0.8823529411764706,492560.0,149507440.0,150000000.0,0.003283733333333333,83984.0,0.0083984,4
DIO_Flood_seed1009_600s,DIO_Flood,1009,290,300,attack,attack,DIO_Flood,dio_flood,none,1,0,1.0,15.0,15.0,0.0,0.0,15.0,15.0,16,16,16,1.0,1.0,166.5,152.0,286.75,313.0,74.24553858650363,104.0,3.760699023168052,109.6,488.6,4.8,-70.46666666666667,0.0,105.0,-77.0,0.0,42.0,41.0,80.0,0.9761904761904762,15,0,15.0,15.0,15.0,1.0,478872.0,149521128.0,150000000.0,0.00319248,76880.0,0.007688,4
DIO_Flood_seed1009_600s,DIO_Flood,1009,300,310,attack,attack,DIO_Flood,dio_flood,none,1,0,1.0,15.0,15.0,0.0,0.0,14.0,14.0,14,14,14,1.0,1.0,163.64285714285714,138.5,467.75,497.0,145.92021378550947,103.6,4.852098220652293,110.99999999999999,487.26666666666665,4.8,-70.46666666666667,0.0,106.0,-77.0,0.0,39.0,38.0,78.0,0.9743589743589743,15,0,15.0,14.0,14.0,0.9333333333333333,431968.0,149568032.0,150000000.0,0.002879786666666667,78624.0,0.0078624,4
DIO_Flood_seed1009_600s,DIO_Flood,1009,310,320,attack,attack,DIO_Flood,dio_flood,none,1,0,1.0,15.0,15.0,0.0,0.0,15.0,15.0,15,15,15,1.0,1.0,152.13333333333333,154.0,317.5,335.0,87.91218562265632,105.8,8.055166930965136,118.79999999999998,490.73333333333335,4.8,-70.46666666666667,0.0,103.0,-77.0,0.0,46.0,41.0,81.0,0.8913043478260869,15,0,15.0,15.0,15.0,1.0,504608.0,149499336.0,150003944.0,0.0033639648834833304,77976.0,0.0077976,4
DIO_Flood_seed1009_600s,DIO_Flood,1009,320,330,attack,attack,DIO_Flood,dio_flood,none,1,0,1.0,15.0,15.0,0.0,0.0,16.0,16.0,15,15,15,1.0,1.0,132.66666666666666,101.0,272.4,306.0,88.87042466958499,104.46666666666667,6.65331997326648,117.5,488.3333333333333,4.8,-70.46666666666667,0.0,104.0,-77.0,0.0,44.0,43.0,79.0,0.9772727272727273,15,0,17.0,16.0,16.0,0.9411764705882353,487688.0,149508368.0,149996056.0,0.0032513388218687565,85552.0,0.0085552,4
DIO_Flood_seed1009_600s,DIO_Flood,1009,330,340,attack,attack,DIO_Flood,dio_flood,none,1,0,1.0,15.0,15.0,0.0,0.0,15.0,15.0,15,15,15,1.0,1.0,146.93333333333334,124.0,237.89999999999992,282.0,71.1732962229381,103.13333333333334,4.778921974472405,111.8,486.73333333333335,4.8,-70.46666666666667,0.0,103.0,-77.0,0.0,42.0,42.0,80.0,1.0,15,0,15.0,15.0,15.0,1.0,468416.0,149534760.0,150003176.0,0.0031227072152125632,75880.0,0.007588,4
DIO_Flood_seed1009_600s,DIO_Flood,1009,340,350,attack,attack,DIO_Flood,dio_flood,none,1,0,1.0,15.0,15.0,0.0,0.0,15.0,15.0,15,15,15,1.0,1.0,138.33333333333334,154.0,234.49999999999997,245.0,78.48900438611646,102.46666666666667,3.888934240098374,110.19999999999999,485.6666666666667,4.8,-70.46666666666667,0.0,102.0,-77.0,0.0,40.0,40.0,79.0,1.0,15,0,15.0,15.0,15.0,1.0,452360.0,149544464.0,149996824.0,0.0030157971878124567,76880.0,0.007688,4
DIO_Flood_seed1009_600s,DIO_Flood,1009,350,360,attack,attack,DIO_Flood,dio_flood,none,1,0,1.0,15.0,15.0,0.0,0.0,15.0,15.0,16,16,16,1.0,1.0,152.75,149.0,269.75,272.0,78.76674425161929,101.66666666666667,2.845213189769459,107.6,484.6666666666667,4.8,-70.46666666666667,0.0,101.0,-77.0,0.0,42.0,42.0,83.0,1.0,15,0,15.0,15.0,15.0,1.0,505072.0,149494928.0,150000000.0,0.003367146666666667,75880.0,0.007588,4
DIO_Flood_seed1009_600s,DIO_Flood,1009,360,370,attack,attack,DIO_Flood,dio_flood,none,1,0,1.0,15.0,15.0,0.0,0.0,15.0,15.0,15,15,15,1.0,1.0,155.4,155.0,292.19999999999993,351.0,94.12210913792481,102.73333333333333,4.415341220702891,110.1,486.06666666666666,4.8,-70.46666666666667,0.0,102.0,-77.0,0.0,44.0,41.0,80.0,0.9318181818181818,15,0,16.0,15.0,15.0,0.9375,485080.0,149514920.0,150000000.0,0.0032338666666666665,81024.0,0.0081024,4
DIO_Flood_seed1009_600s,DIO_Flood,1009,370,380,attack,attack,DIO_Flood,dio_flood,none,1,0,1.0,15.0,15.0,0.0,0.0,15.0,15.0,15,15,15,1.0,1.0,144.13333333333333,129.0,269.49999999999994,308.0,87.86260919889698,101.73333333333333,2.9872745979922106,106.5,484.93333333333334,4.8,-70.46666666666667,0.0,101.0,-77.0,0.0,41.0,41.0,81.0,1.0,15,0,15.0,15.0,15.0,1.0,468136.0,149531864.0,150000000.0,0.003120906666666667,75880.0,0.007588,4
DIO_Flood_seed1009_600s,DIO_Flood,1009,380,390,attack,attack,DIO_Flood,dio_flood,none,1,0,1.0,15.0,15.0,0.0,0.0,15.0,15.0,15,15,15,1.0,1.0,136.06666666666666,120.0,233.79999999999998,238.0,69.07290834087317,101.73333333333333,2.8900486072695992,106.89999999999999,484.8,4.8,-70.46666666666667,0.0,101.0,-77.0,0.0,42.0,41.0,81.0,0.9761904761904762,15,0,15.0,15.0,15.0,1.0,460840.0,149539160.0,150000000.0,0.0030722666666666665,75880.0,0.007588,4
DIO_Flood_seed1009_600s,DIO_Flood,1009,390,400,attack,attack,DIO_Flood,dio_flood,none,1,0,1.0,15.0,15.0,0.0,0.0,15.0,15.0,15,15,15,1.0,1.0,161.8,159.0,300.19999999999976,443.0,102.95019600342128,104.2,4.783901575671712,111.6,489.6,4.8,-70.46666666666667,0.0,100.0,-77.0,0.0,46.0,41.0,81.0,0.8913043478260869,15,0,15.0,15.0,15.0,1.0,516448.0,149483552.0,150000000.0,0.0034429866666666666,75880.0,0.007588,4
DIO_Flood_seed1009_600s,DIO_Flood,1009,400,410,attack,attack,DIO_Flood,dio_flood,none,1,0,1.0,15.0,15.0,0.0,0.0,15.0,15.0,15,15,15,1.0,1.0,153.66666666666666,123.0,340.19999999999993,371.0,101.49853388572852,103.53333333333333,5.111145617550876,111.69999999999999,487.6666666666667,4.8,-70.46666666666667,0.0,106.0,-77.0,0.0,42.0,41.0,78.0,0.9761904761904762,15,0,18.0,15.0,15.0,0.8333333333333334,497360.0,149502640.0,150000000.0,0.003315733333333333,89504.0,0.0089504,4
DIO_Flood_seed1009_600s,DIO_Flood,1009,410,420,attack,attack,DIO_Flood,dio_flood,none,1,0,1.0,15.0,15.0,0.0,0.0,15.0,15.0,15,15,15,1.0,1.0,178.66666666666666,157.0,349.3999999999998,467.0,116.90696341637694,103.86666666666666,4.867775477077604,113.0,489.6,4.8,-70.46666666666667,0.0,103.0,-77.0,0.0,44.0,41.0,79.0,0.9318181818181818,15,0,16.0,15.0,15.0,0.9375,488856.0,149511144.0,150000000.0,0.00325904,80184.0,0.0080184,4
DIO_Flood_seed1009_600s,DIO_Flood,1009,420,430,attack,attack,DIO_Flood,dio_flood,none,1,0,1.0,15.0,15.0,0.0,0.0,15.0,15.0,15,15,15,1.0,1.0,139.26666666666668,119.0,273.09999999999997,306.0,85.0071145481925,102.53333333333333,3.067494712224262,107.3,486.6666666666667,4.8,-70.46666666666667,0.0,101.0,-77.0,0.0,41.0,41.0,81.0,1.0,15,0,15.0,15.0,15.0,1.0,456344.0,149543656.0,150000000.0,0.0030422933333333333,75880.0,0.007588,4
DIO_Flood_seed1009_600s,DIO_Flood,1009,430,440,attack,attack,DIO_Flood,dio_flood,none,1,0,1.0,15.0,15.0,0.0,0.0,15.0,15.0,15,15,15,1.0,1.0,148.06666666666666,125.0,294.29999999999995,309.0,98.39967092473043,102.66666666666667,4.134638810735237,108.69999999999999,486.06666666666666,4.8,-70.46666666666667,0.0,105.0,-77.0,0.0,43.0,41.0,85.0,0.9534883720930233,15,0,18.0,15.0,16.0,0.8333333333333334,469448.0,149530552.0,150000000.0,0.003129653333333333,93320.0,0.009332,4
DIO_Flood_seed1009_600s,DIO_Flood,1009,440,450,attack,attack,DIO_Flood,dio_flood,none,1,0,1.0,15.0,15.0,0.0,0.0,15.0,15.0,15,15,15,1.0,1.0,142.13333333333333,142.0,288.7999999999999,342.0,91.52662896405509,103.93333333333334,4.905778905196062,112.6,488.8,4.8,-70.46666666666667,0.0,102.0,-77.0,0.0,45.0,41.0,80.0,0.9111111111111111,15,0,15.0,15.0,15.0,1.0,488512.0,149511488.0,150000000.0,0.0032567466666666668,75280.0,0.007528,4
DIO_Flood_seed1009_600s,DIO_Flood,1009,450,460,attack,attack,DIO_Flood,dio_flood,none,1,0,1.0,15.0,15.0,0.0,0.0,15.0,15.0,15,15,15,1.0,1.0,114.46666666666667,118.0,200.09999999999994,247.0,60.07598363342718,102.26666666666667,2.6313132697969515,105.6,485.2,4.8,-70.46666666666667,0.0,100.0,-77.0,0.0,41.0,41.0,81.0,1.0,15,0,15.0,15.0,16.0,1.0,469296.0,149530704.0,150000000.0,0.00312864,75880.0,0.007588,4
DIO_Flood_seed1009_600s,DIO_Flood,1009,460,470,attack,attack,DIO_Flood,dio_flood,none,1,0,1.0,15.0,15.0,0.0,0.0,15.0,15.0,14,14,14,1.0,1.0,138.28571428571428,107.0,305.25,315.0,108.2841195626143,101.86666666666666,3.5023801430836525,107.39999999999999,483.8666666666667,4.8,-70.46666666666667,0.0,103.0,-77.0,0.0,40.0,39.0,78.0,0.975,15,0,17.0,15.0,15.0,0.8823529411764706,466800.0,149533200.0,150000000.0,0.003112,83496.0,0.0083496,4
DIO_Flood_seed1009_600s,DIO_Flood,1009,470,480,attack,attack,DIO_Flood,dio_flood,none,1,0,1.0,15.0,15.0,0.0,0.0,15.0,15.0,16,16,16,1.0,1.0,175.75,188.5,326.5,358.0,101.08972911890372,101.0,1.7320508075688772,103.89999999999999,482.73333333333335,4.8,-70.46666666666667,0.0,101.0,-77.0,0.0,43.0,43.0,82.0,1.0,15,0,15.0,15.0,15.0,1.0,502104.0,149497896.0,150000000.0,0.00334736,74832.0,0.0074832,4
DIO_Flood_seed1009_600s,DIO_Flood,1009,480,490,attack,attack,DIO_Flood,dio_flood,none,1,0,1.0,15.0,15.0,0.0,0.0,15.0,15.0,15,15,15,1.0,1.0,138.53333333333333,143.0,266.9,297.0,92.99452108797031,102.06666666666666,3.614784456460255,109.19999999999999,484.46666666666664,4.8,-70.46666666666667,0.0,102.0,-77.0,0.0,44.0,41.0,85.0,0.9318181818181818,15,0,16.0,15.0,16.0,0.9375,493032.0,149506968.0,150000000.0,0.00328688,79384.0,0.0079384,4
DIO_Flood_seed1009_600s,DIO_Flood,1009,490,500,attack,attack,DIO_Flood,dio_flood,none,1,0,1.0,15.0,15.0,0.0,0.0,15.0,15.0,15,15,15,1.0,1.0,131.93333333333334,137.0,240.99999999999997,262.0,74.42010736993316,101.2,2.90811671999988,107.19999999999999,482.4,4.8,-70.46666666666667,0.0,102.0,-77.0,0.0,41.0,41.0,83.0,1.0,15,0,15.0,15.0,15.0,1.0,477760.0,149522240.0,150000000.0,0.0031850666666666666,75880.0,0.007588,4
DIO_Flood_seed1009_600s,DIO_Flood,1009,500,510,attack,attack,DIO_Flood,dio_flood,none,1,0,1.0,15.0,15.0,0.0,0.0,15.0,15.0,15,15,15,1.0,1.0,146.8,144.0,276.3999999999999,317.0,84.56797772882392,104.4,5.64168161354143,114.19999999999999,486.53333333333336,4.8,-70.46666666666667,0.0,104.0,-77.0,0.0,48.0,41.0,79.0,0.8541666666666666,15,0,17.0,15.0,15.0,0.8823529411764706,489576.0,149510424.0,150000000.0,0.00326384,85584.0,0.0085584,4
DIO_Flood_seed1009_600s,DIO_Flood,1009,510,520,attack,attack,DIO_Flood,dio_flood,none,1,0,1.0,15.0,15.0,0.0,0.0,15.0,15.0,15,15,15,1.0,1.0,151.0,145.0,278.2,288.0,83.62501334614457,103.6,4.355620342893601,109.89999999999999,485.46666666666664,4.8,-70.46666666666667,0.0,102.0,-77.0,0.0,42.0,41.0,79.0,0.9761904761904762,15,0,15.0,15.0,15.0,1.0,485160.0,149514840.0,150000000.0,0.0032344,75880.0,0.007588,4
DIO_Flood_seed1009_600s,DIO_Flood,1009,520,530,attack,attack,DIO_Flood,dio_flood,none,1,0,1.0,15.0,15.0,0.0,0.0,15.0,15.0,15,15,15,1.0,1.0,147.53333333333333,154.0,268.29999999999995,297.0,87.47723513387163,102.53333333333333,3.067494712224262,107.0,485.4,4.8,-70.46666666666667,0.0,101.0,-77.0,0.0,41.0,41.0,83.0,1.0,15,0,15.0,15.0,16.0,1.0,462520.0,149537480.0,150000000.0,0.0030834666666666667,75880.0,0.007588,4
DIO_Flood_seed1010_600s,DIO_Flood,1010,190,200,attack,attack,DIO_Flood,dio_flood,none,1,0,1.0,15.0,15.0,0.0,0.0,15.0,15.0,15,15,15,1.0,1.0,152.4,171.0,272.5999999999999,351.0,97.00795254587561,107.0,8.246211251235321,120.89999999999999,489.1333333333333,4.8,-71.73333333333333,0.0,105.0,-77.0,0.0,42.0,41.0,60.0,0.9761904761904762,15,0,16.0,15.0,15.0,0.9375,474912.0,149525088.0,150000000.0,0.00316608,80184.0,0.0080184,5
DIO_Flood_seed1010_600s,DIO_Flood,1010,200,210,attack,attack,DIO_Flood,dio_flood,none,1,0,1.0,16.0,16.0,0.0,0.0,15.0,15.0,15,15,15,1.0,1.0,153.13333333333333,142.0,317.99999999999994,360.0,95.10585581090056,106.46666666666667,6.988425805436818,118.3,488.1333333333333,4.8,-71.73333333333333,0.0,105.0,-77.0,0.0,45.0,44.0,63.0,0.9777777777777777,15,0,16.0,15.0,15.0,0.9375,494392.0,149505608.0,150000000.0,0.003295946666666667,79640.0,0.007964,5
DIO_Flood_seed1010_600s,DIO_Flood,1010,210,220,attack,attack,DIO_Flood,dio_flood,none,1,0,1.0,15.0,15.0,0.0,0.0,15.0,15.0,15,15,15,1.0,1.0,141.26666666666668,140.0,243.19999999999993,281.0,77.35582595722063,105.06666666666666,5.945786823657653,114.6,486.2,4.8,-71.73333333333333,0.0,104.0,-77.0,0.0,41.0,41.0,61.0,1.0,15,0,15.0,15.0,15.0,1.0,463736.0,149536264.0,150000000.0,0.0030915733333333334,76392.0,0.0076392,5
DIO_Flood_seed1010_600s,DIO_Flood,1010,220,230,attack,attack,DIO_Flood,dio_flood,none,1,0,1.0,15.0,15.0,0.0,0.0,15.0,15.0,15,15,15,1.0,1.0,132.06666666666666,124.0,243.29999999999998,258.0,77.9317161427386,104.2,5.307676381565532,112.6,484.93333333333334,4.8,-71.73333333333333,0.0,103.0,-77.0,0.0,41.0,41.0,61.0,1.0,15,0,15.0,15.0,15.0,1.0,481792.0,149518208.0,150000000.0,0.0032119466666666666,75880.0,0.007588,5
DIO_Flood_seed1010_600s,DIO_Flood,1010,230,240,attack,attack,DIO_Flood,dio_flood,none,1,0,1.0,15.0,15.0,0.0,0.0,15.0,15.0,15,15,15,1.0,1.0,137.4,110.0,296.99999999999994,325.0,83.67607611668771,105.0,7.435436388384631,117.19999999999999,485.8,4.8,-71.73333333333333,0.0,104.0,-77.0,0.0,45.0,41.0,65.0,0.9111111111111111,15,0,16.0,15.0,15.0,0.9375,486312.0,149513688.0,150000000.0,0.00324208,84264.0,0.0084264,5
DIO_Flood_seed1010_600s,DIO_Flood,1010,240,250,attack,attack,DIO_Flood,dio_flood,none,1,0,1.0,14.0,13.0,0.0,0.0,15.0,15.0,15,15,15,1.0,1.0,140.93333333333334,153.0,261.9,285.0,89.33841492299034,103.93333333333334,6.374801584213836,115.39999999999999,484.26666666666665,4.8,-71.73333333333333,0.0,106.0,-77.0,0.0,38.0,38.0,60.0,1.0,15,0,17.0,15.0,16.0,0.8823529411764706,450240.0,149549760.0,150000000.0,0.0030016,84232.0,0.0084232,5
DIO_Flood_seed1010_600s,DIO_Flood,1010,250,260,attack,attack,DIO_Flood,dio_flood,none,1,0,1.0,16.0,16.0,0.0,0.0,15.0,15.0,15,15,15,1.0,1.0,137.73333333333332,148.0,256.9,280.0,74.82977507713916,102.93333333333334,4.802776974487434,111.1,483.2,4.8,-71.73333333333333,0.0,103.0,-77.0,0.0,42.0,42.0,61.0,1.0,15,0,15.0,15.0,15.0,1.0,488336.0,149511664.0,150000000.0,0.0032555733333333335,74920.0,0.007492,5
DIO_Flood_seed1010_600s,DIO_Flood,1010,260,270,attack,attack,DIO_Flood,dio_flood,none,1,0,1.0,15.0,16.0,0.0,0.0,16.0,16.0,16,16,16,1.0,1.0,123.1875,122.0,226.75,256.0,74.72903830952642,102.4,4.032014739202085,109.5,481.53333333333336,4.8,-71.73333333333333,0.0,102.0,-77.0,0.0,42.0,42.0,66.0,1.0,15,0,16.0,16.0,17.0,1.0,487840.0,149512160.0,150000000.0,0.0032522666666666665,80480.0,0.008048,5
DIO_Flood_seed1010_600s,DIO_Flood,1010,270,280,attack,attack,DIO_Flood,dio_flood,none,1,0,1.0,14.0,14.0,0.0,0.0,14.0,14.0,14,14,14,1.0,1.0,163.42857142857142,146.5,346.7,374.0,105.120966426387,103.46666666666667,3.7771241264574114,109.0,483.26666666666665,4.8,-71.73333333333333,0.0,102.0,-77.0,0.0,43.0,40.0,62.0,0.9302325581395349,15,0,15.0,14.0,16.0,0.9333333333333333,491272.0,149508728.0,150000000.0,0.003275146666666667,76680.0,0.007668,5
DIO_Flood_seed1010_600s,DIO_Flood,1010,280,290,attack,attack,DIO_Flood,dio_flood,none,1,0,1.0,14.0,14.0,0.0,0.0,15.0,15.0,15,15,15,1.0,1.0,136.46666666666667,151.0,255.89999999999998,279.0,81.80889461479869,102.33333333333333,2.9680841985233184,107.0,481.6,4.8,-71.73333333333333,0.0,101.0,-77.0,0.0,40.0,40.0,59.0,1.0,15,0,15.0,15.0,15.0,1.0,472832.0,149527168.0,150000000.0,0.0031522133333333332,75880.0,0.007588,5
DIO_Flood_seed1010_600s,DIO_Flood,1010,290,300,attack,attack,DIO_Flood,dio_flood,none,1,0,1.0,16.0,16.0,0.0,0.0,16.0,16.0,16,16,16,1.0,1.0,139.1875,134.0,252.75,264.0,77.32978619738536,104.06666666666666,6.192929916637273,113.19999999999999,483.93333333333334,4.8,-71.73333333333333,0.0,103.0,-77.0,0.0,46.0,42.0,62.0,0.9130434782608695,15,0,18.0,16.0,16.0,0.8888888888888888,477432.0,149522568.0,150000000.0,0.00318288,88544.0,0.0088544,5
DIO_Flood_seed1010_600s,DIO_Flood,1010,300,310,attack,attack,DIO_Flood,dio_flood,none,1,0,1.0,14.0,14.0,0.0,0.0,14.0,14.0,14,14,14,1.0,1.0,131.85714285714286,127.0,251.74999999999997,281.0,75.198053517011,103.06666666666666,4.861902429923418,110.99999999999999,482.6,4.8,-71.73333333333333,0.0,102.0,-77.0,0.0,40.0,40.0,60.0,1.0,15,0,14.0,14.0,14.0,1.0,461920.0,149538080.0,150000000.0,0.0030794666666666666,71024.0,0.0071024,5
DIO_Flood_seed1010_600s,DIO_Flood,1010,310,320,attack,attack,DIO_Flood,dio_flood,none,1,0,1.0,16.0,15.0,0.0,0.0,15.0,15.0,15,15,15,1.0,1.0,141.46666666666667,132.0,256.7,270.0,74.33790291314256,102.6,4.049691346263317,109.1,481.93333333333334,4.8,-71.73333333333333,0.0,103.0,-77.0,0.0,47.0,46.0,64.0,0.9787234042553191,15,0,16.0,15.0,15.0,0.9375,537008.0,149462992.0,150000000.0,0.0035800533333333333,78464.0,0.0078464,5
DIO_Flood_seed1010_600s,DIO_Flood,1010,320,330,attack,attack,DIO_Flood,dio_flood,none,1,0,1.0,15.0,16.0,0.0,0.0,16.0,16.0,16,16,16,1.0,1.0,142.1875,133.0,254.0,260.0,72.2211591802107,102.66666666666667,4.700557211144026,112.5,482.0,4.8,-71.73333333333333,0.0,102.0,-77.0,0.0,42.0,40.0,61.0,0.9523809523809523,15,0,16.0,16.0,16.0,1.0,465496.0,149534504.0,150000000.0,0.003103306666666667,81536.0,0.0081536,5
DIO_Flood_seed1010_600s,DIO_Flood,1010,330,340,attack,attack,DIO_Flood,dio_flood,none,1,0,1.0,15.0,15.0,0.0,0.0,15.0,15.0,15,15,15,1.0,1.0,148.66666666666666,142.0,265.9999999999999,357.0,83.45885784253791,102.6,4.256088076424842,109.8,482.0,4.8,-71.73333333333333,0.0,102.0,-77.0,0.0,45.0,43.0,63.0,0.9555555555555556,15,0,16.0,15.0,15.0,0.9375,492856.0,149508088.0,150000944.0,0.0032856859887495106,79640.0,0.007964,5
DIO_Flood_seed1010_600s,DIO_Flood,1010,340,350,attack,attack,DIO_Flood,dio_flood,none,1,0,1.0,15.0,14.0,0.0,0.0,14.0,14.0,14,14,14,1.0,1.0,111.78571428571429,111.0,207.64999999999998,233.0,62.55112194951308,101.93333333333334,3.614784456460255,107.39999999999999,481.2,4.8,-71.73333333333333,0.0,102.0,-77.0,0.0,39.0,38.0,57.0,0.9743589743589743,15,0,14.0,14.0,14.0,1.0,431912.0,149567144.0,149999056.0,0.0028794314545552875,70192.0,0.0070192,5
DIO_Flood_seed1010_600s,DIO_Flood,1010,350,360,attack,attack,DIO_Flood,dio_flood,none,1,0,1.0,15.0,16.0,0.0,0.0,15.0,15.0,15,15,15,1.0,1.0,153.4,135.0,294.2,297.0,85.93834999579641,105.13333333333334,9.156314500829208,122.6,485.2,4.8,-71.73333333333333,0.0,105.0,-77.0,0.0,48.0,41.0,62.0,0.8541666666666666,15,0,17.0,15.0,15.0,0.8823529411764706,514760.0,149485240.0,150000000.0,0.0034317333333333333,87568.0,0.0087568,5
DIO_Flood_seed1010_600s,DIO_Flood,1010,360,370,attack,attack,DIO_Flood,dio_flood,none,1,0,1.0,14.0,14.0,0.0,0.0,14.0,14.0,14,14,14,1.0,1.0,134.35714285714286,155.5,250.89999999999998,273.0,77.22754305682273,103.33333333333333,6.955641766289605,119.6,482.8666666666667,4.8,-71.73333333333333,0.0,102.0,-77.0,0.0,41.0,41.0,60.0,1.0,15,0,14.0,14.0,14.0,1.0,470352.0,149529648.0,150000000.0,0.00313568,71320.0,0.007132,5
DIO_Flood_seed1010_600s,DIO_Flood,1010,370,380,attack,attack,DIO_Flood,dio_flood,none,1,0,1.0,17.0,16.0,0.0,0.0,16.0,16.0,16,16,16,1.0,1.0,145.9375,137.5,262.25,284.0,77.2402906519648,103.33333333333333,7.4992063072098,120.19999999999999,482.93333333333334,4.8,-71.73333333333333,0.0,103.0,-77.0,0.0,47.0,45.0,66.0,0.9574468085106383,15,0,17.0,16.0,16.0,0.9411764705882353,521112.0,149481680.0,150002792.0,0.0034740153369945273,85552.0,0.0085552,5
DIO_Flood_seed1010_600s,DIO_Flood,1010,380,390,attack,attack,DIO_Flood,dio_flood,none,1,0,1.0,15.0,16.0,0.0,0.0,17.0,17.0,17,17,17,1.0,1.0,138.52941176470588,107.0,258.0,290.0,77.31358034577337,103.73333333333333,7.1360920344267935,117.6,483.46666666666664,4.8,-71.73333333333333,0.0,101.0,-77.0,0.0,45.0,43.0,62.0,0.9555555555555556,15,0,16.0,16.0,17.0,1.0,479040.0,149518168.0,149997208.0,0.003193659444647796,81832.0,0.008181629127207575,5
DIO_Flood_seed1010_600s,DIO_Flood,1010,390,400,attack,attack,DIO_Flood,dio_flood,none,1,0,1.0,15.0,15.0,0.0,0.0,15.0,15.0,15,15,15,1.0,1.0,166.8,149.0,325.2,342.0,103.82829231820334,103.4,6.021390442177194,114.3,483.0,4.8,-71.73333333333333,0.0,102.0,-77.0,0.0,43.0,42.0,63.0,0.9767441860465116,15,0,17.0,16.0,15.0,0.9411764705882353,491128.0,149508872.0,150000000.0,0.003274186666666667,84488.0,0.008450422481116375,5
DIO_Flood_seed1010_600s,DIO_Flood,1010,400,410,attack,attack,DIO_Flood,dio_flood,none,1,0,1.0,14.0,14.0,0.0,0.0,13.0,13.0,13,13,13,1.0,1.0,120.46153846153847,116.0,229.5999999999999,274.0,72.2006641066126,103.66666666666667,5.627314338711377,113.6,483.3333333333333,4.8,-71.73333333333333,0.0,102.0,-77.0,0.0,40.0,39.0,57.0,0.975,15,0,13.0,13.0,13.0,1.0,426952.0,149573048.0,150000000.0,0.0028463466666666668,65112.0,0.0065112,5
DIO_Flood_seed1010_600s,DIO_Flood,1010,410,420,attack,attack,DIO_Flood,dio_flood,none,1,0,1.0,14.0,12.0,0.0,0.0,13.0,13.0,13,13,13,1.0,1.0,146.92307692307693,129.0,274.59999999999997,292.0,75.46242060175994,103.6,5.679537204486195,113.89999999999999,483.26666666666665,4.8,-71.73333333333333,0.0,102.0,-77.0,0.0,36.0,35.0,55.0,0.9722222222222222,15,0,14.0,13.0,13.0,0.9285714285714286,412944.0,149587056.0,150000000.0,0.00275296,70504.0,0.0070504,5
DIO_Flood_seed1010_600s,DIO_Flood,1010,420,430,attack,attack,DIO_Flood,dio_flood,none,1,0,1.0,15.0,17.0,0.0,0.0,16.0,16.0,16,16,16,1.0,1.0,142.5,121.0,250.25,257.0,77.14315696590766,104.0,5.0849919230164815,111.8,483.8,4.8,-71.73333333333333,0.0,102.0,-77.0,0.0,48.0,45.0,63.0,0.9375,15,0,18.0,16.0,16.0,0.8888888888888888,497048.0,149502952.0,150000000.0,0.0033136533333333333,89320.0,0.008932,5
DIO_Flood_seed1010_600s,DIO_Flood,1010,430,440,attack,attack,DIO_Flood,dio_flood,none,1,0,1.0,16.0,16.0,0.0,0.0,15.0,15.0,14,14,14,1.0,1.0,159.42857142857142,165.5,280.5,287.0,91.87341984886203,103.33333333333333,3.811011614231781,109.0,483.0,4.8,-71.73333333333333,0.0,107.0,-77.0,0.0,42.0,40.0,59.0,0.9523809523809523,15,0,19.0,15.0,16.0,0.7894736842105263,461960.0,149538040.0,150000000.0,0.0030797333333333335,92736.0,0.0092736,5
DIO_Flood_seed1010_600s,DIO_Flood,1010,440,450,attack,attack,DIO_Flood,dio_flood,none,1,0,1.0,15.0,15.0,0.0,0.0,16.0,16.0,17,17,17,1.0,1.0,142.11764705882354,149.0,256.79999999999995,300.0,78.31577295869361,102.53333333333333,4.085980677296222,109.1,483.1333333333333,4.8,-71.73333333333333,0.0,103.0,-77.0,0.0,40.0,39.0,61.0,0.975,15,0,16.0,16.0,16.0,1.0,478536.0,149521464.0,150000000.0,0.00319024,80992.0,0.0080992,5
DIO_Flood_seed1010_600s,DIO_Flood,1010,450,460,attack,attack,DIO_Flood,dio_flood,none,1,0,1.0,15.0,15.0,0.0,0.0,15.0,15.0,15,15,15,1.0,1.0,161.0,185.0,276.0999999999999,330.0,96.23334735348836,102.33333333333333,3.754362541795624,109.6,484.53333333333336,4.8,-71.73333333333333,0.0,102.0,-77.0,0.0,42.0,41.0,62.0,0.9761904761904762,15,0,16.0,15.0,15.0,0.9375,503496.0,149496504.0,150000000.0,0.00335664,80728.0,0.0080728,5
DIO_Flood_seed1010_600s,DIO_Flood,1010,460,470,attack,attack,DIO_Flood,dio_flood,none,1,0,1.0,14.0,14.0,0.0,0.0,15.0,15.0,15,15,15,1.0,1.0,141.86666666666667,150.0,283.79999999999995,295.0,84.56938543220562,101.66666666666667,2.9439202887759492,107.3,483.73333333333335,4.8,-71.73333333333333,0.0,103.0,-77.0,0.0,44.0,44.0,62.0,1.0,15,0,16.0,15.0,15.0,0.9375,491376.0,149508624.0,150000000.0,0.00327584,79640.0,0.007964,5
DIO_Flood_seed1010_600s,DIO_Flood,1010,470,480,attack,attack,DIO_Flood,dio_flood,none,1,0,1.0,17.0,15.0,0.0,0.0,14.0,14.0,14,14,14,1.0,1.0,151.42857142857142,136.5,299.4,354.0,96.93670757110165,104.13333333333334,6.8019605016985105,117.39999999999999,486.8,4.8,-71.73333333333333,0.0,106.0,-77.0,0.0,46.0,41.0,66.0,0.8913043478260869,15,0,17.0,14.0,15.0,0.8235294117647058,494104.0,149505896.0,150000000.0,0.0032940266666666666,87800.0,0.00878,5
DIO_Flood_seed1010_600s,DIO_Flood,1010,480,490,attack,attack,DIO_Flood,dio_flood,none,1,0,1.0,15.0,16.0,0.0,0.0,17.0,17.0,16,16,16,1.0,1.0,171.0,168.0,403.25,404.0,115.02637378734785,102.46666666666667,4.549201918494946,113.0,484.6666666666667,4.8,-71.73333333333333,0.0,102.0,-77.0,0.0,44.0,44.0,65.0,1.0,15,0,16.0,16.0,17.0,1.0,503800.0,149496200.0,150000000.0,0.0033586666666666665,81832.0,0.0081832,5
DIO_Flood_seed1010_600s,DIO_Flood,1010,490,500,attack,attack,DIO_Flood,dio_flood,none,1,0,1.0,16.0,17.0,0.0,0.0,15.0,15.0,15,15,15,1.0,1.0,156.33333333333334,131.0,351.0999999999999,391.0,101.6293452184152,103.33333333333333,4.450789122113495,111.3,485.8666666666667,4.8,-71.73333333333333,0.0,100.0,-77.0,0.0,43.0,40.0,60.0,0.9302325581395349,15,0,16.0,16.0,15.0,1.0,468024.0,149531976.0,150000000.0,0.00312016,80184.0,0.008015033685851942,5
DIO_Flood_seed1010_600s,DIO_Flood,1010,500,510,attack,attack,DIO_Flood,dio_flood,none,1,0,1.0,13.0,12.0,0.0,0.0,13.0,13.0,14,14,14,1.0,1.0,143.57142857142858,141.0,300.25,323.0,97.73725711606312,102.26666666666667,3.594970031002974,109.3,485.1333333333333,4.8,-71.73333333333333,0.0,102.0,-77.0,0.0,40.0,40.0,59.0,1.0,15,0,14.0,13.0,13.0,0.9285714285714286,460880.0,149539120.0,150000000.0,0.0030725333333333333,70032.0,0.007006142579883551,5
DIO_Flood_seed1010_600s,DIO_Flood,1010,510,520,attack,attack,DIO_Flood,dio_flood,none,1,0,1.0,15.0,15.0,0.0,0.0,16.0,16.0,16,16,16,1.0,1.0,151.1875,145.0,260.25,321.0,81.75183484179423,102.2,3.56971387408811,109.0,485.06666666666666,4.8,-71.73333333333333,0.0,100.0,-77.0,0.0,40.0,39.0,62.0,0.975,15,0,16.0,16.0,17.0,1.0,468264.0,149536624.0,150004888.0,0.003121658275562327,82360.0,0.008236,5
DIO_Flood_seed1010_600s,DIO_Flood,1010,520,530,attack,attack,DIO_Flood,dio_flood,none,1,0,1.0,14.0,15.0,0.0,0.0,14.0,14.0,14,14,14,1.0,1.0,149.0,145.5,292.59999999999997,342.0,98.87910256002995,102.26666666666667,3.1045281828476345,107.3,485.2,4.8,-71.73333333333333,0.0,103.0,-77.0,0.0,44.0,42.0,63.0,0.9545454545454546,15,0,16.0,14.0,14.0,0.875,510576.0,149484536.0,149995112.0,0.003403950923414091,78832.0,0.0078832,5
DIS_Flood_seed1001_600s,DIS_Flood,1001,190,200,attack,attack,DIS_Flood,dis_flood,none,1,0,1.0,13.0,13.0,0.0,0.0,15.0,15.0,13,13,13,1.0,1.0,151.76923076923077,144.0,294.4,304.0,85.8245825760835,105.73333333333333,6.755597326520819,118.6,488.93333333333334,4.8,-71.73333333333333,0.0,104.0,-77.0,0.0,39.0,37.0,79.0,0.9487179487179487,15,0,15.0,15.0,19.0,1.0,442736.0,149559184.0,150001920.0,0.0029515355536782464,75880.0,0.007588,1
DIS_Flood_seed1001_600s,DIS_Flood,1001,200,210,attack,attack,DIS_Flood,dis_flood,none,1,0,1.0,15.0,15.0,0.0,0.0,14.0,14.0,16,16,16,1.0,1.0,148.5,129.0,290.0,326.0,86.1332301340971,105.46666666666667,7.633260552782582,119.69999999999999,488.46666666666664,4.8,-71.73333333333333,0.0,105.0,-77.0,0.0,40.0,39.0,85.0,0.975,15,0,15.0,14.0,17.0,0.9333333333333333,475664.0,149522416.0,149998080.0,0.0031711339238475584,74496.0,0.0074496,1
DIS_Flood_seed1001_600s,DIS_Flood,1001,210,220,attack,attack,DIS_Flood,dis_flood,none,1,0,1.0,16.0,16.0,0.0,0.0,15.0,15.0,16,16,16,1.0,1.0,177.0625,141.5,394.5,399.0,114.88107981734852,106.46666666666667,6.696125389962111,117.39999999999999,490.3333333333333,4.8,-71.73333333333333,0.0,105.0,-77.0,0.0,48.0,44.0,91.0,0.9166666666666666,15,0,16.0,15.0,20.0,0.9375,548624.0,149451376.0,150000000.0,0.0036574933333333335,80760.0,0.008076,1
DIS_Flood_seed1001_600s,DIS_Flood,1001,220,230,attack,attack,DIS_Flood,dis_flood,none,1,0,1.0,15.0,15.0,0.0,0.0,15.0,15.0,13,13,13,1.0,1.0,142.69230769230768,138.0,246.6,249.0,74.52559360759297,105.13333333333334,5.9505902068218255,115.1,488.2,4.8,-71.73333333333333,0.0,103.0,-77.0,0.0,41.0,41.0,86.0,1.0,15,0,15.0,15.0,19.0,1.0,492248.0,149507752.0,150000000.0,0.0032816533333333334,75880.0,0.007588,1
DIS_Flood_seed1001_600s,DIS_Flood,1001,230,240,attack,attack,DIS_Flood,dis_flood,none,1,0,1.0,15.0,15.0,0.0,0.0,15.0,15.0,15,15,15,1.0,1.0,141.2,143.0,269.3999999999999,310.0,89.9668192803801,104.0,5.516209878945092,113.8,486.4,4.8,-71.73333333333333,0.0,104.0,-77.0,0.0,42.0,42.0,87.0,1.0,15,0,16.0,15.0,20.0,0.9375,485336.0,149514664.0,150000000.0,0.0032355733333333334,79728.0,0.0079728,1
DIS_Flood_seed1001_600s,DIS_Flood,1001,240,250,attack,attack,DIS_Flood,dis_flood,none,1,0,1.0,15.0,15.0,0.0,0.0,15.0,15.0,16,16,16,1.0,1.0,139.4375,115.5,290.0,308.0,96.09229504318577,103.46666666666667,4.940599539481399,111.8,485.26666666666665,4.8,-71.73333333333333,0.0,103.0,-77.0,0.0,42.0,41.0,88.0,0.9761904761904762,15,0,15.0,15.0,19.0,1.0,472960.0,149527040.0,150000000.0,0.0031530666666666667,80920.0,0.008092,1
DIS_Flood_seed1001_600s,DIS_Flood,1001,250,260,attack,attack,DIS_Flood,dis_flood,none,1,0,1.0,15.0,15.0,0.0,0.0,15.0,15.0,15,15,15,1.0,1.0,137.06666666666666,136.0,269.6,271.0,77.48130342832638,103.13333333333334,4.627042663464842,110.5,484.8,4.8,-71.73333333333333,0.0,101.0,-77.0,0.0,41.0,40.0,88.0,0.975609756097561,15,0,15.0,15.0,21.0,1.0,482544.0,149517456.0,150000000.0,0.00321696,75880.0,0.007588,1
DIS_Flood_seed1001_600s,DIS_Flood,1001,260,270,attack,attack,DIS_Flood,dis_flood,none,1,0,1.0,14.0,14.0,0.0,0.0,14.0,14.0,14,14,14,1.0,1.0,149.28571428571428,133.0,298.29999999999995,336.0,80.48356599706797,102.66666666666667,4.01188709901439,108.8,484.73333333333335,4.8,-71.73333333333333,0.0,101.0,-77.0,0.0,39.0,39.0,85.0,1.0,15,0,14.0,14.0,18.0,1.0,453976.0,149546024.0,150000000.0,0.0030265066666666667,70736.0,0.0070736,1
DIS_Flood_seed1001_600s,DIS_Flood,1001,270,280,attack,attack,DIS_Flood,dis_flood,none,1,0,1.0,16.0,15.0,0.0,0.0,16.0,16.0,16,16,16,1.0,1.0,128.0,123.0,245.5,271.0,76.12621099200983,103.06666666666666,4.317186032370534,111.6,485.06666666666666,4.8,-71.73333333333333,0.0,103.0,-77.0,0.0,43.0,41.0,89.0,0.9534883720930233,15,0,17.0,16.0,20.0,0.9411764705882353,504824.0,149495176.0,150000000.0,0.0033654933333333334,85040.0,0.008504,1
DIS_Flood_seed1001_600s,DIS_Flood,1001,280,290,attack,attack,DIS_Flood,dis_flood,none,1,0,1.0,15.0,16.0,0.0,0.0,15.0,15.0,15,15,15,1.0,1.0,137.26666666666668,150.0,223.7,237.0,64.86190458710465,102.06666666666666,2.9632671801497046,106.89999999999999,483.6666666666667,4.8,-71.73333333333333,0.0,101.0,-77.0,0.0,43.0,43.0,91.0,1.0,15,0,15.0,15.0,20.0,1.0,495192.0,149504808.0,150000000.0,0.00330128,75880.0,0.007588,1
DIS_Flood_seed1001_600s,DIS_Flood,1001,290,300,attack,attack,DIS_Flood,dis_flood,none,1,0,1.0,14.0,14.0,0.0,0.0,14.0,14.0,15,15,15,1.0,1.0,152.6,121.0,300.99999999999994,350.0,92.68749337732372,105.06666666666666,8.463929066225402,123.1,489.8,4.8,-71.73333333333333,0.0,100.0,-77.0,0.0,45.0,39.0,87.0,0.8666666666666667,15,0,14.0,14.0,18.0,1.0,500144.0,149499856.0,150000000.0,0.0033342933333333335,70824.0,0.0070824,1
DIS_Flood_seed1001_600s,DIS_Flood,1001,300,310,attack,attack,DIS_Flood,dis_flood,none,1,0,1.0,16.0,16.0,0.0,0.0,16.0,16.0,15,15,15,1.0,1.0,161.66666666666666,174.0,298.9,322.0,84.43566161510759,103.73333333333333,6.529785236751301,118.6,487.06666666666666,4.8,-71.73333333333333,0.0,103.0,-77.0,0.0,44.0,43.0,92.0,0.9772727272727273,15,0,18.0,16.0,22.0,0.8888888888888888,539768.0,149460232.0,150000000.0,0.0035984533333333333,89448.0,0.0089448,1
DIS_Flood_seed1001_600s,DIS_Flood,1001,310,320,attack,attack,DIS_Flood,dis_flood,none,1,0,1.0,15.0,15.0,0.0,0.0,15.0,15.0,14,14,14,1.0,1.0,150.42857142857142,155.5,306.59999999999997,330.0,97.84266356343133,102.46666666666667,4.240395309514477,111.6,485.0,4.8,-71.73333333333333,0.0,101.0,-77.0,0.0,41.0,41.0,87.0,1.0,15,0,15.0,15.0,19.0,1.0,466240.0,149533760.0,150000000.0,0.0031082666666666665,79872.0,0.0079872,1
DIS_Flood_seed1001_600s,DIS_Flood,1001,320,330,attack,attack,DIS_Flood,dis_flood,none,1,0,1.0,14.0,14.0,0.0,0.0,14.0,14.0,15,15,15,1.0,1.0,154.66666666666666,135.0,311.2999999999999,375.0,111.01522847060649,103.86666666666666,7.0291908360439175,114.39999999999998,486.3333333333333,4.8,-71.73333333333333,0.0,106.0,-77.0,0.0,43.0,39.0,83.0,0.9069767441860465,15,0,17.0,14.0,18.0,0.8235294117647058,490336.0,149509664.0,150000000.0,0.0032689066666666666,83680.0,0.008368,1
DIS_Flood_seed1001_600s,DIS_Flood,1001,330,340,attack,attack,DIS_Flood,dis_flood,none,1,0,1.0,15.0,15.0,0.0,0.0,15.0,15.0,16,16,16,1.0,1.0,140.4375,128.0,273.5,284.0,80.14484283678728,103.53333333333333,5.139019732354003,111.29999999999998,487.06666666666666,4.8,-71.73333333333333,0.0,105.0,-77.0,0.0,43.0,41.0,87.0,0.9534883720930233,15,0,17.0,15.0,19.0,0.8823529411764706,484104.0,149515896.0,150000000.0,0.00322736,85984.0,0.0085984,1
DIS_Flood_seed1001_600s,DIS_Flood,1001,340,350,attack,attack,DIS_Flood,dis_flood,none,1,0,1.0,15.0,15.0,0.0,0.0,15.0,15.0,15,15,15,1.0,1.0,136.53333333333333,121.0,291.79999999999995,303.0,82.63419100959072,103.06666666666666,4.131182235954578,110.19999999999999,485.73333333333335,4.8,-71.73333333333333,0.0,102.0,-77.0,0.0,43.0,41.0,85.0,0.9534883720930233,15,0,15.0,15.0,20.0,1.0,496600.0,149503400.0,150000000.0,0.0033106666666666666,75880.0,0.007588,1
DIS_Flood_seed1001_600s,DIS_Flood,1001,350,360,attack,attack,DIS_Flood,dis_flood,none,1,0,1.0,14.0,14.0,0.0,0.0,15.0,15.0,13,13,13,1.0,1.0,154.15384615384616,147.0,251.59999999999997,263.0,81.4829697481281,102.4,3.942443042436649,109.5,484.2,4.8,-71.73333333333333,0.0,100.0,-77.0,0.0,41.0,40.0,87.0,0.975609756097561,15,0,15.0,15.0,19.0,1.0,490120.0,149509880.0,150000000.0,0.003267466666666667,75880.0,0.007588,1
DIS_Flood_seed1001_600s,DIS_Flood,1001,360,370,attack,attack,DIS_Flood,dis_flood,none,1,0,1.0,15.0,15.0,0.0,0.0,15.0,15.0,16,16,16,1.0,1.0,154.875,162.5,272.5,280.0,85.91303742738933,102.66666666666667,4.577377082170635,111.1,484.4,4.8,-71.73333333333333,0.0,103.0,-77.0,0.0,43.0,41.0,86.0,0.9534883720930233,15,0,17.0,15.0,19.0,0.8823529411764706,469432.0,149530568.0,150000000.0,0.0031295466666666667,85008.0,0.0085008,1
DIS_Flood_seed1001_600s,DIS_Flood,1001,370,380,attack,attack,DIS_Flood,dis_flood,none,1,0,1.0,16.0,15.0,0.0,0.0,15.0,15.0,16,16,16,1.0,1.0,146.375,151.0,269.75,275.0,78.02125778700743,101.46666666666667,2.445598573141631,104.8,483.0,4.8,-71.73333333333333,0.0,101.0,-77.0,0.0,42.0,42.0,89.0,1.0,15,0,15.0,15.0,19.0,1.0,479896.0,149520104.0,150000000.0,0.0031993066666666666,75880.0,0.007588,1
DIS_Flood_seed1001_600s,DIS_Flood,1001,380,390,attack,attack,DIS_Flood,dis_flood,none,1,0,1.0,14.0,15.0,0.0,0.0,15.0,15.0,14,14,14,1.0,1.0,148.14285714285714,137.0,278.0,330.0,90.81329718193777,100.66666666666667,1.3972762620115435,102.89999999999999,481.46666666666664,4.8,-71.73333333333333,0.0,100.0,-77.0,0.0,38.0,38.0,84.0,1.0,15,0,15.0,15.0,20.0,1.0,433888.0,149566112.0,150000000.0,0.0028925866666666667,75880.0,0.007588,1
DIS_Flood_seed1001_600s,DIS_Flood,1001,390,400,attack,attack,DIS_Flood,dis_flood,none,1,0,1.0,15.0,15.0,0.0,0.0,16.0,16.0,15,15,15,1.0,1.0,121.33333333333333,114.0,229.59999999999997,245.0,75.37209285241045,100.2,0.7745966692414832,100.89999999999999,480.93333333333334,4.8,-71.73333333333333,0.0,100.0,-77.0,0.0,40.0,40.0,87.0,1.0,15,0,15.0,15.0,21.0,1.0,489728.0,149510272.0,150000000.0,0.0032648533333333334,76432.0,0.0076432,1
DIS_Flood_seed1001_600s,DIS_Flood,1001,400,410,attack,attack,DIS_Flood,dis_flood,none,1,0,1.0,16.0,16.0,0.0,0.0,15.0,15.0,15,15,15,1.0,1.0,137.8,136.0,287.79999999999995,306.0,85.31471150979765,102.53333333333333,4.823553323709262,111.1,486.2,4.8,-71.73333333333333,0.0,102.0,-77.0,0.0,50.0,45.0,91.0,0.9,15,0,17.0,16.0,19.0,0.9411764705882353,539888.0,149460112.0,150000000.0,0.0035992533333333333,82504.0,0.0082504,1
DIS_Flood_seed1001_600s,DIS_Flood,1001,410,420,attack,attack,DIS_Flood,dis_flood,none,1,0,1.0,16.0,14.0,0.0,0.0,14.0,14.0,15,15,15,1.0,1.0,147.33333333333334,131.0,294.09999999999997,299.0,89.38653355485032,101.6,3.355166591563354,108.19999999999999,484.2,4.8,-71.73333333333333,0.0,101.0,-77.0,0.0,39.0,39.0,83.0,1.0,15,0,14.0,14.0,18.0,1.0,437000.0,149563000.0,150000000.0,0.0029133333333333333,70736.0,0.0070736,1
DIS_Flood_seed1001_600s,DIS_Flood,1001,420,430,attack,attack,DIS_Flood,dis_flood,none,1,0,1.0,14.0,17.0,0.0,0.0,17.0,17.0,15,15,15,1.0,1.0,148.4,144.0,244.6,253.0,65.04591784709805,101.66666666666667,2.845213189769459,107.3,484.26666666666665,4.8,-71.73333333333333,0.0,101.0,-77.0,0.0,46.0,44.0,95.0,0.9565217391304348,15,0,18.0,17.0,21.0,0.9444444444444444,547648.0,149452352.0,150000000.0,0.0036509866666666665,89296.0,0.0089296,1
DIS_Flood_seed1001_600s,DIS_Flood,1001,430,440,attack,attack,DIS_Flood,dis_flood,none,1,0,1.0,16.0,15.0,0.0,0.0,16.0,16.0,15,15,15,1.0,1.0,134.0,138.0,266.8,271.0,76.57209487983017,101.2,2.1447610589527217,105.3,483.8,4.8,-71.73333333333333,0.0,102.0,-77.0,0.0,41.0,40.0,87.0,0.975609756097561,15,0,16.0,15.0,20.0,0.9375,453384.0,149546616.0,150000000.0,0.00302256,80192.0,0.0080192,1
DIS_Flood_seed1001_600s,DIS_Flood,1001,440,450,attack,attack,DIS_Flood,dis_flood,none,1,0,1.0,14.0,15.0,0.0,0.0,14.0,14.0,16,16,16,1.0,1.0,135.4375,126.0,265.25,305.0,82.37391880929303,101.06666666666666,3.104528182847634,104.99999999999999,483.53333333333336,4.8,-71.73333333333333,0.0,100.0,-77.0,0.0,41.0,40.0,85.0,0.975609756097561,15,0,15.0,15.0,19.0,1.0,480056.0,149519944.0,150000000.0,0.0032003733333333334,74584.0,0.0074584,1
DIS_Flood_seed1001_600s,DIS_Flood,1001,450,460,attack,attack,DIS_Flood,dis_flood,none,1,0,1.0,15.0,15.0,0.0,0.0,14.0,14.0,15,15,15,1.0,1.0,139.4,123.0,282.6,284.0,91.59288805828291,101.46666666666667,2.9728934118288257,107.6,483.6,4.8,-71.73333333333333,0.0,100.0,-77.0,0.0,42.0,40.0,87.0,0.9523809523809523,15,0,14.0,14.0,19.0,1.0,478024.0,149521976.0,150000000.0,0.0031868266666666666,71864.0,0.0071864,1
DIS_Flood_seed1001_600s,DIS_Flood,1001,460,470,attack,attack,DIS_Flood,dis_flood,none,1,0,1.0,15.0,15.0,0.0,0.0,15.0,15.0,14,14,14,1.0,1.0,193.07142857142858,187.5,353.05,381.0,106.56414773467475,105.6,7.881261682896064,120.3,490.8,4.8,-71.73333333333333,0.0,108.0,-77.0,0.0,51.0,41.0,85.0,0.803921568627451,15,0,20.0,15.0,20.0,0.75,509408.0,149490592.0,150000000.0,0.003396053333333333,97440.0,0.009744,1
DIS_Flood_seed1001_600s,DIS_Flood,1001,470,480,attack,attack,DIS_Flood,dis_flood,none,1,0,1.0,15.0,15.0,0.0,0.0,15.0,15.0,16,16,16,1.0,1.0,146.5625,141.0,265.0,334.0,81.23215188581429,103.66666666666667,5.407226205560041,113.89999999999999,487.8,4.8,-71.73333333333333,0.0,103.0,-77.0,0.0,42.0,41.0,86.0,0.9761904761904762,15,0,15.0,15.0,21.0,1.0,467472.0,149532528.0,150000000.0,0.00311648,75880.0,0.007588,1
DIS_Flood_seed1001_600s,DIS_Flood,1001,480,490,attack,attack,DIS_Flood,dis_flood,none,1,0,1.0,16.0,16.0,0.0,0.0,16.0,16.0,14,14,14,1.0,1.0,143.85714285714286,133.0,281.35,282.0,91.60186187464258,103.6,3.699420804087348,109.0,488.0,4.8,-71.73333333333333,0.0,108.0,-77.0,0.0,45.0,42.0,88.0,0.9333333333333333,15,0,20.0,16.0,18.0,0.8,504952.0,149495048.0,150000000.0,0.003366346666666667,99408.0,0.0099408,1
DIS_Flood_seed1001_600s,DIS_Flood,1001,490,500,attack,attack,DIS_Flood,dis_flood,none,1,0,1.0,14.0,14.0,0.0,0.0,14.0,14.0,16,16,16,1.0,1.0,170.375,197.0,301.0,328.0,99.21685004742558,105.26666666666667,8.631062396671576,123.6,490.6,4.8,-71.73333333333333,0.0,107.0,-77.0,0.0,47.0,40.0,90.0,0.851063829787234,15,0,16.0,14.0,20.0,0.875,518432.0,149481568.0,150000000.0,0.0034562133333333332,86264.0,0.0086264,1
DIS_Flood_seed1001_600s,DIS_Flood,1001,500,510,attack,attack,DIS_Flood,dis_flood,none,1,0,1.0,16.0,16.0,0.0,0.0,16.0,16.0,14,14,14,1.0,1.0,152.0,158.0,244.24999999999997,280.0,66.18389299752388,103.33333333333333,5.589105048046175,115.3,487.3333333333333,4.8,-71.73333333333333,0.0,105.0,-77.0,0.0,45.0,44.0,85.0,0.9777777777777777,15,0,17.0,16.0,21.0,0.9411764705882353,525424.0,149474576.0,150000000.0,0.003502826666666667,84216.0,0.0084216,1
DIS_Flood_seed1001_600s,DIS_Flood,1001,510,520,attack,attack,DIS_Flood,dis_flood,none,1,0,1.0,14.0,14.0,0.0,0.0,15.0,15.0,16,16,16,1.0,1.0,143.0625,121.0,269.5,277.0,76.59196541848672,102.26666666666667,3.9545031594493945,109.6,485.6,4.8,-71.73333333333333,0.0,102.0,-77.0,0.0,41.0,40.0,87.0,0.975609756097561,15,0,15.0,15.0,19.0,1.0,483768.0,149516232.0,150000000.0,0.00322512,75880.0,0.007588,1
DIS_Flood_seed1001_600s,DIS_Flood,1001,520,530,attack,attack,DIS_Flood,dis_flood,none,1,0,1.0,16.0,16.0,0.0,0.0,15.0,15.0,15,15,15,1.0,1.0,129.26666666666668,115.0,212.69999999999993,254.0,59.23978714472547,101.33333333333333,2.819996622760558,107.3,484.4,4.8,-71.73333333333333,0.0,100.0,-77.0,0.0,44.0,44.0,92.0,1.0,15,0,15.0,15.0,19.0,1.0,493928.0,149506072.0,150000000.0,0.0032928533333333333,76424.0,0.0076424,1
DIS_Flood_seed1002_600s,DIS_Flood,1002,190,200,attack,attack,DIS_Flood,dis_flood,none,1,0,1.0,15.0,16.0,0.0,0.0,15.0,15.0,15,15,15,1.0,1.0,145.46666666666667,115.0,252.89999999999995,290.0,72.94799191074092,106.86666666666666,7.019021774198073,116.6,488.93333333333334,4.8,-70.53333333333333,0.0,105.0,-77.0,0.0,42.0,41.0,73.0,0.9761904761904762,15,0,16.0,16.0,19.0,1.0,474880.0,149525120.0,150000000.0,0.0031658666666666666,79928.0,0.0079928,2
DIS_Flood_seed1002_600s,DIS_Flood,1002,200,210,attack,attack,DIS_Flood,dis_flood,none,1,0,1.0,16.0,15.0,0.0,0.0,15.0,15.0,15,15,15,1.0,1.0,151.53333333333333,149.0,275.99999999999994,311.0,94.15099321732895,108.13333333333334,9.387428269968806,124.49999999999999,491.3333333333333,4.8,-70.53333333333333,0.0,105.0,-77.0,0.0,47.0,43.0,79.0,0.9148936170212766,15,0,15.0,14.0,19.0,0.9333333333333333,522424.0,149477576.0,150000000.0,0.003482826666666667,95288.0,0.0095288,2
DIS_Flood_seed1002_600s,DIS_Flood,1002,210,220,attack,attack,DIS_Flood,dis_flood,none,1,0,1.0,14.0,14.0,0.0,0.0,15.0,15.0,14,14,14,1.0,1.0,151.14285714285714,139.5,292.5,312.0,91.0890157549679,107.33333333333333,8.286535263104035,122.39999999999999,496.6,4.8,-70.53333333333333,0.0,107.0,-77.0,0.0,42.0,39.0,72.0,0.9285714285714286,15,0,21.0,16.0,20.0,0.7619047619047619,479768.0,149520232.0,150000000.0,0.003198453333333333,91664.0,0.0091664,2
DIS_Flood_seed1002_600s,DIS_Flood,1002,220,230,attack,attack,DIS_Flood,dis_flood,none,1,0,1.0,15.0,15.0,0.0,0.0,14.0,14.0,15,15,15,1.0,1.0,145.86666666666667,163.0,253.69999999999993,295.0,82.27468510741204,105.26666666666667,6.111659427060784,115.6,490.26666666666665,4.8,-70.53333333333333,0.0,104.0,-77.0,0.0,41.0,41.0,73.0,1.0,15,0,14.0,14.0,18.0,1.0,472472.0,149527528.0,150000000.0,0.003149813333333333,71224.0,0.0071224,2
DIS_Flood_seed1002_600s,DIS_Flood,1002,230,240,attack,attack,DIS_Flood,dis_flood,none,1,0,1.0,15.0,15.0,0.0,0.0,15.0,15.0,15,15,15,1.0,1.0,163.2,132.0,319.0999999999999,373.0,105.37836590116589,106.06666666666666,7.401415566021973,119.39999999999999,489.4,4.8,-70.53333333333333,0.0,103.0,-77.0,0.0,43.0,40.0,72.0,0.9302325581395349,15,0,15.0,15.0,19.0,1.0,511344.0,149488656.0,150000000.0,0.00340896,75936.0,0.0075936,2
DIS_Flood_seed1002_600s,DIS_Flood,1002,240,250,attack,attack,DIS_Flood,dis_flood,none,1,0,1.0,15.0,16.0,0.0,0.0,16.0,16.0,17,17,17,1.0,1.0,173.64705882352942,186.0,329.0,333.0,98.19492169689237,105.0,6.535616704970214,117.1,486.93333333333334,4.8,-70.53333333333333,0.0,109.0,-77.0,0.0,42.0,42.0,75.0,1.0,15,0,19.0,16.0,20.0,0.8421052631578947,554512.0,149445488.0,150000000.0,0.0036967466666666666,92560.0,0.009256,2
DIS_Flood_seed1002_600s,DIS_Flood,1002,250,260,attack,attack,DIS_Flood,dis_flood,none,1,0,1.0,15.0,15.0,0.0,0.0,15.0,15.0,13,13,13,1.0,1.0,142.30769230769232,103.0,273.9999999999999,331.0,90.98936257917242,105.26666666666667,10.138094119752113,120.79999999999997,486.8666666666667,4.8,-70.53333333333333,0.0,105.0,-77.0,0.0,43.0,41.0,74.0,0.9534883720930233,15,0,15.0,15.0,20.0,1.0,478080.0,149521920.0,150000000.0,0.0031872,75880.0,0.007588,2
DIS_Flood_seed1002_600s,DIS_Flood,1002,260,270,attack,attack,DIS_Flood,dis_flood,none,1,0,1.0,15.0,14.0,0.0,0.0,14.0,14.0,16,16,16,1.0,1.0,132.9375,132.0,262.0,268.0,80.03205087130198,106.73333333333333,9.145386554875373,120.99999999999997,494.53333333333336,4.8,-70.53333333333333,0.0,104.0,-77.0,0.0,46.0,41.0,78.0,0.8913043478260869,15,0,14.0,14.0,19.0,1.0,528896.0,149471104.0,150000000.0,0.0035259733333333335,71832.0,0.0071832,2
DIS_Flood_seed1002_600s,DIS_Flood,1002,270,280,attack,attack,DIS_Flood,dis_flood,none,1,0,1.0,14.0,15.0,0.0,0.0,15.0,15.0,15,15,15,1.0,1.0,125.86666666666666,107.0,261.79999999999995,287.0,80.53026641905396,105.06666666666666,8.916010211705576,117.49999999999997,490.2,4.8,-70.53333333333333,0.0,107.0,-77.0,0.0,38.0,38.0,70.0,1.0,15,0,17.0,15.0,19.0,0.8823529411764706,441888.0,149558112.0,150000000.0,0.00294592,83432.0,0.0083432,2
DIS_Flood_seed1002_600s,DIS_Flood,1002,280,290,attack,attack,DIS_Flood,dis_flood,none,1,0,1.0,15.0,15.0,0.0,0.0,15.0,15.0,14,14,14,1.0,1.0,148.85714285714286,121.5,271.8,290.0,86.65302794909853,104.53333333333333,8.00773435647122,115.59999999999998,485.73333333333335,4.8,-70.53333333333333,0.0,107.0,-77.0,0.0,42.0,41.0,74.0,0.9761904761904762,15,0,16.0,15.0,20.0,0.9375,503632.0,149496368.0,150000000.0,0.0033575466666666666,79384.0,0.0079384,2
DIS_Flood_seed1002_600s,DIS_Flood,1002,290,300,attack,attack,DIS_Flood,dis_flood,none,1,0,1.0,15.0,15.0,0.0,0.0,15.0,15.0,16,16,16,1.0,1.0,150.375,152.0,265.25,296.0,81.92099852907067,104.13333333333334,7.249302101056414,113.99999999999997,484.0,4.8,-70.53333333333333,0.0,106.0,-77.0,0.0,42.0,41.0,76.0,0.9761904761904762,15,0,15.0,15.0,19.0,1.0,478296.0,149521704.0,150000000.0,0.00318864,75880.0,0.007588,2
DIS_Flood_seed1002_600s,DIS_Flood,1002,300,310,attack,attack,DIS_Flood,dis_flood,none,1,0,1.0,15.0,15.0,0.0,0.0,15.0,15.0,14,14,14,1.0,1.0,156.71428571428572,139.0,299.6,310.0,100.56565293106065,104.6,7.2091212065985255,118.69999999999999,484.46666666666664,4.8,-70.53333333333333,0.0,106.0,-77.0,0.0,43.0,41.0,77.0,0.9534883720930233,15,0,15.0,15.0,21.0,1.0,514232.0,149485768.0,150000000.0,0.0034282133333333334,75880.0,0.007588,2
DIS_Flood_seed1002_600s,DIS_Flood,1002,310,320,attack,attack,DIS_Flood,dis_flood,none,1,0,1.0,15.0,15.0,0.0,0.0,15.0,15.0,16,16,16,1.0,1.0,127.75,107.5,248.25,267.0,71.31292542963958,103.73333333333333,6.341097997155052,116.39999999999999,483.26666666666665,4.8,-70.53333333333333,0.0,105.0,-77.0,0.0,41.0,41.0,73.0,1.0,15,0,15.0,15.0,19.0,1.0,475632.0,149524368.0,150000000.0,0.00317088,75880.0,0.007588,2
DIS_Flood_seed1002_600s,DIS_Flood,1002,320,330,attack,attack,DIS_Flood,dis_flood,none,1,0,1.0,15.0,16.0,0.0,0.0,16.0,16.0,15,15,15,1.0,1.0,163.0,171.0,374.09999999999985,484.0,117.72243383727432,103.93333333333334,7.372406727275765,120.89999999999999,483.6,4.8,-70.53333333333333,0.0,106.0,-77.0,0.0,44.0,42.0,77.0,0.9545454545454546,15,0,17.0,16.0,20.0,0.9411764705882353,551640.0,149448360.0,150000000.0,0.0036776,85040.0,0.008504,2
DIS_Flood_seed1002_600s,DIS_Flood,1002,330,340,attack,attack,DIS_Flood,dis_flood,none,1,0,1.0,15.0,15.0,0.0,0.0,14.0,14.0,14,14,14,1.0,1.0,140.92857142857142,135.5,260.29999999999995,311.0,81.0398423243533,102.93333333333334,6.441679757271243,117.89999999999999,483.4,4.8,-70.53333333333333,0.0,104.0,-77.0,0.0,39.0,39.0,70.0,1.0,15,0,14.0,14.0,18.0,1.0,461720.0,149538280.0,150000000.0,0.0030781333333333334,70768.0,0.0070768,2
DIS_Flood_seed1002_600s,DIS_Flood,1002,340,350,attack,attack,DIS_Flood,dis_flood,none,1,0,1.0,15.0,15.0,0.0,0.0,15.0,15.0,15,15,15,1.0,1.0,140.06666666666666,158.0,255.39999999999998,275.0,75.57538021894494,102.46666666666667,5.767726299562651,115.89999999999999,481.6666666666667,4.8,-70.53333333333333,0.0,103.0,-77.0,0.0,41.0,41.0,73.0,1.0,15,0,15.0,15.0,19.0,1.0,487808.0,149512192.0,150000000.0,0.003252053333333333,76880.0,0.007688,2
DIS_Flood_seed1002_600s,DIS_Flood,1002,350,360,attack,attack,DIS_Flood,dis_flood,none,1,0,1.0,15.0,15.0,0.0,0.0,15.0,15.0,15,15,15,1.0,1.0,140.13333333333333,113.0,272.5999999999999,330.0,92.51862103433686,102.06666666666666,5.091542941369495,113.89999999999999,481.1333333333333,4.8,-70.53333333333333,0.0,103.0,-77.0,0.0,41.0,41.0,74.0,1.0,15,0,15.0,15.0,20.0,1.0,491656.0,149508344.0,150000000.0,0.0032777066666666668,75880.0,0.007588,2
DIS_Flood_seed1002_600s,DIS_Flood,1002,360,370,attack,attack,DIS_Flood,dis_flood,none,1,0,1.0,14.0,14.0,0.0,0.0,15.0,15.0,15,15,15,1.0,1.0,152.8,134.0,301.09999999999997,306.0,88.23361847148415,102.33333333333333,4.923220007078217,112.6,481.53333333333336,4.8,-70.53333333333333,0.0,106.0,-77.0,0.0,41.0,40.0,71.0,0.975609756097561,15,0,18.0,15.0,19.0,0.8333333333333334,482640.0,149517360.0,150000000.0,0.0032176,86904.0,0.0086904,2
DIS_Flood_seed1002_600s,DIS_Flood,1002,370,380,attack,attack,DIS_Flood,dis_flood,none,1,0,1.0,16.0,16.0,0.0,0.0,15.0,15.0,15,15,15,1.0,1.0,146.6,157.0,280.7,287.0,82.71880076500143,102.0,4.292851200376205,110.89999999999999,481.06666666666666,4.8,-70.53333333333333,0.0,104.0,-77.0,0.0,44.0,44.0,76.0,1.0,15,0,15.0,15.0,19.0,1.0,484432.0,149515568.0,150000000.0,0.0032295466666666666,75880.0,0.007588,2
DIS_Flood_seed1002_600s,DIS_Flood,1002,380,390,attack,attack,DIS_Flood,dis_flood,none,1,0,1.0,16.0,16.0,0.0,0.0,16.0,16.0,15,15,15,1.0,1.0,143.2,118.0,285.7,299.0,93.45755339037228,102.33333333333333,5.765248931147313,112.6,481.46666666666664,4.8,-70.53333333333333,0.0,104.0,-77.0,0.0,42.0,41.0,81.0,0.9761904761904762,15,0,16.0,16.0,20.0,1.0,507952.0,149496088.0,150004040.0,0.003386255463519516,85776.0,0.0085776,2
DIS_Flood_seed1002_600s,DIS_Flood,1002,390,400,attack,attack,DIS_Flood,dis_flood,none,1,0,1.0,15.0,15.0,0.0,0.0,14.0,14.0,15,15,15,1.0,1.0,146.46666666666667,137.0,252.69999999999996,280.0,78.85326940107237,101.93333333333334,5.091542941369495,110.6,481.0,4.8,-70.53333333333333,0.0,105.0,-77.0,0.0,41.0,41.0,75.0,1.0,15,0,15.0,14.0,20.0,0.9333333333333333,472528.0,149523432.0,149995960.0,0.0031502715139794433,74528.0,0.0074528,2
DIS_Flood_seed1002_600s,DIS_Flood,1002,400,410,attack,attack,DIS_Flood,dis_flood,none,1,0,1.0,14.0,14.0,0.0,0.0,15.0,15.0,15,15,15,1.0,1.0,145.73333333333332,152.0,310.3,311.0,93.11932948539483,101.6,4.2895221179054435,108.99999999999999,480.6,4.8,-70.53333333333333,0.0,104.0,-77.0,0.0,40.0,40.0,72.0,1.0,15,0,15.0,15.0,19.0,1.0,483848.0,149516152.0,150000000.0,0.0032256533333333334,75880.0,0.007588,2
DIS_Flood_seed1002_600s,DIS_Flood,1002,410,420,attack,attack,DIS_Flood,dis_flood,none,1,0,1.0,15.0,15.0,0.0,0.0,16.0,16.0,16,16,16,1.0,1.0,160.1875,150.0,287.5,289.0,89.2287089450475,101.86666666666666,4.2235169276439795,110.5,481.0,4.8,-70.53333333333333,0.0,105.0,-77.0,0.0,42.0,41.0,73.0,0.9761904761904762,15,0,17.0,16.0,20.0,0.9411764705882353,486312.0,149513688.0,150000000.0,0.00324208,85920.0,0.008592,2
DIS_Flood_seed1002_600s,DIS_Flood,1002,420,430,attack,attack,DIS_Flood,dis_flood,none,1,0,1.0,16.0,16.0,0.0,0.0,15.0,15.0,12,12,12,1.0,1.0,171.75,200.5,291.29999999999995,332.0,99.72974845688084,103.06666666666666,4.350150517374028,110.19999999999999,486.73333333333335,4.8,-70.53333333333333,0.0,103.0,-77.0,0.0,47.0,44.0,75.0,0.9361702127659575,15,0,15.0,15.0,19.0,1.0,516288.0,149483712.0,150000000.0,0.00344192,77488.0,0.0077488,2
DIS_Flood_seed1002_600s,DIS_Flood,1002,430,440,attack,attack,DIS_Flood,dis_flood,none,1,0,1.0,14.0,13.0,0.0,0.0,14.0,14.0,15,15,15,1.0,1.0,132.26666666666668,126.0,227.1,239.0,65.34793325693155,103.0,4.0708019567928595,109.6,484.1333333333333,4.8,-70.53333333333333,0.0,102.0,-77.0,0.0,43.0,41.0,74.0,0.9534883720930233,15,0,14.0,14.0,18.0,1.0,487304.0,149512696.0,150000000.0,0.003248693333333333,71864.0,0.0071864,2
DIS_Flood_seed1002_600s,DIS_Flood,1002,440,450,attack,attack,DIS_Flood,dis_flood,none,1,0,1.0,16.0,17.0,0.0,0.0,16.0,16.0,16,16,16,1.0,1.0,166.5,162.5,323.25,330.0,100.70683525295921,104.26666666666667,5.091542941369495,112.5,490.0,4.8,-70.53333333333333,0.0,103.0,-77.0,0.0,49.0,44.0,78.0,0.8979591836734694,15,0,17.0,16.0,21.0,0.9411764705882353,538328.0,149461672.0,150000000.0,0.0035888533333333335,88760.0,0.008876,2
DIS_Flood_seed1002_600s,DIS_Flood,1002,450,460,attack,attack,DIS_Flood,dis_flood,none,1,0,1.0,15.0,15.0,0.0,0.0,14.0,14.0,16,16,16,1.0,1.0,136.75,121.0,291.75,300.0,81.79853299418028,102.93333333333334,4.216746658379227,109.8,484.8666666666667,4.8,-70.53333333333333,0.0,101.0,-77.0,0.0,41.0,41.0,74.0,1.0,15,0,14.0,14.0,19.0,1.0,491600.0,149508400.0,150000000.0,0.0032773333333333335,70992.0,0.0070992,2
DIS_Flood_seed1002_600s,DIS_Flood,1002,460,470,attack,attack,DIS_Flood,dis_flood,none,1,0,1.0,15.0,15.0,0.0,0.0,16.0,16.0,16,16,16,1.0,1.0,144.8125,178.5,245.0,251.0,81.6179871923667,102.33333333333333,3.8297084310253524,108.8,482.06666666666666,4.8,-70.53333333333333,0.0,103.0,-77.0,0.0,41.0,41.0,74.0,1.0,15,0,17.0,16.0,20.0,0.9411764705882353,470840.0,149529160.0,150000000.0,0.003138933333333333,84496.0,0.0084496,2
DIS_Flood_seed1002_600s,DIS_Flood,1002,470,480,attack,attack,DIS_Flood,dis_flood,none,1,0,1.0,16.0,14.0,0.0,0.0,15.0,15.0,13,13,13,1.0,1.0,154.0,150.0,334.59999999999974,439.0,117.15232249796273,102.26666666666667,3.2396354880199247,107.5,485.1333333333333,4.8,-70.53333333333333,0.0,102.0,-77.0,0.0,43.0,41.0,73.0,0.9534883720930233,15,0,16.0,15.0,20.0,0.9375,492944.0,149507056.0,150000000.0,0.003286293333333333,80184.0,0.0080184,2
DIS_Flood_seed1002_600s,DIS_Flood,1002,480,490,attack,attack,DIS_Flood,dis_flood,none,1,0,1.0,13.0,15.0,0.0,0.0,14.0,14.0,16,16,16,1.0,1.0,138.8125,135.5,245.25,258.0,78.64283713939453,101.4,2.7464262493023806,106.19999999999999,480.93333333333334,4.8,-70.53333333333333,0.0,101.0,-77.0,0.0,38.0,38.0,73.0,1.0,15,0,14.0,14.0,19.0,1.0,467792.0,149532208.0,150000000.0,0.0031186133333333333,71024.0,0.0071024,2
DIS_Flood_seed1002_600s,DIS_Flood,1002,490,500,attack,attack,DIS_Flood,dis_flood,none,1,0,1.0,15.0,14.0,0.0,0.0,15.0,15.0,15,15,15,1.0,1.0,169.0,162.0,369.3999999999999,417.0,108.92133465422258,104.46666666666667,8.65090141188161,119.79999999999998,483.8,4.8,-70.53333333333333,0.0,108.0,-77.0,0.0,46.0,40.0,70.0,0.8695652173913043,15,0,18.0,15.0,20.0,0.8333333333333334,523816.0,149476184.0,150000000.0,0.0034921066666666668,87160.0,0.008716,2
DIS_Flood_seed1002_600s,DIS_Flood,1002,500,510,attack,attack,DIS_Flood,dis_flood,none,1,0,1.0,16.0,17.0,0.0,0.0,16.0,16.0,15,15,15,1.0,1.0,153.93333333333334,151.0,257.59999999999997,287.0,79.82343610983526,102.8,4.6475800154489,112.3,488.3333333333333,4.8,-70.53333333333333,0.0,109.0,-77.0,0.0,42.0,42.0,74.0,1.0,15,0,18.0,16.0,21.0,0.8888888888888888,502496.0,149497504.0,150000000.0,0.003349973333333333,87744.0,0.0087744,2
DIS_Flood_seed1002_600s,DIS_Flood,1002,510,520,attack,attack,DIS_Flood,dis_flood,none,1,0,1.0,14.0,14.0,0.0,0.0,14.0,14.0,15,15,15,1.0,1.0,162.73333333333332,140.0,312.29999999999995,341.0,97.47561355587992,101.86666666666666,3.4406533155921477,107.8,483.3333333333333,4.8,-70.53333333333333,0.0,107.0,-77.0,0.0,40.0,40.0,72.0,1.0,15,0,14.0,14.0,18.0,1.0,466848.0,149533152.0,150000000.0,0.00311232,71280.0,0.007128,2
DIS_Flood_seed1002_600s,DIS_Flood,1002,520,530,attack,attack,DIS_Flood,dis_flood,none,1,0,1.0,16.0,16.0,0.0,0.0,16.0,16.0,16,16,16,1.0,1.0,137.5625,123.5,253.25,317.0,83.72332908654154,101.4,2.8735244660769563,106.5,481.3333333333333,4.8,-70.53333333333333,0.0,105.0,-77.0,0.0,44.0,44.0,78.0,1.0,15,0,16.0,16.0,20.0,1.0,501104.0,149498896.0,150000000.0,0.003340693333333333,80480.0,0.008048,2
DIS_Flood_seed1003_600s,DIS_Flood,1003,190,200,attack,attack,DIS_Flood,dis_flood,none,1,0,1.0,15.0,15.0,0.0,0.0,15.0,15.0,15,15,15,1.0,1.0,155.06666666666666,142.0,282.49999999999994,307.0,89.28723046331721,105.2,5.157518783291051,113.0,497.8666666666667,4.8,-73.6,0.0,107.0,-77.0,0.0,42.0,41.0,85.0,0.9761904761904762,15,0,15.0,15.0,19.0,1.0,493376.0,149506624.0,150000000.0,0.0032891733333333334,75880.0,0.007588,3
DIS_Flood_seed1003_600s,DIS_Flood,1003,200,210,attack,attack,DIS_Flood,dis_flood,none,1,0,1.0,14.0,14.0,0.0,0.0,15.0,15.0,15,15,15,1.0,1.0,145.6,128.0,298.99999999999994,327.0,89.52318135544559,104.33333333333333,4.592955268151226,112.0,496.6,4.8,-73.6,0.0,108.0,-77.0,0.0,40.0,40.0,84.0,1.0,15,0,16.0,15.0,19.0,0.9375,488200.0,149511800.0,150000000.0,0.0032546666666666666,80640.0,0.008064,3
DIS_Flood_seed1003_600s,DIS_Flood,1003,210,220,attack,attack,DIS_Flood,dis_flood,none,1,0,1.0,17.0,16.0,0.0,0.0,15.0,15.0,15,15,15,1.0,1.0,131.26666666666668,113.0,235.09999999999997,254.0,74.3682599987259,104.0,4.47213595499958,110.6,496.1333333333333,4.8,-73.6,0.0,106.0,-77.0,0.0,46.0,45.0,93.0,0.9782608695652174,15,0,15.0,15.0,21.0,1.0,515568.0,149484432.0,150000000.0,0.00343712,80720.0,0.008072,3
DIS_Flood_seed1003_600s,DIS_Flood,1003,220,230,attack,attack,DIS_Flood,dis_flood,none,1,0,1.0,15.0,16.0,0.0,0.0,17.0,17.0,15,15,15,1.0,1.0,144.6,124.0,263.0,277.0,78.7144931291019,103.33333333333333,3.7922226175361042,109.0,495.26666666666665,4.8,-73.6,0.0,104.0,-77.0,0.0,42.0,42.0,87.0,1.0,15,0,17.0,17.0,21.0,1.0,483904.0,149516096.0,150000000.0,0.0032260266666666666,86880.0,0.008688,3
DIS_Flood_seed1003_600s,DIS_Flood,1003,230,240,attack,attack,DIS_Flood,dis_flood,none,1,0,1.0,15.0,14.0,0.0,0.0,14.0,14.0,16,16,16,1.0,1.0,119.625,112.5,204.5,227.0,62.24026028223211,103.6,3.3123146848433,107.6,494.53333333333336,4.8,-73.6,0.0,103.0,-77.0,0.0,42.0,40.0,84.0,0.9523809523809523,15,0,14.0,14.0,19.0,1.0,486144.0,149513856.0,150000000.0,0.00324096,69968.0,0.0069968,3
DIS_Flood_seed1003_600s,DIS_Flood,1003,240,250,attack,attack,DIS_Flood,dis_flood,none,1,0,1.0,15.0,16.0,0.0,0.0,16.0,16.0,16,16,16,1.0,1.0,132.125,141.5,235.25,251.0,70.96090472929443,102.66666666666667,2.5260547066428276,106.0,493.73333333333335,4.8,-73.6,0.0,103.0,-77.0,0.0,42.0,42.0,87.0,1.0,15,0,16.0,16.0,20.0,1.0,480552.0,149519448.0,150000000.0,0.00320368,82520.0,0.008252,3
DIS_Flood_seed1003_600s,DIS_Flood,1003,250,260,attack,attack,DIS_Flood,dis_flood,none,1,0,1.0,15.0,15.0,0.0,0.0,14.0,14.0,14,14,14,1.0,1.0,163.85714285714286,172.5,263.55,272.0,86.44416351954253,103.86666666666666,4.564876256602717,112.6,495.0,4.8,-73.6,0.0,106.0,-77.0,0.0,45.0,41.0,84.0,0.9111111111111111,15,0,16.0,14.0,18.0,0.875,519360.0,149480640.0,150000000.0,0.0034624,77992.0,0.0077992,3
DIS_Flood_seed1003_600s,DIS_Flood,1003,260,270,attack,attack,DIS_Flood,dis_flood,none,1,0,1.0,15.0,15.0,0.0,0.0,15.0,15.0,15,15,15,1.0,1.0,138.13333333333333,128.0,245.09999999999997,264.0,74.14066424869753,103.0,3.7032803990902057,108.8,496.1333333333333,4.8,-73.6,0.0,104.0,-77.0,0.0,38.0,38.0,85.0,1.0,15,0,15.0,15.0,20.0,1.0,457592.0,149542408.0,150000000.0,0.0030506133333333334,75880.0,0.007588,3
DIS_Flood_seed1003_600s,DIS_Flood,1003,270,280,attack,attack,DIS_Flood,dis_flood,none,1,0,1.0,14.0,14.0,0.0,0.0,15.0,15.0,15,15,15,1.0,1.0,149.93333333333334,145.0,266.4,272.0,79.23875915472776,105.33333333333333,7.916228058025277,123.0,498.93333333333334,4.8,-73.6,0.0,104.0,-77.0,0.0,43.0,38.0,82.0,0.8837209302325582,15,0,16.0,15.0,20.0,0.9375,458320.0,149541680.0,150000000.0,0.0030554666666666665,81784.0,0.0081784,3
DIS_Flood_seed1003_600s,DIS_Flood,1003,280,290,attack,attack,DIS_Flood,dis_flood,none,1,0,1.0,15.0,15.0,0.0,0.0,15.0,15.0,15,15,15,1.0,1.0,158.86666666666667,145.0,327.69999999999993,355.0,102.49520313978927,104.4,5.901573640019366,115.1,497.6,4.8,-73.6,0.0,103.0,-77.0,0.0,42.0,41.0,81.0,0.9761904761904762,15,0,16.0,15.0,19.0,0.9375,489224.0,149510776.0,150000000.0,0.0032614933333333334,80184.0,0.0080184,3
DIS_Flood_seed1003_600s,DIS_Flood,1003,290,300,attack,attack,DIS_Flood,dis_flood,none,1,0,1.0,17.0,17.0,0.0,0.0,16.0,16.0,15,15,15,1.0,1.0,141.6,152.0,235.29999999999995,257.0,73.98339582056813,102.73333333333333,4.891197146283261,110.99999999999999,495.3333333333333,4.8,-73.6,0.0,101.0,-77.0,0.0,45.0,45.0,86.0,1.0,15,0,16.0,16.0,20.0,1.0,512592.0,149487408.0,150000000.0,0.00341728,80480.0,0.008048,3
DIS_Flood_seed1003_600s,DIS_Flood,1003,300,310,attack,attack,DIS_Flood,dis_flood,none,1,0,1.0,15.0,14.0,0.0,0.0,14.0,14.0,15,15,15,1.0,1.0,145.86666666666667,135.0,293.0,293.0,83.45646141780128,104.46666666666667,5.629852404391974,113.19999999999999,491.3333333333333,4.8,-73.6,0.0,101.0,-77.0,0.0,46.0,42.0,85.0,0.9130434782608695,15,0,14.0,14.0,20.0,1.0,515552.0,149484448.0,150000000.0,0.003437013333333333,72376.0,0.0072376,3
DIS_Flood_seed1003_600s,DIS_Flood,1003,310,320,attack,attack,DIS_Flood,dis_flood,none,1,0,1.0,14.0,15.0,0.0,0.0,15.0,15.0,15,15,15,1.0,1.0,135.26666666666668,117.0,250.39999999999995,277.0,70.51288298365532,104.6,4.925154094761185,111.19999999999999,491.6,4.8,-73.6,0.0,100.0,-77.0,0.0,44.0,42.0,88.0,0.9545454545454546,15,0,15.0,15.0,19.0,1.0,508400.0,149493720.0,150002120.0,0.003389285431432569,75880.0,0.007588,3
DIS_Flood_seed1003_600s,DIS_Flood,1003,320,330,attack,attack,DIS_Flood,dis_flood,none,1,0,1.0,17.0,17.0,0.0,0.0,18.0,18.0,17,17,17,1.0,1.0,157.41176470588235,215.0,248.4,254.0,86.18371280550159,103.4,4.404543109109048,110.19999999999999,491.2,4.8,-73.6,0.0,103.0,-77.0,0.0,43.0,43.0,86.0,1.0,15,0,20.0,18.0,22.0,0.9,479064.0,149518816.0,149997880.0,0.003193805139112633,98120.0,0.009807488555264579,3
DIS_Flood_seed1003_600s,DIS_Flood,1003,330,340,attack,attack,DIS_Flood,dis_flood,none,1,0,1.0,15.0,15.0,0.0,0.0,14.0,14.0,14,14,14,1.0,1.0,138.42857142857142,126.5,299.25,309.0,90.9054574698472,102.66666666666667,3.6774732526300618,108.19999999999999,489.6666666666667,4.8,-73.6,0.0,102.0,-77.0,0.0,40.0,40.0,84.0,1.0,15,0,14.0,14.0,18.0,1.0,465728.0,149534272.0,150000000.0,0.0031048533333333335,70736.0,0.0070768553534625925,3
DIS_Flood_seed1003_600s,DIS_Flood,1003,340,350,attack,attack,DIS_Flood,dis_flood,none,1,0,1.0,13.0,13.0,0.0,0.0,14.0,14.0,14,14,14,1.0,1.0,160.64285714285714,154.5,296.55,318.0,96.3867267776072,102.73333333333333,3.4530869557266475,109.0,489.6666666666667,4.8,-73.6,0.0,104.0,-77.0,0.0,39.0,38.0,83.0,0.9743589743589743,15,0,14.0,13.0,18.0,0.9285714285714286,509416.0,149490584.0,150000000.0,0.0033961066666666666,71992.0,0.0071992,3
DIS_Flood_seed1003_600s,DIS_Flood,1003,350,360,attack,attack,DIS_Flood,dis_flood,none,1,0,1.0,14.0,14.0,0.0,0.0,14.0,14.0,15,15,15,1.0,1.0,148.26666666666668,114.0,270.09999999999997,282.0,84.74201746364979,103.06666666666666,3.2616093018777153,108.3,489.73333333333335,4.8,-73.6,0.0,104.0,-77.0,0.0,42.0,40.0,85.0,0.9523809523809523,15,0,16.0,15.0,20.0,0.9375,493072.0,149506928.0,150000000.0,0.0032871466666666667,80640.0,0.008064,3
DIS_Flood_seed1003_600s,DIS_Flood,1003,360,370,attack,attack,DIS_Flood,dis_flood,none,1,0,1.0,16.0,16.0,0.0,0.0,16.0,16.0,16,16,16,1.0,1.0,158.25,155.5,298.25,359.0,104.1214034993126,102.0,2.4784787961282104,105.6,488.2,4.8,-73.6,0.0,102.0,-77.0,0.0,42.0,42.0,84.0,1.0,15,0,16.0,16.0,20.0,1.0,479240.0,149520760.0,150000000.0,0.0031949333333333332,81280.0,0.008128,3
DIS_Flood_seed1003_600s,DIS_Flood,1003,370,380,attack,attack,DIS_Flood,dis_flood,none,1,0,1.0,16.0,15.0,0.0,0.0,16.0,16.0,15,15,15,1.0,1.0,133.53333333333333,132.0,286.7,293.0,81.72066242185429,102.66666666666667,3.7733400639347683,109.89999999999999,489.06666666666666,4.8,-73.6,0.0,101.0,-77.0,0.0,44.0,42.0,81.0,0.9545454545454546,15,0,16.0,16.0,20.0,1.0,475944.0,149524056.0,150000000.0,0.00317296,80480.0,0.008048,3
DIS_Flood_seed1003_600s,DIS_Flood,1003,380,390,attack,attack,DIS_Flood,dis_flood,none,1,0,1.0,15.0,15.0,0.0,0.0,13.0,13.0,14,14,14,1.0,1.0,142.71428571428572,145.0,254.0,267.0,78.81958812711134,104.73333333333333,7.629516617029142,119.99999999999999,491.8,4.8,-73.6,0.0,101.0,-77.0,0.0,47.0,42.0,85.0,0.8936170212765957,15,0,13.0,13.0,17.0,1.0,505544.0,149494456.0,150000000.0,0.0033702933333333335,66880.0,0.006688,3
DIS_Flood_seed1003_600s,DIS_Flood,1003,390,400,attack,attack,DIS_Flood,dis_flood,none,1,0,1.0,15.0,15.0,0.0,0.0,15.0,15.0,15,15,15,1.0,1.0,156.13333333333333,153.0,268.8999999999999,306.0,87.22292184533889,108.13333333333334,12.258330500792784,135.9,499.26666666666665,4.8,-73.6,0.0,102.0,-77.0,0.0,52.0,42.0,85.0,0.8076923076923077,15,0,16.0,15.0,20.0,0.9375,553536.0,149448152.0,150001688.0,0.0036901984729665175,81248.0,0.0081248,3
DIS_Flood_seed1003_600s,DIS_Flood,1003,400,410,attack,attack,DIS_Flood,dis_flood,none,1,0,1.0,15.0,16.0,0.0,0.0,16.0,16.0,16,16,16,1.0,1.0,176.0,167.0,350.5,403.0,116.15506876585285,106.46666666666667,10.070229580775395,126.5,497.3333333333333,4.8,-73.6,0.0,102.0,-77.0,0.0,49.0,45.0,89.0,0.9183673469387755,15,0,18.0,16.0,19.0,0.8888888888888888,554328.0,149443984.0,149998312.0,0.003695561587386397,92656.0,0.0092656,3
DIS_Flood_seed1003_600s,DIS_Flood,1003,410,420,attack,attack,DIS_Flood,dis_flood,none,1,0,1.0,15.0,15.0,0.0,0.0,16.0,16.0,15,15,15,1.0,1.0,138.66666666666666,126.0,243.49999999999994,282.0,83.81584121211955,106.66666666666667,9.15475416434127,122.39999999999999,496.0,4.8,-73.6,0.0,103.0,-77.0,0.0,42.0,38.0,83.0,0.9047619047619048,15,0,17.0,16.0,20.0,0.9411764705882353,463256.0,149536744.0,150000000.0,0.0030883733333333333,84784.0,0.0084784,3
DIS_Flood_seed1003_600s,DIS_Flood,1003,420,430,attack,attack,DIS_Flood,dis_flood,none,1,0,1.0,16.0,15.0,0.0,0.0,15.0,15.0,15,15,15,1.0,1.0,137.4,140.0,229.09999999999997,255.0,67.23392001066128,104.2,5.002856326996753,112.89999999999999,492.8666666666667,4.8,-73.6,0.0,101.0,-77.0,0.0,46.0,45.0,88.0,0.9782608695652174,15,0,15.0,15.0,19.0,1.0,497496.0,149502504.0,150000000.0,0.00331664,79328.0,0.0079328,3
DIS_Flood_seed1003_600s,DIS_Flood,1003,430,440,attack,attack,DIS_Flood,dis_flood,none,1,0,1.0,17.0,17.0,0.0,0.0,17.0,17.0,17,17,17,1.0,1.0,138.35294117647058,114.0,302.0,310.0,88.82000139078373,109.13333333333334,11.673331429659088,131.9,500.93333333333334,4.8,-73.6,0.0,103.0,-77.0,0.0,59.0,45.0,88.0,0.7627118644067796,15,0,19.0,17.0,21.0,0.8947368421052632,576304.0,149423696.0,150000000.0,0.003842026666666667,97112.0,0.0097112,3
DIS_Flood_seed1003_600s,DIS_Flood,1003,440,450,attack,attack,DIS_Flood,dis_flood,none,1,0,1.0,14.0,14.0,0.0,0.0,14.0,14.0,15,15,15,1.0,1.0,167.0,150.0,327.5999999999999,385.0,107.31994888449876,106.33333333333333,8.329522938377226,122.1,497.53333333333336,4.8,-73.6,0.0,104.0,-77.0,0.0,41.0,40.0,89.0,0.975609756097561,15,0,15.0,14.0,18.0,0.9333333333333333,493744.0,149506256.0,150000000.0,0.0032916266666666665,80880.0,0.008088,3
DIS_Flood_seed1003_600s,DIS_Flood,1003,450,460,attack,attack,DIS_Flood,dis_flood,none,1,0,1.0,15.0,16.0,0.0,0.0,16.0,16.0,15,15,15,1.0,1.0,147.8,141.0,276.29999999999995,326.0,92.08551925869158,105.73333333333333,7.304271418312777,121.3,496.06666666666666,4.8,-73.6,0.0,101.0,-77.0,0.0,44.0,41.0,90.0,0.9318181818181818,15,0,15.0,15.0,20.0,1.0,512776.0,149487224.0,150000000.0,0.0034185066666666667,77272.0,0.0077272,3
DIS_Flood_seed1003_600s,DIS_Flood,1003,460,470,attack,attack,DIS_Flood,dis_flood,none,1,0,1.0,15.0,15.0,0.0,0.0,14.0,14.0,15,15,15,1.0,1.0,143.6,126.0,291.2,294.0,101.93681516368012,103.06666666666666,5.091542941369495,113.89999999999999,495.53333333333336,4.8,-73.6,0.0,100.0,-77.0,0.0,41.0,41.0,86.0,1.0,15,0,15.0,15.0,18.0,1.0,472912.0,149527088.0,150000000.0,0.003152746666666667,74784.0,0.0074784,3
DIS_Flood_seed1003_600s,DIS_Flood,1003,470,480,attack,attack,DIS_Flood,dis_flood,none,1,0,1.0,15.0,15.0,0.0,0.0,16.0,16.0,14,14,14,1.0,1.0,144.64285714285714,155.5,241.39999999999998,270.0,77.99665391526757,101.93333333333334,3.7314621160892845,108.8,492.8666666666667,4.8,-73.6,0.0,102.0,-77.0,0.0,42.0,42.0,87.0,1.0,15,0,17.0,16.0,20.0,0.9411764705882353,501560.0,149498440.0,150000000.0,0.0033437333333333334,85584.0,0.0085584,3
DIS_Flood_seed1003_600s,DIS_Flood,1003,480,490,attack,attack,DIS_Flood,dis_flood,none,1,0,1.0,14.0,14.0,0.0,0.0,14.0,14.0,16,16,16,1.0,1.0,141.1875,165.0,246.0,261.0,75.02374624077366,102.33333333333333,3.7922226175361042,109.6,493.26666666666665,4.8,-73.6,0.0,104.0,-77.0,0.0,39.0,37.0,82.0,0.9487179487179487,15,0,16.0,14.0,18.0,0.875,454128.0,149545872.0,150000000.0,0.00302752,78544.0,0.0078544,3
DIS_Flood_seed1003_600s,DIS_Flood,1003,490,500,attack,attack,DIS_Flood,dis_flood,none,1,0,1.0,17.0,17.0,0.0,0.0,14.0,14.0,14,14,14,1.0,1.0,131.64285714285714,130.0,248.5,255.0,83.13715002503824,101.46666666666667,2.5597618936887376,107.0,492.6666666666667,4.8,-73.6,0.0,104.0,-77.0,0.0,40.0,40.0,85.0,1.0,15,0,15.0,14.0,22.0,0.9333333333333333,482960.0,149517040.0,150000000.0,0.0032197333333333334,73000.0,0.0073,3
DIS_Flood_seed1003_600s,DIS_Flood,1003,500,510,attack,attack,DIS_Flood,dis_flood,none,1,0,1.0,13.0,13.0,0.0,0.0,16.0,16.0,16,16,16,1.0,1.0,165.125,166.0,296.0,314.0,101.06227453077302,103.2,5.0878005351737485,111.39999999999999,494.8666666666667,4.8,-73.6,0.0,103.0,-77.0,0.0,42.0,38.0,82.0,0.9047619047619048,15,0,17.0,16.0,20.0,0.9411764705882353,485384.0,149514616.0,150000000.0,0.0032358933333333333,86176.0,0.0086176,3
DIS_Flood_seed1003_600s,DIS_Flood,1003,510,520,attack,attack,DIS_Flood,dis_flood,none,1,0,1.0,15.0,15.0,0.0,0.0,13.0,13.0,13,13,13,1.0,1.0,165.92307692307693,161.0,309.99999999999994,334.0,91.76551779623028,103.46666666666667,6.501281924871947,113.09999999999998,496.93333333333334,4.8,-73.6,0.0,106.0,-77.0,0.0,45.0,42.0,85.0,0.9333333333333333,15,0,15.0,13.0,17.0,0.8666666666666667,513504.0,149486496.0,150000000.0,0.00342336,78296.0,0.0078296,3
DIS_Flood_seed1003_600s,DIS_Flood,1003,520,530,attack,attack,DIS_Flood,dis_flood,none,1,0,1.0,16.0,15.0,0.0,0.0,17.0,17.0,16,16,16,1.0,1.0,139.875,162.5,274.25,275.0,88.1240602786776,102.8,3.8582009130829724,108.8,496.53333333333336,4.8,-73.6,0.0,105.0,-77.0,0.0,44.0,41.0,82.0,0.9318181818181818,15,0,18.0,17.0,21.0,0.9444444444444444,488656.0,149511344.0,150000000.0,0.0032577066666666667,88840.0,0.008884,3
DIS_Flood_seed1004_600s,DIS_Flood,1004,190,200,attack,attack,DIS_Flood,dis_flood,none,1,0,1.0,15.0,16.0,0.0,0.0,16.0,16.0,15,15,15,1.0,1.0,143.73333333333332,108.0,306.09999999999997,311.0,96.96057126972995,108.0,11.631238725334214,123.29999999999997,492.46666666666664,4.8,-72.33333333333333,0.0,107.0,-77.0,0.0,42.0,42.0,70.0,1.0,15,0,17.0,16.0,20.0,0.9411764705882353,475776.0,149524224.0,150000000.0,0.00317184,84600.0,0.00846,4
DIS_Flood_seed1004_600s,DIS_Flood,1004,200,210,attack,attack,DIS_Flood,dis_flood,none,1,0,1.0,15.0,14.0,0.0,0.0,14.0,14.0,15,15,15,1.0,1.0,149.53333333333333,166.0,258.7,272.0,80.45039879743709,107.93333333333334,9.88842517193473,121.09999999999997,494.26666666666665,4.8,-72.33333333333333,0.0,104.0,-77.0,0.0,43.0,40.0,70.0,0.9302325581395349,15,0,14.0,14.0,20.0,1.0,505776.0,149494224.0,150000000.0,0.00337184,72768.0,0.0072768,4
DIS_Flood_seed1004_600s,DIS_Flood,1004,210,220,attack,attack,DIS_Flood,dis_flood,none,1,0,1.0,14.0,15.0,0.0,0.0,15.0,15.0,14,14,14,1.0,1.0,144.28571428571428,140.0,253.14999999999998,285.0,78.45471851420318,106.13333333333334,9.014802641581603,118.19999999999997,489.93333333333334,4.8,-72.33333333333333,0.0,104.0,-77.0,0.0,39.0,39.0,69.0,1.0,15,0,15.0,15.0,19.0,1.0,455600.0,149544400.0,150000000.0,0.0030373333333333333,75880.0,0.007588,4
DIS_Flood_seed1004_600s,DIS_Flood,1004,220,230,attack,attack,DIS_Flood,dis_flood,none,1,0,1.0,16.0,16.0,0.0,0.0,15.0,15.0,15,15,15,1.0,1.0,151.13333333333333,158.0,255.99999999999997,277.0,76.32717795934876,104.93333333333334,7.995236677160315,115.59999999999998,488.53333333333336,4.8,-72.33333333333333,0.0,103.0,-77.0,0.0,42.0,42.0,71.0,1.0,15,0,15.0,15.0,19.0,1.0,481144.0,149518856.0,150000000.0,0.0032076266666666666,75624.0,0.0075624,4
DIS_Flood_seed1004_600s,DIS_Flood,1004,230,240,attack,attack,DIS_Flood,dis_flood,none,1,0,1.0,16.0,16.0,0.0,0.0,17.0,17.0,17,17,17,1.0,1.0,144.23529411764707,142.0,264.2,285.0,73.57778996728965,104.46666666666667,7.199867723652653,113.99999999999997,489.6,4.8,-72.33333333333333,0.0,103.0,-77.0,0.0,46.0,45.0,73.0,0.9782608695652174,15,0,17.0,17.0,21.0,1.0,523104.0,149476896.0,150000000.0,0.00348736,86136.0,0.0086136,4
DIS_Flood_seed1004_600s,DIS_Flood,1004,240,250,attack,attack,DIS_Flood,dis_flood,none,1,0,1.0,15.0,15.0,0.0,0.0,14.0,14.0,15,15,15,1.0,1.0,121.06666666666666,123.0,232.3,233.0,64.83436772341686,103.46666666666667,6.4792709760398495,112.39999999999998,487.73333333333335,4.8,-72.33333333333333,0.0,102.0,-77.0,0.0,41.0,41.0,74.0,1.0,15,0,14.0,14.0,18.0,1.0,477008.0,149522992.0,150000000.0,0.003180053333333333,76008.0,0.0076008,4
DIS_Flood_seed1004_600s,DIS_Flood,1004,250,260,attack,attack,DIS_Flood,dis_flood,none,1,0,1.0,15.0,14.0,0.0,0.0,13.0,13.0,13,13,13,1.0,1.0,130.84615384615384,112.0,275.79999999999995,298.0,88.85554395932587,103.93333333333334,5.750362307426087,111.49999999999999,487.26666666666665,4.8,-72.33333333333333,0.0,104.0,-77.0,0.0,40.0,38.0,70.0,0.95,15,0,14.0,13.0,20.0,0.9285714285714286,491384.0,149508616.0,150000000.0,0.0032758933333333334,69936.0,0.0069936,4
DIS_Flood_seed1004_600s,DIS_Flood,1004,260,270,attack,attack,DIS_Flood,dis_flood,none,1,0,1.0,15.0,16.0,0.0,0.0,19.0,19.0,16,16,16,1.0,1.0,147.875,152.5,275.0,302.0,86.78930425653459,105.66666666666667,6.8208364240619,117.89999999999999,489.2,4.8,-72.33333333333333,0.0,102.0,-77.0,0.0,51.0,47.0,74.0,0.9215686274509803,15,0,17.0,17.0,24.0,1.0,536928.0,149463072.0,150000000.0,0.00357952,91088.0,0.0091088,4
DIS_Flood_seed1004_600s,DIS_Flood,1004,270,280,attack,attack,DIS_Flood,dis_flood,none,1,0,1.0,17.0,16.0,0.0,0.0,14.0,14.0,17,17,17,1.0,1.0,156.23529411764707,101.0,379.2,380.0,125.75150566283723,106.0,6.8452277432633934,118.5,490.73333333333335,4.8,-72.33333333333333,0.0,102.0,-77.0,0.0,44.0,40.0,73.0,0.9090909090909091,15,0,16.0,16.0,18.0,1.0,486624.0,149514552.0,150001176.0,0.003244134565985003,78304.0,0.0078304,4
DIS_Flood_seed1004_600s,DIS_Flood,1004,280,290,attack,attack,DIS_Flood,dis_flood,none,1,0,1.0,14.0,15.0,0.0,0.0,16.0,16.0,13,13,13,1.0,1.0,154.0,133.0,329.9999999999998,429.0,108.23123393919151,105.8,6.4939532313859925,116.6,489.93333333333334,4.8,-72.33333333333333,0.0,105.0,-77.0,0.0,45.0,42.0,69.0,0.9333333333333333,15,0,18.0,16.0,20.0,0.8888888888888888,520424.0,149478400.0,149998824.0,0.003469520534374323,89056.0,0.0089056,4
DIS_Flood_seed1004_600s,DIS_Flood,1004,290,300,attack,attack,DIS_Flood,dis_flood,none,1,0,1.0,17.0,16.0,0.0,0.0,16.0,16.0,17,17,17,1.0,1.0,142.0,134.0,260.8,268.0,72.46205903781647,104.13333333333334,5.24903619271014,113.0,485.4,4.8,-72.33333333333333,0.0,103.0,-77.0,0.0,43.0,43.0,69.0,1.0,15,0,15.0,15.0,20.0,1.0,495160.0,149504840.0,150000000.0,0.003301066666666667,76176.0,0.0076176,4
DIS_Flood_seed1004_600s,DIS_Flood,1004,300,310,attack,attack,DIS_Flood,dis_flood,none,1,0,1.0,13.0,14.0,0.0,0.0,14.0,14.0,15,15,15,1.0,1.0,152.73333333333332,116.0,292.79999999999995,304.0,91.44980408216666,105.13333333333334,4.3730778090275875,112.0,486.93333333333334,4.8,-72.33333333333333,0.0,102.0,-77.0,0.0,39.0,35.0,65.0,0.8974358974358975,15,0,15.0,15.0,17.0,1.0,450712.0,149549288.0,150000000.0,0.0030047466666666667,76528.0,0.0076528,4
DIS_Flood_seed1004_600s,DIS_Flood,1004,310,320,attack,attack,DIS_Flood,dis_flood,none,1,0,1.0,17.0,16.0,0.0,0.0,17.0,17.0,17,17,17,1.0,1.0,159.76470588235293,164.0,285.4,307.0,90.68112359510432,104.13333333333334,3.8705235280194827,110.0,485.1333333333333,4.8,-72.33333333333333,0.0,104.0,-77.0,0.0,46.0,45.0,75.0,0.9782608695652174,15,0,18.0,17.0,23.0,0.9444444444444444,526232.0,149473768.0,150000000.0,0.003508213333333333,89896.0,0.0089896,4
DIS_Flood_seed1004_600s,DIS_Flood,1004,320,330,attack,attack,DIS_Flood,dis_flood,none,1,0,1.0,14.0,15.0,0.0,0.0,14.0,14.0,14,14,14,1.0,1.0,130.07142857142858,152.5,217.35,231.0,68.3728064316557,102.73333333333333,3.195234546871921,109.0,484.06666666666666,4.8,-72.33333333333333,0.0,103.0,-77.0,0.0,40.0,40.0,68.0,1.0,15,0,14.0,14.0,18.0,1.0,467272.0,149532728.0,150000000.0,0.003115146666666667,70680.0,0.007068,4
DIS_Flood_seed1004_600s,DIS_Flood,1004,330,340,attack,attack,DIS_Flood,dis_flood,none,1,0,1.0,14.0,14.0,0.0,0.0,13.0,13.0,14,14,14,1.0,1.0,146.57142857142858,132.0,267.3,279.0,89.1832290940867,101.86666666666666,2.6421491973301547,107.0,481.6,4.8,-72.33333333333333,0.0,102.0,-77.0,0.0,38.0,38.0,66.0,1.0,15,0,13.0,13.0,17.0,1.0,440776.0,149559224.0,150000000.0,0.0029385066666666668,65112.0,0.0065112,4
DIS_Flood_seed1004_600s,DIS_Flood,1004,340,350,attack,attack,DIS_Flood,dis_flood,none,1,0,1.0,14.0,13.0,0.0,0.0,15.0,15.0,15,15,15,1.0,1.0,143.13333333333333,147.0,242.6,244.0,77.49089040163427,102.6,4.595028369257987,111.1,482.3333333333333,4.8,-72.33333333333333,0.0,102.0,-77.0,0.0,39.0,37.0,64.0,0.9487179487179487,15,0,15.0,15.0,19.0,1.0,452120.0,149547880.0,150000000.0,0.003014133333333333,75880.0,0.007588,4
DIS_Flood_seed1004_600s,DIS_Flood,1004,350,360,attack,attack,DIS_Flood,dis_flood,none,1,0,1.0,14.0,15.0,0.0,0.0,15.0,15.0,14,14,14,1.0,1.0,150.28571428571428,159.0,285.05,287.0,84.02511398516387,102.26666666666667,3.84460041889302,107.69999999999999,481.93333333333334,4.8,-72.33333333333333,0.0,101.0,-77.0,0.0,41.0,40.0,72.0,0.975609756097561,15,0,15.0,15.0,21.0,1.0,494480.0,149505520.0,150000000.0,0.0032965333333333335,75680.0,0.007568,4
DIS_Flood_seed1004_600s,DIS_Flood,1004,360,370,attack,attack,DIS_Flood,dis_flood,none,1,0,1.0,16.0,15.0,0.0,0.0,15.0,15.0,15,15,15,1.0,1.0,139.13333333333333,137.0,254.29999999999995,283.0,82.34063973750115,101.66666666666667,3.477820883144803,107.39999999999999,480.93333333333334,4.8,-72.33333333333333,0.0,101.0,-77.0,0.0,42.0,42.0,70.0,1.0,15,0,15.0,15.0,19.0,1.0,467552.0,149532448.0,150000000.0,0.0031170133333333332,75880.0,0.007588,4
DIS_Flood_seed1004_600s,DIS_Flood,1004,370,380,attack,attack,DIS_Flood,dis_flood,none,1,0,1.0,13.0,14.0,0.0,0.0,13.0,13.0,14,14,14,1.0,1.0,140.92857142857142,139.5,286.25,309.0,83.87028839061706,102.93333333333334,5.457192719792144,113.1,482.6666666666667,4.8,-72.33333333333333,0.0,101.0,-77.0,0.0,39.0,36.0,64.0,0.9230769230769231,15,0,14.0,13.0,17.0,0.9285714285714286,429368.0,149574808.0,150004176.0,0.0028623736448510607,69640.0,0.006964,4
DIS_Flood_seed1004_600s,DIS_Flood,1004,380,390,attack,attack,DIS_Flood,dis_flood,none,1,0,1.0,16.0,16.0,0.0,0.0,16.0,16.0,16,16,16,1.0,1.0,154.125,124.0,299.5,385.0,95.33301281997403,102.4,3.978513721048531,110.19999999999999,482.93333333333334,4.8,-72.33333333333333,0.0,105.0,-77.0,0.0,43.0,42.0,70.0,0.9767441860465116,15,0,19.0,16.0,20.0,0.8421052631578947,499816.0,149496008.0,149995824.0,0.0033321994350989396,91384.0,0.0091384,4
DIS_Flood_seed1004_600s,DIS_Flood,1004,390,400,attack,attack,DIS_Flood,dis_flood,none,1,0,1.0,14.0,14.0,0.0,0.0,14.0,14.0,14,14,14,1.0,1.0,181.85714285714286,152.0,355.59999999999997,431.0,119.08358870516582,102.0,3.359421718944242,108.3,481.53333333333336,4.8,-72.33333333333333,0.0,104.0,-77.0,0.0,40.0,39.0,68.0,0.975,15,0,15.0,14.0,20.0,0.9333333333333333,476416.0,149523584.0,150000000.0,0.0031761066666666665,77760.0,0.007776,4
DIS_Flood_seed1004_600s,DIS_Flood,1004,400,410,attack,attack,DIS_Flood,dis_flood,none,1,0,1.0,16.0,16.0,0.0,0.0,16.0,16.0,16,16,16,1.0,1.0,165.0625,158.5,356.25,456.0,106.41959014517327,103.26666666666667,6.943307843493893,114.09999999999998,483.06666666666666,4.8,-72.33333333333333,0.0,104.0,-77.0,0.0,49.0,46.0,74.0,0.9387755102040817,15,0,17.0,16.0,19.0,0.9411764705882353,541256.0,149458744.0,150000000.0,0.0036083733333333334,85296.0,0.0085296,4
DIS_Flood_seed1004_600s,DIS_Flood,1004,410,420,attack,attack,DIS_Flood,dis_flood,none,1,0,1.0,15.0,15.0,0.0,0.0,15.0,15.0,14,14,14,1.0,1.0,141.14285714285714,141.5,233.6,244.0,75.93808930038605,103.6,6.587867636800241,115.8,483.46666666666664,4.8,-72.33333333333333,0.0,101.0,-77.0,0.0,42.0,40.0,67.0,0.9523809523809523,15,0,15.0,15.0,19.0,1.0,457680.0,149542320.0,150000000.0,0.0030512,75680.0,0.007568,4
DIS_Flood_seed1004_600s,DIS_Flood,1004,420,430,attack,attack,DIS_Flood,dis_flood,none,1,0,1.0,16.0,15.0,0.0,0.0,15.0,15.0,15,15,15,1.0,1.0,143.73333333333332,135.0,268.4,274.0,78.40232017946796,102.66666666666667,4.654746681256314,110.39999999999999,486.3333333333333,4.8,-72.33333333333333,0.0,101.0,-77.0,0.0,45.0,44.0,74.0,0.9777777777777777,15,0,16.0,15.0,19.0,0.9375,525608.0,149474392.0,150000000.0,0.003504053333333333,82288.0,0.0082288,4
DIS_Flood_seed1004_600s,DIS_Flood,1004,430,440,attack,attack,DIS_Flood,dis_flood,none,1,0,1.0,14.0,15.0,0.0,0.0,15.0,15.0,16,16,16,1.0,1.0,153.0,160.0,299.75,371.0,95.3037250058989,102.26666666666667,3.918211448145819,109.5,484.3333333333333,4.8,-72.33333333333333,0.0,102.0,-77.0,0.0,40.0,39.0,67.0,0.975,15,0,16.0,15.0,19.0,0.9375,461072.0,149538928.0,150000000.0,0.0030738133333333335,79384.0,0.0079384,4
DIS_Flood_seed1004_600s,DIS_Flood,1004,440,450,attack,attack,DIS_Flood,dis_flood,none,1,0,1.0,15.0,16.0,0.0,0.0,16.0,16.0,15,15,15,1.0,1.0,144.86666666666667,115.0,274.9,291.0,81.30003221460147,102.33333333333333,3.9400265892262105,109.89999999999999,486.1333333333333,4.8,-72.33333333333333,0.0,101.0,-77.0,0.0,45.0,43.0,81.0,0.9555555555555556,15,0,16.0,16.0,23.0,1.0,555728.0,149444272.0,150000000.0,0.0037048533333333333,86120.0,0.008612,4
DIS_Flood_seed1004_600s,DIS_Flood,1004,450,460,attack,attack,DIS_Flood,dis_flood,none,1,0,1.0,14.0,14.0,0.0,0.0,14.0,14.0,14,14,14,1.0,1.0,174.71428571428572,172.0,328.04999999999995,369.0,100.3343859850102,102.93333333333334,5.522249369164535,110.89999999999999,489.2,4.8,-72.33333333333333,0.0,105.0,-77.0,0.0,39.0,37.0,64.0,0.9487179487179487,15,0,17.0,14.0,18.0,0.8235294117647058,439888.0,149560112.0,150000000.0,0.002932586666666667,84000.0,0.0084,4
DIS_Flood_seed1004_600s,DIS_Flood,1004,460,470,attack,attack,DIS_Flood,dis_flood,none,1,0,1.0,17.0,16.0,0.0,0.0,17.0,17.0,16,16,16,1.0,1.0,173.1875,167.0,348.5,530.0,129.54341292915413,104.33333333333333,6.488084316286132,116.8,494.53333333333336,4.8,-72.33333333333333,0.0,104.0,-77.0,0.0,53.0,48.0,76.0,0.9056603773584906,15,0,19.0,17.0,21.0,0.8947368421052632,587864.0,149416312.0,150004176.0,0.003918984228812403,95176.0,0.0095176,4
DIS_Flood_seed1004_600s,DIS_Flood,1004,470,480,attack,attack,DIS_Flood,dis_flood,none,1,0,1.0,15.0,15.0,0.0,0.0,14.0,14.0,15,15,15,1.0,1.0,142.46666666666667,101.0,281.99999999999994,331.0,87.50989059746875,104.4,7.69786612361782,119.29999999999998,495.46666666666664,4.8,-72.33333333333333,0.0,103.0,-77.0,0.0,45.0,42.0,66.0,0.9333333333333333,15,0,15.0,14.0,18.0,0.9333333333333333,502384.0,149493440.0,149995824.0,0.0033493199117330093,75832.0,0.0075832,4
DIS_Flood_seed1004_600s,DIS_Flood,1004,480,490,attack,attack,DIS_Flood,dis_flood,none,1,0,1.0,15.0,16.0,0.0,0.0,16.0,16.0,16,16,16,1.0,1.0,142.125,122.5,256.5,258.0,78.46262379842604,103.13333333333334,6.139644785754148,112.49999999999999,492.8666666666667,4.8,-72.33333333333333,0.0,101.0,-77.0,0.0,41.0,40.0,73.0,0.975609756097561,15,0,16.0,16.0,21.0,1.0,518336.0,149481664.0,150000000.0,0.003455573333333333,81536.0,0.0081536,4
DIS_Flood_seed1004_600s,DIS_Flood,1004,490,500,attack,attack,DIS_Flood,dis_flood,none,1,0,1.0,14.0,13.0,0.0,0.0,14.0,14.0,13,13,13,1.0,1.0,134.07692307692307,169.0,236.9999999999999,285.0,81.46928003697829,103.6,8.174874398336124,119.89999999999999,493.73333333333335,4.8,-72.33333333333333,0.0,104.0,-77.0,0.0,42.0,40.0,65.0,0.9523809523809523,15,0,16.0,14.0,19.0,0.875,477448.0,149527440.0,150004888.0,0.0031828829471210298,77488.0,0.0077488,4
DIS_Flood_seed1004_600s,DIS_Flood,1004,500,510,attack,attack,DIS_Flood,dis_flood,none,1,0,1.0,16.0,17.0,0.0,0.0,16.0,16.0,17,17,17,1.0,1.0,138.7058823529412,121.0,262.59999999999997,281.0,75.44929150254025,103.4,8.007139671211295,118.49999999999999,493.8,4.8,-72.33333333333333,0.0,102.0,-77.0,0.0,44.0,42.0,75.0,0.9545454545454546,15,0,16.0,16.0,20.0,1.0,493960.0,149501152.0,149995112.0,0.0032931739802294357,82928.0,0.0082928,4
DIS_Flood_seed1004_600s,DIS_Flood,1004,510,520,attack,attack,DIS_Flood,dis_flood,none,1,0,1.0,16.0,16.0,0.0,0.0,15.0,15.0,15,15,15,1.0,1.0,146.13333333333333,124.0,263.0,270.0,74.5269526189463,102.53333333333333,6.577740240133133,115.99999999999999,492.0,4.8,-72.33333333333333,0.0,102.0,-77.0,0.0,44.0,44.0,72.0,1.0,15,0,15.0,15.0,19.0,1.0,490776.0,149509224.0,150000000.0,0.00327184,76424.0,0.0076424,4
DIS_Flood_seed1004_600s,DIS_Flood,1004,520,530,attack,attack,DIS_Flood,dis_flood,none,1,0,1.0,15.0,15.0,0.0,0.0,17.0,17.0,16,16,16,1.0,1.0,131.8125,122.5,284.5,289.0,86.72040801718282,102.06666666666666,5.243590191389684,113.1,490.2,4.8,-72.33333333333333,0.0,102.0,-77.0,0.0,44.0,44.0,72.0,1.0,15,0,17.0,17.0,23.0,1.0,531424.0,149468576.0,150000000.0,0.0035428266666666665,86392.0,0.0086392,4
DIS_Flood_seed1005_600s,DIS_Flood,1005,190,200,attack,attack,DIS_Flood,dis_flood,none,1,0,1.0,15.0,15.0,0.0,0.0,15.0,15.0,15,15,15,1.0,1.0,170.86666666666667,191.0,324.79999999999995,371.0,100.29731990912009,108.2,7.839460622845353,118.09999999999998,492.8,4.8,-71.8,0.0,109.0,-77.0,0.0,42.0,41.0,67.0,0.9761904761904762,15,0,16.0,15.0,19.0,0.9375,477880.0,149522120.0,150000000.0,0.0031858666666666666,79928.0,0.0079928,5
DIS_Flood_seed1005_600s,DIS_Flood,1005,200,210,attack,attack,DIS_Flood,dis_flood,none,1,0,1.0,14.0,14.0,0.0,0.0,15.0,15.0,15,15,15,1.0,1.0,140.93333333333334,134.0,287.99999999999994,316.0,79.73031926139397,106.0,6.979562000174919,115.79999999999998,489.1333333333333,4.8,-71.8,0.0,108.0,-77.0,0.0,37.0,37.0,63.0,1.0,15,0,16.0,15.0,19.0,0.9375,430040.0,149569960.0,150000000.0,0.0028669333333333335,81184.0,0.0081184,5
DIS_Flood_seed1005_600s,DIS_Flood,1005,210,220,attack,attack,DIS_Flood,dis_flood,none,1,0,1.0,15.0,15.0,0.0,0.0,15.0,15.0,15,15,15,1.0,1.0,129.13333333333333,107.0,256.3,264.0,80.32155614125253,104.46666666666667,6.277700519260521,113.19999999999999,486.1333333333333,4.8,-71.8,0.0,105.0,-77.0,0.0,41.0,41.0,74.0,1.0,15,0,15.0,15.0,22.0,1.0,503264.0,149496736.0,150000000.0,0.003355093333333333,80920.0,0.008092,5
DIS_Flood_seed1005_600s,DIS_Flood,1005,220,230,attack,attack,DIS_Flood,dis_flood,none,1,0,1.0,15.0,15.0,0.0,0.0,15.0,15.0,15,15,15,1.0,1.0,137.6,155.0,235.09999999999997,254.0,71.93330244052471,104.8,6.559616713541381,117.5,486.0,4.8,-71.8,0.0,103.0,-77.0,0.0,43.0,41.0,66.0,0.9534883720930233,15,0,15.0,15.0,19.0,1.0,490976.0,149509024.0,150000000.0,0.0032731733333333335,75880.0,0.007588,5
DIS_Flood_seed1005_600s,DIS_Flood,1005,230,240,attack,attack,DIS_Flood,dis_flood,none,1,0,1.0,15.0,15.0,0.0,0.0,15.0,15.0,15,15,15,1.0,1.0,134.06666666666666,104.0,271.59999999999985,364.0,88.71822704227023,104.0,5.903993805649092,115.5,484.53333333333336,4.8,-71.8,0.0,104.0,-77.0,0.0,41.0,41.0,67.0,1.0,15,0,16.0,15.0,19.0,0.9375,475632.0,149524368.0,150000000.0,0.00317088,80440.0,0.008044,5
DIS_Flood_seed1005_600s,DIS_Flood,1005,240,250,attack,attack,DIS_Flood,dis_flood,none,1,0,1.0,14.0,14.0,0.0,0.0,14.0,14.0,14,14,14,1.0,1.0,138.14285714285714,127.0,274.5,281.0,90.35473436393923,103.93333333333334,5.243590191389684,113.89999999999999,485.06666666666666,4.8,-71.8,0.0,102.0,-77.0,0.0,40.0,39.0,64.0,0.975,15,0,14.0,14.0,17.0,1.0,444264.0,149555736.0,150000000.0,0.00296176,70768.0,0.0070768,5
DIS_Flood_seed1005_600s,DIS_Flood,1005,250,260,attack,attack,DIS_Flood,dis_flood,none,1,0,1.0,15.0,15.0,0.0,0.0,15.0,15.0,15,15,15,1.0,1.0,140.26666666666668,175.0,257.2,267.0,82.19877185967012,105.06666666666666,4.727830469928143,113.3,486.8666666666667,4.8,-71.8,0.0,105.0,-77.0,0.0,44.0,40.0,70.0,0.9090909090909091,15,0,17.0,15.0,19.0,0.8823529411764706,506192.0,149493808.0,150000000.0,0.0033746133333333334,83944.0,0.0083944,5
DIS_Flood_seed1005_600s,DIS_Flood,1005,260,270,attack,attack,DIS_Flood,dis_flood,none,1,0,1.0,15.0,15.0,0.0,0.0,15.0,15.0,15,15,15,1.0,1.0,139.0,143.0,241.1,246.0,67.16504192764907,105.6,6.489552042651767,115.8,489.6666666666667,4.8,-71.8,0.0,109.0,-77.0,0.0,44.0,41.0,68.0,0.9318181818181818,15,0,18.0,15.0,21.0,0.8333333333333334,483200.0,149516800.0,150000000.0,0.0032213333333333334,88624.0,0.0088624,5
DIS_Flood_seed1005_600s,DIS_Flood,1005,270,280,attack,attack,DIS_Flood,dis_flood,none,1,0,1.0,15.0,16.0,0.0,0.0,16.0,16.0,15,15,15,1.0,1.0,141.4,120.0,272.6,274.0,75.08166981931838,108.13333333333334,6.70678405653204,118.19999999999999,493.3333333333333,4.8,-71.8,0.0,109.0,-77.0,0.0,50.0,42.0,70.0,0.84,15,0,18.0,16.0,20.0,0.8888888888888888,554456.0,149445544.0,150000000.0,0.0036963733333333334,90192.0,0.0090192,5
DIS_Flood_seed1005_600s,DIS_Flood,1005,280,290,attack,attack,DIS_Flood,dis_flood,none,1,0,1.0,16.0,16.0,0.0,0.0,15.0,15.0,15,15,15,1.0,1.0,132.26666666666668,123.0,255.79999999999995,288.0,79.08988256287606,105.6,5.355904618802905,113.6,491.53333333333336,4.8,-71.8,0.0,105.0,-77.0,0.0,44.0,44.0,70.0,1.0,15,0,15.0,15.0,19.0,1.0,505256.0,149494744.0,150000000.0,0.003368373333333333,75880.0,0.007588,5
DIS_Flood_seed1005_600s,DIS_Flood,1005,290,300,attack,attack,DIS_Flood,dis_flood,none,1,0,1.0,14.0,14.0,0.0,0.0,15.0,15.0,15,15,15,1.0,1.0,155.66666666666666,173.0,256.19999999999993,308.0,86.41896837638191,104.0,4.4077853201547175,110.89999999999999,489.26666666666665,4.8,-71.8,0.0,103.0,-77.0,0.0,38.0,38.0,64.0,1.0,15,0,15.0,15.0,19.0,1.0,449040.0,149550960.0,150000000.0,0.0029936,75568.0,0.0075568,5
DIS_Flood_seed1005_600s,DIS_Flood,1005,300,310,attack,attack,DIS_Flood,dis_flood,none,1,0,1.0,15.0,15.0,0.0,0.0,15.0,15.0,15,15,15,1.0,1.0,145.06666666666666,135.0,249.09999999999994,282.0,74.03133184833362,103.13333333333334,3.777124126457412,109.19999999999999,487.73333333333335,4.8,-71.8,0.0,102.0,-77.0,0.0,41.0,41.0,68.0,1.0,15,0,15.0,15.0,19.0,1.0,492344.0,149507656.0,150000000.0,0.0032822933333333335,75880.0,0.007588,5
DIS_Flood_seed1005_600s,DIS_Flood,1005,310,320,attack,attack,DIS_Flood,dis_flood,none,1,0,1.0,16.0,15.0,0.0,0.0,15.0,15.0,15,15,15,1.0,1.0,130.13333333333333,149.0,210.39999999999998,230.0,67.1010609525094,102.13333333333334,3.2484428504101706,107.89999999999999,486.46666666666664,4.8,-71.8,0.0,101.0,-77.0,0.0,43.0,43.0,70.0,1.0,15,0,15.0,15.0,20.0,1.0,506128.0,149493872.0,150000000.0,0.0033741866666666667,74920.0,0.007492,5
DIS_Flood_seed1005_600s,DIS_Flood,1005,320,330,attack,attack,DIS_Flood,dis_flood,none,1,0,1.0,15.0,16.0,0.0,0.0,15.0,15.0,15,15,15,1.0,1.0,141.06666666666666,139.0,293.2,317.0,92.8027606321729,101.66666666666667,2.8949874578229835,106.89999999999999,485.8,4.8,-71.8,0.0,100.0,-77.0,0.0,42.0,42.0,68.0,1.0,15,0,15.0,15.0,20.0,1.0,482072.0,149517928.0,150000000.0,0.0032138133333333334,75880.0,0.007588,5
DIS_Flood_seed1005_600s,DIS_Flood,1005,330,340,attack,attack,DIS_Flood,dis_flood,none,1,0,1.0,15.0,15.0,0.0,0.0,16.0,16.0,15,15,15,1.0,1.0,147.46666666666667,137.0,320.0999999999998,437.0,110.27878093182534,106.33333333333333,15.286159317064133,129.59999999999997,491.8666666666667,4.8,-71.8,0.0,112.0,-77.0,0.0,49.0,41.0,65.0,0.8367346938775511,15,0,21.0,16.0,20.0,0.7619047619047619,517360.0,149482640.0,150000000.0,0.0034490666666666665,102024.0,0.0102024,5
DIS_Flood_seed1005_600s,DIS_Flood,1005,340,350,attack,attack,DIS_Flood,dis_flood,none,1,0,1.0,16.0,15.0,0.0,0.0,14.0,14.0,15,15,15,1.0,1.0,142.46666666666667,125.0,247.29999999999993,297.0,79.14441291233447,104.66666666666667,12.222150071937113,118.59999999999995,494.6666666666667,4.8,-71.8,0.0,107.0,-77.0,0.0,44.0,44.0,68.0,1.0,15,0,14.0,14.0,18.0,1.0,501216.0,149498784.0,150000000.0,0.00334144,70768.0,0.0070768,5
DIS_Flood_seed1005_600s,DIS_Flood,1005,350,360,attack,attack,DIS_Flood,dis_flood,none,1,0,1.0,15.0,15.0,0.0,0.0,16.0,16.0,16,16,16,1.0,1.0,141.25,133.0,231.75,261.0,68.18259797533874,104.2,9.645132006798635,115.59999999999997,493.1333333333333,4.8,-71.8,0.0,104.0,-77.0,0.0,43.0,41.0,67.0,0.9534883720930233,15,0,16.0,16.0,20.0,1.0,502720.0,149497280.0,150000000.0,0.0033514666666666667,81280.0,0.008128,5
DIS_Flood_seed1005_600s,DIS_Flood,1005,360,370,attack,attack,DIS_Flood,dis_flood,none,1,0,1.0,15.0,16.0,0.0,0.0,16.0,16.0,16,16,16,1.0,1.0,141.8125,153.5,257.0,335.0,83.42918653964371,104.13333333333334,7.890923055426828,115.99999999999997,491.53333333333336,4.8,-71.8,0.0,111.0,-77.0,0.0,44.0,42.0,71.0,0.9545454545454546,15,0,20.0,16.0,22.0,0.8,505808.0,149494192.0,150000000.0,0.0033720533333333334,97632.0,0.0097632,5
DIS_Flood_seed1005_600s,DIS_Flood,1005,370,380,attack,attack,DIS_Flood,dis_flood,none,1,0,1.0,15.0,15.0,0.0,0.0,15.0,15.0,15,15,15,1.0,1.0,152.66666666666666,124.0,272.19999999999993,317.0,91.26387696178175,103.4,6.822232562941339,118.1,490.53333333333336,4.8,-71.8,0.0,105.0,-77.0,0.0,42.0,41.0,66.0,0.9761904761904762,15,0,15.0,15.0,19.0,1.0,477472.0,149522528.0,150000000.0,0.0031831466666666667,75880.0,0.007588,5
DIS_Flood_seed1005_600s,DIS_Flood,1005,380,390,attack,attack,DIS_Flood,dis_flood,none,1,0,1.0,15.0,15.0,0.0,0.0,15.0,15.0,15,15,15,1.0,1.0,149.66666666666666,134.0,291.3999999999999,339.0,102.29276379006251,104.2,5.906412979610746,114.8,490.73333333333335,4.8,-71.8,0.0,107.0,-77.0,0.0,44.0,41.0,67.0,0.9318181818181818,15,0,18.0,15.0,19.0,0.8333333333333334,498376.0,149501624.0,150000000.0,0.0033225066666666666,89896.0,0.0089896,5
DIS_Flood_seed1005_600s,DIS_Flood,1005,390,400,attack,attack,DIS_Flood,dis_flood,none,1,0,1.0,14.0,14.0,0.0,0.0,14.0,14.0,14,14,14,1.0,1.0,151.42857142857142,132.0,289.7,317.0,82.22269412133994,103.0,4.174754056057845,110.5,490.4,4.8,-71.8,0.0,105.0,-77.0,0.0,40.0,39.0,65.0,0.975,15,0,15.0,14.0,18.0,0.9333333333333333,479016.0,149520984.0,150000000.0,0.00319344,75040.0,0.007504,5
DIS_Flood_seed1005_600s,DIS_Flood,1005,400,410,attack,attack,DIS_Flood,dis_flood,none,1,0,1.0,16.0,16.0,0.0,0.0,15.0,15.0,15,15,15,1.0,1.0,131.86666666666667,109.0,239.3,240.0,75.26796574019166,102.66666666666667,3.716116764786033,109.6,489.6,4.8,-71.8,0.0,102.0,-77.0,0.0,45.0,43.0,70.0,0.9555555555555556,15,0,15.0,15.0,20.0,1.0,508176.0,149491824.0,150000000.0,0.00338784,76168.0,0.0076168,5
DIS_Flood_seed1005_600s,DIS_Flood,1005,410,420,attack,attack,DIS_Flood,dis_flood,none,1,0,1.0,15.0,15.0,0.0,0.0,14.0,14.0,14,14,14,1.0,1.0,140.71428571428572,109.0,319.79999999999995,351.0,102.17739368480575,104.6,6.0686548285902235,113.99999999999999,491.8,4.8,-71.8,0.0,103.0,-77.0,0.0,47.0,41.0,66.0,0.8723404255319149,15,0,15.0,14.0,18.0,0.9333333333333333,519712.0,149480288.0,150000000.0,0.0034647466666666666,75368.0,0.0075368,5
DIS_Flood_seed1005_600s,DIS_Flood,1005,420,430,attack,attack,DIS_Flood,dis_flood,none,1,0,1.0,15.0,14.0,0.0,0.0,15.0,15.0,15,15,15,1.0,1.0,150.26666666666668,149.0,261.69999999999993,303.0,75.27327989842522,103.0,3.946064947695181,108.8,490.6666666666667,4.8,-71.8,0.0,103.0,-77.0,0.0,37.0,37.0,63.0,1.0,15,0,16.0,15.0,19.0,0.9375,432856.0,149567144.0,150000000.0,0.002885706666666667,80440.0,0.008044,5
DIS_Flood_seed1005_600s,DIS_Flood,1005,430,440,attack,attack,DIS_Flood,dis_flood,none,1,0,1.0,13.0,14.0,0.0,0.0,15.0,15.0,15,15,15,1.0,1.0,119.93333333333334,128.0,223.79999999999995,263.0,68.62784385641847,101.8,2.512824250576573,105.6,488.46666666666664,4.8,-71.8,0.0,100.0,-77.0,0.0,37.0,37.0,64.0,1.0,15,0,15.0,15.0,19.0,1.0,437096.0,149562904.0,150000000.0,0.0029139733333333334,75880.0,0.007588,5
DIS_Flood_seed1005_600s,DIS_Flood,1005,440,450,attack,attack,DIS_Flood,dis_flood,none,1,0,1.0,15.0,15.0,0.0,0.0,15.0,15.0,15,15,15,1.0,1.0,141.33333333333334,146.0,239.79999999999998,244.0,74.4644370216574,100.93333333333334,1.4375905768565218,103.3,486.8666666666667,4.8,-71.8,0.0,100.0,-77.0,0.0,41.0,41.0,66.0,1.0,15,0,15.0,15.0,19.0,1.0,497272.0,149502728.0,150000000.0,0.0033151466666666665,77880.0,0.007788,5
DIS_Flood_seed1005_600s,DIS_Flood,1005,450,460,attack,attack,DIS_Flood,dis_flood,none,1,0,1.0,16.0,16.0,0.0,0.0,15.0,15.0,15,15,15,1.0,1.0,134.73333333333332,141.0,229.89999999999998,253.0,78.29018061642456,100.26666666666667,0.7037315505489968,102.0,485.06666666666666,4.8,-71.8,0.0,100.0,-77.0,0.0,44.0,44.0,73.0,1.0,15,0,15.0,15.0,21.0,1.0,503848.0,149496152.0,150000000.0,0.0033589866666666668,75880.0,0.007588,5
DIS_Flood_seed1005_600s,DIS_Flood,1005,460,470,attack,attack,DIS_Flood,dis_flood,none,1,0,1.0,15.0,14.0,0.0,0.0,15.0,15.0,15,15,15,1.0,1.0,142.4,127.0,286.5,297.0,81.68825759294556,100.06666666666666,0.2581988897471611,100.3,484.6666666666667,4.8,-71.8,0.0,100.0,-77.0,0.0,39.0,39.0,64.0,1.0,15,0,15.0,15.0,19.0,1.0,459832.0,149540168.0,150000000.0,0.0030655466666666665,75880.0,0.007588,5
DIS_Flood_seed1005_600s,DIS_Flood,1005,470,480,attack,attack,DIS_Flood,dis_flood,none,1,0,1.0,15.0,16.0,0.0,0.0,15.0,15.0,15,15,15,1.0,1.0,149.2,148.0,275.1999999999998,376.0,87.20271948577225,102.0,7.745966692414834,108.99999999999997,485.4,4.8,-71.8,0.0,100.0,-77.0,0.0,47.0,44.0,69.0,0.9361702127659575,15,0,15.0,15.0,19.0,1.0,511592.0,149488408.0,150000000.0,0.0034106133333333334,75880.0,0.007588,5
DIS_Flood_seed1005_600s,DIS_Flood,1005,480,490,attack,attack,DIS_Flood,dis_flood,none,1,0,1.0,15.0,15.0,0.0,0.0,15.0,15.0,15,15,15,1.0,1.0,171.4,179.0,307.99999999999994,357.0,102.34660996549212,102.6,6.310988149931153,113.19999999999999,486.26666666666665,4.8,-71.8,0.0,102.0,-77.0,0.0,44.0,42.0,73.0,0.9545454545454546,15,0,16.0,15.0,19.0,0.9375,534432.0,149465568.0,150000000.0,0.00356288,80104.0,0.0080104,5
DIS_Flood_seed1005_600s,DIS_Flood,1005,490,500,attack,attack,DIS_Flood,dis_flood,none,1,0,1.0,15.0,15.0,0.0,0.0,15.0,15.0,15,15,15,1.0,1.0,143.86666666666667,142.0,278.6,280.0,84.77943371450637,101.93333333333334,5.091542941369495,110.6,485.3333333333333,4.8,-71.8,0.0,103.0,-77.0,0.0,41.0,41.0,67.0,1.0,15,0,16.0,15.0,19.0,0.9375,473256.0,149529688.0,150002944.0,0.003154978078296917,84424.0,0.0084424,5
DIS_Flood_seed1005_600s,DIS_Flood,1005,500,510,attack,attack,DIS_Flood,dis_flood,none,1,0,1.0,14.0,14.0,0.0,0.0,15.0,15.0,15,15,15,1.0,1.0,138.4,124.0,281.6,283.0,76.91256631489328,101.4,4.239272174728649,108.29999999999998,484.53333333333336,4.8,-71.8,0.0,102.0,-77.0,0.0,36.0,36.0,63.0,1.0,15,0,15.0,15.0,20.0,1.0,436600.0,149560456.0,149997056.0,0.0029107237944723395,75880.0,0.007588,5
DIS_Flood_seed1005_600s,DIS_Flood,1005,510,520,attack,attack,DIS_Flood,dis_flood,none,1,0,1.0,16.0,15.0,0.0,0.0,15.0,15.0,15,15,15,1.0,1.0,140.66666666666666,148.0,281.3,282.0,97.29165774446783,103.13333333333334,5.040786030920555,113.3,486.6666666666667,4.8,-71.8,0.0,103.0,-77.0,0.0,46.0,42.0,68.0,0.9130434782608695,15,0,16.0,15.0,20.0,0.9375,490728.0,149509272.0,150000000.0,0.00327152,79928.0,0.0079928,5
DIS_Flood_seed1005_600s,DIS_Flood,1005,520,530,attack,attack,DIS_Flood,dis_flood,none,1,0,1.0,14.0,15.0,0.0,0.0,15.0,15.0,15,15,15,1.0,1.0,162.0,153.0,262.5,273.0,81.07492125893714,101.93333333333334,3.692979181920098,109.6,486.6,4.8,-71.8,0.0,102.0,-77.0,0.0,40.0,40.0,69.0,1.0,15,0,15.0,15.0,20.0,1.0,512552.0,149487448.0,150000000.0,0.003417013333333333,76976.0,0.0076976,5
DIS_Flood_seed1006_600s,DIS_Flood,1006,190,200,attack,attack,DIS_Flood,dis_flood,none,1,0,1.0,15.0,16.0,0.0,0.0,15.0,15.0,16,16,16,1.0,1.0,138.125,138.0,234.5,254.0,69.98464117218865,104.26666666666667,6.250333324444918,115.1,488.0,4.8,-68.93333333333334,0.0,104.0,-77.0,0.0,43.0,43.0,72.0,1.0,15,0,15.0,15.0,20.0,1.0,502904.0,149497096.0,150000000.0,0.0033526933333333335,75880.0,0.007588,1
DIS_Flood_seed1006_600s,DIS_Flood,1006,200,210,attack,attack,DIS_Flood,dis_flood,none,1,0,1.0,15.0,14.0,0.0,0.0,15.0,15.0,14,14,14,1.0,1.0,136.64285714285714,127.5,297.65,336.0,89.76859750993718,104.73333333333333,5.378086046523384,113.5,488.53333333333336,4.8,-68.93333333333334,0.0,104.0,-77.0,0.0,42.0,40.0,73.0,0.9523809523809523,15,0,15.0,15.0,20.0,1.0,479032.0,149520968.0,150000000.0,0.0031935466666666665,75880.0,0.007588,1
DIS_Flood_seed1006_600s,DIS_Flood,1006,210,220,attack,attack,DIS_Flood,dis_flood,none,1,0,1.0,16.0,17.0,0.0,0.0,16.0,16.0,16,16,16,1.0,1.0,140.9375,141.0,271.0,283.0,77.98074014353374,103.66666666666667,4.623954193215194,111.5,487.6666666666667,4.8,-68.93333333333334,0.0,103.0,-77.0,0.0,43.0,43.0,75.0,1.0,15,0,16.0,16.0,20.0,1.0,519480.0,149480520.0,150000000.0,0.0034632,80968.0,0.0080968,1
DIS_Flood_seed1006_600s,DIS_Flood,1006,220,230,attack,attack,DIS_Flood,dis_flood,none,1,0,1.0,14.0,14.0,0.0,0.0,14.0,14.0,15,15,15,1.0,1.0,144.6,137.0,245.6,254.0,77.62805089472674,103.8,4.693460496112802,113.0,487.73333333333335,4.8,-68.93333333333334,0.0,104.0,-77.0,0.0,41.0,39.0,69.0,0.9512195121951219,15,0,15.0,14.0,18.0,0.9333333333333333,467520.0,149532480.0,150000000.0,0.0031168,74496.0,0.0074496,1
DIS_Flood_seed1006_600s,DIS_Flood,1006,230,240,attack,attack,DIS_Flood,dis_flood,none,1,0,1.0,16.0,16.0,0.0,0.0,16.0,16.0,15,15,15,1.0,1.0,133.26666666666668,118.0,256.2999999999999,313.0,83.02105298112785,103.06666666666666,3.692979181920098,108.5,486.6,4.8,-68.93333333333334,0.0,103.0,-77.0,0.0,43.0,42.0,76.0,0.9767441860465116,15,0,16.0,16.0,20.0,1.0,471432.0,149528568.0,150000000.0,0.00314288,85520.0,0.008552,1
DIS_Flood_seed1006_600s,DIS_Flood,1006,240,250,attack,attack,DIS_Flood,dis_flood,none,1,0,1.0,15.0,15.0,0.0,0.0,15.0,15.0,15,15,15,1.0,1.0,143.13333333333333,115.0,329.29999999999995,358.0,95.76449287307952,102.06666666666666,3.011090610836324,107.19999999999999,485.26666666666665,4.8,-68.93333333333334,0.0,102.0,-77.0,0.0,41.0,41.0,72.0,1.0,15,0,15.0,15.0,21.0,1.0,478640.0,149521360.0,150000000.0,0.003190933333333333,75880.0,0.007588,1
DIS_Flood_seed1006_600s,DIS_Flood,1006,250,260,attack,attack,DIS_Flood,dis_flood,none,1,0,1.0,13.0,13.0,0.0,0.0,15.0,15.0,13,13,13,1.0,1.0,107.0,95.0,216.99999999999986,274.0,71.17466777817326,102.2,3.6095112451094296,110.0,485.26666666666665,4.8,-68.93333333333334,0.0,101.0,-77.0,0.0,39.0,38.0,66.0,0.9743589743589743,15,0,15.0,15.0,19.0,1.0,448672.0,149551328.0,150000000.0,0.002991146666666667,75880.0,0.007588,1
DIS_Flood_seed1006_600s,DIS_Flood,1006,260,270,attack,attack,DIS_Flood,dis_flood,none,1,0,1.0,15.0,14.0,0.0,0.0,13.0,13.0,15,15,15,1.0,1.0,139.2,148.0,268.2,271.0,83.81885229469562,101.73333333333333,3.011090610836324,107.6,484.6,4.8,-68.93333333333334,0.0,103.0,-77.0,0.0,38.0,38.0,74.0,1.0,15,0,14.0,13.0,18.0,0.9285714285714286,486728.0,149513272.0,150000000.0,0.0032448533333333334,69928.0,0.0069928,1
DIS_Flood_seed1006_600s,DIS_Flood,1006,270,280,attack,attack,DIS_Flood,dis_flood,none,1,0,1.0,17.0,18.0,0.0,0.0,17.0,17.0,17,17,17,1.0,1.0,153.76470588235293,143.0,279.4,305.0,86.98026314325904,103.13333333333334,6.034030478007532,114.6,486.46666666666664,4.8,-68.93333333333334,0.0,101.0,-77.0,0.0,52.0,48.0,77.0,0.9230769230769231,15,0,17.0,17.0,21.0,1.0,569472.0,149430528.0,150000000.0,0.00379648,86976.0,0.0086976,1
DIS_Flood_seed1006_600s,DIS_Flood,1006,280,290,attack,attack,DIS_Flood,dis_flood,none,1,0,1.0,16.0,15.0,0.0,0.0,15.0,15.0,15,15,15,1.0,1.0,144.2,163.0,273.4,307.0,83.50209578208202,103.0,5.0990195135927845,113.3,486.3333333333333,4.8,-68.93333333333334,0.0,101.0,-77.0,0.0,43.0,42.0,72.0,0.9767441860465116,15,0,15.0,15.0,20.0,1.0,495632.0,149504368.0,150000000.0,0.0033042133333333334,76680.0,0.007668,1
DIS_Flood_seed1006_600s,DIS_Flood,1006,290,300,attack,attack,DIS_Flood,dis_flood,none,1,0,1.0,14.0,14.0,0.0,0.0,15.0,15.0,15,15,15,1.0,1.0,143.4,124.0,302.5,313.0,90.79474497065188,104.4,8.253137931374086,118.09999999999998,488.0,4.8,-68.93333333333334,0.0,100.0,-77.0,0.0,43.0,40.0,72.0,0.9302325581395349,15,0,15.0,15.0,19.0,1.0,480104.0,149519896.0,150000000.0,0.0032006933333333333,75880.0,0.007588,1
DIS_Flood_seed1006_600s,DIS_Flood,1006,300,310,attack,attack,DIS_Flood,dis_flood,none,1,0,1.0,15.0,15.0,0.0,0.0,15.0,15.0,15,15,15,1.0,1.0,155.93333333333334,142.0,300.5,318.0,100.06102899635563,105.53333333333333,6.843836295389834,115.99999999999999,493.2,4.8,-68.93333333333334,0.0,100.0,-77.0,0.0,44.0,40.0,74.0,0.9090909090909091,15,0,14.0,14.0,20.0,1.0,504056.0,149495944.0,150000000.0,0.0033603733333333334,78360.0,0.00783068140119231,1
DIS_Flood_seed1006_600s,DIS_Flood,1006,310,320,attack,attack,DIS_Flood,dis_flood,none,1,0,1.0,14.0,15.0,0.0,0.0,15.0,15.0,14,14,14,1.0,1.0,152.28571428571428,138.0,285.5,305.0,98.08507184419716,104.33333333333333,5.5763104374880434,111.99999999999999,491.8,4.8,-68.93333333333334,0.0,104.0,-77.0,0.0,41.0,40.0,71.0,0.975609756097561,15,0,19.0,16.0,19.0,0.8421052631578947,489960.0,149510040.0,150000000.0,0.0032664,89048.0,0.008910852250848776,1
DIS_Flood_seed1006_600s,DIS_Flood,1006,320,330,attack,attack,DIS_Flood,dis_flood,none,1,0,1.0,15.0,15.0,0.0,0.0,14.0,14.0,15,15,15,1.0,1.0,139.46666666666667,122.0,264.3,265.0,76.41322498351285,103.86666666666666,4.373077809027587,110.5,490.2,4.8,-68.93333333333334,0.0,102.0,-77.0,0.0,40.0,39.0,68.0,0.975,15,0,14.0,14.0,18.0,1.0,463288.0,149536712.0,150000000.0,0.0030885866666666667,70480.0,0.007048,1
DIS_Flood_seed1006_600s,DIS_Flood,1006,330,340,attack,attack,DIS_Flood,dis_flood,none,1,0,1.0,16.0,15.0,0.0,0.0,16.0,16.0,16,16,16,1.0,1.0,147.25,144.0,283.5,300.0,82.31362787129075,102.73333333333333,3.6147844564602556,108.89999999999999,488.0,4.8,-68.93333333333334,0.0,105.0,-77.0,0.0,45.0,45.0,78.0,1.0,15,0,18.0,16.0,22.0,0.8888888888888888,565704.0,149434296.0,150000000.0,0.00377136,88440.0,0.008844,1
DIS_Flood_seed1006_600s,DIS_Flood,1006,340,350,attack,attack,DIS_Flood,dis_flood,none,1,0,1.0,14.0,15.0,0.0,0.0,14.0,14.0,15,15,15,1.0,1.0,131.4,121.0,242.79999999999995,275.0,69.57195658350527,102.0,2.9760952365713798,107.3,486.6666666666667,4.8,-68.93333333333334,0.0,103.0,-77.0,0.0,39.0,39.0,69.0,1.0,15,0,14.0,14.0,18.0,1.0,461560.0,149538440.0,150000000.0,0.0030770666666666666,70480.0,0.007048,1
DIS_Flood_seed1006_600s,DIS_Flood,1006,350,360,attack,attack,DIS_Flood,dis_flood,none,1,0,1.0,16.0,16.0,0.0,0.0,16.0,16.0,16,16,16,1.0,1.0,134.0625,155.5,222.0,231.0,72.09759011229154,101.53333333333333,2.503331114069145,106.0,485.93333333333334,4.8,-68.93333333333334,0.0,102.0,-77.0,0.0,44.0,44.0,75.0,1.0,15,0,16.0,16.0,20.0,1.0,504672.0,149495328.0,150000000.0,0.00336448,81280.0,0.008128,1
DIS_Flood_seed1006_600s,DIS_Flood,1006,360,370,attack,attack,DIS_Flood,dis_flood,none,1,0,1.0,16.0,16.0,0.0,0.0,16.0,16.0,15,15,15,1.0,1.0,135.33333333333334,125.0,253.49999999999997,264.0,69.55436380134265,102.4,3.268901082277389,108.3,487.0,4.8,-68.93333333333334,0.0,103.0,-77.0,0.0,45.0,43.0,73.0,0.9555555555555556,15,0,17.0,16.0,20.0,0.9411764705882353,479520.0,149520480.0,150000000.0,0.0031968,84880.0,0.008488,1
DIS_Flood_seed1006_600s,DIS_Flood,1006,370,380,attack,attack,DIS_Flood,dis_flood,none,1,0,1.0,15.0,15.0,0.0,0.0,15.0,15.0,15,15,15,1.0,1.0,170.0,144.0,354.4999999999998,484.0,119.768824944438,104.06666666666666,6.912376753400553,116.6,492.3333333333333,4.8,-68.93333333333334,0.0,102.0,-77.0,0.0,45.0,41.0,71.0,0.9111111111111111,15,0,15.0,15.0,20.0,1.0,503704.0,149496296.0,150000000.0,0.003358026666666667,79168.0,0.0079168,1
DIS_Flood_seed1006_600s,DIS_Flood,1006,380,390,attack,attack,DIS_Flood,dis_flood,none,1,0,1.0,14.0,14.0,0.0,0.0,15.0,15.0,14,14,14,1.0,1.0,145.57142857142858,122.0,270.2,278.0,94.02840347118874,104.0,4.928053803045811,111.39999999999999,495.6,4.8,-68.93333333333334,0.0,103.0,-77.0,0.0,44.0,41.0,70.0,0.9318181818181818,15,0,16.0,15.0,19.0,0.9375,491640.0,149508360.0,150000000.0,0.0032776,82048.0,0.0082048,1
DIS_Flood_seed1006_600s,DIS_Flood,1006,390,400,attack,attack,DIS_Flood,dis_flood,none,1,0,1.0,14.0,14.0,0.0,0.0,15.0,15.0,14,14,14,1.0,1.0,132.71428571428572,105.0,284.3,296.0,89.66727262619166,102.6,3.4392690253266647,107.8,489.6,4.8,-68.93333333333334,0.0,102.0,-77.0,0.0,38.0,38.0,71.0,1.0,15,0,15.0,15.0,20.0,1.0,455048.0,149544952.0,150000000.0,0.0030336533333333335,75880.0,0.007588,1
DIS_Flood_seed1006_600s,DIS_Flood,1006,400,410,attack,attack,DIS_Flood,dis_flood,none,1,0,1.0,13.0,13.0,0.0,0.0,12.0,12.0,14,14,14,1.0,1.0,142.14285714285714,157.5,266.45,271.0,89.11346021342001,102.6,3.9605194464507156,110.19999999999999,487.6666666666667,4.8,-68.93333333333334,0.0,101.0,-77.0,0.0,36.0,35.0,66.0,0.9722222222222222,15,0,12.0,12.0,17.0,1.0,450088.0,149551832.0,150001920.0,0.003000548259648943,60224.0,0.0060224,1
DIS_Flood_seed1006_600s,DIS_Flood,1006,410,420,attack,attack,DIS_Flood,dis_flood,none,1,0,1.0,18.0,17.0,0.0,0.0,17.0,17.0,16,16,16,1.0,1.0,135.875,130.5,226.5,231.0,72.36746506545605,101.66666666666667,2.716790823923031,106.19999999999999,486.0,4.8,-68.93333333333334,0.0,101.0,-77.0,0.0,48.0,48.0,77.0,1.0,15,0,17.0,17.0,21.0,1.0,535520.0,149464448.0,149999968.0,0.00357013409496194,86424.0,0.0086424,1
DIS_Flood_seed1006_600s,DIS_Flood,1006,420,430,attack,attack,DIS_Flood,dis_flood,none,1,0,1.0,14.0,15.0,0.0,0.0,15.0,15.0,15,15,15,1.0,1.0,143.73333333333332,182.0,243.59999999999997,259.0,81.24782780979146,101.66666666666667,2.742956347412318,106.89999999999999,487.8666666666667,4.8,-68.93333333333334,0.0,101.0,-77.0,0.0,40.0,39.0,70.0,0.975,15,0,15.0,15.0,19.0,1.0,461040.0,149539872.0,150000912.0,0.003073581312625619,76688.0,0.0076688,1
DIS_Flood_seed1006_600s,DIS_Flood,1006,430,440,attack,attack,DIS_Flood,dis_flood,none,1,0,1.0,17.0,17.0,0.0,0.0,17.0,17.0,14,14,14,1.0,1.0,163.64285714285714,174.5,254.39999999999998,283.0,62.02804222267556,101.13333333333334,2.3258383025317584,106.3,486.3333333333333,4.8,-68.93333333333334,0.0,101.0,-77.0,0.0,45.0,44.0,74.0,0.9777777777777777,15,0,18.0,17.0,22.0,0.9444444444444444,488744.0,149508456.0,149997200.0,0.0032583541559442443,90344.0,0.0090344,1
DIS_Flood_seed1006_600s,DIS_Flood,1006,440,450,attack,attack,DIS_Flood,dis_flood,none,1,0,1.0,16.0,15.0,0.0,0.0,15.0,15.0,18,18,18,1.0,1.0,136.5,132.5,238.84999999999988,306.0,82.9842295435776,100.73333333333333,1.7099150633319549,103.89999999999999,485.2,4.8,-68.93333333333334,0.0,101.0,-77.0,0.0,41.0,41.0,73.0,1.0,15,0,15.0,15.0,20.0,1.0,485056.0,149514944.0,150000000.0,0.0032337066666666666,75880.0,0.007588,1
DIS_Flood_seed1006_600s,DIS_Flood,1006,450,460,attack,attack,DIS_Flood,dis_flood,none,1,0,1.0,15.0,15.0,0.0,0.0,14.0,14.0,15,15,15,1.0,1.0,156.0,150.0,283.99999999999994,305.0,82.09489282879557,100.46666666666667,1.3557637102737476,102.89999999999999,483.6666666666667,4.8,-68.93333333333334,0.0,100.0,-77.0,0.0,42.0,42.0,73.0,1.0,15,0,14.0,14.0,18.0,1.0,490112.0,149509888.0,150000000.0,0.0032674133333333334,71280.0,0.007128,1
DIS_Flood_seed1006_600s,DIS_Flood,1006,460,470,attack,attack,DIS_Flood,dis_flood,none,1,0,1.0,16.0,16.0,0.0,0.0,16.0,16.0,15,15,15,1.0,1.0,133.33333333333334,139.0,218.29999999999998,233.0,69.91082755570706,101.0,2.5634797778466227,106.19999999999999,484.1333333333333,4.8,-68.93333333333334,0.0,100.0,-77.0,0.0,42.0,41.0,71.0,0.9761904761904762,15,0,16.0,16.0,20.0,1.0,497192.0,149502808.0,150000000.0,0.0033146133333333333,81024.0,0.0081024,1
DIS_Flood_seed1006_600s,DIS_Flood,1006,470,480,attack,attack,DIS_Flood,dis_flood,none,1,0,1.0,14.0,15.0,0.0,0.0,15.0,15.0,16,16,16,1.0,1.0,122.3125,101.5,222.0,240.0,70.99175421601207,100.73333333333333,2.0165977949672227,104.89999999999999,481.6,4.8,-68.93333333333334,0.0,102.0,-77.0,0.0,43.0,43.0,76.0,1.0,15,0,16.0,15.0,20.0,0.9375,499328.0,149500816.0,150000144.0,0.003328850137637201,79184.0,0.0079184,1
DIS_Flood_seed1006_600s,DIS_Flood,1006,480,490,attack,attack,DIS_Flood,dis_flood,none,1,0,1.0,15.0,14.0,0.0,0.0,14.0,14.0,15,15,15,1.0,1.0,152.66666666666666,155.0,263.79999999999995,275.0,81.48590295844049,101.13333333333334,2.614975188810639,106.19999999999999,482.2,4.8,-68.93333333333334,0.0,102.0,-77.0,0.0,40.0,39.0,69.0,0.975,15,0,15.0,14.0,20.0,0.9333333333333333,463680.0,149538216.0,150001896.0,0.0030911609277258735,74784.0,0.0074784,1
DIS_Flood_seed1006_600s,DIS_Flood,1006,490,500,attack,attack,DIS_Flood,dis_flood,none,1,0,1.0,15.0,15.0,0.0,0.0,16.0,16.0,15,15,15,1.0,1.0,141.26666666666668,157.0,243.79999999999998,255.0,73.64535352103414,100.86666666666666,2.0307165050320353,104.89999999999999,481.8,4.8,-68.93333333333334,0.0,102.0,-77.0,0.0,41.0,41.0,73.0,1.0,15,0,17.0,16.0,20.0,0.9411764705882353,479632.0,149518328.0,149997960.0,0.00319759015389276,84784.0,0.0084784,1
DIS_Flood_seed1006_600s,DIS_Flood,1006,500,510,attack,attack,DIS_Flood,dis_flood,none,1,0,1.0,14.0,15.0,0.0,0.0,15.0,15.0,15,15,15,1.0,1.0,146.93333333333334,154.0,292.79999999999995,318.0,96.17578152726887,101.86666666666666,3.7959878568725443,109.89999999999999,483.1333333333333,4.8,-68.93333333333334,0.0,100.0,-77.0,0.0,42.0,40.0,76.0,0.9523809523809523,15,0,15.0,15.0,19.0,1.0,473048.0,149526952.0,150000000.0,0.0031536533333333333,80920.0,0.008092,1
DIS_Flood_seed1006_600s,DIS_Flood,1006,510,520,attack,attack,DIS_Flood,dis_flood,none,1,0,1.0,16.0,15.0,0.0,0.0,15.0,15.0,16,16,16,1.0,1.0,128.0625,134.0,201.0,225.0,58.50865320617113,101.4,2.9712912056160756,107.19999999999999,482.46666666666664,4.8,-68.93333333333334,0.0,100.0,-77.0,0.0,43.0,43.0,72.0,1.0,15,0,15.0,15.0,19.0,1.0,490416.0,149509584.0,150000000.0,0.00326944,75880.0,0.007588,1
DIS_Flood_seed1006_600s,DIS_Flood,1006,520,530,attack,attack,DIS_Flood,dis_flood,none,1,0,1.0,14.0,15.0,0.0,0.0,14.0,14.0,14,14,14,1.0,1.0,133.71428571428572,122.0,265.29999999999995,303.0,88.8866422182499,102.2,4.798809376144403,111.39999999999999,484.93333333333334,4.8,-68.93333333333334,0.0,100.0,-77.0,0.0,40.0,38.0,68.0,0.95,15,0,14.0,14.0,19.0,1.0,481528.0,149518472.0,150000000.0,0.0032101866666666666,70480.0,0.007048,1
DIS_Flood_seed1007_600s,DIS_Flood,1007,190,200,attack,attack,DIS_Flood,dis_flood,none,1,0,1.0,15.0,15.0,0.0,0.0,16.0,16.0,16,16,16,1.0,1.0,152.9375,142.0,307.5,312.0,90.56450279588944,107.33333333333333,9.559338490761396,126.5,488.8,4.8,-71.2,0.0,105.0,-77.0,0.0,43.0,43.0,74.0,1.0,15,0,16.0,16.0,20.0,1.0,511296.0,149488704.0,150000000.0,0.00340864,80600.0,0.00806,2
DIS_Flood_seed1007_600s,DIS_Flood,1007,200,210,attack,attack,DIS_Flood,dis_flood,none,1,0,1.0,16.0,16.0,0.0,0.0,15.0,15.0,16,16,16,1.0,1.0,136.6875,126.0,240.5,269.0,67.27329212498324,106.6,7.935453898261181,122.3,487.93333333333334,4.8,-71.2,0.0,104.0,-77.0,0.0,45.0,44.0,80.0,0.9777777777777777,15,0,15.0,15.0,20.0,1.0,512368.0,149487632.0,150000000.0,0.003415786666666667,80920.0,0.008092,2
DIS_Flood_seed1007_600s,DIS_Flood,1007,210,220,attack,attack,DIS_Flood,dis_flood,none,1,0,1.0,16.0,14.0,0.0,0.0,16.0,16.0,13,13,13,1.0,1.0,162.53846153846155,149.0,280.99999999999994,299.0,99.8929555279178,109.13333333333334,10.72291715816887,128.89999999999998,497.0,4.8,-71.2,0.0,106.0,-77.0,0.0,50.0,43.0,68.0,0.86,15,0,18.0,16.0,20.0,0.8888888888888888,561168.0,149438832.0,150000000.0,0.00374112,90600.0,0.00906,2
DIS_Flood_seed1007_600s,DIS_Flood,1007,220,230,attack,attack,DIS_Flood,dis_flood,none,1,0,1.0,15.0,17.0,0.0,0.0,15.0,15.0,18,18,18,1.0,1.0,146.94444444444446,166.5,232.44999999999996,252.0,71.15721799791372,107.06666666666666,8.795020236041584,119.99999999999997,492.0,4.8,-71.2,0.0,105.0,-77.0,0.0,42.0,41.0,76.0,0.9761904761904762,15,0,15.0,15.0,20.0,1.0,500488.0,149499512.0,150000000.0,0.0033365866666666666,75880.0,0.007588,2
DIS_Flood_seed1007_600s,DIS_Flood,1007,230,240,attack,attack,DIS_Flood,dis_flood,none,1,0,1.0,14.0,14.0,0.0,0.0,15.0,15.0,14,14,14,1.0,1.0,161.21428571428572,141.5,298.0,311.0,92.90622118063963,106.06666666666666,7.52582854163548,116.69999999999997,488.6666666666667,4.8,-71.2,0.0,105.0,-77.0,0.0,41.0,40.0,69.0,0.975609756097561,15,0,15.0,15.0,19.0,1.0,462344.0,149537656.0,150000000.0,0.0030822933333333334,76976.0,0.0076976,2
DIS_Flood_seed1007_600s,DIS_Flood,1007,240,250,attack,attack,DIS_Flood,dis_flood,none,1,0,1.0,15.0,15.0,0.0,0.0,14.0,14.0,15,15,15,1.0,1.0,149.8,158.0,301.89999999999986,381.0,93.49270406981346,105.06666666666666,6.860515043833565,115.09999999999998,486.73333333333335,4.8,-71.2,0.0,105.0,-77.0,0.0,40.0,39.0,69.0,0.975,15,0,15.0,14.0,18.0,0.9333333333333333,456792.0,149543208.0,150000000.0,0.00304528,75296.0,0.0075296,2
DIS_Flood_seed1007_600s,DIS_Flood,1007,250,260,attack,attack,DIS_Flood,dis_flood,none,1,0,1.0,16.0,15.0,0.0,0.0,16.0,16.0,15,15,15,1.0,1.0,155.6,124.0,357.5999999999999,415.0,108.03822075014538,105.53333333333333,7.099966465380228,118.1,490.4,4.8,-71.2,0.0,104.0,-77.0,0.0,48.0,44.0,75.0,0.9166666666666666,15,0,17.0,16.0,21.0,0.9411764705882353,543776.0,149458264.0,150002040.0,0.003625124031646503,85432.0,0.0085432,2
DIS_Flood_seed1007_600s,DIS_Flood,1007,260,270,attack,attack,DIS_Flood,dis_flood,none,1,0,1.0,14.0,15.0,0.0,0.0,15.0,15.0,15,15,15,1.0,1.0,143.53333333333333,152.0,290.19999999999993,321.0,83.56936098378458,104.6,6.641858603906418,116.1,488.93333333333334,4.8,-71.2,0.0,103.0,-77.0,0.0,41.0,40.0,72.0,0.975609756097561,15,0,15.0,15.0,19.0,1.0,480192.0,149517768.0,149997960.0,0.003201323538000117,75880.0,0.007588,2
DIS_Flood_seed1007_600s,DIS_Flood,1007,270,280,attack,attack,DIS_Flood,dis_flood,none,1,0,1.0,15.0,15.0,0.0,0.0,14.0,14.0,14,14,14,1.0,1.0,155.78571428571428,135.5,320.0,359.0,103.62965017602056,104.33333333333333,6.0553007081949835,114.8,489.73333333333335,4.8,-71.2,0.0,105.0,-77.0,0.0,41.0,39.0,72.0,0.9512195121951219,15,0,16.0,14.0,19.0,0.875,513728.0,149486272.0,150000000.0,0.0034248533333333334,81232.0,0.0081232,2
DIS_Flood_seed1007_600s,DIS_Flood,1007,280,290,attack,attack,DIS_Flood,dis_flood,none,1,0,1.0,15.0,15.0,0.0,0.0,15.0,15.0,15,15,15,1.0,1.0,146.06666666666666,146.0,252.19999999999993,290.0,80.70180265880651,103.53333333333333,5.449333729479053,113.39999999999999,490.8666666666667,4.8,-71.2,0.0,106.0,-77.0,0.0,42.0,41.0,71.0,0.9761904761904762,15,0,17.0,15.0,19.0,0.8823529411764706,486320.0,149513680.0,150000000.0,0.0032421333333333335,86952.0,0.0086952,2
DIS_Flood_seed1007_600s,DIS_Flood,1007,290,300,attack,attack,DIS_Flood,dis_flood,none,1,0,1.0,15.0,15.0,0.0,0.0,15.0,15.0,16,16,16,1.0,1.0,144.8125,119.5,258.25,316.0,71.02039026458058,103.53333333333333,5.343442799579775,113.89999999999999,491.2,4.8,-71.2,0.0,104.0,-77.0,0.0,42.0,40.0,72.0,0.9523809523809523,15,0,15.0,15.0,19.0,1.0,478544.0,149521456.0,150000000.0,0.0031902933333333335,75680.0,0.007568,2
DIS_Flood_seed1007_600s,DIS_Flood,1007,300,310,attack,attack,DIS_Flood,dis_flood,none,1,0,1.0,15.0,15.0,0.0,0.0,15.0,15.0,15,15,15,1.0,1.0,145.2,132.0,265.4,292.0,86.29202909721317,102.33333333333333,4.16904693916396,109.8,488.0,4.8,-71.2,0.0,103.0,-77.0,0.0,41.0,41.0,75.0,1.0,15,0,15.0,15.0,20.0,1.0,495792.0,149504208.0,150000000.0,0.00330528,76880.0,0.007688,2
DIS_Flood_seed1007_600s,DIS_Flood,1007,310,320,attack,attack,DIS_Flood,dis_flood,none,1,0,1.0,15.0,15.0,0.0,0.0,15.0,15.0,15,15,15,1.0,1.0,138.0,133.0,240.39999999999998,253.0,76.63270469304491,104.0,5.631543812693436,114.5,489.4,4.8,-71.2,0.0,103.0,-77.0,0.0,45.0,41.0,71.0,0.9111111111111111,15,0,15.0,15.0,20.0,1.0,487048.0,149512952.0,150000000.0,0.0032469866666666666,75880.0,0.007588,2
DIS_Flood_seed1007_600s,DIS_Flood,1007,320,330,attack,attack,DIS_Flood,dis_flood,none,1,0,1.0,15.0,15.0,0.0,0.0,15.0,15.0,15,15,15,1.0,1.0,145.46666666666667,139.0,267.09999999999997,300.0,87.64691068361138,103.66666666666667,4.715728494951256,111.89999999999999,489.4,4.8,-71.2,0.0,102.0,-77.0,0.0,43.0,41.0,71.0,0.9534883720930233,15,0,15.0,15.0,19.0,1.0,470136.0,149529864.0,150000000.0,0.00313424,76976.0,0.0076976,2
DIS_Flood_seed1007_600s,DIS_Flood,1007,330,340,attack,attack,DIS_Flood,dis_flood,none,1,0,1.0,15.0,15.0,0.0,0.0,15.0,15.0,15,15,15,1.0,1.0,135.66666666666666,118.0,285.2,295.0,90.10205853575684,102.6,3.8692930325097596,109.6,487.46666666666664,4.8,-71.2,0.0,102.0,-77.0,0.0,41.0,41.0,71.0,1.0,15,0,15.0,15.0,19.0,1.0,475632.0,149524368.0,150000000.0,0.00317088,75880.0,0.007588,2
DIS_Flood_seed1007_600s,DIS_Flood,1007,340,350,attack,attack,DIS_Flood,dis_flood,none,1,0,1.0,14.0,13.0,0.0,0.0,14.0,14.0,13,13,13,1.0,1.0,157.76923076923077,141.0,299.2,307.0,100.0142938502241,102.6,5.082181758710666,110.99999999999999,487.2,4.8,-71.2,0.0,102.0,-77.0,0.0,39.0,38.0,67.0,0.9743589743589743,15,0,14.0,14.0,19.0,1.0,464176.0,149535824.0,150000000.0,0.0030945066666666667,70736.0,0.0070736,2
DIS_Flood_seed1007_600s,DIS_Flood,1007,350,360,attack,attack,DIS_Flood,dis_flood,none,1,0,1.0,16.0,16.0,0.0,0.0,16.0,16.0,16,16,16,1.0,1.0,145.4375,140.0,270.5,299.0,86.96356995892015,102.6,4.306141793166725,109.8,487.26666666666665,4.8,-71.2,0.0,102.0,-77.0,0.0,45.0,44.0,73.0,0.9777777777777777,15,0,16.0,16.0,19.0,1.0,526000.0,149474000.0,150000000.0,0.0035066666666666666,80824.0,0.0080824,2
DIS_Flood_seed1007_600s,DIS_Flood,1007,360,370,attack,attack,DIS_Flood,dis_flood,none,1,0,1.0,15.0,15.0,0.0,0.0,15.0,15.0,15,15,15,1.0,1.0,161.4,125.0,319.99999999999994,355.0,101.30632472146755,103.4,5.877317172218729,113.99999999999999,490.2,4.8,-71.2,0.0,104.0,-77.0,0.0,43.0,40.0,70.0,0.9302325581395349,15,0,16.0,15.0,19.0,0.9375,498912.0,149501088.0,150000000.0,0.00332608,79384.0,0.0079384,2
DIS_Flood_seed1007_600s,DIS_Flood,1007,370,380,attack,attack,DIS_Flood,dis_flood,none,1,0,1.0,15.0,15.0,0.0,0.0,15.0,15.0,15,15,15,1.0,1.0,161.2,141.0,345.09999999999985,427.0,110.61916651286069,103.93333333333334,4.574255078568479,110.5,491.8666666666667,4.8,-71.2,0.0,105.0,-77.0,0.0,45.0,42.0,71.0,0.9333333333333333,15,0,17.0,15.0,19.0,0.8823529411764706,486312.0,149513688.0,150000000.0,0.00324208,85800.0,0.00858,2
DIS_Flood_seed1007_600s,DIS_Flood,1007,380,390,attack,attack,DIS_Flood,dis_flood,none,1,0,1.0,15.0,16.0,0.0,0.0,15.0,15.0,16,16,16,1.0,1.0,132.625,130.0,254.5,289.0,73.77793256342532,102.86666666666666,3.2041639575194445,108.3,488.93333333333334,4.8,-71.2,0.0,103.0,-77.0,0.0,41.0,41.0,73.0,1.0,15,0,15.0,15.0,19.0,1.0,471120.0,149528880.0,150000000.0,0.0031408,75880.0,0.007588,2
DIS_Flood_seed1007_600s,DIS_Flood,1007,390,400,attack,attack,DIS_Flood,dis_flood,none,1,0,1.0,15.0,15.0,0.0,0.0,15.0,15.0,15,15,15,1.0,1.0,126.53333333333333,109.0,265.59999999999997,302.0,77.90366456323446,101.86666666666666,2.503331114069145,106.3,487.0,4.8,-71.2,0.0,102.0,-77.0,0.0,41.0,41.0,71.0,1.0,15,0,15.0,15.0,19.0,1.0,479104.0,149520896.0,150000000.0,0.0031940266666666667,75880.0,0.007588,2
DIS_Flood_seed1007_600s,DIS_Flood,1007,400,410,attack,attack,DIS_Flood,dis_flood,none,1,0,1.0,14.0,14.0,0.0,0.0,14.0,14.0,14,14,14,1.0,1.0,143.0,123.0,268.1,272.0,79.04234502905582,101.2,1.9346465162548798,104.6,485.53333333333336,4.8,-71.2,0.0,102.0,-77.0,0.0,40.0,40.0,70.0,1.0,15,0,14.0,14.0,20.0,1.0,470704.0,149529296.0,150000000.0,0.0031380266666666667,70736.0,0.0070736,2
DIS_Flood_seed1007_600s,DIS_Flood,1007,410,420,attack,attack,DIS_Flood,dis_flood,none,1,0,1.0,16.0,16.0,0.0,0.0,16.0,16.0,16,16,16,1.0,1.0,137.0625,130.5,240.75,264.0,71.29045635052888,101.53333333333333,3.226379365406958,107.1,485.8666666666667,4.8,-71.2,0.0,102.0,-77.0,0.0,43.0,42.0,74.0,0.9767441860465116,15,0,16.0,16.0,20.0,1.0,475960.0,149524040.0,150000000.0,0.0031730666666666667,81024.0,0.0081024,2
DIS_Flood_seed1007_600s,DIS_Flood,1007,420,430,attack,attack,DIS_Flood,dis_flood,none,1,0,1.0,14.0,14.0,0.0,0.0,14.0,14.0,14,14,14,1.0,1.0,140.5,104.5,299.19999999999993,372.0,105.3833660790632,101.13333333333334,2.799659843283687,106.5,485.3333333333333,4.8,-71.2,0.0,102.0,-77.0,0.0,38.0,38.0,68.0,1.0,15,0,15.0,14.0,18.0,0.9333333333333333,445888.0,149554112.0,150000000.0,0.0029725866666666665,75296.0,0.0075296,2
DIS_Flood_seed1007_600s,DIS_Flood,1007,430,440,attack,attack,DIS_Flood,dis_flood,none,1,0,1.0,15.0,15.0,0.0,0.0,15.0,15.0,15,15,15,1.0,1.0,150.06666666666666,148.0,261.69999999999993,296.0,83.6544479789728,100.93333333333334,2.463060426921489,105.5,485.06666666666666,4.8,-71.2,0.0,102.0,-77.0,0.0,41.0,41.0,72.0,1.0,15,0,16.0,15.0,19.0,0.9375,469896.0,149530104.0,150000000.0,0.00313264,79784.0,0.0079784,2
DIS_Flood_seed1007_600s,DIS_Flood,1007,440,450,attack,attack,DIS_Flood,dis_flood,none,1,0,1.0,15.0,15.0,0.0,0.0,15.0,15.0,14,14,14,1.0,1.0,157.5,159.0,249.95,261.0,73.7227133354332,101.33333333333333,2.5260547066428276,107.0,488.46666666666664,4.8,-71.2,0.0,104.0,-77.0,0.0,43.0,41.0,76.0,0.9534883720930233,15,0,16.0,15.0,20.0,0.9375,503992.0,149496008.0,150000000.0,0.0033599466666666667,82992.0,0.0082992,2
DIS_Flood_seed1007_600s,DIS_Flood,1007,450,460,attack,attack,DIS_Flood,dis_flood,none,1,0,1.0,16.0,15.0,0.0,0.0,16.0,16.0,16,16,16,1.0,1.0,140.8125,132.5,230.0,296.0,68.5557862863036,102.2,5.294201680005346,110.19999999999999,487.4,4.8,-71.2,0.0,107.0,-77.0,0.0,47.0,45.0,71.0,0.9574468085106383,15,0,18.0,16.0,21.0,0.8888888888888888,550968.0,149449032.0,150000000.0,0.00367312,88312.0,0.0088312,2
DIS_Flood_seed1007_600s,DIS_Flood,1007,460,470,attack,attack,DIS_Flood,dis_flood,none,1,0,1.0,15.0,16.0,0.0,0.0,15.0,15.0,15,15,15,1.0,1.0,167.86666666666667,190.0,291.9,322.0,91.6428367293894,101.46666666666667,3.4819261226811693,107.39999999999999,486.53333333333336,4.8,-71.2,0.0,109.0,-77.0,0.0,41.0,41.0,72.0,1.0,15,0,17.0,15.0,19.0,0.8823529411764706,490768.0,149509232.0,150000000.0,0.003271786666666667,83688.0,0.0083688,2
DIS_Flood_seed1007_600s,DIS_Flood,1007,470,480,attack,attack,DIS_Flood,dis_flood,none,1,0,1.0,14.0,14.0,0.0,0.0,14.0,14.0,15,15,15,1.0,1.0,157.4,165.0,304.79999999999995,337.0,92.72524698576666,101.93333333333334,3.3480626949810555,109.0,488.3333333333333,4.8,-71.2,0.0,105.0,-77.0,0.0,41.0,39.0,68.0,0.9512195121951219,15,0,14.0,14.0,18.0,1.0,458472.0,149543384.0,150001856.0,0.0030564421816220728,71024.0,0.0071024,2
DIS_Flood_seed1007_600s,DIS_Flood,1007,480,490,attack,attack,DIS_Flood,dis_flood,none,1,0,1.0,15.0,15.0,0.0,0.0,15.0,15.0,15,15,15,1.0,1.0,153.0,169.0,275.3,283.0,78.30891210000121,101.4,2.164651077128664,105.0,488.46666666666664,4.8,-71.2,0.0,104.0,-77.0,0.0,42.0,41.0,80.0,0.9761904761904762,15,0,15.0,15.0,21.0,1.0,477688.0,149520456.0,149998144.0,0.0031846260711065866,85176.0,0.0085176,2
DIS_Flood_seed1007_600s,DIS_Flood,1007,490,500,attack,attack,DIS_Flood,dis_flood,none,1,0,1.0,15.0,15.0,0.0,0.0,15.0,15.0,15,15,15,1.0,1.0,150.93333333333334,123.0,269.5,273.0,83.78242797923224,101.13333333333334,2.0307165050320357,104.19999999999999,487.06666666666666,4.8,-71.2,0.0,103.0,-77.0,0.0,42.0,41.0,73.0,0.9761904761904762,15,0,15.0,15.0,20.0,1.0,505736.0,149494264.0,150000000.0,0.0033715733333333333,76880.0,0.007688,2
DIS_Flood_seed1007_600s,DIS_Flood,1007,500,510,attack,attack,DIS_Flood,dis_flood,none,1,0,1.0,15.0,15.0,0.0,0.0,15.0,15.0,15,15,15,1.0,1.0,139.46666666666667,124.0,252.19999999999993,297.0,80.80299381535197,100.26666666666667,0.5936168397046637,101.3,482.93333333333334,4.8,-71.2,0.0,103.0,-77.0,0.0,41.0,41.0,73.0,1.0,15,0,15.0,15.0,19.0,1.0,484824.0,149515176.0,150000000.0,0.00323216,75880.0,0.007588,2
DIS_Flood_seed1007_600s,DIS_Flood,1007,510,520,attack,attack,DIS_Flood,dis_flood,none,1,0,1.0,16.0,16.0,0.0,0.0,16.0,16.0,15,15,15,1.0,1.0,139.86666666666667,131.0,277.9,294.0,76.795523183011,101.0,2.29906813420444,106.3,483.53333333333336,4.8,-71.2,0.0,102.0,-77.0,0.0,45.0,43.0,73.0,0.9555555555555556,15,0,16.0,16.0,20.0,1.0,496848.0,149503152.0,150000000.0,0.00331232,80736.0,0.0080736,2
DIS_Flood_seed1007_600s,DIS_Flood,1007,520,530,attack,attack,DIS_Flood,dis_flood,none,1,0,1.0,15.0,14.0,0.0,0.0,15.0,15.0,15,15,15,1.0,1.0,135.4,110.0,276.99999999999994,298.0,85.83938489993972,100.46666666666667,1.1254628677422756,102.6,481.73333333333335,4.8,-71.2,0.0,102.0,-77.0,0.0,41.0,41.0,72.0,1.0,15,0,15.0,15.0,19.0,1.0,464568.0,149535432.0,150000000.0,0.00309712,75880.0,0.007588,2
DIS_Flood_seed1008_600s,DIS_Flood,1008,190,200,attack,attack,DIS_Flood,dis_flood,none,1,0,1.0,15.0,15.0,0.0,0.0,15.0,15.0,15,15,15,1.0,1.0,174.46666666666667,147.0,321.8999999999999,380.0,90.14660017887266,106.86666666666666,7.30818197703942,117.19999999999999,504.8666666666667,4.8,-70.86666666666666,0.0,105.0,-77.0,0.0,42.0,41.0,66.0,0.9761904761904762,15,0,16.0,15.0,19.0,0.9375,474040.0,149531904.0,150005944.0,0.003160141440795173,81864.0,0.0081864,3
DIS_Flood_seed1008_600s,DIS_Flood,1008,200,210,attack,attack,DIS_Flood,dis_flood,none,1,0,1.0,15.0,14.0,0.0,0.0,16.0,16.0,15,15,15,1.0,1.0,135.73333333333332,118.0,245.19999999999993,283.0,77.30225155348384,105.46666666666667,5.76772629956265,113.0,502.8,4.8,-70.86666666666666,0.0,105.0,-77.0,0.0,42.0,41.0,70.0,0.9761904761904762,15,0,17.0,16.0,21.0,0.9411764705882353,479984.0,149514072.0,149994056.0,0.0032000201394647267,89536.0,0.0089536,3
DIS_Flood_seed1008_600s,DIS_Flood,1008,210,220,attack,attack,DIS_Flood,dis_flood,none,1,0,1.0,16.0,16.0,0.0,0.0,15.0,15.0,15,15,15,1.0,1.0,145.2,170.0,245.59999999999997,261.0,78.33827745288835,104.6,5.124172407047099,111.3,501.73333333333335,4.8,-70.86666666666666,0.0,104.0,-77.0,0.0,42.0,41.0,70.0,0.9761904761904762,15,0,15.0,15.0,20.0,1.0,517176.0,149482824.0,150000000.0,0.00344784,75080.0,0.007508,3
DIS_Flood_seed1008_600s,DIS_Flood,1008,220,230,attack,attack,DIS_Flood,dis_flood,none,1,0,1.0,15.0,16.0,0.0,0.0,16.0,16.0,16,16,16,1.0,1.0,137.625,131.5,272.0,272.0,77.42340300796221,103.4,4.102264183176338,109.3,500.2,4.8,-70.86666666666666,0.0,103.0,-77.0,0.0,42.0,42.0,72.0,1.0,15,0,16.0,16.0,21.0,1.0,484560.0,149515440.0,150000000.0,0.0032304,80480.0,0.008048,3
DIS_Flood_seed1008_600s,DIS_Flood,1008,230,240,attack,attack,DIS_Flood,dis_flood,none,1,0,1.0,16.0,15.0,0.0,0.0,15.0,15.0,16,16,16,1.0,1.0,156.1875,123.0,325.25,422.0,101.45686686140732,103.2,3.7263540204487127,108.3,499.8,4.8,-70.86666666666666,0.0,103.0,-77.0,0.0,42.0,41.0,68.0,0.9761904761904762,15,0,16.0,15.0,18.0,0.9375,488112.0,149511888.0,150000000.0,0.00325408,80440.0,0.008044,3
DIS_Flood_seed1008_600s,DIS_Flood,1008,240,250,attack,attack,DIS_Flood,dis_flood,none,1,0,1.0,16.0,17.0,0.0,0.0,16.0,16.0,16,16,16,1.0,1.0,120.3125,103.0,235.0,244.0,68.34005048286107,102.0,2.8284271247461903,107.0,498.46666666666664,4.8,-70.86666666666666,0.0,104.0,-77.0,0.0,46.0,46.0,76.0,1.0,15,0,17.0,16.0,20.0,0.9411764705882353,520304.0,149479696.0,150000000.0,0.0034686933333333333,84784.0,0.0084784,3
DIS_Flood_seed1008_600s,DIS_Flood,1008,250,260,attack,attack,DIS_Flood,dis_flood,none,1,0,1.0,15.0,15.0,0.0,0.0,15.0,15.0,16,16,16,1.0,1.0,147.9375,146.0,310.25,368.0,92.29551722591948,110.06666666666666,13.01903368515644,131.7,512.5333333333333,4.8,-70.86666666666666,0.0,113.0,-77.0,0.0,55.0,41.0,70.0,0.7454545454545455,15,0,20.0,15.0,19.0,0.75,550072.0,149449928.0,150000000.0,0.003667146666666667,97584.0,0.0097584,3
DIS_Flood_seed1008_600s,DIS_Flood,1008,260,270,attack,attack,DIS_Flood,dis_flood,none,1,0,1.0,14.0,14.0,0.0,0.0,15.0,15.0,14,14,14,1.0,1.0,182.21428571428572,150.5,434.79999999999995,531.0,135.69376073827678,107.33333333333333,9.75167873215879,125.69999999999999,510.3333333333333,4.8,-70.86666666666666,0.0,109.0,-77.0,0.0,40.0,40.0,71.0,1.0,15,0,15.0,15.0,22.0,1.0,474136.0,149525864.0,150000000.0,0.0031609066666666665,75880.0,0.007588,3
DIS_Flood_seed1008_600s,DIS_Flood,1008,270,280,attack,attack,DIS_Flood,dis_flood,none,1,0,1.0,15.0,15.0,0.0,0.0,14.0,14.0,14,14,14,1.0,1.0,135.57142857142858,143.0,248.4,251.0,74.2529090709213,105.4,7.356241276241945,120.6,506.26666666666665,4.8,-70.86666666666666,0.0,106.0,-77.0,0.0,40.0,40.0,68.0,1.0,15,0,14.0,14.0,18.0,1.0,456408.0,149543592.0,150000000.0,0.00304272,71024.0,0.0071024,3
DIS_Flood_seed1008_600s,DIS_Flood,1008,280,290,attack,attack,DIS_Flood,dis_flood,none,1,0,1.0,16.0,16.0,0.0,0.0,16.0,16.0,16,16,16,1.0,1.0,151.4375,152.5,262.0,289.0,77.5533955843757,103.86666666666666,5.755328793718872,115.89999999999999,503.06666666666666,4.8,-70.86666666666666,0.0,104.0,-77.0,0.0,43.0,43.0,71.0,1.0,15,0,16.0,16.0,20.0,1.0,488008.0,149511992.0,150000000.0,0.003253386666666667,80736.0,0.0080736,3
DIS_Flood_seed1008_600s,DIS_Flood,1008,290,300,attack,attack,DIS_Flood,dis_flood,none,1,0,1.0,15.0,15.0,0.0,0.0,15.0,15.0,16,16,16,1.0,1.0,146.75,154.5,228.0,261.0,72.94884052082892,104.0,4.928053803045811,111.8,493.1333333333333,4.8,-70.86666666666666,0.0,103.0,-77.0,0.0,43.0,41.0,73.0,0.9534883720930233,15,0,15.0,15.0,19.0,1.0,522224.0,149477776.0,150000000.0,0.003481493333333333,76408.0,0.0076408,3
DIS_Flood_seed1008_600s,DIS_Flood,1008,300,310,attack,attack,DIS_Flood,dis_flood,none,1,0,1.0,15.0,16.0,0.0,0.0,16.0,16.0,15,15,15,1.0,1.0,160.6,163.0,295.09999999999997,300.0,87.98197867420676,104.4,4.777925431457823,114.0,493.8666666666667,4.8,-70.86666666666666,0.0,106.0,-77.0,0.0,45.0,42.0,71.0,0.9333333333333333,15,0,18.0,16.0,22.0,0.8888888888888888,510600.0,149489400.0,150000000.0,0.003404,89344.0,0.0089344,3
DIS_Flood_seed1008_600s,DIS_Flood,1008,310,320,attack,attack,DIS_Flood,dis_flood,none,1,0,1.0,15.0,15.0,0.0,0.0,15.0,15.0,15,15,15,1.0,1.0,138.73333333333332,125.0,252.89999999999998,262.0,81.27507671628551,103.46666666666667,3.9436507137905803,110.19999999999999,491.6666666666667,4.8,-70.86666666666666,0.0,104.0,-77.0,0.0,42.0,41.0,70.0,0.9761904761904762,15,0,15.0,15.0,19.0,1.0,495864.0,149504136.0,150000000.0,0.00330576,75880.0,0.007588,3
DIS_Flood_seed1008_600s,DIS_Flood,1008,320,330,attack,attack,DIS_Flood,dis_flood,none,1,0,1.0,15.0,15.0,0.0,0.0,15.0,15.0,15,15,15,1.0,1.0,132.93333333333334,108.0,261.09999999999997,273.0,84.79089124484562,102.26666666666667,3.1045281828476345,106.8,490.0,4.8,-70.86666666666666,0.0,102.0,-77.0,0.0,41.0,41.0,68.0,1.0,15,0,15.0,15.0,19.0,1.0,462688.0,149537312.0,150000000.0,0.0030845866666666666,75880.0,0.007588,3
DIS_Flood_seed1008_600s,DIS_Flood,1008,330,340,attack,attack,DIS_Flood,dis_flood,none,1,0,1.0,15.0,15.0,0.0,0.0,15.0,15.0,15,15,15,1.0,1.0,140.66666666666666,152.0,270.9,294.0,75.88870296753818,101.06666666666666,2.3441924185608345,104.1,488.1333333333333,4.8,-70.86666666666666,0.0,101.0,-77.0,0.0,41.0,41.0,69.0,1.0,15,0,15.0,15.0,19.0,1.0,475880.0,149524120.0,150000000.0,0.0031725333333333335,76880.0,0.007688,3
DIS_Flood_seed1008_600s,DIS_Flood,1008,340,350,attack,attack,DIS_Flood,dis_flood,none,1,0,1.0,15.0,15.0,0.0,0.0,15.0,15.0,14,14,14,1.0,1.0,139.21428571428572,123.0,256.95,294.0,83.80947125789227,101.86666666666666,3.542933946940156,109.0,488.8666666666667,4.8,-70.86666666666666,0.0,101.0,-77.0,0.0,43.0,41.0,69.0,0.9534883720930233,15,0,15.0,15.0,20.0,1.0,498080.0,149501920.0,150000000.0,0.0033205333333333332,75880.0,0.007588,3
DIS_Flood_seed1008_600s,DIS_Flood,1008,350,360,attack,attack,DIS_Flood,dis_flood,none,1,0,1.0,15.0,15.0,0.0,0.0,15.0,15.0,15,15,15,1.0,1.0,151.86666666666667,125.0,258.29999999999995,301.0,81.65945546393672,102.26666666666667,3.390462814312833,108.0,490.4,4.8,-70.86666666666666,0.0,101.0,-77.0,0.0,43.0,41.0,70.0,0.9534883720930233,15,0,15.0,15.0,19.0,1.0,497344.0,149502656.0,150000000.0,0.0033156266666666667,75880.0,0.007588,3
DIS_Flood_seed1008_600s,DIS_Flood,1008,360,370,attack,attack,DIS_Flood,dis_flood,none,1,0,1.0,14.0,14.0,0.0,0.0,15.0,15.0,15,15,15,1.0,1.0,148.8,154.0,285.4,291.0,81.41358258037432,101.53333333333333,2.474633209954462,106.3,488.73333333333335,4.8,-70.86666666666666,0.0,103.0,-77.0,0.0,40.0,40.0,69.0,1.0,15,0,16.0,15.0,20.0,0.9375,465480.0,149534520.0,150000000.0,0.0031032,79640.0,0.007964,3
DIS_Flood_seed1008_600s,DIS_Flood,1008,370,380,attack,attack,DIS_Flood,dis_flood,none,1,0,1.0,15.0,15.0,0.0,0.0,15.0,15.0,14,14,14,1.0,1.0,148.64285714285714,153.5,238.4,241.0,76.590426337718,101.93333333333334,3.1274514194392182,108.0,490.6,4.8,-70.86666666666666,0.0,102.0,-77.0,0.0,43.0,41.0,69.0,0.9534883720930233,15,0,15.0,15.0,19.0,1.0,504712.0,149495288.0,150000000.0,0.003364746666666667,76976.0,0.0076976,3
DIS_Flood_seed1008_600s,DIS_Flood,1008,380,390,attack,attack,DIS_Flood,dis_flood,none,1,0,1.0,16.0,16.0,0.0,0.0,16.0,16.0,16,16,16,1.0,1.0,126.375,117.5,240.0,270.0,76.42414539921266,101.86666666666666,2.8250579429371676,105.89999999999999,490.53333333333336,4.8,-70.86666666666666,0.0,101.0,-77.0,0.0,43.0,42.0,70.0,0.9767441860465116,15,0,16.0,16.0,20.0,1.0,473920.0,149526080.0,150000000.0,0.003159466666666667,81576.0,0.0081576,3
DIS_Flood_seed1008_600s,DIS_Flood,1008,390,400,attack,attack,DIS_Flood,dis_flood,none,1,0,1.0,15.0,15.0,0.0,0.0,15.0,15.0,16,16,16,1.0,1.0,123.375,107.5,262.75,274.0,79.57459812444338,101.26666666666667,2.086236073022646,105.3,489.2,4.8,-70.86666666666666,0.0,102.0,-77.0,0.0,41.0,41.0,70.0,1.0,15,0,16.0,15.0,20.0,0.9375,473120.0,149526880.0,150000000.0,0.0031541333333333335,79640.0,0.007964,3
DIS_Flood_seed1008_600s,DIS_Flood,1008,400,410,attack,attack,DIS_Flood,dis_flood,none,1,0,1.0,15.0,15.0,0.0,0.0,14.0,14.0,15,15,15,1.0,1.0,147.13333333333333,126.0,296.0999999999999,364.0,99.61989665485409,101.4,2.693908472302439,106.19999999999999,488.8666666666667,4.8,-70.86666666666666,0.0,100.0,-77.0,0.0,42.0,41.0,70.0,0.9761904761904762,15,0,14.0,14.0,19.0,1.0,486992.0,149513008.0,150000000.0,0.0032466133333333333,70928.0,0.0070928,3
DIS_Flood_seed1008_600s,DIS_Flood,1008,410,420,attack,attack,DIS_Flood,dis_flood,none,1,0,1.0,16.0,15.0,0.0,0.0,17.0,17.0,15,15,15,1.0,1.0,143.33333333333334,128.0,256.2,266.0,69.83927125567541,100.86666666666666,1.5976172734359606,103.6,487.8666666666667,4.8,-70.86666666666666,0.0,104.0,-77.0,0.0,44.0,44.0,71.0,1.0,15,0,19.0,17.0,21.0,0.8947368421052632,478056.0,149521944.0,150000000.0,0.00318704,92992.0,0.0092992,3
DIS_Flood_seed1008_600s,DIS_Flood,1008,420,430,attack,attack,DIS_Flood,dis_flood,none,1,0,1.0,16.0,15.0,0.0,0.0,15.0,15.0,15,15,15,1.0,1.0,142.0,112.0,271.9,274.0,98.4994561261272,101.06666666666666,2.1201976547572388,103.8,488.6666666666667,4.8,-70.86666666666666,0.0,102.0,-77.0,0.0,40.0,39.0,67.0,0.975,15,0,14.0,14.0,19.0,1.0,469168.0,149530832.0,150000000.0,0.0031277866666666668,71032.0,0.0071032,3
DIS_Flood_seed1008_600s,DIS_Flood,1008,430,440,attack,attack,DIS_Flood,dis_flood,none,1,0,1.0,15.0,15.0,0.0,0.0,15.0,15.0,15,15,15,1.0,1.0,130.0,125.0,289.09999999999997,294.0,86.17589984610382,102.13333333333334,4.793845260430543,109.6,492.2,4.8,-70.86666666666666,0.0,101.0,-77.0,0.0,46.0,42.0,73.0,0.9130434782608695,15,0,16.0,16.0,20.0,1.0,508040.0,149491960.0,150000000.0,0.0033869333333333335,80440.0,0.008044,3
DIS_Flood_seed1008_600s,DIS_Flood,1008,440,450,attack,attack,DIS_Flood,dis_flood,none,1,0,1.0,15.0,16.0,0.0,0.0,15.0,15.0,16,16,16,1.0,1.0,140.25,139.0,281.5,286.0,88.0503643755474,102.13333333333334,5.462425764996284,112.29999999999998,495.1333333333333,4.8,-70.86666666666666,0.0,100.0,-77.0,0.0,45.0,43.0,70.0,0.9555555555555556,15,0,15.0,15.0,18.0,1.0,506024.0,149493976.0,150000000.0,0.003373493333333333,75880.0,0.007588,3
DIS_Flood_seed1008_600s,DIS_Flood,1008,450,460,attack,attack,DIS_Flood,dis_flood,none,1,0,1.0,14.0,15.0,0.0,0.0,15.0,15.0,15,15,15,1.0,1.0,142.93333333333334,104.0,295.6,297.0,96.52421359184342,101.33333333333333,3.9940431835899015,107.99999999999999,493.06666666666666,4.8,-70.86666666666666,0.0,100.0,-77.0,0.0,39.0,39.0,72.0,1.0,15,0,15.0,15.0,21.0,1.0,475704.0,149524296.0,150000000.0,0.00317136,75680.0,0.007568,3
DIS_Flood_seed1008_600s,DIS_Flood,1008,460,470,attack,attack,DIS_Flood,dis_flood,none,1,0,1.0,15.0,14.0,0.0,0.0,15.0,15.0,15,15,15,1.0,1.0,139.53333333333333,130.0,269.19999999999993,300.0,92.08370932911816,103.93333333333334,8.827446376150327,122.69999999999999,495.6666666666667,4.8,-70.86666666666666,0.0,100.0,-77.0,0.0,47.0,42.0,67.0,0.8936170212765957,15,0,15.0,15.0,21.0,1.0,497664.0,149502336.0,150000000.0,0.00331776,75680.0,0.007566595639849244,3
DIS_Flood_seed1008_600s,DIS_Flood,1008,470,480,attack,attack,DIS_Flood,dis_flood,none,1,0,1.0,12.0,13.0,0.0,0.0,13.0,13.0,12,12,12,1.0,1.0,130.91666666666666,125.5,271.59999999999997,287.0,83.59258159053168,103.13333333333334,7.170043501229529,118.8,495.26666666666665,4.8,-70.86666666666666,0.0,100.0,-77.0,0.0,32.0,32.0,62.0,1.0,15,0,13.0,13.0,17.0,1.0,410128.0,149589872.0,150000000.0,0.0027341866666666667,65368.0,0.006538013455297303,3
DIS_Flood_seed1008_600s,DIS_Flood,1008,480,490,attack,attack,DIS_Flood,dis_flood,none,1,0,1.0,16.0,16.0,0.0,0.0,16.0,16.0,15,15,15,1.0,1.0,143.2,116.0,320.6999999999999,397.0,110.76693678943319,105.06666666666666,9.742885071877298,121.99999999999997,497.8,4.8,-70.86666666666666,0.0,102.0,-77.0,0.0,51.0,45.0,74.0,0.8823529411764706,15,0,17.0,16.0,21.0,0.9411764705882353,561288.0,149438712.0,150000000.0,0.00374192,85040.0,0.008504,3
DIS_Flood_seed1008_600s,DIS_Flood,1008,490,500,attack,attack,DIS_Flood,dis_flood,none,1,0,1.0,15.0,15.0,0.0,0.0,13.0,13.0,16,16,16,1.0,1.0,152.875,163.5,275.75,314.0,89.1888445939289,103.53333333333333,7.576907272068453,116.09999999999998,495.3333333333333,4.8,-70.86666666666666,0.0,101.0,-77.0,0.0,39.0,39.0,70.0,1.0,15,0,13.0,13.0,18.0,1.0,470856.0,149529144.0,150000000.0,0.00313904,65624.0,0.0065624,3
DIS_Flood_seed1008_600s,DIS_Flood,1008,500,510,attack,attack,DIS_Flood,dis_flood,none,1,0,1.0,16.0,16.0,0.0,0.0,17.0,17.0,15,15,15,1.0,1.0,141.26666666666668,144.0,224.09999999999997,243.0,70.64141507507848,102.6,5.877317172218729,111.49999999999999,496.53333333333336,4.8,-70.86666666666666,0.0,105.0,-77.0,0.0,45.0,45.0,79.0,1.0,15,0,19.0,17.0,21.0,0.8947368421052632,534208.0,149465792.0,150000000.0,0.0035613866666666665,100624.0,0.0100624,3
DIS_Flood_seed1008_600s,DIS_Flood,1008,510,520,attack,attack,DIS_Flood,dis_flood,none,1,0,1.0,15.0,15.0,0.0,0.0,15.0,15.0,16,16,16,1.0,1.0,158.9375,171.5,251.0,257.0,69.41514604176814,101.93333333333334,4.495500395898527,108.6,495.4,4.8,-70.86666666666666,0.0,103.0,-77.0,0.0,41.0,41.0,69.0,1.0,15,0,15.0,15.0,19.0,1.0,457608.0,149542392.0,150000000.0,0.00305072,75680.0,0.007568,3
DIS_Flood_seed1008_600s,DIS_Flood,1008,520,530,attack,attack,DIS_Flood,dis_flood,none,1,0,1.0,15.0,14.0,0.0,0.0,15.0,15.0,14,14,14,1.0,1.0,142.42857142857142,119.5,288.4,304.0,88.69369441268883,102.13333333333334,4.882427187178037,113.6,495.2,4.8,-70.86666666666666,0.0,105.0,-77.0,0.0,41.0,40.0,67.0,0.975609756097561,15,0,17.0,15.0,19.0,0.8823529411764706,464688.0,149535312.0,150000000.0,0.00309792,83688.0,0.0083688,3
DIS_Flood_seed1009_600s,DIS_Flood,1009,190,200,attack,attack,DIS_Flood,dis_flood,none,1,0,1.0,15.0,16.0,0.0,0.0,15.0,15.0,16,16,16,1.0,1.0,133.6875,133.5,244.25,251.0,79.18393671277865,106.8,4.459340117743238,114.0,495.3333333333333,4.8,-70.46666666666667,0.0,105.0,-77.0,0.0,48.0,45.0,89.0,0.9375,15,0,15.0,15.0,19.0,1.0,527032.0,149472968.0,150000000.0,0.0035135466666666665,76136.0,0.0076136,4
DIS_Flood_seed1009_600s,DIS_Flood,1009,200,210,attack,attack,DIS_Flood,dis_flood,none,1,0,1.0,15.0,14.0,0.0,0.0,15.0,15.0,15,15,15,1.0,1.0,146.53333333333333,116.0,296.9,299.0,87.61349102463507,106.66666666666667,5.052109413285654,116.6,495.53333333333336,4.8,-70.46666666666667,0.0,106.0,-77.0,0.0,44.0,41.0,86.0,0.9318181818181818,15,0,16.0,15.0,20.0,0.9375,517320.0,149482680.0,150000000.0,0.0034488,81280.0,0.008128,4
DIS_Flood_seed1009_600s,DIS_Flood,1009,210,220,attack,attack,DIS_Flood,dis_flood,none,1,0,1.0,17.0,17.0,0.0,0.0,16.0,16.0,17,17,17,1.0,1.0,140.58823529411765,147.0,246.6,257.0,82.26410124070631,104.6,4.2895221179054435,113.0,491.6,4.8,-70.46666666666667,0.0,104.0,-77.0,0.0,46.0,46.0,95.0,1.0,15,0,16.0,16.0,21.0,1.0,519448.0,149480552.0,150000000.0,0.0034629866666666667,81024.0,0.0081024,4
DIS_Flood_seed1009_600s,DIS_Flood,1009,220,230,attack,attack,DIS_Flood,dis_flood,none,1,0,1.0,15.0,15.0,0.0,0.0,16.0,16.0,14,14,14,1.0,1.0,166.0,162.5,319.09999999999997,349.0,96.80591208900732,105.4,5.742075284374855,114.89999999999999,492.46666666666664,4.8,-70.46666666666667,0.0,106.0,-77.0,0.0,44.0,41.0,87.0,0.9318181818181818,15,0,17.0,16.0,20.0,0.9411764705882353,497688.0,149502312.0,150000000.0,0.00331792,86880.0,0.008688,4
DIS_Flood_seed1009_600s,DIS_Flood,1009,230,240,attack,attack,DIS_Flood,dis_flood,none,1,0,1.0,14.0,15.0,0.0,0.0,14.0,14.0,16,16,16,1.0,1.0,160.3125,156.0,305.5,310.0,88.82395979313989,105.13333333333334,5.343442799579776,114.5,493.2,4.8,-70.46666666666667,0.0,105.0,-77.0,0.0,43.0,41.0,86.0,0.9534883720930233,15,0,14.0,14.0,18.0,1.0,492840.0,149507160.0,150000000.0,0.0032856,70480.0,0.007048,4
DIS_Flood_seed1009_600s,DIS_Flood,1009,240,250,attack,attack,DIS_Flood,dis_flood,none,1,0,1.0,15.0,15.0,0.0,0.0,15.0,15.0,15,15,15,1.0,1.0,142.73333333333332,153.0,250.39999999999995,277.0,82.78583959890265,104.86666666666666,5.514483095406478,114.5,492.93333333333334,4.8,-70.46666666666667,0.0,108.0,-77.0,0.0,42.0,40.0,87.0,0.9523809523809523,15,0,17.0,15.0,20.0,0.8823529411764706,506576.0,149493424.0,150000000.0,0.0033771733333333334,83944.0,0.0083944,4
DIS_Flood_seed1009_600s,DIS_Flood,1009,250,260,attack,attack,DIS_Flood,dis_flood,none,1,0,1.0,15.0,15.0,0.0,0.0,15.0,15.0,15,15,15,1.0,1.0,136.4,124.0,241.19999999999996,265.0,76.3327302949771,104.06666666666666,4.479583313955291,111.1,491.8,4.8,-70.46666666666667,0.0,107.0,-77.0,0.0,43.0,42.0,90.0,0.9767441860465116,15,0,16.0,15.0,19.0,0.9375,489080.0,149510920.0,150000000.0,0.0032605333333333335,85576.0,0.0085576,4
DIS_Flood_seed1009_600s,DIS_Flood,1009,260,270,attack,attack,DIS_Flood,dis_flood,none,1,0,1.0,15.0,15.0,0.0,0.0,15.0,15.0,14,14,14,1.0,1.0,154.92857142857142,169.0,279.09999999999997,296.0,78.54686429202562,103.53333333333333,4.437931736207543,112.6,486.46666666666664,4.8,-70.46666666666667,0.0,109.0,-77.0,0.0,37.0,36.0,89.0,0.972972972972973,15,0,17.0,15.0,20.0,0.8823529411764706,478872.0,149521128.0,150000000.0,0.00319248,84328.0,0.0084328,4
DIS_Flood_seed1009_600s,DIS_Flood,1009,270,280,attack,attack,DIS_Flood,dis_flood,none,1,0,1.0,14.0,14.0,0.0,0.0,14.0,14.0,15,15,15,1.0,1.0,140.6,146.0,256.9999999999999,320.0,75.87376734701245,103.6,5.261721608534063,113.89999999999999,486.53333333333336,4.8,-70.46666666666667,0.0,107.0,-77.0,0.0,42.0,40.0,88.0,0.9523809523809523,15,0,14.0,14.0,19.0,1.0,492528.0,149507472.0,150000000.0,0.00328352,71280.0,0.007128,4
DIS_Flood_seed1009_600s,DIS_Flood,1009,280,290,attack,attack,DIS_Flood,dis_flood,none,1,0,1.0,16.0,16.0,0.0,0.0,16.0,16.0,15,15,15,1.0,1.0,156.33333333333334,173.0,293.19999999999993,352.0,94.75959556889715,102.6,4.656792274271453,111.89999999999999,485.06666666666666,4.8,-70.46666666666667,0.0,108.0,-77.0,0.0,43.0,43.0,87.0,1.0,15,0,18.0,16.0,20.0,0.8888888888888888,479680.0,149520320.0,150000000.0,0.0031978666666666665,89888.0,0.0089888,4
DIS_Flood_seed1009_600s,DIS_Flood,1009,290,300,attack,attack,DIS_Flood,dis_flood,none,1,0,1.0,14.0,14.0,0.0,0.0,14.0,14.0,15,15,15,1.0,1.0,134.66666666666666,127.0,265.69999999999993,293.0,83.74763678257833,102.53333333333333,4.2572067748477425,110.19999999999999,485.06666666666666,4.8,-70.46666666666667,0.0,106.0,-77.0,0.0,40.0,39.0,84.0,0.975,15,0,14.0,14.0,18.0,1.0,447928.0,149552072.0,150000000.0,0.002986186666666667,71320.0,0.007132,4
DIS_Flood_seed1009_600s,DIS_Flood,1009,300,310,attack,attack,DIS_Flood,dis_flood,none,1,0,1.0,15.0,15.0,0.0,0.0,15.0,15.0,15,15,15,1.0,1.0,141.46666666666667,144.0,257.09999999999997,262.0,84.47896328728969,101.86666666666666,3.5630377622526113,108.89999999999999,484.26666666666665,4.8,-70.46666666666667,0.0,105.0,-77.0,0.0,41.0,41.0,89.0,1.0,15,0,15.0,15.0,21.0,1.0,492096.0,149507904.0,150000000.0,0.00328064,75880.0,0.007588,4
DIS_Flood_seed1009_600s,DIS_Flood,1009,310,320,attack,attack,DIS_Flood,dis_flood,none,1,0,1.0,15.0,15.0,0.0,0.0,15.0,15.0,15,15,15,1.0,1.0,168.6,130.0,376.7999999999999,458.0,121.40534231596706,102.26666666666667,4.636295729916083,111.1,485.2,4.8,-70.46666666666667,0.0,104.0,-77.0,0.0,43.0,41.0,87.0,0.9534883720930233,15,0,15.0,15.0,17.0,1.0,499648.0,149500352.0,150000000.0,0.0033309866666666665,78976.0,0.0078976,4
DIS_Flood_seed1009_600s,DIS_Flood,1009,320,330,attack,attack,DIS_Flood,dis_flood,none,1,0,1.0,15.0,15.0,0.0,0.0,15.0,15.0,15,15,15,1.0,1.0,150.46666666666667,154.0,303.79999999999995,343.0,98.2612164929107,102.86666666666666,4.564876256602717,110.5,486.1333333333333,4.8,-70.46666666666667,0.0,104.0,-77.0,0.0,43.0,41.0,87.0,0.9534883720930233,15,0,16.0,15.0,19.0,0.9375,487248.0,149512752.0,150000000.0,0.00324832,80184.0,0.0080184,4
DIS_Flood_seed1009_600s,DIS_Flood,1009,330,340,attack,attack,DIS_Flood,dis_flood,none,1,0,1.0,15.0,15.0,0.0,0.0,15.0,15.0,15,15,15,1.0,1.0,138.73333333333332,143.0,240.79999999999998,252.0,59.550058974022214,102.26666666666667,3.863134675857098,108.8,485.2,4.8,-70.46666666666667,0.0,103.0,-77.0,0.0,41.0,41.0,86.0,1.0,15,0,15.0,15.0,19.0,1.0,457744.0,149542256.0,150000000.0,0.0030516266666666667,75880.0,0.007588,4
DIS_Flood_seed1009_600s,DIS_Flood,1009,340,350,attack,attack,DIS_Flood,dis_flood,none,1,0,1.0,15.0,15.0,0.0,0.0,16.0,16.0,15,15,15,1.0,1.0,141.66666666666666,165.0,222.49999999999994,254.0,63.41210640008135,101.66666666666667,3.177300441449958,107.5,484.2,4.8,-70.46666666666667,0.0,103.0,-77.0,0.0,41.0,41.0,86.0,1.0,15,0,16.0,16.0,20.0,1.0,485880.0,149514120.0,150000000.0,0.0032392,80736.0,0.0080736,4
DIS_Flood_seed1009_600s,DIS_Flood,1009,350,360,attack,attack,DIS_Flood,dis_flood,none,1,0,1.0,15.0,15.0,0.0,0.0,14.0,14.0,15,15,15,1.0,1.0,131.4,115.0,245.29999999999998,253.0,75.97067103259558,101.66666666666667,2.9439202887759492,107.6,484.06666666666666,4.8,-70.46666666666667,0.0,103.0,-77.0,0.0,42.0,41.0,87.0,0.9761904761904762,15,0,14.0,14.0,19.0,1.0,483208.0,149516792.0,150000000.0,0.003221386666666667,71024.0,0.0071024,4
DIS_Flood_seed1009_600s,DIS_Flood,1009,360,370,attack,attack,DIS_Flood,dis_flood,none,1,0,1.0,15.0,15.0,0.0,0.0,16.0,16.0,15,15,15,1.0,1.0,141.33333333333334,142.0,271.0999999999999,311.0,87.59294383410007,103.26666666666667,5.599319686567373,112.29999999999998,485.8666666666667,4.8,-70.46666666666667,0.0,104.0,-77.0,0.0,45.0,41.0,88.0,0.9111111111111111,15,0,17.0,16.0,21.0,0.9411764705882353,499920.0,149500080.0,150000000.0,0.0033328,83320.0,0.008332,4
DIS_Flood_seed1009_600s,DIS_Flood,1009,370,380,attack,attack,DIS_Flood,dis_flood,none,1,0,1.0,15.0,15.0,0.0,0.0,14.0,14.0,15,15,15,1.0,1.0,157.13333333333333,162.0,259.59999999999997,296.0,79.99184482242698,102.06666666666666,4.096456075799224,109.39999999999999,484.53333333333336,4.8,-70.46666666666667,0.0,102.0,-77.0,0.0,41.0,41.0,87.0,1.0,15,0,14.0,14.0,18.0,1.0,480832.0,149519168.0,150000000.0,0.003205546666666667,71024.0,0.0071024,4
DIS_Flood_seed1009_600s,DIS_Flood,1009,380,390,attack,attack,DIS_Flood,dis_flood,none,1,0,1.0,15.0,15.0,0.0,0.0,15.0,15.0,15,15,15,1.0,1.0,135.26666666666668,114.0,255.1,260.0,72.61785166852832,101.4,3.3763886032268258,107.8,483.6666666666667,4.8,-70.46666666666667,0.0,102.0,-77.0,0.0,41.0,41.0,87.0,1.0,15,0,15.0,15.0,19.0,1.0,467560.0,149532440.0,150000000.0,0.0031170666666666667,75880.0,0.007588,4
DIS_Flood_seed1009_600s,DIS_Flood,1009,390,400,attack,attack,DIS_Flood,dis_flood,none,1,0,1.0,16.0,14.0,0.0,0.0,16.0,16.0,14,14,14,1.0,1.0,132.71428571428572,128.5,247.75,264.0,77.8780393370879,103.06666666666666,5.522249369164535,114.19999999999999,488.8,4.8,-70.46666666666667,0.0,103.0,-77.0,0.0,47.0,43.0,87.0,0.9148936170212766,15,0,16.0,15.0,20.0,0.9375,520744.0,149479256.0,150000000.0,0.0034716266666666665,80480.0,0.008048,4
DIS_Flood_seed1009_600s,DIS_Flood,1009,400,410,attack,attack,DIS_Flood,dis_flood,none,1,0,1.0,15.0,16.0,0.0,0.0,15.0,15.0,16,16,16,1.0,1.0,143.9375,141.0,277.25,290.0,91.52884335916556,102.8,4.195235392680606,110.19999999999999,487.1333333333333,4.8,-70.46666666666667,0.0,104.0,-77.0,0.0,43.0,42.0,91.0,0.9767441860465116,15,0,17.0,16.0,20.0,0.9411764705882353,515512.0,149486288.0,150001800.0,0.0034367054262015523,83528.0,0.0083528,4
DIS_Flood_seed1009_600s,DIS_Flood,1009,410,420,attack,attack,DIS_Flood,dis_flood,none,1,0,1.0,15.0,16.0,0.0,0.0,16.0,16.0,15,15,15,1.0,1.0,139.93333333333334,112.0,265.9,289.0,84.41434091658213,102.06666666666666,3.1502078540644773,107.19999999999999,485.8,4.8,-70.46666666666667,0.0,103.0,-77.0,0.0,41.0,41.0,83.0,1.0,15,0,17.0,16.0,21.0,0.9411764705882353,465024.0,149533976.0,149999000.0,0.003100180667871119,84184.0,0.0084184,4
DIS_Flood_seed1009_600s,DIS_Flood,1009,420,430,attack,attack,DIS_Flood,dis_flood,none,1,0,1.0,13.0,13.0,0.0,0.0,12.0,12.0,13,13,13,1.0,1.0,139.23076923076923,141.0,238.3999999999999,284.0,69.24732707976754,101.33333333333333,2.2253945610567474,105.6,484.3333333333333,4.8,-70.46666666666667,0.0,104.0,-77.0,0.0,35.0,35.0,82.0,1.0,15,0,13.0,12.0,16.0,0.9230769230769231,422408.0,149576792.0,149999200.0,0.002816068352364546,63984.0,0.0063984,4
DIS_Flood_seed1009_600s,DIS_Flood,1009,430,440,attack,attack,DIS_Flood,dis_flood,none,1,0,1.0,15.0,15.0,0.0,0.0,15.0,15.0,16,16,16,1.0,1.0,154.8125,179.5,288.0,309.0,98.41356190417389,101.6,3.0659419433511785,106.8,484.4,4.8,-70.46666666666667,0.0,103.0,-77.0,0.0,43.0,41.0,92.0,0.9534883720930233,15,0,15.0,15.0,19.0,1.0,484736.0,149515264.0,150000000.0,0.0032315733333333333,80352.0,0.0080352,4
DIS_Flood_seed1009_600s,DIS_Flood,1009,440,450,attack,attack,DIS_Flood,dis_flood,none,1,0,1.0,15.0,15.0,0.0,0.0,15.0,15.0,14,14,14,1.0,1.0,130.92857142857142,114.0,236.54999999999998,258.0,75.7206041319659,101.33333333333333,2.554174920362645,107.0,483.8666666666667,4.8,-70.46666666666667,0.0,104.0,-77.0,0.0,40.0,39.0,86.0,0.975,15,0,16.0,15.0,20.0,0.9375,463072.0,149536928.0,150000000.0,0.0030871466666666666,81536.0,0.0081536,4
DIS_Flood_seed1009_600s,DIS_Flood,1009,450,460,attack,attack,DIS_Flood,dis_flood,none,1,0,1.0,15.0,15.0,0.0,0.0,15.0,15.0,16,16,16,1.0,1.0,141.3125,151.5,248.25,270.0,80.36808549832868,101.13333333333334,2.133630931623591,105.6,483.53333333333336,4.8,-70.46666666666667,0.0,102.0,-77.0,0.0,44.0,43.0,87.0,0.9772727272727273,15,0,15.0,15.0,19.0,1.0,513616.0,149486384.0,150000000.0,0.003424106666666667,76976.0,0.0076976,4
DIS_Flood_seed1009_600s,DIS_Flood,1009,460,470,attack,attack,DIS_Flood,dis_flood,none,1,0,1.0,15.0,15.0,0.0,0.0,15.0,15.0,15,15,15,1.0,1.0,124.46666666666667,122.0,231.9,234.0,68.51159095538576,100.53333333333333,1.3557637102737476,102.89999999999999,482.6,4.8,-70.46666666666667,0.0,102.0,-77.0,0.0,41.0,41.0,87.0,1.0,15,0,15.0,15.0,20.0,1.0,470080.0,149529920.0,150000000.0,0.0031338666666666667,75880.0,0.007588,4
DIS_Flood_seed1009_600s,DIS_Flood,1009,470,480,attack,attack,DIS_Flood,dis_flood,none,1,0,1.0,15.0,16.0,0.0,0.0,15.0,15.0,15,15,15,1.0,1.0,166.33333333333334,119.0,331.7,345.0,118.20180483675648,102.0,5.744562646538029,112.6,484.46666666666664,4.8,-70.46666666666667,0.0,110.0,-77.0,0.0,44.0,41.0,89.0,0.9318181818181818,15,0,19.0,15.0,18.0,0.7894736842105263,536120.0,149463880.0,150000000.0,0.0035741333333333333,89432.0,0.0089432,4
DIS_Flood_seed1009_600s,DIS_Flood,1009,480,490,attack,attack,DIS_Flood,dis_flood,none,1,0,1.0,16.0,16.0,0.0,0.0,15.0,15.0,15,15,15,1.0,1.0,165.4,154.0,415.8,420.0,118.13781298611744,102.6,5.65432830417801,114.89999999999999,485.2,4.8,-70.46666666666667,0.0,110.0,-77.0,0.0,44.0,42.0,89.0,0.9545454545454546,15,0,16.0,15.0,20.0,0.9375,512112.0,149487888.0,150000000.0,0.00341408,79776.0,0.0079776,4
DIS_Flood_seed1009_600s,DIS_Flood,1009,490,500,attack,attack,DIS_Flood,dis_flood,none,1,0,1.0,15.0,15.0,0.0,0.0,16.0,16.0,15,15,15,1.0,1.0,146.73333333333332,134.0,310.79999999999995,322.0,100.38530531810682,102.73333333333333,4.861902429923418,112.3,485.4,4.8,-70.46666666666667,0.0,114.0,-77.0,0.0,43.0,41.0,87.0,0.9534883720930233,15,0,20.0,16.0,20.0,0.8,497720.0,149502280.0,150000000.0,0.003318133333333333,95824.0,0.0095824,4
DIS_Flood_seed1009_600s,DIS_Flood,1009,500,510,attack,attack,DIS_Flood,dis_flood,none,1,0,1.0,15.0,15.0,0.0,0.0,14.0,14.0,15,15,15,1.0,1.0,147.33333333333334,141.0,311.4,345.0,92.22849471879738,101.6,2.7723120830300267,106.3,483.6666666666667,4.8,-70.46666666666667,0.0,110.0,-77.0,0.0,41.0,41.0,89.0,1.0,15,0,15.0,14.0,21.0,0.9333333333333333,498448.0,149501552.0,150000000.0,0.0033229866666666667,75328.0,0.0075328,4
DIS_Flood_seed1009_600s,DIS_Flood,1009,510,520,attack,attack,DIS_Flood,dis_flood,none,1,0,1.0,14.0,14.0,0.0,0.0,15.0,15.0,14,14,14,1.0,1.0,118.71428571428571,89.0,263.45,281.0,81.67047161652695,100.93333333333334,1.9444671200491874,105.0,482.8,4.8,-70.46666666666667,0.0,107.0,-77.0,0.0,40.0,40.0,86.0,1.0,15,0,15.0,15.0,19.0,1.0,490552.0,149509448.0,150000000.0,0.0032703466666666667,75880.0,0.007588,4
DIS_Flood_seed1009_600s,DIS_Flood,1009,520,530,attack,attack,DIS_Flood,dis_flood,none,1,0,1.0,15.0,15.0,0.0,0.0,15.0,15.0,16,16,16,1.0,1.0,143.625,137.5,256.25,263.0,69.50959166426841,100.6,1.4040757000349273,102.89999999999999,481.4,4.8,-70.46666666666667,0.0,105.0,-77.0,0.0,41.0,41.0,89.0,1.0,15,0,15.0,15.0,19.0,1.0,472064.0,149527936.0,150000000.0,0.0031470933333333333,76880.0,0.007688,4
DIS_Flood_seed1010_600s,DIS_Flood,1010,190,200,attack,attack,DIS_Flood,dis_flood,none,1,0,1.0,15.0,15.0,0.0,0.0,15.0,15.0,15,15,15,1.0,1.0,145.0,166.0,286.4,292.0,88.19620983110005,108.6,6.310988149931153,117.0,495.4,4.8,-71.73333333333333,0.0,107.0,-77.0,0.0,45.0,41.0,70.0,0.9111111111111111,15,0,15.0,15.0,19.0,1.0,488968.0,149511032.0,150000000.0,0.0032597866666666665,76976.0,0.0076976,5
DIS_Flood_seed1010_600s,DIS_Flood,1010,200,210,attack,attack,DIS_Flood,dis_flood,none,1,0,1.0,14.0,14.0,0.0,0.0,14.0,14.0,14,14,14,1.0,1.0,146.85714285714286,142.5,248.35,275.0,71.36025304247255,109.26666666666667,9.786774360378008,128.6,493.6666666666667,4.8,-71.73333333333333,0.0,109.0,-77.0,0.0,45.0,40.0,73.0,0.8888888888888888,15,0,15.0,14.0,19.0,0.9333333333333333,504608.0,149495392.0,150000000.0,0.0033640533333333333,77264.0,0.0077264,5
DIS_Flood_seed1010_600s,DIS_Flood,1010,210,220,attack,attack,DIS_Flood,dis_flood,none,1,0,1.0,16.0,16.0,0.0,0.0,16.0,16.0,16,16,16,1.0,1.0,145.25,118.5,320.5,400.0,104.46083795694283,110.66666666666667,10.472185381603339,127.39999999999999,498.26666666666665,4.8,-71.73333333333333,0.0,107.0,-77.0,0.0,48.0,42.0,69.0,0.875,15,0,16.0,16.0,20.0,1.0,509200.0,149490800.0,150000000.0,0.0033946666666666665,80480.0,0.008048,5
DIS_Flood_seed1010_600s,DIS_Flood,1010,220,230,attack,attack,DIS_Flood,dis_flood,none,1,0,1.0,15.0,15.0,0.0,0.0,15.0,15.0,15,15,15,1.0,1.0,140.13333333333333,127.0,311.99999999999994,347.0,103.55113758543696,111.2,12.001190417144937,130.6,496.1333333333333,4.8,-71.73333333333333,0.0,105.0,-77.0,0.0,46.0,41.0,74.0,0.8913043478260869,15,0,15.0,15.0,19.0,1.0,508464.0,149491536.0,150000000.0,0.00338976,75880.0,0.007588,5
DIS_Flood_seed1010_600s,DIS_Flood,1010,230,240,attack,attack,DIS_Flood,dis_flood,none,1,0,1.0,14.0,14.0,0.0,0.0,16.0,16.0,16,16,16,1.0,1.0,122.3125,133.5,216.5,251.0,66.28596508060109,110.4,11.147068801130764,127.29999999999998,494.6,4.8,-71.73333333333333,0.0,106.0,-77.0,0.0,41.0,39.0,71.0,0.9512195121951219,15,0,17.0,16.0,19.0,0.9411764705882353,464944.0,149535056.0,150000000.0,0.0030996266666666666,90720.0,0.009072,5
DIS_Flood_seed1010_600s,DIS_Flood,1010,240,250,attack,attack,DIS_Flood,dis_flood,none,1,0,1.0,15.0,15.0,0.0,0.0,14.0,14.0,14,14,14,1.0,1.0,133.71428571428572,148.5,214.8,220.0,69.14692114112314,108.26666666666667,9.830467701899806,122.6,492.06666666666666,4.8,-71.73333333333333,0.0,105.0,-77.0,0.0,41.0,41.0,70.0,1.0,15,0,15.0,14.0,18.0,0.9333333333333333,487584.0,149512416.0,150000000.0,0.00325056,75176.0,0.0075176,5
DIS_Flood_seed1010_600s,DIS_Flood,1010,250,260,attack,attack,DIS_Flood,dis_flood,none,1,0,1.0,16.0,15.0,0.0,0.0,15.0,15.0,15,15,15,1.0,1.0,168.06666666666666,189.0,276.79999999999995,288.0,90.67403681529213,107.46666666666667,8.365461874932691,119.6,492.2,4.8,-71.73333333333333,0.0,106.0,-77.0,0.0,42.0,41.0,72.0,0.9761904761904762,15,0,17.0,15.0,20.0,0.8823529411764706,503704.0,149496296.0,150000000.0,0.003358026666666667,84544.0,0.0084544,5
DIS_Flood_seed1010_600s,DIS_Flood,1010,260,270,attack,attack,DIS_Flood,dis_flood,none,1,0,1.0,14.0,15.0,0.0,0.0,16.0,16.0,16,16,16,1.0,1.0,138.0625,128.5,246.0,327.0,85.15669380618296,106.0,7.587583842794,117.29999999999998,489.26666666666665,4.8,-71.73333333333333,0.0,103.0,-77.0,0.0,43.0,43.0,79.0,1.0,15,0,16.0,16.0,21.0,1.0,517592.0,149486552.0,150004144.0,0.003450518007022526,80280.0,0.008028,5
DIS_Flood_seed1010_600s,DIS_Flood,1010,270,280,attack,attack,DIS_Flood,dis_flood,none,1,0,1.0,16.0,16.0,0.0,0.0,14.0,14.0,14,14,14,1.0,1.0,140.28571428571428,122.0,242.2,263.0,78.26034320574705,106.93333333333334,7.323803331473015,120.6,490.1333333333333,4.8,-71.73333333333333,0.0,104.0,-77.0,0.0,45.0,42.0,74.0,0.9333333333333333,15,0,15.0,14.0,18.0,0.9333333333333333,504040.0,149491816.0,149995856.0,0.003360359502198514,74528.0,0.0074528,5
DIS_Flood_seed1010_600s,DIS_Flood,1010,280,290,attack,attack,DIS_Flood,dis_flood,none,1,0,1.0,14.0,13.0,0.0,0.0,16.0,16.0,16,16,16,1.0,1.0,149.3125,128.0,288.75,327.0,86.5206863511072,104.86666666666666,5.9505902068218255,113.69999999999999,490.0,4.8,-71.73333333333333,0.0,108.0,-77.0,0.0,40.0,40.0,69.0,1.0,15,0,18.0,16.0,20.0,0.8888888888888888,464200.0,149535800.0,150000000.0,0.0030946666666666666,88832.0,0.0088832,5
DIS_Flood_seed1010_600s,DIS_Flood,1010,290,300,attack,attack,DIS_Flood,dis_flood,none,1,0,1.0,16.0,17.0,0.0,0.0,15.0,15.0,15,15,15,1.0,1.0,125.06666666666666,110.0,212.0,212.0,61.917533481082344,104.73333333333333,5.560918046852473,114.89999999999999,487.26666666666665,4.8,-71.73333333333333,0.0,105.0,-77.0,0.0,45.0,43.0,74.0,0.9555555555555556,15,0,15.0,15.0,19.0,1.0,495312.0,149504688.0,150000000.0,0.00330208,75336.0,0.0075336,5
DIS_Flood_seed1010_600s,DIS_Flood,1010,300,310,attack,attack,DIS_Flood,dis_flood,none,1,0,1.0,13.0,13.0,0.0,0.0,14.0,14.0,14,14,14,1.0,1.0,130.78571428571428,129.0,233.54999999999998,255.0,70.60854009300812,103.2,4.570089089472358,110.1,486.0,4.8,-71.73333333333333,0.0,104.0,-77.0,0.0,38.0,38.0,67.0,1.0,15,0,14.0,14.0,19.0,1.0,458480.0,149541520.0,150000000.0,0.0030565333333333333,71024.0,0.0071024,5
DIS_Flood_seed1010_600s,DIS_Flood,1010,310,320,attack,attack,DIS_Flood,dis_flood,none,1,0,1.0,16.0,16.0,0.0,0.0,15.0,15.0,15,15,15,1.0,1.0,160.93333333333334,142.0,322.9999999999999,400.0,94.74210609157191,102.46666666666667,3.888934240098375,108.8,484.06666666666666,4.8,-71.73333333333333,0.0,104.0,-77.0,0.0,42.0,42.0,76.0,1.0,15,0,15.0,15.0,19.0,1.0,499832.0,149500168.0,150000000.0,0.0033322133333333333,75880.0,0.007588,5
DIS_Flood_seed1010_600s,DIS_Flood,1010,320,330,attack,attack,DIS_Flood,dis_flood,none,1,0,1.0,16.0,16.0,0.0,0.0,17.0,17.0,17,17,17,1.0,1.0,133.47058823529412,125.0,244.79999999999998,272.0,71.33382581834759,103.86666666666666,4.778921974472406,112.3,485.3333333333333,4.8,-71.73333333333333,0.0,106.0,-77.0,0.0,45.0,41.0,70.0,0.9111111111111111,15,0,18.0,17.0,21.0,0.9444444444444444,485320.0,149514680.0,150000000.0,0.0032354666666666665,89176.0,0.0089176,5
DIS_Flood_seed1010_600s,DIS_Flood,1010,330,340,attack,attack,DIS_Flood,dis_flood,none,1,0,1.0,15.0,15.0,0.0,0.0,13.0,13.0,13,13,13,1.0,1.0,130.6153846153846,106.0,266.4,279.0,90.83550926586884,103.2,4.394802124588286,111.19999999999999,485.2,4.8,-71.73333333333333,0.0,105.0,-77.0,0.0,44.0,43.0,73.0,0.9772727272727273,15,0,13.0,13.0,17.0,1.0,507080.0,149492920.0,150000000.0,0.0033805333333333334,65336.0,0.0065336,5
DIS_Flood_seed1010_600s,DIS_Flood,1010,340,350,attack,attack,DIS_Flood,dis_flood,none,1,0,1.0,14.0,14.0,0.0,0.0,15.0,15.0,15,15,15,1.0,1.0,148.66666666666666,141.0,274.49999999999994,306.0,92.1928620313081,102.86666666666666,3.461351236287988,108.3,485.26666666666665,4.8,-71.73333333333333,0.0,105.0,-77.0,0.0,37.0,36.0,69.0,0.972972972972973,15,0,15.0,15.0,20.0,1.0,432608.0,149567392.0,150000000.0,0.0028840533333333333,75880.0,0.007588,5
DIS_Flood_seed1010_600s,DIS_Flood,1010,350,360,attack,attack,DIS_Flood,dis_flood,none,1,0,1.0,15.0,15.0,0.0,0.0,15.0,15.0,15,15,15,1.0,1.0,132.06666666666666,134.0,229.2,239.0,63.70968379707915,102.06666666666666,2.491891612715892,106.3,483.6666666666667,4.8,-71.73333333333333,0.0,104.0,-77.0,0.0,42.0,42.0,72.0,1.0,15,0,15.0,15.0,20.0,1.0,480592.0,149519408.0,150000000.0,0.003203946666666667,75880.0,0.007588,5
DIS_Flood_seed1010_600s,DIS_Flood,1010,360,370,attack,attack,DIS_Flood,dis_flood,none,1,0,1.0,15.0,15.0,0.0,0.0,14.0,14.0,14,14,14,1.0,1.0,130.14285714285714,115.0,273.0,299.0,88.40627992213183,102.06666666666666,3.575045787252574,108.1,483.06666666666666,4.8,-71.73333333333333,0.0,104.0,-77.0,0.0,40.0,39.0,71.0,0.975,15,0,14.0,14.0,18.0,1.0,474584.0,149530848.0,150005432.0,0.003163778762358419,70224.0,0.0070224,5
DIS_Flood_seed1010_600s,DIS_Flood,1010,370,380,attack,attack,DIS_Flood,dis_flood,none,1,0,1.0,15.0,15.0,0.0,0.0,16.0,16.0,16,16,16,1.0,1.0,141.1875,144.0,246.0,261.0,83.71237961018669,101.73333333333333,3.2175116087406668,107.1,482.26666666666665,4.8,-71.73333333333333,0.0,103.0,-77.0,0.0,38.0,38.0,69.0,1.0,15,0,16.0,16.0,20.0,1.0,441320.0,149553248.0,149994568.0,0.002942239881646914,81024.0,0.0081024,5
DIS_Flood_seed1010_600s,DIS_Flood,1010,380,390,attack,attack,DIS_Flood,dis_flood,none,1,0,1.0,16.0,15.0,0.0,0.0,15.0,15.0,15,15,15,1.0,1.0,161.06666666666666,127.0,310.69999999999993,373.0,113.4110517836188,101.93333333333334,5.1750316309132245,109.49999999999999,482.46666666666664,4.8,-71.73333333333333,0.0,104.0,-77.0,0.0,45.0,44.0,71.0,0.9777777777777777,15,0,16.0,15.0,19.0,0.9375,499312.0,149500688.0,150000000.0,0.003328746666666667,80992.0,0.0080992,5
DIS_Flood_seed1010_600s,DIS_Flood,1010,390,400,attack,attack,DIS_Flood,dis_flood,none,1,0,1.0,14.0,14.0,0.0,0.0,15.0,15.0,15,15,15,1.0,1.0,136.06666666666666,117.0,253.5,257.0,72.59030500660802,101.53333333333333,4.673124783064885,108.19999999999999,482.0,4.8,-71.73333333333333,0.0,102.0,-77.0,0.0,38.0,38.0,70.0,1.0,15,0,15.0,15.0,20.0,1.0,452992.0,149547008.0,150000000.0,0.0030199466666666667,75880.0,0.007588,5
DIS_Flood_seed1010_600s,DIS_Flood,1010,400,410,attack,attack,DIS_Flood,dis_flood,none,1,0,1.0,14.0,15.0,0.0,0.0,15.0,15.0,15,15,15,1.0,1.0,143.8,139.0,273.7999999999999,334.0,95.18193105836843,102.2,4.570089089472359,110.39999999999999,482.8666666666667,4.8,-71.73333333333333,0.0,102.0,-77.0,0.0,40.0,38.0,72.0,0.95,15,0,16.0,15.0,20.0,0.9375,467168.0,149532832.0,150000000.0,0.0031144533333333333,80240.0,0.008024,5
DIS_Flood_seed1010_600s,DIS_Flood,1010,410,420,attack,attack,DIS_Flood,dis_flood,none,1,0,1.0,15.0,15.0,0.0,0.0,15.0,15.0,15,15,15,1.0,1.0,198.2,191.0,526.5,551.0,161.80729278991103,101.73333333333333,3.84460041889302,108.39999999999999,483.6666666666667,4.8,-71.73333333333333,0.0,104.0,-77.0,0.0,42.0,41.0,70.0,0.9761904761904762,15,0,17.0,15.0,19.0,0.8823529411764706,511624.0,149488376.0,150000000.0,0.003410826666666667,87456.0,0.0087456,5
DIS_Flood_seed1010_600s,DIS_Flood,1010,420,430,attack,attack,DIS_Flood,dis_flood,none,1,0,1.0,15.0,14.0,0.0,0.0,14.0,14.0,14,14,14,1.0,1.0,171.85714285714286,148.0,385.25,395.0,114.77392972733377,101.33333333333333,3.4982989063393712,107.39999999999999,481.6666666666667,4.8,-71.73333333333333,0.0,103.0,-77.0,0.0,40.0,40.0,74.0,1.0,15,0,15.0,14.0,18.0,0.9333333333333333,485968.0,149514032.0,150000000.0,0.0032397866666666665,80624.0,0.0080624,5
DIS_Flood_seed1010_600s,DIS_Flood,1010,430,440,attack,attack,DIS_Flood,dis_flood,none,1,0,1.0,15.0,16.0,0.0,0.0,15.0,15.0,15,15,15,1.0,1.0,161.4,145.0,332.2,349.0,97.5403213328431,102.2,3.589667712437223,108.89999999999999,484.6666666666667,4.8,-71.73333333333333,0.0,103.0,-77.0,0.0,46.0,43.0,74.0,0.9347826086956522,15,0,16.0,15.0,20.0,0.9375,538296.0,149461704.0,150000000.0,0.00358864,80992.0,0.0080992,5
DIS_Flood_seed1010_600s,DIS_Flood,1010,440,450,attack,attack,DIS_Flood,dis_flood,none,1,0,1.0,15.0,15.0,0.0,0.0,15.0,15.0,15,15,15,1.0,1.0,157.26666666666668,146.0,283.79999999999995,330.0,92.93658872483714,102.46666666666667,4.389381125701738,110.5,487.93333333333334,4.8,-71.73333333333333,0.0,102.0,-77.0,0.0,42.0,40.0,73.0,0.9523809523809523,15,0,16.0,15.0,20.0,0.9375,494448.0,149505552.0,150000000.0,0.00329632,83728.0,0.0083728,5
DIS_Flood_seed1010_600s,DIS_Flood,1010,450,460,attack,attack,DIS_Flood,dis_flood,none,1,0,1.0,15.0,15.0,0.0,0.0,16.0,16.0,16,16,16,1.0,1.0,167.375,139.0,323.5,382.0,108.56940944237778,103.13333333333334,5.303188618539748,111.69999999999999,485.93333333333334,4.8,-71.73333333333333,0.0,101.0,-77.0,0.0,46.0,42.0,74.0,0.9130434782608695,15,0,17.0,16.0,21.0,0.9411764705882353,496512.0,149503488.0,150000000.0,0.00331008,84240.0,0.008424,5
DIS_Flood_seed1010_600s,DIS_Flood,1010,460,470,attack,attack,DIS_Flood,dis_flood,none,1,0,1.0,13.0,13.0,0.0,0.0,13.0,13.0,13,13,13,1.0,1.0,151.0,150.0,261.79999999999995,269.0,83.4535799112297,102.26666666666667,4.527166674117279,108.99999999999999,483.93333333333334,4.8,-71.73333333333333,0.0,100.0,-77.0,0.0,38.0,38.0,68.0,1.0,15,0,13.0,13.0,17.0,1.0,446552.0,149553448.0,150000000.0,0.0029770133333333333,66424.0,0.0066424,5
DIS_Flood_seed1010_600s,DIS_Flood,1010,470,480,attack,attack,DIS_Flood,dis_flood,none,1,0,1.0,16.0,16.0,0.0,0.0,14.0,14.0,14,14,14,1.0,1.0,168.78571428571428,191.5,294.55,316.0,95.22457550558983,103.13333333333334,4.80872223400453,114.0,487.46666666666664,4.8,-71.73333333333333,0.0,101.0,-77.0,0.0,47.0,43.0,73.0,0.9148936170212766,15,0,15.0,14.0,18.0,0.9333333333333333,497416.0,149502584.0,150000000.0,0.003316106666666667,76328.0,0.0076328,5
DIS_Flood_seed1010_600s,DIS_Flood,1010,480,490,attack,attack,DIS_Flood,dis_flood,none,1,0,1.0,15.0,15.0,0.0,0.0,17.0,17.0,16,16,16,1.0,1.0,136.75,124.5,260.5,289.0,74.38951539027526,102.06666666666666,4.1656189158852435,111.6,483.46666666666664,4.8,-71.73333333333333,0.0,100.0,-77.0,0.0,42.0,42.0,72.0,1.0,15,0,16.0,16.0,22.0,1.0,500272.0,149499728.0,150000000.0,0.0033351466666666665,82120.0,0.008210686290193569,5
DIS_Flood_seed1010_600s,DIS_Flood,1010,490,500,attack,attack,DIS_Flood,dis_flood,none,1,0,1.0,15.0,15.0,0.0,0.0,13.0,13.0,14,14,14,1.0,1.0,141.21428571428572,132.0,276.05,291.0,96.19945511714276,101.4,3.3763886032268267,108.89999999999999,482.1333333333333,4.8,-71.73333333333333,0.0,100.0,-77.0,0.0,41.0,41.0,77.0,1.0,15,0,14.0,14.0,18.0,1.0,489712.0,149510288.0,150000000.0,0.0032647466666666665,69640.0,0.006965114418306929,5
DIS_Flood_seed1010_600s,DIS_Flood,1010,500,510,attack,attack,DIS_Flood,dis_flood,none,1,0,1.0,16.0,15.0,0.0,0.0,15.0,15.0,15,15,15,1.0,1.0,158.73333333333332,123.0,403.69999999999993,438.0,131.85623484184077,104.33333333333333,5.912053869204927,113.69999999999999,488.8,4.8,-71.73333333333333,0.0,101.0,-77.0,0.0,49.0,42.0,70.0,0.8571428571428571,15,0,16.0,15.0,20.0,0.9375,501344.0,149498656.0,150000000.0,0.0033422933333333332,83176.0,0.0083176,5
DIS_Flood_seed1010_600s,DIS_Flood,1010,510,520,attack,attack,DIS_Flood,dis_flood,none,1,0,1.0,15.0,14.0,0.0,0.0,16.0,16.0,16,15,16,0.9375,1.0,128.26666666666668,119.0,266.9,290.0,83.15773880890177,102.8,4.798809376144403,110.69999999999999,484.46666666666664,4.8,-71.73333333333333,0.0,100.0,-77.0,0.0,38.0,38.0,69.0,1.0,15,0,16.0,16.0,20.0,1.0,446464.0,149553536.0,150000000.0,0.0029764266666666666,82672.0,0.0082672,5
DIS_Flood_seed1010_600s,DIS_Flood,1010,520,530,attack,attack,DIS_Flood,dis_flood,none,1,0,1.0,16.0,16.0,1.0,0.0,15.0,15.0,15,15,15,1.0,1.0,129.46666666666667,105.0,256.09999999999997,261.0,74.20229748721366,101.93333333333334,4.131182235954578,108.69999999999999,482.8,4.8,-71.73333333333333,0.0,100.0,-77.0,0.0,47.0,47.0,75.0,1.0,15,0,15.0,15.0,19.0,1.0,540168.0,149459832.0,150000000.0,0.00360112,77880.0,0.007788,5
RX60_seed1001_600s,RX60,1001,190,200,benign,impairment,RX60,none,rx60,0,1,1.0,16.0,14.0,0.0,0.0,15.0,15.0,14,14,14,1.0,1.0,184.5,147.5,371.5,404.0,122.35870972739883,172.33333333333334,34.039193096585976,227.79999999999995,830.1333333333333,4.8,-67.46666666666667,1.0,222.0,-77.0,0.0,74.0,47.0,44.0,0.6351351351351351,14,1,27.0,16.0,16.0,0.5925925925925926,747816.0,149252184.0,150000000.0,0.00498544,129936.0,0.0129936,1
RX60_seed1001_600s,RX60,1001,200,210,benign,impairment,RX60,none,rx60,0,1,1.0,14.0,16.0,0.0,0.0,14.0,14.0,15,15,15,1.0,1.0,233.73333333333332,214.0,452.29999999999995,481.0,139.79651879308963,171.46666666666667,33.14010661821514,228.99999999999997,828.8666666666667,4.8,-67.46666666666667,0.0,230.0,-77.0,0.0,65.0,40.0,44.0,0.6153846153846154,15,0,27.0,14.0,14.0,0.5185185185185185,584120.0,149415880.0,150000000.0,0.0038941333333333333,126544.0,0.0126544,1
RX60_seed1001_600s,RX60,1001,210,220,benign,impairment,RX60,none,rx60,0,1,1.0,14.0,14.0,0.0,0.0,16.0,16.0,15,15,15,1.0,1.0,217.0,202.0,396.29999999999984,516.0,128.78331746442495,167.2,33.53079607934004,218.39999999999995,823.2666666666667,4.8,-67.46666666666667,0.0,229.0,-77.0,0.0,67.0,45.0,44.0,0.6716417910447762,15,0,28.0,15.0,16.0,0.5357142857142857,670960.0,149330184.0,150001144.0,0.004473032552338401,147728.0,0.0147728,1
RX60_seed1001_600s,RX60,1001,220,230,benign,impairment,RX60,none,rx60,0,1,1.0,19.0,17.0,0.0,0.0,17.0,17.0,16,16,16,1.0,1.0,190.875,186.5,386.25,432.0,115.44399796726837,163.06666666666666,32.50157505340904,213.2,818.0666666666667,4.8,-67.46666666666667,0.0,229.0,-77.0,0.0,70.0,48.0,47.0,0.6857142857142857,15,0,32.0,18.0,17.0,0.5625,621720.0,149377136.0,149998856.0,0.0041448316112490885,137720.0,0.013772,1
RX60_seed1001_600s,RX60,1001,230,240,benign,impairment,RX60,none,rx60,0,1,1.0,13.0,15.0,0.0,0.0,13.0,13.0,15,15,15,1.0,1.0,161.06666666666666,138.0,333.19999999999993,392.0,111.2740931642393,163.2,36.17457670795886,228.6,819.3333333333334,4.8,-67.46666666666667,0.0,223.0,-77.0,0.0,61.0,39.0,42.0,0.639344262295082,15,0,19.0,13.0,14.0,0.6842105263157895,531656.0,149468344.0,150000000.0,0.003544373333333333,90920.0,0.009092,1
RX60_seed1001_600s,RX60,1001,240,250,benign,impairment,RX60,none,rx60,0,1,1.0,14.0,14.0,0.0,0.0,14.0,14.0,15,15,15,1.0,1.0,193.53333333333333,134.0,420.7,441.0,123.11543170459795,160.53333333333333,34.42147723788297,222.3,804.8666666666667,4.8,-67.46666666666667,0.0,219.0,-77.0,0.0,57.0,40.0,43.0,0.7017543859649122,15,0,23.0,14.0,17.0,0.6086956521739131,554352.0,149445648.0,150000000.0,0.00369568,115104.0,0.0115104,1
RX60_seed1001_600s,RX60,1001,250,260,benign,impairment,RX60,none,rx60,0,1,1.0,16.0,16.0,0.0,0.0,16.0,16.0,16,16,16,1.0,1.0,195.625,168.0,386.0,455.0,127.36869055357887,162.13333333333333,36.650602541659076,220.9,812.6,4.8,-67.46666666666667,0.0,210.0,-77.0,0.0,72.0,46.0,47.0,0.6388888888888888,15,0,23.0,16.0,16.0,0.6956521739130435,629080.0,149370920.0,150000000.0,0.004193866666666666,112536.0,0.0112536,1
RX60_seed1001_600s,RX60,1001,260,270,benign,impairment,RX60,none,rx60,0,1,1.0,15.0,15.0,0.0,0.0,15.0,15.0,15,15,15,1.0,1.0,217.06666666666666,156.0,465.7999999999999,547.0,161.17136694776005,162.4,36.40800539912695,222.79999999999998,809.5333333333333,4.8,-67.46666666666667,0.0,205.0,-77.0,0.0,69.0,44.0,47.0,0.6376811594202898,15,0,22.0,15.0,15.0,0.6818181818181818,600632.0,149399368.0,150000000.0,0.0040042133333333335,112304.0,0.0112304,1
RX60_seed1001_600s,RX60,1001,270,280,benign,impairment,RX60,none,rx60,0,1,1.0,17.0,15.0,0.0,0.0,16.0,16.0,15,15,15,1.0,1.0,211.93333333333334,166.0,471.39999999999986,561.0,155.77019092545396,158.46666666666667,34.54575985283178,213.3,776.8666666666667,4.8,-67.46666666666667,0.0,202.0,-77.0,0.0,70.0,49.0,50.0,0.7,15,0,22.0,16.0,16.0,0.7272727272727273,628528.0,149371472.0,150000000.0,0.004190186666666667,111096.0,0.0111096,1
RX60_seed1001_600s,RX60,1001,280,290,benign,impairment,RX60,none,rx60,0,1,1.0,14.0,14.0,0.0,0.0,15.0,15.0,13,13,13,1.0,1.0,207.30769230769232,192.0,414.5999999999997,552.0,146.09664872689848,186.66666666666666,82.69968618585017,366.29999999999995,828.0,4.8,-67.46666666666667,0.0,226.0,-77.0,0.0,90.0,40.0,42.0,0.4444444444444444,15,0,35.0,15.0,15.0,0.42857142857142855,693960.0,149307512.0,150001472.0,0.004626354600040191,172944.0,0.0172944,1
RX60_seed1001_600s,RX60,1001,290,300,benign,impairment,RX60,none,rx60,0,1,1.0,12.0,14.0,0.0,0.0,14.0,14.0,15,15,15,1.0,1.0,238.4,198.0,520.4,540.0,165.2434567539665,190.93333333333334,76.94382613928411,347.9,833.6,4.8,-67.46666666666667,0.0,216.0,-77.0,0.0,82.0,39.0,42.0,0.47560975609756095,15,0,21.0,14.0,14.0,0.6666666666666666,635144.0,149371088.0,150006232.0,0.0042341174198682625,104232.0,0.0104232,1
RX60_seed1001_600s,RX60,1001,300,310,benign,impairment,RX60,none,rx60,0,1,1.0,16.0,16.0,0.0,0.0,16.0,16.0,15,15,15,1.0,1.0,223.26666666666668,228.0,435.0999999999999,482.0,126.37329434579729,182.93333333333334,65.07738982677982,303.79999999999995,823.1333333333333,4.8,-67.46666666666667,0.0,223.0,-77.0,0.0,75.0,46.0,45.0,0.6133333333333333,15,0,30.0,16.0,16.0,0.5333333333333333,564696.0,149427600.0,149992296.0,0.0037648333618414643,141048.0,0.0141048,1
RX60_seed1001_600s,RX60,1001,310,320,benign,impairment,RX60,none,rx60,0,1,1.0,15.0,15.0,0.0,0.0,14.0,14.0,17,17,17,1.0,1.0,191.76470588235293,139.0,496.0,500.0,153.4452383636279,171.53333333333333,54.459508767873544,258.4999999999999,808.4666666666667,4.8,-67.46666666666667,0.0,234.0,-77.0,0.0,58.0,43.0,44.0,0.7413793103448276,15,0,26.0,13.0,14.0,0.5,525448.0,149474552.0,150000000.0,0.003502986666666667,124208.0,0.0124208,1
RX60_seed1001_600s,RX60,1001,320,330,benign,impairment,RX60,none,rx60,0,1,1.0,16.0,15.0,0.0,0.0,15.0,15.0,15,15,15,1.0,1.0,214.26666666666668,157.0,486.8999999999999,552.0,153.56174498816273,169.26666666666668,51.970412828106426,248.49999999999986,805.6,4.8,-67.46666666666667,0.0,226.0,-77.0,0.0,79.0,47.0,44.0,0.5949367088607594,15,0,26.0,16.0,15.0,0.6153846153846154,685704.0,149314296.0,150000000.0,0.00457136,126648.0,0.0126648,1
RX60_seed1001_600s,RX60,1001,330,340,benign,impairment,RX60,none,rx60,0,1,1.0,15.0,16.0,0.0,0.0,15.0,15.0,14,14,14,1.0,1.0,176.0,148.0,347.8,366.0,104.06580758199259,167.66666666666666,48.88421694848621,245.4999999999999,803.6666666666666,4.8,-67.46666666666667,0.0,212.0,-77.0,0.0,68.0,42.0,44.0,0.6176470588235294,15,0,20.0,15.0,15.0,0.75,611704.0,149388296.0,150000000.0,0.0040780266666666665,101208.0,0.0101208,1
RX60_seed1001_600s,RX60,1001,340,350,benign,impairment,RX60,none,rx60,0,1,1.0,16.0,15.0,0.0,0.0,17.0,17.0,15,15,15,1.0,1.0,190.2,171.0,456.5,467.0,125.69816455075458,173.13333333333333,48.31572749953708,274.29999999999995,810.6,4.8,-67.46666666666667,0.0,219.0,-77.0,0.0,87.0,49.0,48.0,0.5632183908045977,15,0,29.0,17.0,17.0,0.5862068965517241,714640.0,149285360.0,150000000.0,0.004764266666666667,139048.0,0.0139048,1
RX60_seed1001_600s,RX60,1001,350,360,benign,impairment,RX60,none,rx60,0,1,1.0,13.0,14.0,0.0,0.0,13.0,13.0,15,15,15,1.0,1.0,241.4,246.0,388.19999999999993,419.0,109.14721382478935,171.6,46.9844959230474,265.5999999999999,808.5333333333333,4.8,-67.46666666666667,0.0,226.0,-77.0,0.0,63.0,39.0,41.0,0.6190476190476191,15,0,24.0,13.0,13.0,0.5416666666666666,541248.0,149458752.0,150000000.0,0.00360832,108872.0,0.0108872,1
RX60_seed1001_600s,RX60,1001,360,370,benign,impairment,RX60,none,rx60,0,1,1.0,17.0,17.0,0.0,0.0,17.0,17.0,15,15,15,1.0,1.0,225.6,247.0,489.09999999999997,501.0,149.53442030898057,172.33333333333334,44.741586067209596,264.9,809.3333333333334,4.8,-67.46666666666667,0.0,222.0,-77.0,0.0,83.0,49.0,49.0,0.5903614457831325,15,0,30.0,17.0,17.0,0.5666666666666667,692336.0,149307664.0,150000000.0,0.004615573333333334,154832.0,0.0154832,1
RX60_seed1001_600s,RX60,1001,370,380,benign,impairment,RX60,none,rx60,0,1,1.0,15.0,15.0,0.0,0.0,14.0,14.0,17,17,17,1.0,1.0,215.76470588235293,123.0,457.79999999999995,541.0,164.28653680831727,174.06666666666666,42.685672850110564,266.9,811.6666666666666,4.8,-67.46666666666667,0.0,233.0,-77.0,0.0,83.0,47.0,46.0,0.5662650602409639,15,0,31.0,14.0,14.0,0.45161290322580644,644880.0,149355120.0,150000000.0,0.0042992,149000.0,0.0149,1
RX60_seed1001_600s,RX60,1001,380,390,benign,impairment,RX60,none,rx60,0,1,1.0,16.0,15.0,0.0,0.0,16.0,16.0,14,14,14,1.0,1.0,229.57142857142858,212.0,486.25,535.0,149.12138281677386,184.93333333333334,55.19765350430173,302.6,825.5333333333333,4.8,-67.46666666666667,0.0,232.0,-77.0,0.0,85.0,44.0,45.0,0.5176470588235295,15,0,32.0,16.0,16.0,0.5,693160.0,149310784.0,150003944.0,0.004620945166615086,154088.0,0.0154088,1
RX60_seed1001_600s,RX60,1001,390,400,benign,impairment,RX60,none,rx60,0,1,1.0,14.0,13.0,0.0,0.0,15.0,15.0,14,14,14,1.0,1.0,195.78571428571428,166.0,389.1,393.0,128.14665791219815,174.73333333333332,52.50913752681074,256.5999999999999,812.6,4.8,-67.46666666666667,0.0,233.0,-77.0,0.0,65.0,43.0,39.0,0.6615384615384615,15,0,28.0,15.0,15.0,0.5357142857142857,533592.0,149462464.0,149996056.0,0.0035573735352081525,136016.0,0.0136016,1
RX60_seed1001_600s,RX60,1001,400,410,benign,impairment,RX60,none,rx60,0,1,1.0,14.0,15.0,0.0,0.0,15.0,15.0,15,15,15,1.0,1.0,241.33333333333334,159.0,531.0999999999999,571.0,164.9028574068757,171.06666666666666,54.18548391097625,251.19999999999987,808.0,4.8,-67.46666666666667,0.0,222.0,-77.0,0.0,65.0,41.0,44.0,0.6307692307692307,15,0,18.0,13.0,15.0,0.7222222222222222,542720.0,149457280.0,150000000.0,0.0036181333333333335,99328.0,0.0099328,1
RX60_seed1001_600s,RX60,1001,410,420,benign,impairment,RX60,none,rx60,0,1,1.0,17.0,17.0,0.0,0.0,15.0,15.0,15,15,15,1.0,1.0,237.26666666666668,207.0,556.8999999999999,671.0,168.69264810242774,174.13333333333333,63.95184200035285,311.59999999999997,826.8666666666667,4.8,-66.6,1.0,233.0,-77.0,0.0,75.0,45.0,49.0,0.6,14,1,34.0,17.0,15.0,0.5,685240.0,149314760.0,150000000.0,0.004568266666666667,148488.0,0.0148488,1
RX60_seed1001_600s,RX60,1001,420,430,benign,impairment,RX60,none,rx60,0,1,1.0,14.0,15.0,0.0,0.0,14.0,14.0,17,17,17,1.0,1.0,236.64705882352942,196.0,481.0,497.0,152.21856866709405,176.86666666666667,57.79009636689697,261.39999999999986,824.2666666666667,4.8,-66.6,0.0,236.0,-77.0,0.0,89.0,48.0,50.0,0.5393258426966292,15,0,31.0,15.0,15.0,0.4838709677419355,744744.0,149255256.0,150000000.0,0.00496496,153736.0,0.0153736,1
RX60_seed1001_600s,RX60,1001,430,440,benign,impairment,RX60,none,rx60,0,1,1.0,15.0,15.0,0.0,0.0,16.0,16.0,16,16,16,1.0,1.0,268.25,292.0,447.25,499.0,122.59499717905838,178.86666666666667,46.50478725997183,248.69999999999987,827.0,4.8,-66.6,0.0,241.0,-77.0,0.0,85.0,48.0,50.0,0.5647058823529412,15,0,29.0,15.0,16.0,0.5172413793103449,750456.0,149249544.0,150000000.0,0.00500304,148488.0,0.014846567076311722,1
RX60_seed1001_600s,RX60,1001,440,450,benign,impairment,RX60,none,rx60,0,1,1.0,15.0,15.0,0.0,0.0,14.0,14.0,15,15,15,1.0,1.0,210.13333333333333,195.0,439.7999999999999,500.0,124.04023924670958,172.53333333333333,43.49854951057345,234.0999999999999,818.7333333333333,4.8,-66.6,0.0,219.0,-77.0,0.0,69.0,45.0,46.0,0.6521739130434783,15,0,18.0,15.0,14.0,0.8333333333333334,648264.0,149351736.0,150000000.0,0.00432176,85808.0,0.008582090746448267,1
RX60_seed1001_600s,RX60,1001,450,460,benign,impairment,RX60,none,rx60,0,1,1.0,16.0,16.0,0.0,0.0,16.0,16.0,15,15,15,1.0,1.0,213.73333333333332,227.0,430.7999999999999,505.0,143.97443556144992,170.33333333333334,55.72338143091496,276.29999999999995,816.0,4.8,-66.6,0.0,231.0,-77.0,0.0,75.0,47.0,47.0,0.6266666666666667,15,0,34.0,16.0,16.0,0.47058823529411764,715440.0,149284560.0,150000000.0,0.0047696,163952.0,0.0163952,1
RX60_seed1001_600s,RX60,1001,460,470,benign,impairment,RX60,none,rx60,0,1,1.0,14.0,14.0,0.0,0.0,15.0,15.0,15,15,15,1.0,1.0,203.2,165.0,358.4,385.0,110.0468731301089,172.2,47.91838299203583,244.69999999999993,818.4666666666667,4.8,-66.6,0.0,278.0,-77.0,0.0,75.0,43.0,43.0,0.5733333333333334,15,0,34.0,14.0,15.0,0.4117647058823529,633768.0,149366232.0,150000000.0,0.00422512,153160.0,0.015316,1
RX60_seed1001_600s,RX60,1001,470,480,benign,impairment,RX60,none,rx60,0,1,1.0,17.0,16.0,0.0,0.0,16.0,16.0,15,15,15,1.0,1.0,212.6,203.0,442.7999999999999,503.0,129.25987113452607,169.93333333333334,44.130434374649404,236.0999999999999,800.8,4.8,-66.33333333333333,1.0,270.0,-77.0,0.0,74.0,46.0,47.0,0.6216216216216216,14,1,34.0,16.0,16.0,0.47058823529411764,658984.0,149341016.0,150000000.0,0.004393226666666666,165448.0,0.0165448,1
RX60_seed1001_600s,RX60,1001,480,490,benign,impairment,RX60,none,rx60,0,1,1.0,15.0,16.0,0.0,0.0,15.0,15.0,16,16,16,1.0,1.0,178.125,138.5,344.25,393.0,101.43101103705908,167.26666666666668,42.195914945587305,232.89999999999995,797.6,4.8,-66.33333333333333,0.0,248.0,-77.0,0.0,78.0,49.0,49.0,0.6282051282051282,15,0,27.0,16.0,16.0,0.5925925925925926,631416.0,149368584.0,150000000.0,0.00420944,130296.0,0.0130296,1
RX60_seed1001_600s,RX60,1001,490,500,benign,impairment,RX60,none,rx60,0,1,1.0,14.0,14.0,0.0,0.0,14.0,14.0,15,15,15,1.0,1.0,199.86666666666667,151.0,397.79999999999995,444.0,117.79938555907341,167.0,43.01826854455475,229.39999999999995,797.1333333333333,4.8,-66.33333333333333,0.0,241.0,-77.0,0.0,67.0,41.0,41.0,0.6119402985074627,15,0,25.0,14.0,14.0,0.56,526472.0,149473528.0,150000000.0,0.0035098133333333332,117272.0,0.0117272,1
RX60_seed1001_600s,RX60,1001,500,510,benign,impairment,RX60,none,rx60,0,1,1.0,16.0,15.0,0.0,0.0,16.0,16.0,14,14,14,1.0,1.0,190.0,161.0,363.84999999999997,397.0,95.9005895546168,164.33333333333334,41.0986038460583,223.29999999999993,784.1333333333333,4.8,-66.33333333333333,0.0,233.0,-77.0,0.0,73.0,46.0,46.0,0.6301369863013698,15,0,30.0,16.0,16.0,0.5333333333333333,612792.0,149387208.0,150000000.0,0.00408528,141680.0,0.014168,1
RX60_seed1001_600s,RX60,1001,510,520,benign,impairment,RX60,none,rx60,0,1,1.0,15.0,15.0,0.0,0.0,14.0,14.0,16,16,16,1.0,1.0,232.0625,236.0,453.5,497.0,143.29525172407725,165.4,42.56893568923571,229.49999999999991,785.3333333333334,4.8,-66.33333333333333,0.0,233.0,-77.0,0.0,71.0,43.0,43.0,0.6056338028169014,15,0,26.0,14.0,14.0,0.5384615384615384,619344.0,149380656.0,150000000.0,0.00412896,121768.0,0.0121768,1
RX60_seed1001_600s,RX60,1001,520,530,benign,impairment,RX60,none,rx60,0,1,1.0,15.0,15.0,0.0,0.0,16.0,16.0,14,14,14,1.0,1.0,171.28571428571428,122.0,390.75,446.0,129.3435666809843,167.66666666666666,47.36283453550996,253.79999999999993,783.9333333333333,4.8,-66.33333333333333,0.0,216.0,-77.0,0.0,75.0,43.0,46.0,0.5733333333333334,15,0,21.0,16.0,17.0,0.7619047619047619,588608.0,149411392.0,150000000.0,0.003924053333333333,107992.0,0.010797688323634692,1
RX60_seed1002_600s,RX60,1002,190,200,benign,impairment,RX60,none,rx60,0,1,1.0,15.0,15.0,0.0,0.0,16.0,16.0,16,16,16,1.0,1.0,203.6875,185.0,398.0,410.0,118.81734932239483,158.93333333333334,35.98901948941543,226.2,760.5333333333333,4.8,-65.66666666666667,0.0,198.0,-77.0,0.0,76.0,47.0,45.0,0.618421052631579,15,0,24.0,15.0,16.0,0.625,646280.0,149353720.0,150000000.0,0.004308533333333333,127528.0,0.0127528,2
RX60_seed1002_600s,RX60,1002,200,210,benign,impairment,RX60,none,rx60,0,1,1.0,15.0,15.0,0.0,0.0,14.0,14.0,14,14,14,1.0,1.0,259.07142857142856,290.5,396.9,419.0,112.40686010116197,160.46666666666667,32.151131210195985,210.5,762.7333333333333,4.8,-65.66666666666667,0.0,196.0,-77.0,0.0,73.0,45.0,46.0,0.6164383561643836,15,0,25.0,15.0,14.0,0.6,722632.0,149277368.0,150000000.0,0.004817546666666667,116024.0,0.0116024,2
RX60_seed1002_600s,RX60,1002,210,220,benign,impairment,RX60,none,rx60,0,1,1.0,13.0,13.0,0.0,0.0,14.0,14.0,15,15,15,1.0,1.0,209.53333333333333,186.0,394.69999999999993,443.0,113.18118638882063,157.66666666666666,26.687789253478737,195.6,758.2666666666667,4.8,-65.66666666666667,0.0,190.0,-77.0,0.0,59.0,41.0,43.0,0.6949152542372882,15,0,21.0,14.0,15.0,0.6666666666666666,558224.0,149441776.0,150000000.0,0.0037214933333333334,101320.0,0.010132,2
RX60_seed1002_600s,RX60,1002,220,230,benign,impairment,RX60,none,rx60,0,1,1.0,16.0,15.0,0.0,0.0,15.0,15.0,15,15,15,1.0,1.0,256.26666666666665,210.0,518.1999999999996,745.0,189.68864212804348,160.6,32.10429432779538,213.29999999999995,761.9333333333333,4.8,-65.66666666666667,0.0,198.0,-77.0,0.0,76.0,46.0,46.0,0.6052631578947368,15,0,30.0,15.0,15.0,0.5,649456.0,149350544.0,150000000.0,0.004329706666666666,139928.0,0.0139928,2
RX60_seed1002_600s,RX60,1002,230,240,benign,impairment,RX60,none,rx60,0,1,1.0,15.0,16.0,0.0,0.0,16.0,16.0,16,16,16,1.0,1.0,192.5,197.5,350.75,365.0,109.94726008409668,166.33333333333334,32.04832660366588,209.29999999999995,769.4,4.8,-65.66666666666667,0.0,190.0,-77.0,0.0,85.0,48.0,48.0,0.5647058823529412,15,0,23.0,16.0,16.0,0.6956521739130435,672848.0,149327152.0,150000000.0,0.004485653333333333,123432.0,0.0123432,2
RX60_seed1002_600s,RX60,1002,240,250,benign,impairment,RX60,none,rx60,0,1,1.0,17.0,16.0,0.0,0.0,16.0,16.0,15,15,15,1.0,1.0,221.0,167.0,511.4999999999999,571.0,154.7795667577419,165.8,26.382353409591257,200.49999999999997,755.5333333333333,4.8,-65.66666666666667,0.0,196.0,-77.0,0.0,79.0,48.0,49.0,0.6075949367088608,15,0,28.0,16.0,16.0,0.5714285714285714,656896.0,149343104.0,150000000.0,0.004379306666666667,135832.0,0.0135832,2
RX60_seed1002_600s,RX60,1002,250,260,benign,impairment,RX60,none,rx60,0,1,1.0,14.0,15.0,0.0,0.0,15.0,15.0,15,15,15,1.0,1.0,237.46666666666667,218.0,448.0999999999998,572.0,142.07787938142874,163.6,32.61419498141437,213.99999999999997,753.6666666666666,4.8,-65.66666666666667,0.0,195.0,-77.0,0.0,75.0,47.0,51.0,0.6266666666666667,15,0,26.0,15.0,16.0,0.5769230769230769,717464.0,149282536.0,150000000.0,0.004783093333333334,132040.0,0.013204,2
RX60_seed1002_600s,RX60,1002,260,270,benign,impairment,RX60,none,rx60,0,1,1.0,16.0,15.0,0.0,0.0,14.0,14.0,15,15,15,1.0,1.0,186.4,197.0,312.6999999999999,389.0,102.70331751492465,162.4,24.017255701444565,203.1,751.8,4.8,-65.66666666666667,0.0,182.0,-77.0,0.0,74.0,47.0,44.0,0.6351351351351351,15,0,17.0,14.0,15.0,0.8235294117647058,582456.0,149417544.0,150000000.0,0.00388304,86328.0,0.0086328,2
RX60_seed1002_600s,RX60,1002,270,280,benign,impairment,RX60,none,rx60,0,1,1.0,14.0,15.0,0.0,0.0,16.0,16.0,15,15,15,1.0,1.0,228.46666666666667,197.0,452.8999999999999,518.0,150.26494062472585,159.13333333333333,19.809329211498397,184.0,744.5333333333333,4.8,-65.66666666666667,0.0,191.0,-77.0,0.0,69.0,45.0,51.0,0.6521739130434783,15,0,26.0,16.0,16.0,0.6153846153846154,769064.0,149230936.0,150000000.0,0.005127093333333333,133032.0,0.0133032,2
RX60_seed1002_600s,RX60,1002,280,290,benign,impairment,RX60,none,rx60,0,1,1.0,16.0,15.0,0.0,0.0,15.0,15.0,15,15,15,1.0,1.0,199.53333333333333,164.0,389.7,396.0,120.76711157469668,162.06666666666666,17.44569806434758,184.6,749.4,4.8,-65.66666666666667,0.0,187.0,-77.0,0.0,80.0,46.0,46.0,0.575,15,0,19.0,14.0,16.0,0.7368421052631579,601744.0,149398256.0,150000000.0,0.004011626666666667,100712.0,0.0100712,2
RX60_seed1002_600s,RX60,1002,290,300,benign,impairment,RX60,none,rx60,0,1,1.0,14.0,15.0,0.0,0.0,15.0,15.0,14,14,14,1.0,1.0,250.0,244.5,456.09999999999997,499.0,150.33245209816192,161.86666666666667,22.158089998484805,197.09999999999997,750.0666666666667,4.8,-65.66666666666667,0.0,192.0,-77.0,0.0,78.0,45.0,46.0,0.5769230769230769,15,0,28.0,16.0,15.0,0.5714285714285714,704216.0,149295784.0,150000000.0,0.004694773333333333,138696.0,0.0138696,2
RX60_seed1002_600s,RX60,1002,300,310,benign,impairment,RX60,none,rx60,0,1,1.0,17.0,16.0,0.0,0.0,17.0,17.0,17,17,17,1.0,1.0,198.41176470588235,212.0,297.4,307.0,88.01495528000441,150.13333333333333,15.459008777439525,171.29999999999998,724.4666666666667,4.8,-65.66666666666667,0.0,184.0,-77.0,0.0,65.0,52.0,53.0,0.8,15,0,24.0,17.0,17.0,0.7083333333333334,638792.0,149361208.0,150000000.0,0.004258613333333334,122544.0,0.0122544,2
RX60_seed1002_600s,RX60,1002,310,320,benign,impairment,RX60,none,rx60,0,1,1.0,14.0,15.0,0.0,0.0,13.0,13.0,14,14,14,1.0,1.0,202.07142857142858,183.5,336.15,368.0,100.71319849775576,154.46666666666667,23.98769525839287,189.69999999999996,730.2,4.8,-65.66666666666667,0.0,183.0,-77.0,0.0,75.0,43.0,45.0,0.5733333333333334,15,0,20.0,13.0,13.0,0.65,631368.0,149368632.0,150000000.0,0.00420912,106928.0,0.0106928,2
RX60_seed1002_600s,RX60,1002,320,330,benign,impairment,RX60,none,rx60,0,1,1.0,15.0,15.0,0.0,0.0,14.0,14.0,15,15,15,1.0,1.0,190.6,155.0,348.5,359.0,105.51018908143422,144.86666666666667,18.086564337203722,173.2,717.7333333333333,4.8,-65.66666666666667,0.0,184.0,-77.0,0.0,56.0,46.0,45.0,0.8214285714285714,15,0,23.0,14.0,14.0,0.6086956521739131,501648.0,149503528.0,150005176.0,0.003344204602646511,114720.0,0.011472,2
RX60_seed1002_600s,RX60,1002,330,340,benign,impairment,RX60,none,rx60,0,1,1.0,14.0,13.0,0.0,0.0,16.0,16.0,15,15,15,1.0,1.0,206.8,186.0,392.2,395.0,115.40871469941699,147.46666666666667,21.833351508534783,179.0,721.1333333333333,4.8,-65.66666666666667,0.0,175.0,-77.0,0.0,71.0,45.0,44.0,0.6338028169014085,15,0,19.0,15.0,16.0,0.7894736842105263,608464.0,149387712.0,149996176.0,0.004056530081140202,94696.0,0.0094696,2
RX60_seed1002_600s,RX60,1002,340,350,benign,impairment,RX60,none,rx60,0,1,1.0,15.0,15.0,0.0,0.0,15.0,15.0,15,15,15,1.0,1.0,190.2,168.0,317.3,325.0,86.68267251467108,158.46666666666667,42.385756817029716,218.59999999999988,750.0,4.8,-65.66666666666667,0.0,180.0,-77.0,0.0,82.0,48.0,50.0,0.5853658536585366,15,0,29.0,16.0,15.0,0.5517241379310345,697624.0,149303712.0,150001336.0,0.004650785243672763,138216.0,0.0138216,2
RX60_seed1002_600s,RX60,1002,350,360,benign,impairment,RX60,none,rx60,0,1,1.0,14.0,15.0,0.0,0.0,15.0,15.0,15,15,15,1.0,1.0,214.13333333333333,205.0,353.89999999999975,524.0,105.70840395477867,155.8,39.06441566731251,233.49999999999997,759.7333333333333,4.8,-65.66666666666667,0.0,183.0,-77.0,0.0,66.0,43.0,46.0,0.6515151515151515,15,0,25.0,15.0,15.0,0.6,608312.0,149389000.0,149997312.0,0.00405548600764259,122688.0,0.0122688,2
RX60_seed1002_600s,RX60,1002,360,370,benign,impairment,RX60,none,rx60,0,1,1.0,17.0,16.0,0.0,0.0,16.0,16.0,15,15,15,1.0,1.0,201.4,210.0,314.9,345.0,83.80231841320723,155.33333333333334,40.036887753075675,219.59999999999994,759.2,4.8,-65.66666666666667,0.0,184.0,-77.0,0.0,81.0,49.0,46.0,0.6049382716049383,15,0,24.0,16.0,16.0,0.6666666666666666,683920.0,149316080.0,150000000.0,0.004559466666666667,126144.0,0.0126144,2
RX60_seed1002_600s,RX60,1002,370,380,benign,impairment,RX60,none,rx60,0,1,1.0,15.0,14.0,0.0,0.0,15.0,15.0,17,17,17,1.0,1.0,226.35294117647058,255.0,383.4,437.0,116.30774972915098,154.6,41.52073492330583,222.79999999999995,758.2666666666667,4.8,-65.66666666666667,0.0,195.0,-77.0,0.0,80.0,47.0,49.0,0.5875,15,0,28.0,15.0,15.0,0.5357142857142857,750632.0,149249368.0,150000000.0,0.005004213333333334,145744.0,0.0145744,2
RX60_seed1002_600s,RX60,1002,380,390,benign,impairment,RX60,none,rx60,0,1,1.0,15.0,17.0,0.0,0.0,15.0,15.0,15,15,15,1.0,1.0,223.26666666666668,227.0,324.99999999999994,346.0,94.4060127221526,155.8,39.48634483680945,208.3999999999999,759.6666666666666,4.8,-65.66666666666667,0.0,196.0,-77.0,0.0,79.0,47.0,48.0,0.5949367088607594,15,0,28.0,15.0,15.0,0.5357142857142857,624256.0,149375744.0,150000000.0,0.004161706666666667,132232.0,0.0132232,2
RX60_seed1002_600s,RX60,1002,390,400,benign,impairment,RX60,none,rx60,0,1,1.0,15.0,15.0,0.0,0.0,15.0,15.0,15,15,15,1.0,1.0,202.8,180.0,369.9,400.0,106.75017564388361,156.6,37.511522039425245,206.99999999999991,760.8666666666667,4.8,-65.66666666666667,0.0,186.0,-77.0,0.0,77.0,46.0,46.0,0.5974025974025974,15,0,21.0,15.0,15.0,0.7142857142857143,609208.0,149390792.0,150000000.0,0.0040613866666666665,103456.0,0.0103456,2
RX60_seed1002_600s,RX60,1002,400,410,benign,impairment,RX60,none,rx60,0,1,1.0,16.0,16.0,0.0,0.0,16.0,16.0,14,14,14,1.0,1.0,249.28571428571428,223.0,457.09999999999997,552.0,131.92563672908167,163.06666666666666,43.346554759563176,241.5,769.2,4.8,-65.66666666666667,0.0,195.0,-77.0,0.0,88.0,48.0,47.0,0.5454545454545454,15,0,29.0,16.0,16.0,0.5517241379310345,673104.0,149326896.0,150000000.0,0.00448736,143528.0,0.0143528,2
RX60_seed1002_600s,RX60,1002,410,420,benign,impairment,RX60,none,rx60,0,1,1.0,15.0,13.0,0.0,0.0,13.0,13.0,15,15,15,1.0,1.0,199.6,189.0,351.2,354.0,89.66509115273665,161.53333333333333,36.213388736895695,216.7,767.2,4.8,-65.66666666666667,0.0,185.0,-77.0,0.0,77.0,46.0,44.0,0.5974025974025974,15,0,20.0,13.0,13.0,0.65,621192.0,149378808.0,150000000.0,0.00414128,107800.0,0.01078,2
RX60_seed1002_600s,RX60,1002,420,430,benign,impairment,RX60,none,rx60,0,1,1.0,15.0,15.0,0.0,0.0,17.0,17.0,16,16,16,1.0,1.0,221.375,226.0,387.5,425.0,115.35734335822173,156.6,29.748469348378723,200.2,775.2,4.8,-65.66666666666667,0.0,185.0,-77.0,0.0,73.0,47.0,49.0,0.6438356164383562,15,0,26.0,17.0,17.0,0.6538461538461539,643672.0,149356328.0,150000000.0,0.004291146666666666,131848.0,0.0131848,2
RX60_seed1002_600s,RX60,1002,430,440,benign,impairment,RX60,none,rx60,0,1,1.0,15.0,17.0,0.0,0.0,14.0,14.0,15,15,15,1.0,1.0,200.8,200.0,316.9,333.0,87.78968374147712,150.0,25.837403673191094,190.09999999999997,766.7333333333333,4.8,-65.66666666666667,0.0,177.0,-77.0,0.0,66.0,47.0,49.0,0.7121212121212122,15,0,16.0,14.0,14.0,0.875,614456.0,149385544.0,150000000.0,0.0040963733333333335,83872.0,0.0083872,2
RX60_seed1002_600s,RX60,1002,440,450,benign,impairment,RX60,none,rx60,0,1,1.0,15.0,15.0,0.0,0.0,16.0,16.0,15,15,15,1.0,1.0,186.93333333333334,176.0,344.3999999999999,392.0,100.65603854333874,154.53333333333333,38.51691032458835,223.29999999999998,772.5333333333333,4.8,-65.66666666666667,0.0,186.0,-77.0,0.0,82.0,46.0,46.0,0.5609756097560976,15,0,28.0,16.0,16.0,0.5714285714285714,637968.0,149362032.0,150000000.0,0.00425312,146968.0,0.0146968,2
RX60_seed1002_600s,RX60,1002,450,460,benign,impairment,RX60,none,rx60,0,1,1.0,14.0,13.0,0.0,0.0,14.0,14.0,14,14,14,1.0,1.0,218.07142857142858,182.0,445.45,463.0,143.96124707483142,160.26666666666668,29.627368299951183,215.79999999999998,777.0,4.8,-65.66666666666667,0.0,195.0,-77.0,0.0,75.0,42.0,44.0,0.56,15,0,24.0,14.0,14.0,0.5833333333333334,622808.0,149377192.0,150000000.0,0.004152053333333333,119784.0,0.0119784,2
RX60_seed1002_600s,RX60,1002,460,470,benign,impairment,RX60,none,rx60,0,1,1.0,15.0,14.0,0.0,0.0,15.0,15.0,16,16,16,1.0,1.0,198.8125,210.0,368.75,386.0,115.0884985565456,152.46666666666667,27.72277729507599,208.79999999999998,762.6,4.8,-65.66666666666667,0.0,185.0,-77.0,0.0,66.0,46.0,46.0,0.696969696969697,15,0,20.0,15.0,15.0,0.75,604832.0,149395168.0,150000000.0,0.004032213333333333,101472.0,0.0101472,2
RX60_seed1002_600s,RX60,1002,470,480,benign,impairment,RX60,none,rx60,0,1,1.0,15.0,17.0,0.0,0.0,14.0,14.0,13,13,13,1.0,1.0,186.15384615384616,144.0,319.99999999999994,335.0,100.9470539060338,157.86666666666667,51.20109745847623,228.29999999999984,773.2,4.8,-65.66666666666667,0.0,190.0,-77.0,0.0,67.0,45.0,50.0,0.6716417910447762,15,0,23.0,14.0,15.0,0.6086956521739131,596424.0,149403576.0,150000000.0,0.00397616,109104.0,0.0109104,2
RX60_seed1002_600s,RX60,1002,480,490,benign,impairment,RX60,none,rx60,0,1,1.0,15.0,14.0,0.0,0.0,15.0,15.0,16,16,16,1.0,1.0,198.8125,161.5,397.5,423.0,125.64883273101533,163.46666666666667,50.39538905589715,235.29999999999987,780.2666666666667,4.8,-65.66666666666667,0.0,187.0,-77.0,0.0,75.0,45.0,43.0,0.6,15,0,22.0,15.0,15.0,0.6818181818181818,664960.0,149335040.0,150000000.0,0.004433066666666667,106216.0,0.0106216,2
RX60_seed1002_600s,RX60,1002,490,500,benign,impairment,RX60,none,rx60,0,1,1.0,16.0,16.0,0.0,0.0,17.0,17.0,15,15,15,1.0,1.0,246.26666666666668,256.0,456.99999999999994,499.0,130.4867079528829,162.86666666666667,42.461523199020455,241.69999999999993,779.4666666666667,4.8,-65.66666666666667,0.0,188.0,-77.0,0.0,83.0,49.0,51.0,0.5903614457831325,15,0,25.0,17.0,17.0,0.68,711048.0,149288952.0,150000000.0,0.00474032,139488.0,0.0139488,2
RX60_seed1002_600s,RX60,1002,500,510,benign,impairment,RX60,none,rx60,0,1,1.0,16.0,17.0,0.0,0.0,16.0,16.0,18,18,18,1.0,1.0,220.88888888888889,223.5,409.59999999999997,430.0,121.89768558768449,165.46666666666667,40.459621258496135,242.99999999999997,767.2,4.8,-65.66666666666667,0.0,192.0,-77.0,0.0,88.0,50.0,52.0,0.5681818181818182,15,0,26.0,16.0,16.0,0.6153846153846154,691856.0,149308144.0,150000000.0,0.0046123733333333335,134168.0,0.0134168,2
RX60_seed1002_600s,RX60,1002,510,520,benign,impairment,RX60,none,rx60,0,1,1.0,14.0,14.0,0.0,0.0,15.0,15.0,12,12,12,1.0,1.0,265.25,172.5,684.8,698.0,205.41759020014902,168.13333333333333,38.7185202393352,235.39999999999998,752.6666666666666,4.8,-65.66666666666667,0.0,199.0,-77.0,0.0,74.0,42.0,45.0,0.5675675675675675,15,0,26.0,14.0,15.0,0.5384615384615384,591048.0,149408952.0,150000000.0,0.00394032,131568.0,0.013156400045438619,2
RX60_seed1002_600s,RX60,1002,520,530,benign,impairment,RX60,none,rx60,0,1,1.0,15.0,15.0,0.0,0.0,14.0,14.0,15,15,15,1.0,1.0,232.73333333333332,233.0,394.59999999999997,417.0,108.4688675984738,163.0,42.48361028511046,253.5,748.1333333333333,4.8,-65.66666666666667,0.0,191.0,-77.0,0.0,70.0,47.0,48.0,0.6714285714285714,15,0,24.0,15.0,14.0,0.625,640584.0,149359416.0,150000000.0,0.00427056,110448.0,0.011045135772127472,2
RX60_seed1003_600s,RX60,1003,190,200,benign,impairment,RX60,none,rx60,0,1,1.0,16.0,16.0,0.0,0.0,16.0,16.0,16,16,16,1.0,1.0,177.5,167.0,305.5,313.0,103.9352362451413,163.6,38.425809778622195,236.5,714.2666666666667,4.8,-69.4,0.0,214.0,-77.0,0.0,60.0,45.0,45.0,0.75,15,0,36.0,16.0,16.0,0.4444444444444444,524400.0,149475600.0,150000000.0,0.003496,164736.0,0.0164736,3
RX60_seed1003_600s,RX60,1003,200,210,benign,impairment,RX60,none,rx60,0,1,1.0,15.0,15.0,0.0,0.0,14.0,14.0,15,15,15,1.0,1.0,208.66666666666666,184.0,391.0,405.0,110.31038460807284,162.2,38.38005434374177,227.5,712.4,4.8,-69.4,0.0,205.0,-77.0,0.0,66.0,42.0,45.0,0.6363636363636364,15,0,24.0,14.0,14.0,0.5833333333333334,576616.0,149426072.0,150002688.0,0.003844037781509622,120672.0,0.0120672,3
RX60_seed1003_600s,RX60,1003,210,220,benign,impairment,RX60,none,rx60,0,1,1.0,15.0,15.0,0.0,0.0,15.0,15.0,15,15,15,1.0,1.0,189.06666666666666,229.0,332.29999999999995,354.0,100.63119841896993,165.66666666666666,40.51043369423781,236.49999999999994,716.9333333333333,4.8,-69.4,0.0,201.0,-77.0,0.0,68.0,41.0,41.0,0.6029411764705882,15,0,27.0,15.0,15.0,0.5555555555555556,512704.0,149484608.0,149997312.0,0.0034180879188021717,133480.0,0.013348,3
RX60_seed1003_600s,RX60,1003,220,230,benign,impairment,RX60,none,rx60,0,1,1.0,16.0,16.0,0.0,0.0,16.0,16.0,16,16,16,1.0,1.0,216.9375,175.5,526.0,649.0,165.19340937216592,167.2,36.85725359894769,227.89999999999998,718.8,4.8,-69.4,0.0,204.0,-77.0,0.0,69.0,43.0,42.0,0.6231884057971014,15,0,29.0,16.0,16.0,0.5517241379310345,597536.0,149402464.0,150000000.0,0.003983573333333333,141976.0,0.0141976,3
RX60_seed1003_600s,RX60,1003,230,240,benign,impairment,RX60,none,rx60,0,1,1.0,14.0,14.0,0.0,0.0,14.0,14.0,14,14,14,1.0,1.0,187.5,216.5,369.74999999999994,438.0,116.79617354111457,168.4,30.290969894390262,221.7,722.2,4.8,-69.4,0.0,207.0,-77.0,0.0,67.0,39.0,41.0,0.582089552238806,15,0,28.0,14.0,15.0,0.5,565136.0,149434864.0,150000000.0,0.0037675733333333333,137208.0,0.0137208,3
RX60_seed1003_600s,RX60,1003,240,250,benign,impairment,RX60,none,rx60,0,1,1.0,16.0,14.0,0.0,0.0,16.0,16.0,15,15,15,1.0,1.0,165.46666666666667,143.0,347.2999999999999,418.0,112.8012580139238,166.2,27.192961274144874,220.49999999999997,717.3333333333334,4.8,-69.4,0.0,205.0,-77.0,0.0,63.0,41.0,41.0,0.6507936507936508,15,0,34.0,16.0,17.0,0.47058823529411764,534896.0,149465104.0,150000000.0,0.0035659733333333332,160504.0,0.0160504,3
RX60_seed1003_600s,RX60,1003,250,260,benign,impairment,RX60,none,rx60,0,1,1.0,14.0,16.0,0.0,0.0,15.0,15.0,16,16,16,1.0,1.0,185.0,184.0,341.75,359.0,103.82035766971075,164.46666666666667,32.78254471659023,225.79999999999998,715.2666666666667,4.8,-69.4,0.0,213.0,-77.0,0.0,62.0,41.0,43.0,0.6612903225806451,15,0,37.0,15.0,15.0,0.40540540540540543,565048.0,149434952.0,150000000.0,0.0037669866666666667,166704.0,0.0166704,3
RX60_seed1003_600s,RX60,1003,260,270,benign,impairment,RX60,none,rx60,0,1,1.0,16.0,15.0,0.0,0.0,15.0,15.0,14,14,14,1.0,1.0,200.21428571428572,162.5,480.59999999999997,543.0,140.63054628867283,179.4,58.72307893835268,274.39999999999986,739.8666666666667,4.8,-69.4,0.0,203.0,-77.0,0.0,81.0,41.0,43.0,0.5061728395061729,15,0,28.0,15.0,16.0,0.5357142857142857,602800.0,149397200.0,150000000.0,0.004018666666666667,137104.0,0.0137104,3
RX60_seed1003_600s,RX60,1003,270,280,benign,impairment,RX60,none,rx60,0,1,1.0,15.0,16.0,0.0,0.0,16.0,16.0,17,17,17,1.0,1.0,205.05882352941177,182.0,362.2,395.0,112.52414773518356,181.93333333333334,56.18523785106682,268.4999999999999,757.4,4.8,-69.86666666666666,1.0,198.0,-77.0,0.0,64.0,37.0,39.0,0.578125,14,1,29.0,17.0,17.0,0.5862068965517241,673176.0,149326824.0,150000000.0,0.00448784,139288.0,0.0139288,3
RX60_seed1003_600s,RX60,1003,280,290,benign,impairment,RX60,none,rx60,0,1,1.0,15.0,15.0,0.0,0.0,15.0,15.0,14,14,14,1.0,1.0,177.85714285714286,155.5,340.25,363.0,105.68302181003862,172.13333333333333,48.71911720210436,260.49999999999994,753.1333333333333,4.8,-69.86666666666666,0.0,187.0,-77.0,0.0,57.0,40.0,43.0,0.7017543859649122,15,0,22.0,15.0,15.0,0.6818181818181818,499280.0,149500720.0,150000000.0,0.0033285333333333334,104424.0,0.0104424,3
RX60_seed1003_600s,RX60,1003,290,300,benign,impairment,RX60,none,rx60,0,1,1.0,15.0,15.0,0.0,0.0,14.0,14.0,15,15,15,1.0,1.0,169.8,147.0,350.3999999999999,412.0,120.19579265277372,166.53333333333333,40.71304927111676,237.69999999999996,746.0,4.8,-69.86666666666666,0.0,177.0,-77.0,0.0,61.0,41.0,41.0,0.6721311475409836,15,0,19.0,14.0,14.0,0.7368421052631579,541336.0,149458664.0,150000000.0,0.0036089066666666666,100280.0,0.010028,3
RX60_seed1003_600s,RX60,1003,300,310,benign,impairment,RX60,none,rx60,0,1,1.0,14.0,14.0,0.0,0.0,15.0,15.0,15,15,15,1.0,1.0,189.4,192.0,365.4,378.0,116.47121042190149,164.13333333333333,38.33474117497575,230.7,743.1333333333333,4.8,-69.86666666666666,0.0,164.0,-77.0,0.0,62.0,40.0,40.0,0.6451612903225806,15,0,17.0,15.0,15.0,0.8823529411764706,539736.0,149460264.0,150000000.0,0.00359824,88912.0,0.0088912,3
RX60_seed1003_600s,RX60,1003,310,320,benign,impairment,RX60,none,rx60,0,1,1.0,15.0,15.0,0.0,0.0,15.0,15.0,15,15,15,1.0,1.0,180.4,170.0,381.79999999999984,477.0,116.57970908965491,161.4,36.71862120038201,223.99999999999994,739.5333333333333,4.8,-69.86666666666666,0.0,166.0,-77.0,0.0,59.0,40.0,40.0,0.6779661016949152,15,0,22.0,15.0,15.0,0.6818181818181818,520232.0,149479768.0,150000000.0,0.0034682133333333335,107152.0,0.0107152,3
RX60_seed1003_600s,RX60,1003,320,330,benign,impairment,RX60,none,rx60,0,1,1.0,15.0,15.0,0.0,0.0,15.0,15.0,15,15,15,1.0,1.0,196.4,189.0,441.29999999999995,470.0,129.41947303246138,158.46666666666667,41.731910823162416,223.49999999999991,735.6666666666666,4.8,-69.86666666666666,0.0,225.0,-77.0,0.0,58.0,41.0,41.0,0.7068965517241379,15,0,36.0,14.0,15.0,0.3888888888888889,517416.0,149482584.0,150000000.0,0.00344944,162000.0,0.0162,3
RX60_seed1003_600s,RX60,1003,330,340,benign,impairment,RX60,none,rx60,0,1,1.0,16.0,16.0,0.0,0.0,15.0,15.0,15,15,15,1.0,1.0,201.33333333333334,207.0,398.7,405.0,123.5080487063013,163.86666666666667,44.38607675300678,229.1999999999999,742.4666666666667,4.8,-69.86666666666666,0.0,233.0,-77.0,0.0,74.0,43.0,43.0,0.581081081081081,15,0,31.0,15.0,15.0,0.4838709677419355,606400.0,149393600.0,150000000.0,0.004042666666666667,141184.0,0.0141184,3
RX60_seed1003_600s,RX60,1003,340,350,benign,impairment,RX60,none,rx60,0,1,1.0,14.0,14.0,0.0,0.0,15.0,15.0,15,15,15,1.0,1.0,177.8,182.0,322.1999999999998,430.0,103.10410827342012,162.86666666666667,40.35001622705757,228.69999999999993,741.5333333333333,4.8,-69.86666666666666,0.0,234.0,-77.0,0.0,63.0,40.0,40.0,0.6349206349206349,15,0,28.0,15.0,15.0,0.5357142857142857,486032.0,149513968.0,150000000.0,0.003240213333333333,133360.0,0.013336,3
RX60_seed1003_600s,RX60,1003,350,360,benign,impairment,RX60,none,rx60,0,1,1.0,15.0,15.0,0.0,0.0,15.0,15.0,15,15,15,1.0,1.0,162.46666666666667,203.0,268.49999999999994,307.0,89.72646262523725,159.53333333333333,52.26152185563167,229.59999999999985,737.2666666666667,4.8,-69.86666666666666,0.0,218.0,-77.0,0.0,59.0,41.0,41.0,0.6949152542372882,15,0,20.0,15.0,15.0,0.75,487464.0,149512536.0,150000000.0,0.00324976,100728.0,0.0100728,3
RX60_seed1003_600s,RX60,1003,360,370,benign,impairment,RX60,none,rx60,0,1,1.0,17.0,16.0,0.0,0.0,16.0,16.0,15,15,15,1.0,1.0,190.46666666666667,183.0,333.99999999999994,369.0,88.69036561194768,152.13333333333333,48.26839644361613,220.29999999999987,727.6666666666666,4.8,-69.86666666666666,0.0,225.0,-77.0,0.0,56.0,45.0,45.0,0.8035714285714286,15,0,31.0,16.0,16.0,0.5161290322580645,548224.0,149451776.0,150000000.0,0.0036548266666666667,140504.0,0.0140504,3
RX60_seed1003_600s,RX60,1003,370,380,benign,impairment,RX60,none,rx60,0,1,1.0,14.0,15.0,0.0,0.0,15.0,15.0,16,16,16,1.0,1.0,203.6875,222.0,320.25,327.0,90.40628204573692,158.06666666666666,51.25352484974873,225.69999999999985,735.4,4.8,-69.86666666666666,0.0,229.0,-77.0,0.0,69.0,41.0,41.0,0.5942028985507246,15,0,29.0,15.0,15.0,0.5172413793103449,562784.0,149437216.0,150000000.0,0.0037518933333333332,131648.0,0.0131648,3
RX60_seed1003_600s,RX60,1003,380,390,benign,impairment,RX60,none,rx60,0,1,1.0,16.0,16.0,0.0,0.0,16.0,16.0,16,16,16,1.0,1.0,187.1875,186.0,309.5,332.0,97.44004566911902,157.66666666666666,43.15696710293495,208.29999999999984,734.7333333333333,4.8,-69.86666666666666,0.0,233.0,-77.0,0.0,65.0,44.0,44.0,0.676923076923077,15,0,31.0,16.0,16.0,0.5161290322580645,551008.0,149448992.0,150000000.0,0.0036733866666666666,146696.0,0.0146696,3
RX60_seed1003_600s,RX60,1003,390,400,benign,impairment,RX60,none,rx60,0,1,1.0,15.0,14.0,0.0,0.0,14.0,14.0,14,14,14,1.0,1.0,182.57142857142858,187.0,314.65,392.0,96.52477903125688,157.06666666666666,41.171187336129464,211.29999999999987,733.6666666666666,4.8,-69.86666666666666,0.0,231.0,-77.0,0.0,57.0,38.0,38.0,0.6666666666666666,15,0,26.0,14.0,14.0,0.5384615384615384,472984.0,149527016.0,150000000.0,0.0031532266666666666,120144.0,0.0120144,3
RX60_seed1003_600s,RX60,1003,400,410,benign,impairment,RX60,none,rx60,0,1,1.0,14.0,15.0,0.0,0.0,15.0,15.0,15,15,15,1.0,1.0,177.4,185.0,339.79999999999995,365.0,108.3880594372435,155.06666666666666,40.239402627394,218.0999999999999,731.4,4.8,-69.86666666666666,0.0,227.0,-77.0,0.0,57.0,39.0,39.0,0.6842105263157895,15,0,27.0,15.0,15.0,0.5555555555555556,473304.0,149526696.0,150000000.0,0.00315536,130632.0,0.0130632,3
RX60_seed1003_600s,RX60,1003,410,420,benign,impairment,RX60,none,rx60,0,1,1.0,15.0,15.0,0.0,0.0,15.0,15.0,15,15,15,1.0,1.0,193.6,173.0,353.09999999999997,372.0,99.84330580607653,159.2,35.63746022696583,213.0999999999999,735.0666666666667,4.8,-69.86666666666666,0.0,219.0,-77.0,0.0,67.0,41.0,42.0,0.6119402985074627,15,0,25.0,15.0,16.0,0.6,548056.0,149451944.0,150000000.0,0.003653706666666667,116944.0,0.0116944,3
RX60_seed1003_600s,RX60,1003,420,430,benign,impairment,RX60,none,rx60,0,1,1.0,15.0,15.0,0.0,0.0,15.0,15.0,15,15,15,1.0,1.0,187.0,145.0,331.19999999999993,362.0,113.60897851842522,161.33333333333334,29.40521495698793,200.99999999999991,735.9333333333333,4.8,-69.86666666666666,0.0,229.0,-77.0,0.0,66.0,41.0,42.0,0.6212121212121212,15,0,31.0,15.0,16.0,0.4838709677419355,567472.0,149432528.0,150000000.0,0.0037831466666666666,145096.0,0.0145096,3
RX60_seed1003_600s,RX60,1003,430,440,benign,impairment,RX60,none,rx60,0,1,1.0,15.0,15.0,0.0,0.0,15.0,15.0,15,15,15,1.0,1.0,180.6,147.0,367.9,377.0,125.87000096471417,155.6,29.315524897228094,210.19999999999996,729.1333333333333,4.8,-69.86666666666666,0.0,229.0,-77.0,0.0,54.0,41.0,42.0,0.7592592592592593,15,0,28.0,15.0,15.0,0.5357142857142857,615688.0,149384312.0,150000000.0,0.004104586666666667,127160.0,0.012716,3
RX60_seed1003_600s,RX60,1003,440,450,benign,impairment,RX60,none,rx60,0,1,1.0,16.0,15.0,0.0,0.0,15.0,15.0,15,15,15,1.0,1.0,180.0,150.0,338.6999999999999,436.0,103.3779473582253,152.73333333333332,31.81524043299883,220.0,725.4,4.8,-69.86666666666666,0.0,216.0,-77.0,0.0,61.0,44.0,43.0,0.7213114754098361,15,0,24.0,15.0,15.0,0.625,541208.0,149458792.0,150000000.0,0.0036080533333333335,118784.0,0.0118784,3
RX60_seed1003_600s,RX60,1003,450,460,benign,impairment,RX60,none,rx60,0,1,1.0,14.0,15.0,0.0,0.0,15.0,15.0,15,15,15,1.0,1.0,171.2,184.0,324.2,334.0,102.12051703746901,151.0,27.784887978899608,195.59999999999997,716.4,4.8,-69.86666666666666,0.0,196.0,-77.0,0.0,52.0,38.0,40.0,0.7307692307692307,15,0,18.0,15.0,15.0,0.8333333333333334,464200.0,149535800.0,150000000.0,0.0030946666666666666,94480.0,0.009448,3
RX60_seed1003_600s,RX60,1003,460,470,benign,impairment,RX60,none,rx60,0,1,1.0,16.0,15.0,0.0,0.0,15.0,15.0,14,14,14,1.0,1.0,183.71428571428572,189.5,309.59999999999997,411.0,95.16740600034848,153.2,24.57989887227831,193.1,719.2,4.8,-69.86666666666666,0.0,192.0,-77.0,0.0,67.0,43.0,46.0,0.6417910447761194,15,0,22.0,14.0,15.0,0.6363636363636364,522008.0,149479912.0,150001920.0,0.003480008789220831,111328.0,0.0111328,3
RX60_seed1003_600s,RX60,1003,470,480,benign,impairment,RX60,none,rx60,0,1,1.0,14.0,15.0,0.0,0.0,15.0,15.0,15,15,15,1.0,1.0,207.2,208.0,408.3,416.0,123.46902445552891,165.0,38.31635234652246,243.1,734.3333333333334,4.8,-69.86666666666666,0.0,205.0,-77.0,0.0,76.0,39.0,39.0,0.5131578947368421,15,0,34.0,16.0,15.0,0.47058823529411764,568136.0,149429944.0,149998080.0,0.003787621814892564,162952.0,0.0162952,3
RX60_seed1003_600s,RX60,1003,480,490,benign,impairment,RX60,none,rx60,0,1,1.0,15.0,15.0,0.0,0.0,15.0,15.0,16,16,16,1.0,1.0,218.125,199.0,430.75,454.0,151.5404786407469,167.66666666666666,37.26481808175999,231.69999999999996,737.6,4.8,-69.86666666666666,0.0,196.0,-77.0,0.0,70.0,41.0,42.0,0.5857142857142857,15,0,25.0,15.0,15.0,0.6,565136.0,149434864.0,150000000.0,0.0037675733333333333,121040.0,0.012104,3
RX60_seed1003_600s,RX60,1003,490,500,benign,impairment,RX60,none,rx60,0,1,1.0,15.0,15.0,0.0,0.0,15.0,15.0,15,15,15,1.0,1.0,220.26666666666668,203.0,376.09999999999997,395.0,130.9620810260232,160.2,29.771030981715864,202.79999999999995,723.3333333333334,4.8,-69.86666666666666,0.0,198.0,-77.0,0.0,60.0,43.0,44.0,0.7166666666666667,15,0,27.0,15.0,15.0,0.5555555555555556,562184.0,149437816.0,150000000.0,0.003747893333333333,124632.0,0.0124632,3
RX60_seed1003_600s,RX60,1003,500,510,benign,impairment,RX60,none,rx60,0,1,1.0,17.0,16.0,0.0,0.0,16.0,16.0,15,15,15,1.0,1.0,184.26666666666668,202.0,387.1999999999999,460.0,125.81361876468965,161.2,35.75751669229842,220.89999999999995,721.4666666666667,4.8,-69.86666666666666,0.0,191.0,-77.0,0.0,71.0,45.0,47.0,0.6338028169014085,15,0,26.0,16.0,16.0,0.6153846153846154,614120.0,149385880.0,150000000.0,0.004094133333333333,130528.0,0.0130528,3
RX60_seed1003_600s,RX60,1003,510,520,benign,impairment,RX60,none,rx60,0,1,1.0,14.0,15.0,0.0,0.0,14.0,14.0,15,15,15,1.0,1.0,179.13333333333333,152.0,311.19999999999993,349.0,97.93063628818881,157.8,31.154453935192,207.39999999999995,717.0,4.8,-69.86666666666666,0.0,186.0,-77.0,0.0,58.0,41.0,41.0,0.7068965517241379,15,0,22.0,14.0,14.0,0.6363636363636364,520160.0,149479840.0,150000000.0,0.0034677333333333333,104672.0,0.0104672,3
RX60_seed1003_600s,RX60,1003,520,530,benign,impairment,RX60,none,rx60,0,1,1.0,15.0,14.0,0.0,0.0,15.0,15.0,15,15,15,1.0,1.0,172.73333333333332,205.0,328.09999999999985,410.0,106.87674253661596,159.6,37.28232058994489,212.5999999999999,717.4666666666667,4.8,-69.86666666666666,0.0,181.0,-77.0,0.0,65.0,40.0,40.0,0.6153846153846154,15,0,24.0,15.0,15.0,0.625,617976.0,149382024.0,150000000.0,0.00411984,118152.0,0.0118152,3
RX60_seed1004_600s,RX60,1004,190,200,benign,impairment,RX60,none,rx60,0,1,1.0,15.0,15.0,0.0,0.0,15.0,15.0,15,15,15,1.0,1.0,190.33333333333334,187.0,384.0999999999999,424.0,108.97291056999092,154.6,35.67271866767176,214.59999999999997,706.4,4.8,-66.66666666666667,0.0,256.0,-77.0,0.0,59.0,42.0,45.0,0.711864406779661,15,0,34.0,15.0,15.0,0.4411764705882353,576344.0,149423656.0,150000000.0,0.0038422933333333333,158128.0,0.0158128,4
RX60_seed1004_600s,RX60,1004,200,210,benign,impairment,RX60,none,rx60,0,1,1.0,14.0,14.0,0.0,0.0,15.0,15.0,14,14,14,1.0,1.0,184.57142857142858,172.5,379.9,389.0,108.26443004600732,150.06666666666666,35.388591112848516,215.29999999999998,700.4,4.8,-66.66666666666667,0.0,263.0,-77.0,0.0,54.0,41.0,41.0,0.7592592592592593,15,0,36.0,14.0,15.0,0.3888888888888889,536752.0,149463248.0,150000000.0,0.003578346666666667,166600.0,0.01666,4
RX60_seed1004_600s,RX60,1004,210,220,benign,impairment,RX60,none,rx60,0,1,1.0,17.0,17.0,0.0,0.0,15.0,15.0,16,16,16,1.0,1.0,198.625,116.0,479.5,490.0,154.7125829831993,153.06666666666666,39.93649721149577,213.59999999999994,704.4,4.8,-66.66666666666667,0.0,257.0,-77.0,0.0,71.0,45.0,45.0,0.6338028169014085,15,0,36.0,16.0,15.0,0.4444444444444444,613440.0,149386560.0,150000000.0,0.0040896,162808.0,0.0162808,4
RX60_seed1004_600s,RX60,1004,220,230,benign,impairment,RX60,none,rx60,0,1,1.0,14.0,13.0,0.0,0.0,15.0,15.0,15,15,15,1.0,1.0,192.46666666666667,170.0,348.69999999999993,376.0,104.5970954709182,153.06666666666666,38.235112259856244,207.39999999999992,697.6,4.8,-66.66666666666667,0.0,255.0,-77.0,0.0,58.0,40.0,40.0,0.6896551724137931,15,0,32.0,15.0,16.0,0.46875,501840.0,149498160.0,150000000.0,0.0033456,150376.0,0.0150376,4
RX60_seed1004_600s,RX60,1004,230,240,benign,impairment,RX60,none,rx60,0,1,1.0,16.0,17.0,0.0,0.0,16.0,16.0,16,16,16,1.0,1.0,177.1875,170.5,341.5,367.0,88.21732161731806,147.26666666666668,33.04859337111829,203.99999999999994,690.4666666666667,4.8,-66.66666666666667,0.0,255.0,-77.0,0.0,59.0,44.0,45.0,0.7457627118644068,15,0,34.0,16.0,16.0,0.47058823529411764,514416.0,149485584.0,150000000.0,0.00342944,161568.0,0.0161568,4
RX60_seed1004_600s,RX60,1004,240,250,benign,impairment,RX60,none,rx60,0,1,1.0,14.0,14.0,0.0,0.0,14.0,14.0,14,14,14,1.0,1.0,222.64285714285714,177.0,514.8,533.0,162.09048144732057,168.0,55.585198440900484,260.4999999999999,719.1333333333333,4.8,-66.66666666666667,0.0,285.0,-77.0,0.0,86.0,40.0,45.0,0.46511627906976744,15,0,37.0,13.0,14.0,0.35135135135135137,633024.0,149366976.0,150000000.0,0.00422016,174904.0,0.0174904,4
RX60_seed1004_600s,RX60,1004,250,260,benign,impairment,RX60,none,rx60,0,1,1.0,16.0,15.0,0.0,0.0,16.0,16.0,16,16,16,1.0,1.0,240.8125,226.5,469.25,482.0,149.47740910697286,165.8,46.835883679076666,243.79999999999993,710.2666666666667,4.8,-66.66666666666667,0.0,262.0,-77.0,0.0,71.0,43.0,43.0,0.6056338028169014,15,0,28.0,16.0,16.0,0.5714285714285714,665968.0,149334032.0,150000000.0,0.004439786666666667,142144.0,0.0142144,4
RX60_seed1004_600s,RX60,1004,260,270,benign,impairment,RX60,none,rx60,0,1,1.0,14.0,15.0,0.0,0.0,14.0,14.0,14,14,14,1.0,1.0,187.35714285714286,172.5,319.79999999999995,351.0,96.49759434455201,161.93333333333334,46.21451019302219,246.19999999999996,705.3333333333334,4.8,-66.66666666666667,0.0,255.0,-77.0,0.0,65.0,41.0,41.0,0.6307692307692307,15,0,29.0,14.0,15.0,0.4827586206896552,566472.0,149438824.0,150005296.0,0.003776346669786912,143240.0,0.014324,4
RX60_seed1004_600s,RX60,1004,270,280,benign,impairment,RX60,none,rx60,0,1,1.0,15.0,15.0,0.0,0.0,15.0,15.0,15,15,15,1.0,1.0,217.53333333333333,176.0,464.9,481.0,149.3690858562233,159.8,33.019907415289424,216.3,689.8,4.8,-67.4,1.0,248.0,-77.0,0.0,76.0,45.0,47.0,0.5921052631578947,14,1,33.0,16.0,17.0,0.48484848484848486,664192.0,149330512.0,149994704.0,0.0044281030082235434,155744.0,0.0155744,4
RX60_seed1004_600s,RX60,1004,280,290,benign,impairment,RX60,none,rx60,0,1,1.0,16.0,16.0,0.0,0.0,16.0,16.0,16,16,16,1.0,1.0,189.6875,167.5,343.25,371.0,106.35144177051228,157.8,33.36636458642574,205.0,683.3333333333334,4.8,-67.4,0.0,228.0,-77.0,0.0,71.0,44.0,44.0,0.6197183098591549,15,0,23.0,16.0,16.0,0.6956521739130435,555328.0,149444672.0,150000000.0,0.003702186666666667,115968.0,0.0115968,4
RX60_seed1004_600s,RX60,1004,290,300,benign,impairment,RX60,none,rx60,0,1,1.0,16.0,16.0,0.0,0.0,16.0,16.0,16,16,16,1.0,1.0,202.0625,198.0,337.25,449.0,101.33342242320646,159.13333333333333,36.15614286212879,212.99999999999997,682.6666666666666,4.8,-67.4,0.0,252.0,-77.0,0.0,76.0,45.0,48.0,0.5921052631578947,15,0,30.0,15.0,16.0,0.5,673912.0,149326088.0,150000000.0,0.004492746666666667,137920.0,0.013792,4
RX60_seed1004_600s,RX60,1004,300,310,benign,impairment,RX60,none,rx60,0,1,1.0,14.0,14.0,0.0,0.0,15.0,15.0,14,14,14,1.0,1.0,173.85714285714286,113.0,352.25,375.0,125.27499421602133,158.53333333333333,31.69918130233169,208.1,681.8,4.8,-67.4,0.0,247.0,-77.0,0.0,63.0,41.0,41.0,0.6507936507936508,15,0,30.0,15.0,15.0,0.5,535592.0,149464408.0,150000000.0,0.0035706133333333334,139152.0,0.0139152,4
RX60_seed1004_600s,RX60,1004,310,320,benign,impairment,RX60,none,rx60,0,1,1.0,17.0,16.0,0.0,0.0,16.0,16.0,17,17,17,1.0,1.0,227.11764705882354,242.0,415.4,417.0,134.88183826637908,160.2,34.957525247485286,215.79999999999998,683.9333333333333,4.8,-67.4,0.0,254.0,-77.0,0.0,76.0,47.0,45.0,0.618421052631579,15,0,38.0,16.0,16.0,0.42105263157894735,706952.0,149293048.0,150000000.0,0.004713013333333333,173016.0,0.0173016,4
RX60_seed1004_600s,RX60,1004,320,330,benign,impairment,RX60,none,rx60,0,1,1.0,15.0,16.0,0.0,0.0,15.0,15.0,14,14,14,1.0,1.0,184.07142857142858,184.0,346.05,348.0,113.87271185624107,171.33333333333334,67.3272038699988,267.99999999999983,698.2,4.8,-67.4,0.0,258.0,-77.0,0.0,75.0,40.0,43.0,0.5333333333333333,15,0,36.0,15.0,15.0,0.4166666666666667,622112.0,149377888.0,150000000.0,0.004147413333333333,165640.0,0.01655837015414759,4
RX60_seed1004_600s,RX60,1004,330,340,benign,impairment,RX60,none,rx60,0,1,1.0,13.0,13.0,0.0,0.0,12.0,12.0,12,12,12,1.0,1.0,203.41666666666666,172.0,402.99999999999994,447.0,127.90583065345972,163.2,59.9930948407517,250.49999999999983,709.2666666666667,4.8,-67.4,0.0,237.0,-77.0,0.0,47.0,36.0,37.0,0.7659574468085106,15,0,17.0,12.0,12.0,0.7058823529411765,492552.0,149507448.0,150000000.0,0.00328368,82304.0,0.008233199287757838,4
RX60_seed1004_600s,RX60,1004,340,350,benign,impairment,RX60,none,rx60,0,1,1.0,15.0,13.0,0.0,0.0,14.0,14.0,15,15,15,1.0,1.0,169.13333333333333,148.0,331.39999999999975,498.0,112.07004612337427,164.2,51.352006498564116,235.2999999999999,710.6,4.8,-67.4,0.0,229.0,-77.0,0.0,67.0,40.0,38.0,0.5970149253731343,15,0,22.0,14.0,14.0,0.6363636363636364,571752.0,149428248.0,150000000.0,0.00381168,109152.0,0.0109152,4
RX60_seed1004_600s,RX60,1004,350,360,benign,impairment,RX60,none,rx60,0,1,1.0,15.0,16.0,0.0,0.0,15.0,15.0,15,15,15,1.0,1.0,209.66666666666666,199.0,380.4,407.0,126.06272059498608,168.06666666666666,41.597504503904815,218.79999999999993,715.4666666666667,4.8,-67.4,0.0,243.0,-77.0,0.0,79.0,43.0,44.0,0.5443037974683544,15,0,35.0,15.0,15.0,0.42857142857142855,618624.0,149381376.0,150000000.0,0.00412416,168960.0,0.016896,4
RX60_seed1004_600s,RX60,1004,360,370,benign,impairment,RX60,none,rx60,0,1,1.0,15.0,16.0,0.0,0.0,16.0,16.0,15,15,15,1.0,1.0,181.33333333333334,191.0,339.69999999999993,367.0,110.71692777185471,168.26666666666668,41.50123348711916,247.29999999999995,715.8666666666667,4.8,-67.4,0.0,231.0,-77.0,0.0,74.0,43.0,44.0,0.581081081081081,15,0,26.0,16.0,16.0,0.6153846153846154,610440.0,149389560.0,150000000.0,0.0040696,133312.0,0.0133312,4
RX60_seed1004_600s,RX60,1004,370,380,benign,impairment,RX60,none,rx60,0,1,1.0,14.0,14.0,0.0,0.0,13.0,13.0,14,14,14,1.0,1.0,200.57142857142858,143.0,468.65,481.0,146.09307585641017,163.2,39.95211419401267,224.99999999999991,709.2666666666667,4.8,-67.4,0.0,226.0,-77.0,0.0,59.0,39.0,38.0,0.6610169491525424,15,0,20.0,13.0,13.0,0.65,577032.0,149422968.0,150000000.0,0.00384688,100072.0,0.0100072,4
RX60_seed1004_600s,RX60,1004,380,390,benign,impairment,RX60,none,rx60,0,1,1.0,17.0,16.0,0.0,0.0,16.0,16.0,15,15,15,1.0,1.0,196.4,187.0,325.59999999999985,411.0,93.36089729033854,161.06666666666666,41.482296855176095,217.2999999999999,706.4666666666667,4.8,-67.4,0.0,246.0,-77.0,0.0,77.0,48.0,48.0,0.6233766233766234,15,0,38.0,16.0,16.0,0.42105263157894735,656568.0,149343432.0,150000000.0,0.00437712,173824.0,0.0173824,4
RX60_seed1004_600s,RX60,1004,390,400,benign,impairment,RX60,none,rx60,0,1,1.0,14.0,15.0,0.0,0.0,18.0,18.0,18,18,18,1.0,1.0,213.5,229.5,380.79999999999995,391.0,112.62966383893095,157.93333333333334,34.65434762802223,214.19999999999993,702.6,4.8,-67.4,0.0,242.0,-77.0,0.0,67.0,43.0,42.0,0.6417910447761194,15,0,32.0,17.0,18.0,0.53125,589952.0,149410048.0,150000000.0,0.003933013333333333,160808.0,0.0160808,4
RX60_seed1004_600s,RX60,1004,400,410,benign,impairment,RX60,none,rx60,0,1,1.0,15.0,13.0,0.0,0.0,13.0,13.0,11,11,11,1.0,1.0,162.0909090909091,139.0,330.0,365.0,106.27742426823727,152.66666666666666,29.668806771390305,191.89999999999995,695.7333333333333,4.8,-67.4,0.0,234.0,-77.0,0.0,58.0,41.0,38.0,0.7068965517241379,15,0,24.0,14.0,13.0,0.5833333333333334,497048.0,149508640.0,150005688.0,0.003313527684363542,115560.0,0.011553855604399824,4
RX60_seed1004_600s,RX60,1004,410,420,benign,impairment,RX60,none,rx60,0,1,1.0,16.0,18.0,0.0,0.0,16.0,16.0,17,17,17,1.0,1.0,197.8235294117647,215.0,423.0,427.0,122.55571962076968,158.0,38.28278240373117,219.79999999999995,702.8,4.8,-67.4,0.0,228.0,-77.0,0.0,79.0,41.0,45.0,0.5189873417721519,15,0,22.0,14.0,17.0,0.6363636363636364,675576.0,149318736.0,149994312.0,0.004504010792089236,136400.0,0.013642532053949214,4
RX60_seed1004_600s,RX60,1004,420,430,benign,impairment,RX60,none,rx60,0,1,1.0,15.0,13.0,0.0,0.0,14.0,14.0,15,15,15,1.0,1.0,240.53333333333333,224.0,467.3999999999998,592.0,152.06383371403447,153.4,29.71243126081357,199.89999999999998,696.8666666666667,4.8,-67.4,0.0,257.0,-77.0,0.0,62.0,41.0,40.0,0.6612903225806451,15,0,46.0,16.0,14.0,0.34782608695652173,556464.0,149443536.0,150000000.0,0.00370976,190768.0,0.0190768,4
RX60_seed1004_600s,RX60,1004,430,440,benign,impairment,RX60,none,rx60,0,1,1.0,11.0,12.0,0.0,0.0,12.0,12.0,13,13,13,1.0,1.0,182.3846153846154,174.0,360.1999999999999,407.0,105.30158154996094,163.8,51.41734004344116,252.99999999999991,718.7333333333333,4.8,-67.86666666666666,1.0,280.0,-77.0,0.0,58.0,31.0,34.0,0.5344827586206896,14,1,29.0,12.0,13.0,0.41379310344827586,577024.0,149422976.0,150000000.0,0.0038468266666666666,133800.0,0.01338,4
RX60_seed1004_600s,RX60,1004,440,450,benign,impairment,RX60,none,rx60,0,1,1.0,15.0,16.0,0.0,0.0,16.0,16.0,16,16,16,1.0,1.0,207.9375,196.5,504.0,558.0,151.82203122955067,160.46666666666667,45.32086663316306,235.79999999999993,731.1333333333333,4.8,-67.86666666666666,0.0,273.0,-77.0,0.0,62.0,41.0,46.0,0.6612903225806451,15,0,32.0,16.0,17.0,0.5,556896.0,149443104.0,150000000.0,0.00371264,151576.0,0.0151576,4
RX60_seed1004_600s,RX60,1004,450,460,benign,impairment,RX60,none,rx60,0,1,1.0,15.0,15.0,0.0,0.0,15.0,15.0,15,15,15,1.0,1.0,173.0,175.0,296.3999999999999,337.0,86.80602349080226,153.86666666666667,45.449920110988515,218.8999999999999,716.0666666666667,4.8,-67.86666666666666,0.0,249.0,-77.0,0.0,59.0,42.0,43.0,0.711864406779661,15,0,20.0,15.0,15.0,0.75,524104.0,149475896.0,150000000.0,0.0034940266666666667,100736.0,0.0100736,4
RX60_seed1004_600s,RX60,1004,460,470,benign,impairment,RX60,none,rx60,0,1,1.0,15.0,14.0,0.0,0.0,15.0,15.0,15,14,15,0.9333333333333333,1.0,199.92857142857142,184.0,359.65,398.0,99.5717478355832,158.0,48.479745402443214,230.69999999999987,723.9333333333333,4.8,-67.86666666666666,0.0,259.0,-77.0,0.0,74.0,42.0,42.0,0.5675675675675675,15,0,31.0,15.0,16.0,0.4838709677419355,580664.0,149419336.0,150000000.0,0.0038710933333333335,141624.0,0.0141624,4
RX60_seed1004_600s,RX60,1004,470,480,benign,impairment,RX60,none,rx60,0,1,1.0,17.0,17.0,1.0,0.0,16.0,16.0,15,15,15,1.0,1.0,169.73333333333332,148.0,395.3,396.0,106.69748066825373,161.4,35.9042377124802,223.2,728.1333333333333,4.8,-67.86666666666666,0.0,240.0,-77.0,0.0,78.0,45.0,45.0,0.5769230769230769,15,0,20.0,15.0,16.0,0.75,614960.0,149385040.0,150000000.0,0.0040997333333333335,101216.0,0.0101216,4
RX60_seed1004_600s,RX60,1004,480,490,benign,impairment,RX60,none,rx60,0,1,1.0,14.0,14.0,0.0,0.0,15.0,15.0,15,15,15,1.0,1.0,189.4,151.0,421.19999999999993,459.0,133.38869088923116,174.66666666666666,38.3660316028695,233.79999999999995,731.7333333333333,4.8,-67.13333333333334,1.0,234.0,-77.0,0.0,89.0,44.0,46.0,0.4943820224719101,14,1,27.0,17.0,16.0,0.6296296296296297,739896.0,149260104.0,150000000.0,0.00493264,127968.0,0.0127968,4
RX60_seed1004_600s,RX60,1004,490,500,benign,impairment,RX60,none,rx60,0,1,1.0,15.0,15.0,0.0,0.0,14.0,14.0,15,15,15,1.0,1.0,183.2,145.0,387.9,418.0,112.78373742952229,170.66666666666666,36.47634589050566,234.49999999999997,726.6,4.8,-67.13333333333334,0.0,231.0,-77.0,0.0,64.0,41.0,41.0,0.640625,15,0,21.0,14.0,14.0,0.6666666666666666,555240.0,149444760.0,150000000.0,0.0037016,106608.0,0.0106608,4
RX60_seed1004_600s,RX60,1004,500,510,benign,impairment,RX60,none,rx60,0,1,1.0,16.0,16.0,0.0,0.0,17.0,17.0,15,15,15,1.0,1.0,224.0,194.0,534.6999999999999,604.0,167.95450064143648,168.26666666666668,41.60952271959366,242.79999999999998,723.4666666666667,4.8,-67.13333333333334,0.0,231.0,-77.0,0.0,73.0,45.0,47.0,0.6164383561643836,15,0,27.0,17.0,17.0,0.6296296296296297,634960.0,149366184.0,150001144.0,0.004233034382724441,134992.0,0.0134992,4
RX60_seed1004_600s,RX60,1004,510,520,benign,impairment,RX60,none,rx60,0,1,1.0,15.0,15.0,0.0,0.0,14.0,14.0,15,15,15,1.0,1.0,191.4,157.0,322.6,324.0,92.2657652034135,162.13333333333333,37.07880924784526,236.39999999999998,715.7333333333333,4.8,-67.13333333333334,0.0,240.0,-77.0,0.0,61.0,41.0,41.0,0.6721311475409836,15,0,25.0,13.0,14.0,0.52,579648.0,149424352.0,150004000.0,0.0038642169542145543,128064.0,0.0128064,4
RX60_seed1004_600s,RX60,1004,520,530,benign,impairment,RX60,none,rx60,0,1,1.0,13.0,13.0,0.0,0.0,14.0,14.0,15,15,15,1.0,1.0,196.0,176.0,369.8,374.0,108.76646016646335,167.13333333333333,37.37620837352222,241.7,723.6666666666666,4.8,-67.13333333333334,0.0,225.0,-77.0,0.0,73.0,39.0,40.0,0.5342465753424658,15,0,19.0,15.0,14.0,0.7894736842105263,582736.0,149412120.0,149994856.0,0.0038850398976348894,93200.0,0.00932,4
RX60_seed1005_600s,RX60,1005,190,200,benign,impairment,RX60,none,rx60,0,1,1.0,16.0,16.0,0.0,0.0,15.0,15.0,15,15,15,1.0,1.0,211.53333333333333,227.0,335.79999999999995,361.0,101.44095162539962,166.8,37.87988535206666,229.49999999999997,720.8,4.8,-68.26666666666667,0.0,183.0,-77.0,0.0,73.0,42.0,42.0,0.5753424657534246,15,0,26.0,15.0,15.0,0.5769230769230769,599432.0,149400568.0,150000000.0,0.003996213333333333,128928.0,0.0128928,5
RX60_seed1005_600s,RX60,1005,200,210,benign,impairment,RX60,none,rx60,0,1,1.0,14.0,14.0,0.0,0.0,15.0,15.0,15,15,15,1.0,1.0,199.33333333333334,166.0,434.0999999999999,502.0,137.95841333359778,167.13333333333333,30.805534444007826,219.09999999999997,723.4666666666667,4.8,-68.26666666666667,0.0,172.0,-77.0,0.0,67.0,40.0,41.0,0.5970149253731343,15,0,25.0,15.0,16.0,0.6,547984.0,149452016.0,150000000.0,0.0036532266666666666,120840.0,0.012084,5
RX60_seed1005_600s,RX60,1005,210,220,benign,impairment,RX60,none,rx60,0,1,1.0,15.0,15.0,0.0,0.0,15.0,15.0,15,15,15,1.0,1.0,221.46666666666667,199.0,394.1999999999999,460.0,109.77435731449091,180.06666666666666,51.56475355825731,267.2999999999999,758.8,4.8,-64.86666666666666,1.0,178.0,-77.0,0.0,90.0,40.0,41.0,0.4444444444444444,14,1,30.0,16.0,16.0,0.5333333333333333,700976.0,149299024.0,150000000.0,0.004673173333333333,147216.0,0.0147216,5
RX60_seed1005_600s,RX60,1005,220,230,benign,impairment,RX60,none,rx60,0,1,1.0,16.0,15.0,0.0,0.0,15.0,15.0,15,15,15,1.0,1.0,190.66666666666666,154.0,343.29999999999995,379.0,114.85124955266932,168.8,30.169047525094797,223.29999999999998,742.8666666666667,4.8,-64.86666666666666,0.0,185.0,-77.0,0.0,66.0,43.0,43.0,0.6515151515151515,15,0,30.0,15.0,15.0,0.5,548464.0,149451536.0,150000000.0,0.0036564266666666667,152192.0,0.0152192,5
RX60_seed1005_600s,RX60,1005,230,240,benign,impairment,RX60,none,rx60,0,1,1.0,14.0,15.0,0.0,0.0,15.0,15.0,15,15,15,1.0,1.0,205.26666666666668,176.0,387.3,395.0,118.52514300269594,163.73333333333332,32.8382761568323,216.99999999999997,739.5333333333333,4.8,-64.86666666666666,0.0,178.0,-77.0,0.0,64.0,41.0,44.0,0.640625,15,0,20.0,14.0,16.0,0.7,575728.0,149424272.0,150000000.0,0.0038381866666666667,102704.0,0.0102704,5
RX60_seed1005_600s,RX60,1005,240,250,benign,impairment,RX60,none,rx60,0,1,1.0,16.0,15.0,0.0,0.0,15.0,15.0,15,15,15,1.0,1.0,222.8,228.0,420.9999999999999,505.0,125.39776712525627,163.13333333333333,31.2201095144658,216.89999999999998,738.6666666666666,4.8,-64.86666666666666,0.0,186.0,-77.0,0.0,79.0,44.0,43.0,0.5569620253164557,15,0,30.0,16.0,16.0,0.5333333333333333,631832.0,149368168.0,150000000.0,0.004212213333333333,153936.0,0.0153936,5
RX60_seed1005_600s,RX60,1005,250,260,benign,impairment,RX60,none,rx60,0,1,1.0,15.0,15.0,0.0,0.0,15.0,15.0,15,15,15,1.0,1.0,215.4,174.0,411.4,424.0,110.08555114740794,164.13333333333333,28.020060840829903,209.6,734.4666666666667,4.8,-64.86666666666666,0.0,190.0,-77.0,0.0,73.0,42.0,48.0,0.5753424657534246,15,0,28.0,15.0,15.0,0.5357142857142857,613600.0,149386400.0,150000000.0,0.004090666666666667,137800.0,0.01378,5
RX60_seed1005_600s,RX60,1005,260,270,benign,impairment,RX60,none,rx60,0,1,1.0,15.0,15.0,0.0,0.0,15.0,15.0,15,15,15,1.0,1.0,205.26666666666668,177.0,361.59999999999997,370.0,115.86042506066553,166.26666666666668,32.19908309845099,209.79999999999998,734.1333333333333,4.8,-64.86666666666666,0.0,189.0,-77.0,0.0,73.0,42.0,44.0,0.5753424657534246,15,0,26.0,15.0,16.0,0.5769230769230769,621208.0,149378792.0,150000000.0,0.004141386666666667,125176.0,0.0125176,5
RX60_seed1005_600s,RX60,1005,270,280,benign,impairment,RX60,none,rx60,0,1,1.0,15.0,15.0,0.0,0.0,15.0,15.0,15,15,15,1.0,1.0,187.33333333333334,169.0,345.5,356.0,106.15868625160482,165.86666666666667,31.854281315001256,213.2,733.5333333333333,4.8,-64.86666666666666,0.0,175.0,-77.0,0.0,73.0,43.0,42.0,0.589041095890411,15,0,20.0,15.0,15.0,0.75,546200.0,149453800.0,150000000.0,0.0036413333333333332,101800.0,0.01018,5
RX60_seed1005_600s,RX60,1005,280,290,benign,impairment,RX60,none,rx60,0,1,1.0,15.0,16.0,0.0,0.0,16.0,16.0,15,15,15,1.0,1.0,222.93333333333334,219.0,365.5,383.0,119.05548926366026,165.06666666666666,33.60371294677902,217.89999999999998,731.6666666666666,4.8,-64.86666666666666,0.0,181.0,-77.0,0.0,73.0,43.0,45.0,0.589041095890411,15,0,29.0,16.0,16.0,0.5517241379310345,615936.0,149384064.0,150000000.0,0.00410624,147712.0,0.0147712,5
RX60_seed1005_600s,RX60,1005,290,300,benign,impairment,RX60,none,rx60,0,1,1.0,14.0,13.0,0.0,0.0,13.0,13.0,14,13,14,0.9285714285714286,1.0,245.6153846153846,181.0,582.9999999999998,700.0,209.57319264859012,181.26666666666668,51.456592895186446,258.5999999999999,769.4666666666667,4.8,-66.2,1.0,194.0,-77.0,0.0,74.0,36.0,35.0,0.4864864864864865,14,1,27.0,13.0,13.0,0.48148148148148145,583664.0,149416336.0,150000000.0,0.003891093333333333,133344.0,0.0133344,5
RX60_seed1005_600s,RX60,1005,300,310,benign,impairment,RX60,none,rx60,0,1,1.0,15.0,13.0,1.0,0.0,14.0,14.0,14,14,14,1.0,1.0,227.85714285714286,201.5,499.75,503.0,155.48230527216677,183.93333333333334,66.81901639788596,280.6999999999998,768.1333333333333,4.8,-66.66666666666667,1.0,198.0,-77.0,0.0,78.0,41.0,41.0,0.5256410256410257,14,1,31.0,16.0,16.0,0.5161290322580645,738304.0,149261696.0,150000000.0,0.004922026666666667,151544.0,0.0151544,5
RX60_seed1005_600s,RX60,1005,310,320,benign,impairment,RX60,none,rx60,0,1,1.0,16.0,16.0,0.0,0.0,17.0,17.0,17,16,17,0.9411764705882353,1.0,275.5,180.5,820.75,880.0,263.4985135947956,179.0,59.829519708680834,264.09999999999985,780.0,4.8,-66.66666666666667,0.0,194.0,-77.0,0.0,72.0,43.0,44.0,0.5972222222222222,15,0,29.0,16.0,17.0,0.5517241379310345,620008.0,149379992.0,150000000.0,0.0041333866666666665,136408.0,0.0136408,5
RX60_seed1005_600s,RX60,1005,320,330,benign,impairment,RX60,none,rx60,0,1,1.0,15.0,16.0,1.0,0.0,14.0,14.0,14,14,14,1.0,1.0,194.71428571428572,186.5,349.35,350.0,100.08029743194179,172.66666666666666,51.383247223565924,277.59999999999997,771.8666666666667,4.8,-66.66666666666667,0.0,196.0,-77.0,0.0,66.0,43.0,43.0,0.6515151515151515,15,0,27.0,14.0,14.0,0.5185185185185185,550800.0,149449200.0,150000000.0,0.003672,128920.0,0.012892,5
RX60_seed1005_600s,RX60,1005,330,340,benign,impairment,RX60,none,rx60,0,1,1.0,15.0,15.0,0.0,0.0,17.0,17.0,16,16,16,1.0,1.0,181.3125,136.5,374.5,439.0,120.84630390155367,167.13333333333333,52.822974799481585,265.3999999999999,764.7333333333333,4.8,-66.66666666666667,0.0,194.0,-77.0,0.0,63.0,43.0,43.0,0.6825396825396826,15,0,32.0,17.0,17.0,0.53125,610072.0,149389928.0,150000000.0,0.004067146666666667,148952.0,0.0148952,5
RX60_seed1005_600s,RX60,1005,340,350,benign,impairment,RX60,none,rx60,0,1,1.0,15.0,15.0,0.0,0.0,15.0,15.0,16,16,16,1.0,1.0,224.4375,186.0,480.5,608.0,148.27945182436216,172.6,54.958165908261535,262.9999999999999,771.6666666666666,4.8,-66.66666666666667,0.0,212.0,-77.0,0.0,82.0,43.0,42.0,0.524390243902439,15,0,37.0,15.0,15.0,0.40540540540540543,664432.0,149335568.0,150000000.0,0.004429546666666667,173608.0,0.0173608,5
RX60_seed1005_600s,RX60,1005,350,360,benign,impairment,RX60,none,rx60,0,1,1.0,16.0,15.0,0.0,0.0,15.0,15.0,15,15,15,1.0,1.0,195.53333333333333,178.0,313.2,330.0,82.69035758838656,173.2,48.80017564371201,270.4,772.5333333333333,4.8,-66.66666666666667,0.0,200.0,-77.0,0.0,77.0,43.0,43.0,0.5584415584415584,15,0,25.0,15.0,15.0,0.6,596032.0,149403968.0,150000000.0,0.003973546666666667,116760.0,0.011676,5
RX60_seed1005_600s,RX60,1005,360,370,benign,impairment,RX60,none,rx60,0,1,1.0,15.0,16.0,0.0,0.0,15.0,15.0,15,15,15,1.0,1.0,190.2,183.0,360.8999999999999,398.0,101.7947514785091,160.2,35.05342860752507,206.79999999999993,773.7333333333333,4.8,-65.33333333333333,1.0,188.0,-77.0,0.0,59.0,40.0,41.0,0.6779661016949152,14,1,23.0,15.0,15.0,0.6521739130434783,570464.0,149429536.0,150000000.0,0.003803093333333333,109824.0,0.0109824,5
RX60_seed1005_600s,RX60,1005,370,380,benign,impairment,RX60,none,rx60,0,1,1.0,15.0,15.0,0.0,0.0,16.0,16.0,16,16,16,1.0,1.0,223.625,212.0,472.25,503.0,158.5958700597213,168.73333333333332,37.92749976066493,223.69999999999996,803.9333333333333,4.8,-65.33333333333333,0.0,219.0,-77.0,0.0,87.0,46.0,47.0,0.5287356321839081,15,0,34.0,16.0,17.0,0.47058823529411764,697336.0,149302664.0,150000000.0,0.004648906666666667,164040.0,0.016404,5
RX60_seed1005_600s,RX60,1005,380,390,benign,impairment,RX60,none,rx60,0,1,1.0,16.0,16.0,0.0,0.0,14.0,14.0,14,14,14,1.0,1.0,184.07142857142858,176.0,323.75,353.0,103.87452807314016,161.86666666666667,33.37635319175767,212.19999999999996,795.0666666666667,4.8,-65.33333333333333,0.0,214.0,-77.0,0.0,60.0,43.0,43.0,0.7166666666666667,15,0,26.0,14.0,14.0,0.5384615384615384,502968.0,149497032.0,150000000.0,0.00335312,122432.0,0.0122432,5
RX60_seed1005_600s,RX60,1005,390,400,benign,impairment,RX60,none,rx60,0,1,1.0,14.0,14.0,0.0,0.0,16.0,16.0,15,15,15,1.0,1.0,191.2,215.0,322.49999999999994,347.0,100.53727098515682,163.86666666666667,38.77198301179173,232.6,797.6,4.8,-65.33333333333333,0.0,189.0,-77.0,0.0,70.0,42.0,42.0,0.6,15,0,20.0,16.0,16.0,0.8,546872.0,149453128.0,150000000.0,0.0036458133333333335,105848.0,0.0105848,5
RX60_seed1005_600s,RX60,1005,400,410,benign,impairment,RX60,none,rx60,0,1,1.0,15.0,14.0,0.0,0.0,14.0,14.0,15,15,15,1.0,1.0,184.93333333333334,187.0,345.09999999999997,371.0,122.30609531982024,163.46666666666667,38.14795756874366,231.89999999999998,797.0666666666667,4.8,-65.33333333333333,0.0,191.0,-77.0,0.0,66.0,41.0,40.0,0.6212121212121212,15,0,24.0,14.0,14.0,0.5833333333333334,561912.0,149438088.0,150000000.0,0.00374608,113016.0,0.0113016,5
RX60_seed1005_600s,RX60,1005,410,420,benign,impairment,RX60,none,rx60,0,1,1.0,16.0,17.0,0.0,0.0,15.0,15.0,15,15,15,1.0,1.0,201.46666666666667,179.0,466.9999999999999,558.0,137.10156124289068,157.66666666666666,36.556544590277575,220.7,776.0666666666667,4.8,-66.86666666666666,1.0,233.0,-77.0,0.0,52.0,43.0,46.0,0.8269230769230769,14,1,45.0,15.0,16.0,0.3333333333333333,591992.0,149412408.0,150004400.0,0.00394649756940463,200360.0,0.020036,5
RX60_seed1005_600s,RX60,1005,420,430,benign,impairment,RX60,none,rx60,0,1,1.0,14.0,14.0,0.0,0.0,16.0,16.0,16,16,16,1.0,1.0,199.0,173.0,386.25,492.0,132.29008529238564,152.46666666666667,29.849304051869492,202.49999999999997,769.4666666666667,4.8,-66.86666666666666,0.0,232.0,-77.0,0.0,63.0,43.0,42.0,0.6825396825396826,15,0,36.0,16.0,17.0,0.4444444444444444,588520.0,149407080.0,149995600.0,0.003923581758398247,182336.0,0.0182336,5
RX60_seed1005_600s,RX60,1005,430,440,benign,impairment,RX60,none,rx60,0,1,1.0,17.0,16.0,0.0,0.0,15.0,15.0,15,15,15,1.0,1.0,225.26666666666668,148.0,546.5999999999997,786.0,195.68869836213503,152.66666666666666,25.778359325678768,185.2,769.6,4.8,-66.86666666666666,0.0,270.0,-77.0,0.0,65.0,43.0,43.0,0.6615384615384615,15,0,39.0,14.0,15.0,0.358974358974359,573344.0,149426656.0,150000000.0,0.003822293333333333,165720.0,0.016572,5
RX60_seed1005_600s,RX60,1005,440,450,benign,impairment,RX60,none,rx60,0,1,1.0,14.0,15.0,0.0,0.0,16.0,16.0,16,16,16,1.0,1.0,187.1875,174.0,318.5,326.0,96.46292465674743,164.26666666666668,50.231559042195016,240.3999999999999,778.9333333333333,4.8,-66.86666666666666,0.0,257.0,-77.0,0.0,73.0,41.0,46.0,0.5616438356164384,15,0,36.0,15.0,17.0,0.4166666666666667,642528.0,149357472.0,150000000.0,0.00428352,165592.0,0.0165592,5
RX60_seed1005_600s,RX60,1005,450,460,benign,impairment,RX60,none,rx60,0,1,1.0,15.0,14.0,0.0,0.0,14.0,14.0,14,14,14,1.0,1.0,263.57142857142856,236.5,474.29999999999995,525.0,150.53326455060935,185.0,73.6943494635589,322.99999999999994,791.0,4.8,-67.53333333333333,1.0,220.0,-77.0,0.0,79.0,39.0,39.0,0.4936708860759494,14,1,26.0,14.0,14.0,0.5384615384615384,619880.0,149380120.0,150000000.0,0.004132533333333333,124960.0,0.012496,5
RX60_seed1005_600s,RX60,1005,460,470,benign,impairment,RX60,none,rx60,0,1,1.0,14.0,15.0,0.0,0.0,13.0,13.0,14,14,14,1.0,1.0,229.42857142857142,187.0,526.4499999999999,674.0,166.79914881064605,179.93333333333334,70.08104152302805,323.59999999999997,784.4666666666667,4.8,-67.53333333333333,0.0,202.0,-77.0,0.0,67.0,44.0,47.0,0.6567164179104478,15,0,25.0,14.0,14.0,0.56,629832.0,149372024.0,150001856.0,0.004198828046500971,125528.0,0.0125528,5
RX60_seed1005_600s,RX60,1005,470,480,benign,impairment,RX60,none,rx60,0,1,1.0,16.0,16.0,0.0,0.0,17.0,17.0,16,16,16,1.0,1.0,193.75,198.5,380.25,447.0,108.10827905391889,189.73333333333332,69.44521650364476,312.3,796.8666666666667,4.8,-67.53333333333333,0.0,183.0,-77.0,0.0,84.0,44.0,46.0,0.5238095238095238,15,0,25.0,17.0,17.0,0.68,715024.0,149284552.0,149999576.0,0.004766840140934798,125224.0,0.0125224,5
RX60_seed1005_600s,RX60,1005,480,490,benign,impairment,RX60,none,rx60,0,1,1.0,15.0,15.0,0.0,0.0,14.0,14.0,14,14,14,1.0,1.0,218.0,172.5,451.35,452.0,138.14429468438482,183.73333333333332,58.172731297977286,268.69999999999993,786.2,4.8,-67.53333333333333,0.0,194.0,-77.0,0.0,72.0,40.0,41.0,0.5555555555555556,15,0,30.0,14.0,15.0,0.4666666666666667,623400.0,149375168.0,149998568.0,0.004156039676325443,144360.0,0.014436,5
RX60_seed1005_600s,RX60,1005,490,500,benign,impairment,RX60,none,rx60,0,1,1.0,14.0,14.0,0.0,0.0,16.0,16.0,16,16,16,1.0,1.0,192.875,185.5,339.5,473.0,102.95104014368512,172.93333333333334,49.97494610397533,248.99999999999991,774.1333333333333,4.8,-67.53333333333333,0.0,185.0,-77.0,0.0,61.0,43.0,45.0,0.7049180327868853,15,0,27.0,16.0,16.0,0.5925925925925926,529400.0,149470600.0,150000000.0,0.0035293333333333335,127848.0,0.0127848,5
RX60_seed1005_600s,RX60,1005,500,510,benign,impairment,RX60,none,rx60,0,1,1.0,16.0,16.0,0.0,0.0,15.0,15.0,15,15,15,1.0,1.0,182.46666666666667,145.0,413.9,416.0,116.35467125908407,179.66666666666666,59.479488261160455,297.19999999999993,782.4666666666667,4.8,-67.53333333333333,2.0,176.0,-77.0,0.0,75.0,45.0,46.0,0.6,14,1,23.0,16.0,16.0,0.6956521739130435,710640.0,149289360.0,150000000.0,0.0047376,118272.0,0.0118272,5
RX60_seed1005_600s,RX60,1005,510,520,benign,impairment,RX60,none,rx60,0,1,1.0,14.0,14.0,0.0,0.0,13.0,13.0,13,13,13,1.0,1.0,175.76923076923077,129.0,356.79999999999995,367.0,109.1872656236018,174.8,45.0859496644227,256.4,776.3333333333334,4.8,-67.53333333333333,0.0,171.0,-77.0,0.0,62.0,37.0,37.0,0.5967741935483871,15,0,18.0,13.0,14.0,0.7222222222222222,529256.0,149470744.0,150000000.0,0.003528373333333333,89256.0,0.0089256,5
RX60_seed1005_600s,RX60,1005,520,530,benign,impairment,RX60,none,rx60,0,1,1.0,15.0,15.0,0.0,0.0,17.0,17.0,16,16,16,1.0,1.0,201.875,207.5,329.25,402.0,92.78855892116586,171.2,43.81324000801584,258.3,771.6,4.8,-67.53333333333333,0.0,177.0,-77.0,0.0,79.0,45.0,44.0,0.569620253164557,15,0,28.0,16.0,17.0,0.5714285714285714,626832.0,149373168.0,150000000.0,0.00417888,144144.0,0.0144144,5
RX60_seed1006_600s,RX60,1006,190,200,benign,impairment,RX60,none,rx60,0,1,1.0,15.0,15.0,0.0,0.0,14.0,14.0,16,16,16,1.0,1.0,212.1875,169.0,467.75,539.0,149.68376387125852,161.8,33.29350000911804,215.3,717.1333333333333,4.8,-67.6,0.0,248.0,-77.0,0.0,63.0,40.0,38.0,0.6349206349206349,15,0,33.0,14.0,14.0,0.42424242424242425,557176.0,149442824.0,150000000.0,0.0037145066666666665,144856.0,0.0144856,1
RX60_seed1006_600s,RX60,1006,200,210,benign,impairment,RX60,none,rx60,0,1,1.0,16.0,15.0,0.0,0.0,17.0,17.0,15,14,15,0.9333333333333333,1.0,215.92857142857142,230.0,435.19999999999993,573.0,148.24951123837673,160.66666666666666,27.15738959332818,188.79999999999998,715.8,4.8,-67.6,0.0,239.0,-77.0,0.0,77.0,47.0,43.0,0.6103896103896104,15,0,30.0,17.0,17.0,0.5666666666666667,650208.0,149349792.0,150000000.0,0.00433472,152672.0,0.0152672,1
RX60_seed1006_600s,RX60,1006,210,220,benign,impairment,RX60,none,rx60,0,1,1.0,15.0,15.0,1.0,0.0,15.0,15.0,15,15,15,1.0,1.0,213.66666666666666,195.0,421.59999999999974,605.0,139.66217744802566,156.86666666666667,33.01485956930534,210.29999999999995,711.0666666666667,4.8,-67.6,0.0,234.0,-77.0,0.0,66.0,42.0,39.0,0.6363636363636364,15,0,25.0,15.0,15.0,0.6,588560.0,149411440.0,150000000.0,0.003923733333333334,124744.0,0.0124744,1
RX60_seed1006_600s,RX60,1006,220,230,benign,impairment,RX60,none,rx60,0,1,1.0,14.0,14.0,0.0,0.0,13.0,13.0,15,15,15,1.0,1.0,194.2,184.0,359.3999999999999,407.0,102.19533117655482,154.6,25.894842288433754,196.5,707.4666666666667,4.8,-67.6,0.0,240.0,-77.0,0.0,57.0,36.0,37.0,0.631578947368421,15,0,27.0,13.0,13.0,0.48148148148148145,503928.0,149496072.0,150000000.0,0.00335952,119968.0,0.0119968,1
RX60_seed1006_600s,RX60,1006,230,240,benign,impairment,RX60,none,rx60,0,1,1.0,15.0,15.0,0.0,0.0,15.0,15.0,15,15,15,1.0,1.0,204.2,196.0,356.7999999999999,431.0,102.85996027887347,153.4,27.189283603234987,196.2,698.0,4.8,-67.6,0.0,249.0,-77.0,0.0,66.0,42.0,43.0,0.6363636363636364,15,0,34.0,15.0,17.0,0.4411764705882353,590440.0,149409560.0,150000000.0,0.003936266666666667,155400.0,0.01554,1
RX60_seed1006_600s,RX60,1006,240,250,benign,impairment,RX60,none,rx60,0,1,1.0,15.0,14.0,0.0,0.0,15.0,15.0,14,14,14,1.0,1.0,240.64285714285714,182.0,489.0,515.0,164.58834763076084,172.33333333333334,54.18838392479473,262.5999999999999,718.1333333333333,4.8,-66.86666666666666,1.0,242.0,-77.0,0.0,83.0,42.0,40.0,0.5060240963855421,14,1,29.0,16.0,17.0,0.5517241379310345,758552.0,149241448.0,150000000.0,0.005057013333333333,144968.0,0.0144968,1
RX60_seed1006_600s,RX60,1006,250,260,benign,impairment,RX60,none,rx60,0,1,1.0,16.0,15.0,0.0,0.0,14.0,14.0,15,15,15,1.0,1.0,201.6,189.0,382.7999999999999,450.0,120.85457612944812,169.86666666666667,34.24880950311926,226.7,747.1333333333333,4.8,-67.66666666666667,1.0,255.0,-77.0,0.0,83.0,45.0,44.0,0.5421686746987951,14,1,36.0,15.0,15.0,0.4166666666666667,859448.0,149140552.0,150000000.0,0.0057296533333333335,164720.0,0.016472,1
RX60_seed1006_600s,RX60,1006,260,270,benign,impairment,RX60,none,rx60,0,1,1.0,15.0,17.0,0.0,0.0,17.0,17.0,15,15,15,1.0,1.0,277.93333333333334,187.0,658.1999999999994,1109.0,261.6416487888585,170.13333333333333,40.79367364584623,234.2,882.2666666666667,4.8,-67.13333333333334,5.0,230.0,-77.0,0.0,75.0,48.0,52.0,0.64,12,3,30.0,20.0,21.0,0.6666666666666666,1124696.0,148875304.0,150000000.0,0.007497973333333333,155616.0,0.0155616,1
RX60_seed1006_600s,RX60,1006,270,280,benign,impairment,RX60,none,rx60,0,1,1.0,15.0,15.0,0.0,0.0,16.0,16.0,17,17,17,1.0,1.0,236.0,206.0,461.5999999999999,536.0,152.19108055336224,165.73333333333332,44.69174846604662,235.79999999999993,900.4,4.8,-67.13333333333334,2.0,221.0,-77.0,0.0,79.0,52.0,54.0,0.6582278481012658,14,1,24.0,17.0,17.0,0.7083333333333334,859856.0,149140144.0,150000000.0,0.005732373333333333,115920.0,0.011592,1
RX60_seed1006_600s,RX60,1006,280,290,benign,impairment,RX60,none,rx60,0,1,1.0,15.0,15.0,0.0,0.0,14.0,14.0,14,14,14,1.0,1.0,196.42857142857142,141.0,484.8499999999999,609.0,158.09039005762313,162.66666666666666,47.151225808435726,240.99999999999991,890.5333333333333,4.8,-67.13333333333334,0.0,212.0,-77.0,0.0,64.0,44.0,45.0,0.6875,15,0,18.0,14.0,14.0,0.7777777777777778,619832.0,149380168.0,150000000.0,0.004132213333333333,90440.0,0.009044,1
RX60_seed1006_600s,RX60,1006,290,300,benign,impairment,RX60,none,rx60,0,1,1.0,15.0,15.0,0.0,0.0,16.0,16.0,16,16,16,1.0,1.0,235.375,239.0,481.0,505.0,146.71326911132928,166.66666666666666,42.39216010178342,237.09999999999994,896.0,4.8,-67.13333333333334,0.0,237.0,-77.0,0.0,82.0,48.0,48.0,0.5853658536585366,15,0,35.0,16.0,16.0,0.45714285714285713,681800.0,149318200.0,150000000.0,0.0045453333333333335,162528.0,0.0162528,1
RX60_seed1006_600s,RX60,1006,300,310,benign,impairment,RX60,none,rx60,0,1,1.0,16.0,16.0,0.0,0.0,15.0,15.0,15,15,15,1.0,1.0,196.13333333333333,167.0,392.79999999999995,411.0,122.24849789709172,162.66666666666666,33.65086852342674,211.19999999999993,881.4,4.8,-66.13333333333334,1.0,244.0,-77.0,0.0,71.0,44.0,44.0,0.6197183098591549,14,1,31.0,15.0,15.0,0.4838709677419355,659088.0,149345800.0,150004888.0,0.0043937768214593114,141552.0,0.0141552,1
RX60_seed1006_600s,RX60,1006,310,320,benign,impairment,RX60,none,rx60,0,1,1.0,14.0,14.0,0.0,0.0,14.0,14.0,15,15,15,1.0,1.0,238.26666666666668,236.0,448.99999999999994,477.0,160.47094381701572,167.2,36.94435970869863,229.7,894.1333333333333,4.8,-66.13333333333334,0.0,262.0,-77.0,0.0,84.0,47.0,50.0,0.5595238095238095,15,0,34.0,15.0,15.0,0.4411764705882353,704456.0,149290656.0,149995112.0,0.0046965263774728875,168272.0,0.0168272,1
RX60_seed1006_600s,RX60,1006,320,330,benign,impairment,RX60,none,rx60,0,1,1.0,15.0,15.0,0.0,0.0,15.0,15.0,15,15,15,1.0,1.0,197.13333333333333,193.0,367.8999999999999,426.0,121.75377181993562,162.2,35.36584308542435,233.79999999999998,887.6666666666666,4.8,-66.13333333333334,0.0,235.0,-77.0,0.0,64.0,44.0,44.0,0.6875,15,0,19.0,15.0,15.0,0.7894736842105263,578736.0,149421264.0,150000000.0,0.00385824,96672.0,0.0096672,1
RX60_seed1006_600s,RX60,1006,330,340,benign,impairment,RX60,none,rx60,0,1,1.0,15.0,15.0,0.0,0.0,15.0,15.0,15,15,15,1.0,1.0,240.6,197.0,432.29999999999995,454.0,128.53670959801997,170.8,40.45667877054241,235.29999999999993,898.8666666666667,4.8,-66.13333333333334,0.0,239.0,-77.0,0.0,82.0,44.0,44.0,0.5365853658536586,15,0,30.0,15.0,15.0,0.5,689432.0,149310568.0,150000000.0,0.004596213333333333,145664.0,0.0145664,1
RX60_seed1006_600s,RX60,1006,340,350,benign,impairment,RX60,none,rx60,0,1,1.0,16.0,15.0,0.0,0.0,16.0,16.0,15,15,15,1.0,1.0,164.93333333333334,158.0,292.79999999999995,311.0,91.19795319340597,162.66666666666666,39.13833828625742,216.99999999999991,888.2,4.8,-66.13333333333334,0.0,224.0,-77.0,0.0,58.0,44.0,44.0,0.7586206896551724,15,0,22.0,16.0,16.0,0.7272727272727273,502304.0,149497696.0,150000000.0,0.0033486933333333334,106248.0,0.0106248,1
RX60_seed1006_600s,RX60,1006,350,360,benign,impairment,RX60,none,rx60,0,1,1.0,14.0,15.0,0.0,0.0,14.0,14.0,15,15,15,1.0,1.0,183.6,191.0,305.8999999999999,357.0,90.50161798080109,165.33333333333334,36.0647565729573,236.09999999999997,891.7333333333333,4.8,-66.13333333333334,0.0,217.0,-77.0,0.0,74.0,44.0,44.0,0.5945945945945946,15,0,19.0,14.0,14.0,0.7368421052631579,613192.0,149386808.0,150000000.0,0.004087946666666667,95336.0,0.0095336,1
RX60_seed1006_600s,RX60,1006,360,370,benign,impairment,RX60,none,rx60,0,1,1.0,15.0,15.0,0.0,0.0,15.0,15.0,14,14,14,1.0,1.0,206.71428571428572,207.5,439.95,464.0,135.73924582501132,168.6,43.17208092539172,246.89999999999992,895.8666666666667,4.8,-66.13333333333334,0.0,222.0,-77.0,0.0,74.0,43.0,42.0,0.581081081081081,15,0,25.0,15.0,15.0,0.6,562688.0,149437312.0,150000000.0,0.003751253333333333,121928.0,0.0121928,1
RX60_seed1006_600s,RX60,1006,370,380,benign,impairment,RX60,none,rx60,0,1,1.0,15.0,14.0,0.0,0.0,16.0,16.0,15,15,15,1.0,1.0,184.66666666666666,163.0,309.99999999999994,352.0,87.38475403693276,162.26666666666668,38.92202216642668,218.8999999999999,887.7333333333333,4.8,-66.13333333333334,0.0,219.0,-77.0,0.0,62.0,45.0,44.0,0.7258064516129032,15,0,24.0,16.0,16.0,0.6666666666666666,578872.0,149427072.0,150005944.0,0.0038589937476077615,114648.0,0.0114648,1
RX60_seed1006_600s,RX60,1006,380,390,benign,impairment,RX60,none,rx60,0,1,1.0,15.0,16.0,0.0,0.0,15.0,15.0,15,15,15,1.0,1.0,182.2,156.0,346.4,352.0,107.65699499534885,155.86666666666667,36.23705023210098,203.6999999999999,872.1333333333333,4.8,-66.13333333333334,0.0,219.0,-77.0,0.0,57.0,44.0,47.0,0.7719298245614035,15,0,23.0,15.0,15.0,0.6521739130434783,538568.0,149455488.0,149994056.0,0.00359059561666897,111456.0,0.0111456,1
RX60_seed1006_600s,RX60,1006,390,400,benign,impairment,RX60,none,rx60,0,1,1.0,15.0,15.0,0.0,0.0,15.0,15.0,16,16,16,1.0,1.0,206.3125,217.5,421.75,478.0,128.04359609133132,155.66666666666666,35.81633040680639,205.99999999999991,871.7333333333333,4.8,-66.13333333333334,0.0,236.0,-77.0,0.0,66.0,44.0,44.0,0.6666666666666666,15,0,33.0,15.0,15.0,0.45454545454545453,585616.0,149419040.0,150004656.0,0.0039039854869571517,154128.0,0.0154128,1
RX60_seed1006_600s,RX60,1006,400,410,benign,impairment,RX60,none,rx60,0,1,1.0,15.0,15.0,0.0,0.0,15.0,15.0,15,15,15,1.0,1.0,213.73333333333332,188.0,411.3999999999999,473.0,132.50577705285514,159.13333333333333,39.08939693038193,210.2999999999999,876.3333333333334,4.8,-66.13333333333334,0.0,226.0,-77.0,0.0,73.0,46.0,46.0,0.6301369863013698,15,0,23.0,15.0,15.0,0.6521739130434783,639600.0,149355744.0,149995344.0,0.004264132358668413,113624.0,0.0113624,1
RX60_seed1006_600s,RX60,1006,410,420,benign,impairment,RX60,none,rx60,0,1,1.0,15.0,15.0,0.0,0.0,14.0,14.0,15,15,15,1.0,1.0,215.26666666666668,232.0,403.4,423.0,122.32303057692697,159.46666666666667,38.92459132121761,227.99999999999994,876.6,4.8,-66.13333333333334,0.0,230.0,-77.0,0.0,65.0,43.0,42.0,0.6615384615384615,15,0,25.0,14.0,14.0,0.56,514432.0,149485568.0,150000000.0,0.0034295466666666666,117192.0,0.0117192,1
RX60_seed1006_600s,RX60,1006,420,430,benign,impairment,RX60,none,rx60,0,1,1.0,15.0,15.0,0.0,0.0,15.0,15.0,15,15,15,1.0,1.0,205.06666666666666,215.0,362.9999999999999,433.0,113.73243454119263,157.53333333333333,36.10078484834737,215.19999999999996,874.1333333333333,4.8,-66.13333333333334,0.0,239.0,-77.0,0.0,64.0,44.0,44.0,0.6875,15,0,30.0,15.0,15.0,0.5,555296.0,149444704.0,150000000.0,0.0037019733333333335,142312.0,0.0142312,1
RX60_seed1006_600s,RX60,1006,430,440,benign,impairment,RX60,none,rx60,0,1,1.0,15.0,15.0,0.0,0.0,15.0,15.0,15,15,15,1.0,1.0,218.33333333333334,204.0,473.4999999999999,540.0,145.2616686567808,157.4,35.35493499600061,212.29999999999995,874.2666666666667,4.8,-66.13333333333334,0.0,227.0,-77.0,0.0,67.0,43.0,44.0,0.6417910447761194,15,0,21.0,15.0,15.0,0.7142857142857143,608408.0,149391592.0,150000000.0,0.004056053333333334,104432.0,0.0104432,1
RX60_seed1006_600s,RX60,1006,440,450,benign,impairment,RX60,none,rx60,0,1,1.0,15.0,15.0,0.0,0.0,16.0,16.0,15,15,15,1.0,1.0,171.66666666666666,170.0,323.8999999999999,368.0,88.61769145094696,153.0,30.652429407331297,201.09999999999997,868.5333333333333,4.8,-66.13333333333334,0.0,221.0,-77.0,0.0,62.0,46.0,49.0,0.7419354838709677,15,0,22.0,16.0,16.0,0.7272727272727273,625712.0,149374288.0,150000000.0,0.004171413333333334,113960.0,0.011396,1
RX60_seed1006_600s,RX60,1006,450,460,benign,impairment,RX60,none,rx60,0,1,1.0,17.0,16.0,0.0,0.0,15.0,15.0,16,16,16,1.0,1.0,207.0,175.5,452.75,458.0,129.41973059262125,150.6,30.37339060992133,204.79999999999998,865.5333333333333,4.8,-66.13333333333334,0.0,213.0,-77.0,0.0,67.0,48.0,46.0,0.7164179104477612,15,0,19.0,15.0,15.0,0.7894736842105263,595664.0,149404336.0,150000000.0,0.003971093333333333,100272.0,0.0100272,1
RX60_seed1006_600s,RX60,1006,460,470,benign,impairment,RX60,none,rx60,0,1,1.0,14.0,14.0,0.0,0.0,15.0,15.0,15,15,15,1.0,1.0,210.6,206.0,392.4,412.0,115.87480929249217,150.93333333333334,23.974589722891032,191.39999999999998,865.8666666666667,4.8,-66.13333333333334,0.0,208.0,-77.0,0.0,64.0,42.0,42.0,0.65625,15,0,20.0,15.0,15.0,0.75,566336.0,149433664.0,150000000.0,0.0037755733333333335,102016.0,0.0102016,1
RX60_seed1006_600s,RX60,1006,470,480,benign,impairment,RX60,none,rx60,0,1,1.0,15.0,16.0,0.0,0.0,15.0,15.0,15,15,15,1.0,1.0,194.0,197.0,354.69999999999993,389.0,99.57122361118485,162.0,30.654759593157564,212.39999999999998,883.8666666666667,4.8,-66.13333333333334,0.0,215.0,-77.0,0.0,88.0,44.0,47.0,0.5,15,0,24.0,15.0,16.0,0.625,680880.0,149319120.0,150000000.0,0.0045392,124384.0,0.0124384,1
RX60_seed1006_600s,RX60,1006,480,490,benign,impairment,RX60,none,rx60,0,1,1.0,15.0,15.0,0.0,0.0,15.0,15.0,15,15,15,1.0,1.0,199.26666666666668,217.0,375.29999999999995,425.0,123.8036848439996,156.6,20.254805426296816,190.79999999999998,876.2666666666667,4.8,-66.13333333333334,0.0,210.0,-77.0,0.0,65.0,44.0,47.0,0.676923076923077,15,0,19.0,15.0,15.0,0.7894736842105263,644200.0,149355800.0,150000000.0,0.004294666666666666,95000.0,0.0095,1
RX60_seed1006_600s,RX60,1006,490,500,benign,impairment,RX60,none,rx60,0,1,1.0,15.0,15.0,0.0,0.0,15.0,15.0,15,15,15,1.0,1.0,206.2,196.0,382.4999999999999,442.0,117.96561242279768,162.8,22.782198564418042,196.5,884.5333333333333,4.8,-66.13333333333334,0.0,213.0,-77.0,0.0,80.0,44.0,44.0,0.55,15,0,23.0,15.0,15.0,0.6521739130434783,606432.0,149393568.0,150000000.0,0.00404288,112232.0,0.0112232,1
RX60_seed1006_600s,RX60,1006,500,510,benign,impairment,RX60,none,rx60,0,1,1.0,15.0,15.0,0.0,0.0,15.0,15.0,15,15,15,1.0,1.0,204.4,176.0,346.69999999999993,395.0,99.06621162492428,159.2,20.48414020651099,184.59999999999997,879.7333333333333,4.8,-66.13333333333334,0.0,232.0,-77.0,0.0,66.0,44.0,44.0,0.6666666666666666,15,0,30.0,15.0,15.0,0.5,553512.0,149446488.0,150000000.0,0.00369008,143544.0,0.0143544,1
RX60_seed1006_600s,RX60,1006,510,520,benign,impairment,RX60,none,rx60,0,1,1.0,15.0,15.0,0.0,0.0,15.0,15.0,15,15,15,1.0,1.0,208.46666666666667,240.0,379.29999999999995,401.0,116.73527234526765,162.86666666666667,27.42487574308787,204.2,884.4666666666667,4.8,-66.13333333333334,0.0,232.0,-77.0,0.0,78.0,44.0,44.0,0.5641025641025641,15,0,28.0,15.0,15.0,0.5357142857142857,632264.0,149367736.0,150000000.0,0.004215093333333334,126184.0,0.0126184,1
RX60_seed1006_600s,RX60,1006,520,530,benign,impairment,RX60,none,rx60,0,1,1.0,15.0,15.0,0.0,0.0,15.0,15.0,15,15,15,1.0,1.0,222.33333333333334,230.0,409.4,415.0,142.36104336041748,165.8,26.89184687914589,193.79999999999998,888.2,4.8,-66.13333333333334,0.0,216.0,-77.0,0.0,75.0,44.0,42.0,0.5866666666666667,15,0,18.0,15.0,16.0,0.8333333333333334,579800.0,149420200.0,150000000.0,0.0038653333333333335,93192.0,0.0093192,1
RX60_seed1007_600s,RX60,1007,190,200,benign,impairment,RX60,none,rx60,0,1,1.0,14.0,14.0,0.0,0.0,14.0,14.0,14,14,14,1.0,1.0,183.21428571428572,162.0,316.75,320.0,89.6232958824611,177.46666666666667,45.91430942009049,250.99999999999997,721.8666666666667,4.8,-66.33333333333333,0.0,223.0,-77.0,0.0,76.0,41.0,41.0,0.5394736842105263,15,0,27.0,14.0,14.0,0.5185185185185185,533360.0,149466640.0,150000000.0,0.0035557333333333333,136256.0,0.0136256,2
RX60_seed1007_600s,RX60,1007,200,210,benign,impairment,RX60,none,rx60,0,1,1.0,15.0,15.0,0.0,0.0,15.0,15.0,15,15,15,1.0,1.0,199.0,155.0,366.0,373.0,109.41010661073055,169.8,39.25957571999838,234.6,712.0,4.8,-66.33333333333333,0.0,222.0,-77.0,0.0,63.0,43.0,45.0,0.6825396825396826,15,0,28.0,15.0,15.0,0.5357142857142857,524864.0,149475136.0,150000000.0,0.003499093333333333,143832.0,0.0143832,2
RX60_seed1007_600s,RX60,1007,210,220,benign,impairment,RX60,none,rx60,0,1,1.0,15.0,15.0,0.0,0.0,15.0,15.0,15,15,15,1.0,1.0,236.86666666666667,268.0,388.69999999999993,430.0,107.51801620902336,167.0,35.276459167957476,225.79999999999998,708.4666666666667,4.8,-66.33333333333333,0.0,235.0,-77.0,0.0,70.0,44.0,44.0,0.6285714285714286,15,0,35.0,15.0,15.0,0.42857142857142855,624168.0,149375832.0,150000000.0,0.00416112,164584.0,0.0164584,2
RX60_seed1007_600s,RX60,1007,220,230,benign,impairment,RX60,none,rx60,0,1,1.0,15.0,15.0,0.0,0.0,15.0,15.0,15,15,15,1.0,1.0,181.8,154.0,334.9,337.0,108.46935050971773,168.33333333333334,37.844921657180045,234.89999999999998,694.2,4.8,-66.46666666666667,1.0,224.0,-77.0,0.0,74.0,41.0,43.0,0.5540540540540541,14,1,28.0,16.0,17.0,0.5714285714285714,590200.0,149409800.0,150000000.0,0.003934666666666667,138984.0,0.0138984,2
RX60_seed1007_600s,RX60,1007,230,240,benign,impairment,RX60,none,rx60,0,1,1.0,16.0,16.0,0.0,0.0,16.0,16.0,16,16,16,1.0,1.0,192.9375,184.5,452.0,587.0,144.9218036275655,168.26666666666668,37.62496638188658,224.29999999999998,697.0666666666667,4.8,-66.46666666666667,0.0,224.0,-77.0,0.0,76.0,44.0,44.0,0.5789473684210527,15,0,32.0,16.0,17.0,0.5,598600.0,149401400.0,150000000.0,0.003990666666666667,151472.0,0.0151472,2
RX60_seed1007_600s,RX60,1007,240,250,benign,impairment,RX60,none,rx60,0,1,1.0,15.0,15.0,0.0,0.0,15.0,15.0,15,15,15,1.0,1.0,198.4,173.0,350.7999999999999,404.0,93.56953106036785,172.66666666666666,41.62702876508872,238.0,702.8666666666667,4.8,-66.46666666666667,0.0,209.0,-77.0,0.0,76.0,41.0,42.0,0.5394736842105263,15,0,21.0,15.0,15.0,0.7142857142857143,540888.0,149459112.0,150000000.0,0.00360592,109064.0,0.0109064,2
RX60_seed1007_600s,RX60,1007,250,260,benign,impairment,RX60,none,rx60,0,1,1.0,15.0,15.0,0.0,0.0,15.0,15.0,15,15,15,1.0,1.0,188.6,168.0,361.7,382.0,114.02869313090832,165.86666666666667,37.69400609165992,230.6,698.6,4.8,-66.46666666666667,0.0,203.0,-77.0,0.0,60.0,42.0,43.0,0.7,15,0,23.0,15.0,15.0,0.6521739130434783,565480.0,149434520.0,150000000.0,0.0037698666666666665,114640.0,0.011464,2
RX60_seed1007_600s,RX60,1007,260,270,benign,impairment,RX60,none,rx60,0,1,1.0,15.0,15.0,0.0,0.0,15.0,15.0,15,15,15,1.0,1.0,201.93333333333334,175.0,372.4,392.0,97.72809704676006,165.93333333333334,33.908420080873015,216.9,699.8666666666667,4.8,-66.46666666666667,0.0,196.0,-77.0,0.0,70.0,42.0,43.0,0.6,15,0,21.0,15.0,15.0,0.7142857142857143,581800.0,149418200.0,150000000.0,0.0038786666666666665,107744.0,0.0107744,2
RX60_seed1007_600s,RX60,1007,270,280,benign,impairment,RX60,none,rx60,0,1,1.0,16.0,15.0,0.0,0.0,16.0,16.0,15,15,15,1.0,1.0,272.2,234.0,644.4,678.0,203.4794478916377,168.4,32.217563976368986,211.39999999999998,709.9333333333333,4.8,-66.46666666666667,0.0,207.0,-77.0,0.0,77.0,43.0,44.0,0.5584415584415584,15,0,29.0,15.0,17.0,0.5172413793103449,639040.0,149360960.0,150000000.0,0.004260266666666667,136904.0,0.0136904,2
RX60_seed1007_600s,RX60,1007,280,290,benign,impairment,RX60,none,rx60,0,1,1.0,15.0,16.0,0.0,0.0,15.0,15.0,15,15,15,1.0,1.0,226.4,186.0,486.29999999999995,515.0,149.168552794673,168.0,28.430366059650275,200.79999999999998,709.3333333333334,4.8,-66.46666666666667,0.0,205.0,-77.0,0.0,77.0,44.0,45.0,0.5714285714285714,15,0,27.0,16.0,15.0,0.5925925925925926,657688.0,149342312.0,150000000.0,0.0043845866666666665,132592.0,0.0132592,2
RX60_seed1007_600s,RX60,1007,290,300,benign,impairment,RX60,none,rx60,0,1,1.0,14.0,14.0,0.0,0.0,14.0,14.0,15,15,15,1.0,1.0,198.2,209.0,379.09999999999985,489.0,119.21421295897807,166.93333333333334,29.57428097584276,215.79999999999998,710.2666666666667,4.8,-66.46666666666667,0.0,195.0,-77.0,0.0,64.0,40.0,44.0,0.625,15,0,19.0,14.0,14.0,0.7368421052631579,546352.0,149453648.0,150000000.0,0.0036423466666666666,92008.0,0.0092008,2
RX60_seed1007_600s,RX60,1007,300,310,benign,impairment,RX60,none,rx60,0,1,1.0,16.0,16.0,0.0,0.0,16.0,16.0,16,16,16,1.0,1.0,187.1875,190.5,320.75,335.0,96.4221404381103,158.2,27.836769106448294,206.79999999999998,699.1333333333333,4.8,-66.46666666666667,0.0,208.0,-77.0,0.0,55.0,43.0,43.0,0.7818181818181819,15,0,31.0,16.0,16.0,0.5161290322580645,513936.0,149486064.0,150000000.0,0.00342624,141944.0,0.0141944,2
RX60_seed1007_600s,RX60,1007,310,320,benign,impairment,RX60,none,rx60,0,1,1.0,15.0,15.0,0.0,0.0,15.0,15.0,14,14,14,1.0,1.0,200.5,234.5,368.55,377.0,116.23169831120809,151.4,28.0045914602792,202.9,690.6,4.8,-66.46666666666667,0.0,206.0,-77.0,0.0,55.0,43.0,43.0,0.7818181818181819,15,0,25.0,15.0,16.0,0.6,543088.0,149456912.0,150000000.0,0.0036205866666666666,117920.0,0.011792,2
RX60_seed1007_600s,RX60,1007,320,330,benign,impairment,RX60,none,rx60,0,1,1.0,14.0,14.0,0.0,0.0,15.0,15.0,15,15,15,1.0,1.0,232.46666666666667,221.0,545.8,613.0,152.92148623519506,158.93333333333334,31.365282596861014,205.79999999999998,700.2666666666667,4.8,-66.46666666666667,0.0,221.0,-77.0,0.0,74.0,40.0,40.0,0.5405405405405406,15,0,34.0,15.0,15.0,0.4411764705882353,616584.0,149383416.0,150000000.0,0.00411056,154904.0,0.0154904,2
RX60_seed1007_600s,RX60,1007,330,340,benign,impairment,RX60,none,rx60,0,1,1.0,16.0,16.0,0.0,0.0,15.0,15.0,16,16,16,1.0,1.0,191.9375,198.0,320.25,336.0,79.56587941238799,161.26666666666668,31.659949162188827,207.7,703.0666666666667,4.8,-66.46666666666667,0.0,212.0,-77.0,0.0,75.0,43.0,43.0,0.5733333333333334,15,0,23.0,15.0,15.0,0.6521739130434783,558456.0,149441544.0,150000000.0,0.00372304,117344.0,0.0117344,2
RX60_seed1007_600s,RX60,1007,340,350,benign,impairment,RX60,none,rx60,0,1,1.0,15.0,15.0,0.0,0.0,15.0,15.0,15,15,15,1.0,1.0,178.66666666666666,170.0,353.09999999999974,526.0,126.06385381264226,170.2,61.390087613089925,274.59999999999985,714.5333333333333,4.8,-66.46666666666667,0.0,213.0,-77.0,0.0,70.0,41.0,42.0,0.5857142857142857,15,0,27.0,15.0,15.0,0.5555555555555556,632248.0,149367752.0,150000000.0,0.004214986666666667,129408.0,0.0129408,2
RX60_seed1007_600s,RX60,1007,350,360,benign,impairment,RX60,none,rx60,0,1,1.0,15.0,15.0,0.0,0.0,15.0,15.0,15,15,15,1.0,1.0,206.8,209.0,368.79999999999995,415.0,116.94394261476613,173.33333333333334,59.43624034767565,262.09999999999985,718.5333333333333,4.8,-66.46666666666667,0.0,247.0,-77.0,0.0,76.0,42.0,42.0,0.5526315789473685,15,0,32.0,14.0,15.0,0.4375,603328.0,149396672.0,150000000.0,0.004022186666666667,142784.0,0.0142784,2
RX60_seed1007_600s,RX60,1007,360,370,benign,impairment,RX60,none,rx60,0,1,1.0,15.0,15.0,0.0,0.0,15.0,15.0,15,15,15,1.0,1.0,177.46666666666667,179.0,318.2,342.0,102.16084423710528,168.8,56.62432591840971,270.19999999999993,712.7333333333333,4.8,-66.46666666666667,0.0,225.0,-77.0,0.0,64.0,42.0,42.0,0.65625,15,0,21.0,15.0,15.0,0.7142857142857143,543776.0,149456224.0,150000000.0,0.0036251733333333334,101696.0,0.0101696,2
RX60_seed1007_600s,RX60,1007,370,380,benign,impairment,RX60,none,rx60,0,1,1.0,15.0,15.0,0.0,0.0,15.0,15.0,15,15,15,1.0,1.0,204.13333333333333,172.0,401.6,403.0,122.10116804558112,163.26666666666668,50.582982269119874,243.8999999999999,705.6666666666666,4.8,-66.46666666666667,0.0,220.0,-77.0,0.0,62.0,43.0,43.0,0.6935483870967742,15,0,25.0,15.0,15.0,0.6,537672.0,149462328.0,150000000.0,0.00358448,119560.0,0.011956,2
RX60_seed1007_600s,RX60,1007,380,390,benign,impairment,RX60,none,rx60,0,1,1.0,15.0,15.0,0.0,0.0,15.0,15.0,15,15,15,1.0,1.0,210.86666666666667,199.0,418.09999999999997,437.0,121.90679499792728,165.86666666666667,46.195031685030294,231.19999999999987,708.9333333333333,4.8,-66.46666666666667,0.0,217.0,-77.0,0.0,73.0,42.0,42.0,0.5753424657534246,15,0,25.0,15.0,15.0,0.6,580752.0,149419248.0,150000000.0,0.00387168,125096.0,0.0125096,2
RX60_seed1007_600s,RX60,1007,390,400,benign,impairment,RX60,none,rx60,0,1,1.0,15.0,15.0,0.0,0.0,15.0,15.0,15,15,15,1.0,1.0,183.93333333333334,171.0,361.79999999999995,373.0,109.82353811369184,158.6,46.809339727390785,230.8999999999999,699.6666666666666,4.8,-66.46666666666667,0.0,210.0,-77.0,0.0,56.0,42.0,42.0,0.75,15,0,23.0,15.0,15.0,0.6521739130434783,505440.0,149494560.0,150000000.0,0.0033696,109200.0,0.01092,2
RX60_seed1007_600s,RX60,1007,400,410,benign,impairment,RX60,none,rx60,0,1,1.0,16.0,16.0,0.0,0.0,16.0,16.0,16,16,16,1.0,1.0,183.3125,191.5,375.0,408.0,101.15316356891661,155.06666666666666,45.81401324402622,227.5999999999999,695.0666666666667,4.8,-66.46666666666667,0.0,198.0,-77.0,0.0,64.0,46.0,43.0,0.71875,15,0,21.0,16.0,16.0,0.7619047619047619,534752.0,149470424.0,150005176.0,0.0035648903208513284,101464.0,0.0101464,2
RX60_seed1007_600s,RX60,1007,410,420,benign,impairment,RX60,none,rx60,0,1,1.0,14.0,14.0,0.0,0.0,14.0,14.0,13,13,13,1.0,1.0,199.53846153846155,173.0,337.79999999999995,354.0,86.76175749777411,158.6,50.97310215061609,233.89999999999986,697.2,4.8,-66.46666666666667,0.0,193.0,-77.0,0.0,62.0,38.0,43.0,0.6129032258064516,15,0,19.0,14.0,14.0,0.7368421052631579,510664.0,149484160.0,149994824.0,0.0034045441461366694,98096.0,0.0098096,2
RX60_seed1007_600s,RX60,1007,420,430,benign,impairment,RX60,none,rx60,0,1,1.0,15.0,15.0,0.0,0.0,15.0,15.0,16,16,16,1.0,1.0,171.375,139.0,342.75,438.0,109.44945561003644,156.4,48.55159258826782,230.9999999999999,688.5333333333333,4.8,-66.46666666666667,0.0,210.0,-77.0,0.0,60.0,41.0,44.0,0.6833333333333333,15,0,30.0,15.0,16.0,0.5,538664.0,149461336.0,150000000.0,0.0035910933333333332,136104.0,0.0136104,2
RX60_seed1007_600s,RX60,1007,430,440,benign,impairment,RX60,none,rx60,0,1,1.0,15.0,15.0,0.0,0.0,15.0,15.0,15,15,15,1.0,1.0,243.6,194.0,523.8999999999999,589.0,163.38202384070811,152.4,33.070919465380975,203.39999999999995,685.4,4.8,-65.33333333333333,1.0,205.0,-77.0,0.0,63.0,42.0,42.0,0.6666666666666666,14,1,23.0,15.0,15.0,0.6521739130434783,710768.0,149289232.0,150000000.0,0.004738453333333333,117168.0,0.0117168,2
RX60_seed1007_600s,RX60,1007,440,450,benign,impairment,RX60,none,rx60,0,1,1.0,16.0,16.0,0.0,0.0,16.0,16.0,16,16,16,1.0,1.0,243.625,266.0,420.75,468.0,128.37438737276736,157.53333333333333,34.419402058943994,213.49999999999997,691.9333333333333,4.8,-65.33333333333333,0.0,222.0,-77.0,0.0,85.0,49.0,47.0,0.5764705882352941,15,0,37.0,17.0,17.0,0.4594594594594595,712600.0,149287400.0,150000000.0,0.004750666666666667,175528.0,0.0175528,2
RX60_seed1007_600s,RX60,1007,450,460,benign,impairment,RX60,none,rx60,0,1,1.0,15.0,15.0,0.0,0.0,15.0,15.0,15,15,15,1.0,1.0,206.46666666666667,171.0,425.89999999999975,575.0,143.11726793420976,157.46666666666667,36.829465429320635,217.5,691.6,4.8,-65.33333333333333,0.0,218.0,-77.0,0.0,66.0,42.0,44.0,0.6363636363636364,15,0,26.0,15.0,15.0,0.5769230769230769,582400.0,149417600.0,150000000.0,0.0038826666666666666,124560.0,0.012456,2
RX60_seed1007_600s,RX60,1007,460,470,benign,impairment,RX60,none,rx60,0,1,1.0,15.0,15.0,0.0,0.0,15.0,15.0,15,15,15,1.0,1.0,166.4,157.0,332.59999999999997,362.0,99.5753842214889,150.53333333333333,30.26989703759606,210.2,683.4666666666667,4.8,-65.33333333333333,0.0,205.0,-77.0,0.0,55.0,42.0,43.0,0.7636363636363637,15,0,22.0,15.0,15.0,0.6818181818181818,515912.0,149484088.0,150000000.0,0.0034394133333333333,108632.0,0.0108632,2
RX60_seed1007_600s,RX60,1007,470,480,benign,impairment,RX60,none,rx60,0,1,1.0,16.0,15.0,0.0,0.0,15.0,15.0,15,15,15,1.0,1.0,200.46666666666667,178.0,357.89999999999986,430.0,110.62605393633004,152.2,30.296628761063737,201.79999999999998,685.6,4.8,-65.33333333333333,0.0,201.0,-77.0,0.0,67.0,43.0,42.0,0.6417910447761194,15,0,23.0,15.0,15.0,0.6521739130434783,592936.0,149407064.0,150000000.0,0.003952906666666666,114368.0,0.0114368,2
RX60_seed1007_600s,RX60,1007,480,490,benign,impairment,RX60,none,rx60,0,1,1.0,15.0,15.0,0.0,0.0,16.0,16.0,14,14,14,1.0,1.0,201.42857142857142,197.5,398.94999999999993,514.0,123.0032609234495,154.0,31.888197547950917,198.29999999999995,684.0,4.8,-65.33333333333333,0.0,241.0,-77.0,0.0,68.0,44.0,47.0,0.6470588235294118,15,0,35.0,15.0,16.0,0.42857142857142855,605512.0,149395664.0,150001176.0,0.004036715018820919,161448.0,0.01613737680666893,2
RX60_seed1007_600s,RX60,1007,490,500,benign,impairment,RX60,none,rx60,0,1,1.0,15.0,16.0,0.0,0.0,15.0,15.0,16,16,16,1.0,1.0,224.4375,187.5,474.25,571.0,160.02081895803437,156.4,33.20671188608885,207.6,681.4,4.8,-65.33333333333333,0.0,233.0,-77.0,0.0,72.0,44.0,46.0,0.6111111111111112,15,0,27.0,15.0,15.0,0.5555555555555556,598080.0,149400744.0,149998824.0,0.0039872312598930775,128360.0,0.01284190727734758,2
RX60_seed1007_600s,RX60,1007,500,510,benign,impairment,RX60,none,rx60,0,1,1.0,15.0,15.0,0.0,0.0,15.0,15.0,16,16,16,1.0,1.0,157.4375,143.0,276.75,315.0,85.95267593274802,152.8,30.254161461099624,196.6,676.7333333333333,4.8,-65.33333333333333,0.0,219.0,-77.0,0.0,59.0,42.0,42.0,0.711864406779661,15,0,23.0,15.0,15.0,0.6521739130434783,495664.0,149504336.0,150000000.0,0.003304426666666667,108528.0,0.0108528,2
RX60_seed1007_600s,RX60,1007,510,520,benign,impairment,RX60,none,rx60,0,1,1.0,15.0,14.0,0.0,0.0,15.0,15.0,14,14,14,1.0,1.0,159.85714285714286,162.0,271.85,279.0,66.74274047859743,147.26666666666668,29.104409746061965,191.89999999999998,664.0666666666667,4.8,-65.33333333333333,0.0,212.0,-77.0,0.0,51.0,40.0,40.0,0.7843137254901961,15,0,23.0,15.0,15.0,0.6521739130434783,458152.0,149541848.0,150000000.0,0.0030543466666666666,107080.0,0.010708,2
RX60_seed1007_600s,RX60,1007,520,530,benign,impairment,RX60,none,rx60,0,1,1.0,15.0,15.0,0.0,0.0,15.0,15.0,15,15,15,1.0,1.0,217.26666666666668,210.0,504.8999999999999,556.0,138.9514132281325,153.2,25.934532962827767,183.99999999999997,671.7333333333333,4.8,-65.33333333333333,0.0,234.0,-77.0,0.0,75.0,44.0,43.0,0.5866666666666667,15,0,36.0,15.0,15.0,0.4166666666666667,591000.0,149409000.0,150000000.0,0.00394,173008.0,0.0173008,2
RX60_seed1008_600s,RX60,1008,190,200,benign,impairment,RX60,none,rx60,0,1,1.0,15.0,15.0,0.0,0.0,15.0,15.0,15,15,15,1.0,1.0,210.0,223.0,368.69999999999993,431.0,123.10506546384329,165.86666666666667,33.20470419913993,220.7,814.0666666666667,4.8,-68.53333333333333,3.0,172.0,-77.0,0.0,47.0,35.0,29.0,0.7446808510638298,12,3,24.0,15.0,15.0,0.625,649544.0,149350456.0,150000000.0,0.004330293333333333,119504.0,0.0119504,3
RX60_seed1008_600s,RX60,1008,200,210,benign,impairment,RX60,none,rx60,0,1,1.0,14.0,14.0,0.0,0.0,15.0,15.0,14,14,14,1.0,1.0,205.28571428571428,200.5,363.09999999999997,380.0,105.28308255616129,170.8,55.48899504792433,253.59999999999988,786.7333333333333,4.8,-67.2,3.0,178.0,-77.0,0.0,92.0,47.0,53.0,0.5108695652173914,13,2,33.0,18.0,19.0,0.5454545454545454,843840.0,149156336.0,150000176.0,0.0056255933993037445,165736.0,0.0165736,3
RX60_seed1008_600s,RX60,1008,210,220,benign,impairment,RX60,none,rx60,0,1,1.0,15.0,15.0,0.0,0.0,14.0,14.0,15,15,15,1.0,1.0,240.53333333333333,249.0,417.8999999999999,483.0,120.9650874465537,177.73333333333332,52.36338233464116,272.59999999999997,794.6666666666666,4.8,-68.33333333333333,1.0,181.0,-77.0,0.0,80.0,43.0,48.0,0.5375,14,1,26.0,15.0,16.0,0.5769230769230769,738952.0,149260872.0,149999824.0,0.004926352446920204,129848.0,0.0129848,3
RX60_seed1008_600s,RX60,1008,220,230,benign,impairment,RX60,none,rx60,0,1,1.0,15.0,15.0,0.0,0.0,15.0,15.0,15,15,15,1.0,1.0,206.26666666666668,179.0,437.09999999999985,526.0,137.55127182600813,172.4,45.28292014814037,244.29999999999998,787.9333333333333,4.8,-68.33333333333333,0.0,177.0,-77.0,0.0,78.0,47.0,47.0,0.6025641025641025,15,0,25.0,16.0,17.0,0.64,713896.0,149286104.0,150000000.0,0.004759306666666667,120032.0,0.0120032,3
RX60_seed1008_600s,RX60,1008,230,240,benign,impairment,RX60,none,rx60,0,1,1.0,16.0,16.0,0.0,0.0,16.0,16.0,16,16,16,1.0,1.0,212.375,245.5,398.25,438.0,133.91533394897937,173.26666666666668,50.52929371967833,248.0,781.5333333333333,4.8,-68.33333333333333,0.0,162.0,-77.0,0.0,84.0,47.0,50.0,0.5595238095238095,15,0,19.0,16.0,17.0,0.8421052631578947,690392.0,149309608.0,150000000.0,0.004602613333333333,109568.0,0.0109568,3
RX60_seed1008_600s,RX60,1008,240,250,benign,impairment,RX60,none,rx60,0,1,1.0,14.0,14.0,0.0,0.0,14.0,14.0,14,14,14,1.0,1.0,239.42857142857142,197.5,544.5999999999999,659.0,173.70209435242162,170.0,34.93054332733542,232.2,772.8,4.8,-66.53333333333333,3.0,198.0,-77.0,0.0,76.0,41.0,41.0,0.5394736842105263,13,2,40.0,15.0,16.0,0.375,748272.0,149251728.0,150000000.0,0.00498848,193432.0,0.0193432,3
RX60_seed1008_600s,RX60,1008,250,260,benign,impairment,RX60,none,rx60,0,1,1.0,15.0,15.0,0.0,0.0,16.0,16.0,15,15,15,1.0,1.0,217.06666666666666,236.0,360.9,377.0,101.02932153352218,169.53333333333333,34.223773413618005,230.89999999999998,771.9333333333333,4.8,-66.53333333333333,0.0,196.0,-77.0,0.0,86.0,50.0,47.0,0.5813953488372093,15,0,36.0,17.0,17.0,0.4722222222222222,720848.0,149283072.0,150003920.0,0.00480552774887483,173288.0,0.0173288,3
RX60_seed1008_600s,RX60,1008,260,270,benign,impairment,RX60,none,rx60,0,1,1.0,15.0,15.0,0.0,0.0,14.0,14.0,14,14,14,1.0,1.0,204.07142857142858,151.5,442.45,499.0,139.17806208965897,172.66666666666666,31.169276692342567,222.09999999999997,779.0,4.8,-66.53333333333333,0.0,205.0,-77.0,0.0,76.0,41.0,45.0,0.5394736842105263,15,0,34.0,14.0,14.0,0.4117647058823529,661512.0,149334568.0,149996080.0,0.004410195253102615,159304.0,0.0159304,3
RX60_seed1008_600s,RX60,1008,270,280,benign,impairment,RX60,none,rx60,0,1,1.0,15.0,13.0,0.0,0.0,15.0,15.0,14,14,14,1.0,1.0,196.42857142857142,151.0,417.25,453.0,124.74201949852916,176.86666666666667,29.512386423008095,221.89999999999998,778.3333333333334,4.8,-65.86666666666666,1.0,184.0,-77.0,0.0,86.0,44.0,42.0,0.5116279069767442,14,1,25.0,16.0,16.0,0.64,726312.0,149277448.0,150003760.0,0.004841958628237052,126152.0,0.0126152,3
RX60_seed1008_600s,RX60,1008,280,290,benign,impairment,RX60,none,rx60,0,1,1.0,14.0,16.0,0.0,0.0,15.0,15.0,16,16,16,1.0,1.0,239.6875,190.0,553.0,577.0,177.61108026621912,170.26666666666668,25.535596070322434,216.39999999999998,781.3333333333334,4.8,-65.86666666666666,0.0,180.0,-77.0,0.0,67.0,43.0,47.0,0.6417910447761194,15,0,25.0,15.0,15.0,0.6,752560.0,149244568.0,149997128.0,0.005017162728609044,124752.0,0.0124752,3
RX60_seed1008_600s,RX60,1008,290,300,benign,impairment,RX60,none,rx60,0,1,1.0,14.0,14.0,0.0,0.0,14.0,14.0,14,14,14,1.0,1.0,208.64285714285714,178.0,407.85,415.0,116.09585372762997,170.73333333333332,30.214629064805838,232.89999999999998,782.3333333333334,4.8,-65.86666666666666,0.0,185.0,-77.0,0.0,68.0,40.0,41.0,0.5882352941176471,15,0,26.0,14.0,14.0,0.5384615384615384,541016.0,149466600.0,150007616.0,0.003606590214726164,121760.0,0.012176,3
RX60_seed1008_600s,RX60,1008,300,310,benign,impairment,RX60,none,rx60,0,1,1.0,15.0,14.0,0.0,0.0,14.0,14.0,14,14,14,1.0,1.0,196.07142857142858,173.5,367.25,403.0,113.38190351178642,175.8,29.16994539394468,223.49999999999997,788.8666666666667,4.8,-65.86666666666666,0.0,175.0,-77.0,0.0,74.0,39.0,37.0,0.527027027027027,15,0,21.0,14.0,14.0,0.6666666666666666,541104.0,149450392.0,149991496.0,0.0036075645248581294,108640.0,0.010864,3
RX60_seed1008_600s,RX60,1008,310,320,benign,impairment,RX60,none,rx60,0,1,1.0,15.0,16.0,0.0,0.0,15.0,15.0,15,15,15,1.0,1.0,187.6,147.0,433.99999999999994,462.0,125.09242297483203,173.33333333333334,29.40035633085001,216.39999999999998,785.6,4.8,-65.86666666666666,0.0,179.0,-77.0,0.0,73.0,43.0,46.0,0.589041095890411,15,0,31.0,15.0,16.0,0.4838709677419355,571736.0,149428264.0,150000000.0,0.0038115733333333335,150760.0,0.015076,3
RX60_seed1008_600s,RX60,1008,320,330,benign,impairment,RX60,none,rx60,0,1,1.0,14.0,13.0,0.0,0.0,14.0,14.0,14,14,14,1.0,1.0,190.64285714285714,215.5,317.05,332.0,103.53936980154504,182.6,58.232048122759934,261.89999999999986,797.4666666666667,4.8,-65.86666666666666,0.0,173.0,-77.0,0.0,69.0,37.0,36.0,0.5362318840579711,15,0,22.0,14.0,14.0,0.6363636363636364,501216.0,149498784.0,150000000.0,0.00334144,107496.0,0.0107496,3
RX60_seed1008_600s,RX60,1008,330,340,benign,impairment,RX60,none,rx60,0,1,1.0,16.0,17.0,0.0,0.0,16.0,16.0,16,16,16,1.0,1.0,190.25,153.5,438.5,551.0,141.68015622050487,174.2,49.041090642731135,241.19999999999987,786.8666666666667,4.8,-65.86666666666666,0.0,191.0,-77.0,0.0,70.0,47.0,49.0,0.6714285714285714,15,0,32.0,15.0,16.0,0.46875,638288.0,149363656.0,150001944.0,0.004255198185964843,154320.0,0.015432,3
RX60_seed1008_600s,RX60,1008,340,350,benign,impairment,RX60,none,rx60,0,1,1.0,16.0,16.0,0.0,0.0,16.0,16.0,16,16,16,1.0,1.0,217.5,170.5,490.5,504.0,141.7391971192161,179.0,51.56410711781154,274.79999999999995,793.0,4.8,-65.86666666666666,0.0,210.0,-77.0,0.0,84.0,46.0,46.0,0.5476190476190477,15,0,33.0,15.0,16.0,0.45454545454545453,652048.0,149346008.0,149998056.0,0.004347043004344003,159312.0,0.0159312,3
RX60_seed1008_600s,RX60,1008,350,360,benign,impairment,RX60,none,rx60,0,1,1.0,15.0,15.0,0.0,0.0,15.0,15.0,15,15,15,1.0,1.0,182.33333333333334,138.0,322.3,330.0,107.93825395413188,169.6,46.728394549169536,244.0999999999999,781.1333333333333,4.8,-65.86666666666666,0.0,193.0,-77.0,0.0,65.0,44.0,44.0,0.676923076923077,15,0,27.0,15.0,15.0,0.5555555555555556,531648.0,149468352.0,150000000.0,0.00354432,130880.0,0.013088,3
RX60_seed1008_600s,RX60,1008,360,370,benign,impairment,RX60,none,rx60,0,1,1.0,15.0,15.0,0.0,0.0,15.0,15.0,15,15,15,1.0,1.0,199.13333333333333,177.0,361.4,388.0,96.74404128322075,172.6,42.16091622750693,236.19999999999993,784.6666666666666,4.8,-65.86666666666666,0.0,180.0,-77.0,0.0,77.0,42.0,43.0,0.5454545454545454,15,0,25.0,15.0,15.0,0.6,632816.0,149367184.0,150000000.0,0.0042187733333333335,119760.0,0.011976,3
RX60_seed1008_600s,RX60,1008,370,380,benign,impairment,RX60,none,rx60,0,1,1.0,14.0,14.0,0.0,0.0,14.0,14.0,15,15,15,1.0,1.0,217.26666666666668,211.0,418.89999999999975,568.0,145.21681655209153,177.46666666666667,39.813613369346534,241.39999999999992,791.0,4.8,-65.86666666666666,0.0,203.0,-77.0,0.0,76.0,41.0,41.0,0.5394736842105263,15,0,25.0,13.0,14.0,0.52,572288.0,149427712.0,150000000.0,0.0038152533333333334,120304.0,0.0120304,3
RX60_seed1008_600s,RX60,1008,380,390,benign,impairment,RX60,none,rx60,0,1,1.0,16.0,16.0,0.0,0.0,16.0,16.0,15,15,15,1.0,1.0,209.46666666666667,187.0,358.59999999999997,374.0,115.36641419325437,184.66666666666666,66.20063299941935,301.4999999999999,799.9333333333333,4.8,-65.86666666666666,0.0,180.0,-77.0,0.0,80.0,44.0,45.0,0.55,15,0,25.0,16.0,16.0,0.64,605944.0,149394056.0,150000000.0,0.0040396266666666665,126904.0,0.0126904,3
RX60_seed1008_600s,RX60,1008,390,400,benign,impairment,RX60,none,rx60,0,1,1.0,14.0,14.0,0.0,0.0,14.0,14.0,14,14,14,1.0,1.0,194.0,184.5,379.15,398.0,114.58688339488882,177.26666666666668,41.66956180418005,252.9,790.6666666666666,4.8,-65.86666666666666,0.0,186.0,-77.0,0.0,71.0,40.0,40.0,0.5633802816901409,15,0,29.0,14.0,14.0,0.4827586206896552,497120.0,149502880.0,150000000.0,0.0033141333333333335,137976.0,0.0137976,3
RX60_seed1008_600s,RX60,1008,400,410,benign,impairment,RX60,none,rx60,0,1,1.0,14.0,14.0,0.0,0.0,14.0,14.0,15,15,15,1.0,1.0,210.73333333333332,202.0,518.1999999999999,577.0,150.58289917453948,172.13333333333333,38.50763684307433,238.2,784.0,4.8,-65.86666666666666,0.0,183.0,-77.0,0.0,64.0,39.0,39.0,0.609375,15,0,27.0,14.0,14.0,0.5185185185185185,523296.0,149476704.0,150000000.0,0.00348864,122224.0,0.0122224,3
RX60_seed1008_600s,RX60,1008,410,420,benign,impairment,RX60,none,rx60,0,1,1.0,17.0,15.0,0.0,0.0,18.0,18.0,15,15,15,1.0,1.0,210.4,202.0,490.6999999999997,700.0,176.74267008442368,187.13333333333333,37.00746385463858,227.0,803.2,4.8,-65.86666666666666,0.0,197.0,-77.0,0.0,116.0,51.0,45.0,0.4396551724137931,15,0,40.0,18.0,18.0,0.45,823544.0,149176456.0,150000000.0,0.005490293333333333,198296.0,0.0198296,3
RX60_seed1008_600s,RX60,1008,420,430,benign,impairment,RX60,none,rx60,0,1,1.0,15.0,17.0,0.0,0.0,15.0,15.0,16,16,16,1.0,1.0,230.625,176.0,511.5,561.0,161.69018729244723,180.33333333333334,35.92584956081994,223.9,794.6666666666666,4.8,-65.86666666666666,0.0,191.0,-77.0,0.0,77.0,47.0,52.0,0.6103896103896104,15,0,28.0,15.0,15.0,0.5357142857142857,643328.0,149356672.0,150000000.0,0.004288853333333334,134552.0,0.0134552,3
RX60_seed1008_600s,RX60,1008,430,440,benign,impairment,RX60,none,rx60,0,1,1.0,15.0,15.0,0.0,0.0,15.0,15.0,16,16,16,1.0,1.0,205.6875,180.0,379.0,397.0,135.37588103745315,176.33333333333334,33.69965380633259,216.79999999999998,789.5333333333333,4.8,-65.86666666666666,0.0,193.0,-77.0,0.0,68.0,40.0,41.0,0.5882352941176471,15,0,33.0,15.0,15.0,0.45454545454545453,503192.0,149496808.0,150000000.0,0.0033546133333333334,157960.0,0.015796,3
RX60_seed1008_600s,RX60,1008,440,450,benign,impairment,RX60,none,rx60,0,1,1.0,14.0,14.0,0.0,0.0,14.0,14.0,14,14,14,1.0,1.0,188.35714285714286,171.5,383.34999999999997,397.0,131.53625247165024,168.26666666666668,33.50792372530641,206.5,779.3333333333334,4.8,-65.86666666666666,0.0,188.0,-77.0,0.0,59.0,41.0,41.0,0.6949152542372882,15,0,28.0,14.0,14.0,0.5,465544.0,149534456.0,150000000.0,0.0031036266666666667,129192.0,0.0129192,3
RX60_seed1008_600s,RX60,1008,450,460,benign,impairment,RX60,none,rx60,0,1,1.0,16.0,15.0,0.0,0.0,15.0,15.0,15,15,15,1.0,1.0,191.6,164.0,360.4,373.0,117.89692834966361,162.93333333333334,32.287694840221064,198.3,753.0666666666667,4.8,-65.86666666666666,0.0,186.0,-77.0,0.0,65.0,43.0,44.0,0.6615384615384615,15,0,28.0,15.0,16.0,0.5357142857142857,607376.0,149396128.0,150003504.0,0.0040490787468538065,129944.0,0.0129944,3
RX60_seed1008_600s,RX60,1008,460,470,benign,impairment,RX60,none,rx60,0,1,1.0,14.0,15.0,0.0,0.0,14.0,14.0,15,15,15,1.0,1.0,197.46666666666667,153.0,387.5999999999998,536.0,127.58071208156073,158.4,29.173863057783173,191.89999999999998,747.3333333333334,4.8,-65.86666666666666,0.0,185.0,-77.0,0.0,59.0,39.0,42.0,0.6610169491525424,15,0,27.0,14.0,14.0,0.5185185185185185,530144.0,149466352.0,149996496.0,0.0035343758963542722,125368.0,0.0125368,3
RX60_seed1008_600s,RX60,1008,470,480,benign,impairment,RX60,none,rx60,0,1,1.0,16.0,15.0,0.0,0.0,16.0,16.0,15,15,15,1.0,1.0,199.4,189.0,463.1999999999999,557.0,148.2699275934652,160.06666666666666,38.49205236458684,226.1,749.3333333333334,4.8,-65.86666666666666,0.0,182.0,-77.0,0.0,80.0,46.0,44.0,0.575,15,0,29.0,16.0,17.0,0.5517241379310345,664040.0,149335960.0,150000000.0,0.004426933333333333,139872.0,0.0139872,3
RX60_seed1008_600s,RX60,1008,480,490,benign,impairment,RX60,none,rx60,0,1,1.0,14.0,15.0,0.0,0.0,14.0,14.0,15,15,15,1.0,1.0,222.4,175.0,458.89999999999986,531.0,155.82673528175908,168.8,45.67149783273715,236.1,753.7333333333333,4.8,-65.86666666666666,0.0,196.0,-77.0,0.0,79.0,40.0,44.0,0.5063291139240507,15,0,32.0,14.0,14.0,0.4375,626080.0,149373920.0,150000000.0,0.004173866666666666,156080.0,0.015608,3
RX60_seed1008_600s,RX60,1008,490,500,benign,impairment,RX60,none,rx60,0,1,1.0,16.0,16.0,0.0,0.0,16.0,16.0,15,15,15,1.0,1.0,229.4,239.0,392.5,410.0,107.77609064298869,166.93333333333334,39.51756691951182,228.79999999999998,744.0,4.8,-65.86666666666666,0.0,194.0,-77.0,0.0,85.0,47.0,51.0,0.5529411764705883,15,0,33.0,16.0,16.0,0.48484848484848486,648016.0,149351984.0,150000000.0,0.004320106666666667,164336.0,0.0164336,3
RX60_seed1008_600s,RX60,1008,500,510,benign,impairment,RX60,none,rx60,0,1,1.0,14.0,14.0,0.0,0.0,14.0,14.0,14,14,14,1.0,1.0,162.57142857142858,144.5,274.65,287.0,73.5000934439116,160.0,36.36128239134116,217.69999999999996,735.2666666666667,4.8,-65.86666666666666,0.0,176.0,-77.0,0.0,57.0,40.0,40.0,0.7017543859649122,15,0,19.0,14.0,14.0,0.7368421052631579,560360.0,149442584.0,150002944.0,0.0037356600147794433,94168.0,0.0094168,3
RX60_seed1008_600s,RX60,1008,510,520,benign,impairment,RX60,none,rx60,0,1,1.0,15.0,15.0,0.0,0.0,15.0,15.0,16,16,16,1.0,1.0,190.6875,207.0,326.25,330.0,95.43774148626946,158.13333333333333,33.27132327366846,208.99999999999997,728.1333333333333,4.8,-65.86666666666666,0.0,175.0,-77.0,0.0,69.0,44.0,46.0,0.6376811594202898,15,0,25.0,15.0,16.0,0.6,586848.0,149410208.0,149997056.0,0.003912396787307613,121216.0,0.0121216,3
RX60_seed1008_600s,RX60,1008,520,530,benign,impairment,RX60,none,rx60,0,1,1.0,15.0,14.0,0.0,0.0,15.0,15.0,14,14,14,1.0,1.0,172.78571428571428,163.5,333.6,344.0,100.17997540690192,157.26666666666668,33.07883800573297,220.49999999999997,727.2,4.8,-65.86666666666666,0.0,182.0,-77.0,0.0,66.0,41.0,39.0,0.6212121212121212,15,0,27.0,15.0,15.0,0.5555555555555556,531264.0,149468736.0,150000000.0,0.00354176,137736.0,0.0137736,3
RX60_seed1009_600s,RX60,1009,190,200,benign,impairment,RX60,none,rx60,0,1,1.0,15.0,15.0,0.0,0.0,15.0,15.0,15,15,15,1.0,1.0,198.13333333333333,179.0,369.3,370.0,118.66451308907254,181.2,41.068235900754246,253.5,760.0,4.8,-70.26666666666667,0.0,221.0,-77.0,0.0,63.0,41.0,41.0,0.6507936507936508,15,0,23.0,15.0,15.0,0.6521739130434783,616208.0,149383792.0,150000000.0,0.0041080533333333336,116672.0,0.0116672,4
RX60_seed1009_600s,RX60,1009,200,210,benign,impairment,RX60,none,rx60,0,1,1.0,15.0,15.0,0.0,0.0,15.0,15.0,15,15,15,1.0,1.0,204.13333333333333,225.0,404.2,421.0,120.372556593903,178.66666666666666,36.811618248798,238.2,756.8,4.8,-70.26666666666667,0.0,221.0,-77.0,0.0,65.0,41.0,41.0,0.6307692307692307,15,0,31.0,15.0,15.0,0.4838709677419355,574816.0,149425184.0,150000000.0,0.003832106666666667,142360.0,0.014236,4
RX60_seed1009_600s,RX60,1009,210,220,benign,impairment,RX60,none,rx60,0,1,1.0,15.0,15.0,0.0,0.0,15.0,15.0,15,15,15,1.0,1.0,181.8,163.0,322.9,325.0,92.84333963341535,176.46666666666667,34.739575346254526,225.6,768.8,4.8,-68.93333333333334,1.0,229.0,-77.0,0.0,64.0,41.0,42.0,0.640625,14,1,34.0,16.0,16.0,0.47058823529411764,670368.0,149329632.0,150000000.0,0.00446912,156928.0,0.0156928,4
RX60_seed1009_600s,RX60,1009,220,230,benign,impairment,RX60,none,rx60,0,1,1.0,15.0,15.0,0.0,0.0,15.0,15.0,15,15,15,1.0,1.0,160.13333333333333,124.0,321.99999999999994,350.0,101.98590005252593,170.26666666666668,35.43498405866856,230.39999999999998,758.4666666666667,4.8,-68.93333333333334,0.0,210.0,-77.0,0.0,61.0,41.0,43.0,0.6721311475409836,15,0,24.0,15.0,16.0,0.625,487816.0,149512184.0,150000000.0,0.0032521066666666666,121200.0,0.01212,4
RX60_seed1009_600s,RX60,1009,230,240,benign,impairment,RX60,none,rx60,0,1,1.0,14.0,14.0,0.0,0.0,15.0,15.0,14,14,14,1.0,1.0,204.92857142857142,136.0,471.94999999999993,587.0,159.94540620797136,180.13333333333333,48.912263531853895,275.59999999999997,756.4666666666667,4.8,-68.93333333333334,0.0,217.0,-77.0,0.0,80.0,40.0,41.0,0.5,15,0,33.0,15.0,15.0,0.45454545454545453,597408.0,149402592.0,150000000.0,0.00398272,161016.0,0.0161016,4
RX60_seed1009_600s,RX60,1009,240,250,benign,impairment,RX60,none,rx60,0,1,1.0,14.0,14.0,0.0,0.0,14.0,14.0,14,14,14,1.0,1.0,207.07142857142858,159.0,443.04999999999995,497.0,157.06856135787635,180.73333333333332,49.831812367297296,264.29999999999995,755.2666666666667,4.8,-68.93333333333334,0.0,200.0,-77.0,0.0,67.0,39.0,40.0,0.582089552238806,15,0,19.0,14.0,16.0,0.7368421052631579,586072.0,149413928.0,150000000.0,0.0039071466666666665,95048.0,0.0095048,4
RX60_seed1009_600s,RX60,1009,250,260,benign,impairment,RX60,none,rx60,0,1,1.0,16.0,16.0,0.0,0.0,15.0,15.0,16,16,16,1.0,1.0,161.25,106.5,377.0,389.0,113.23633103675988,178.2,46.14139758859252,251.59999999999997,749.8666666666667,4.8,-68.93333333333334,0.0,205.0,-77.0,0.0,72.0,42.0,44.0,0.5833333333333334,15,0,27.0,15.0,16.0,0.5555555555555556,524480.0,149475520.0,150000000.0,0.003496533333333333,128520.0,0.012852,4
RX60_seed1009_600s,RX60,1009,260,270,benign,impairment,RX60,none,rx60,0,1,1.0,16.0,15.0,0.0,0.0,16.0,16.0,16,16,16,1.0,1.0,196.6875,185.0,383.5,493.0,129.7133859707625,173.13333333333333,49.70034013489051,254.29999999999995,741.5333333333333,4.8,-68.93333333333334,0.0,223.0,-77.0,0.0,66.0,43.0,45.0,0.6515151515151515,15,0,36.0,16.0,16.0,0.4444444444444444,572600.0,149427400.0,150000000.0,0.003817333333333333,161392.0,0.0161392,4
RX60_seed1009_600s,RX60,1009,270,280,benign,impairment,RX60,none,rx60,0,1,1.0,13.0,14.0,0.0,0.0,14.0,14.0,13,13,13,1.0,1.0,175.53846153846155,185.0,319.99999999999983,383.0,94.49128300590782,171.26666666666668,50.639435037847534,251.29999999999993,738.8666666666667,4.8,-68.93333333333334,0.0,201.0,-77.0,0.0,59.0,38.0,39.0,0.6440677966101694,15,0,19.0,14.0,14.0,0.7368421052631579,522328.0,149477672.0,150000000.0,0.0034821866666666667,97976.0,0.0097976,4
RX60_seed1009_600s,RX60,1009,280,290,benign,impairment,RX60,none,rx60,0,1,1.0,17.0,17.0,0.0,0.0,16.0,16.0,17,17,17,1.0,1.0,160.05882352941177,149.0,335.4,365.0,111.64758762969046,169.53333333333333,49.5607371481364,258.69999999999993,707.2666666666667,4.8,-68.93333333333334,0.0,188.0,-77.0,0.0,70.0,45.0,48.0,0.6428571428571429,15,0,22.0,16.0,16.0,0.7272727272727273,612536.0,149387464.0,150000000.0,0.004083573333333333,106864.0,0.0106864,4
RX60_seed1009_600s,RX60,1009,290,300,benign,impairment,RX60,none,rx60,0,1,1.0,15.0,15.0,0.0,0.0,15.0,15.0,14,14,14,1.0,1.0,180.21428571428572,137.5,426.2,473.0,131.57693191053292,169.8,48.66826481394215,262.19999999999993,707.8666666666667,4.8,-68.93333333333334,0.0,185.0,-77.0,0.0,65.0,40.0,39.0,0.6153846153846154,15,0,23.0,15.0,15.0,0.6521739130434783,527088.0,149472912.0,150000000.0,0.00351392,115904.0,0.0115904,4
RX60_seed1009_600s,RX60,1009,300,310,benign,impairment,RX60,none,rx60,0,1,1.0,13.0,13.0,0.0,0.0,13.0,13.0,14,14,14,1.0,1.0,196.35714285714286,182.0,396.45,414.0,115.96060812777172,167.53333333333333,46.12075248219406,248.69999999999993,704.8,4.8,-68.93333333333334,0.0,181.0,-77.0,0.0,56.0,37.0,38.0,0.6607142857142857,15,0,18.0,13.0,13.0,0.7222222222222222,512416.0,149487584.0,150000000.0,0.0034161066666666667,93184.0,0.0093184,4
RX60_seed1009_600s,RX60,1009,310,320,benign,impairment,RX60,none,rx60,0,1,1.0,16.0,16.0,0.0,0.0,16.0,16.0,15,15,15,1.0,1.0,224.46666666666667,178.0,433.29999999999995,455.0,136.64179796965843,172.13333333333333,53.6667849747291,259.7999999999999,710.8,4.8,-68.93333333333334,0.0,213.0,-77.0,0.0,76.0,44.0,43.0,0.5789473684210527,15,0,42.0,16.0,16.0,0.38095238095238093,605152.0,149394848.0,150000000.0,0.004034346666666667,189912.0,0.0189912,4
RX60_seed1009_600s,RX60,1009,320,330,benign,impairment,RX60,none,rx60,0,1,1.0,14.0,14.0,0.0,0.0,14.0,14.0,15,15,15,1.0,1.0,192.26666666666668,152.0,387.7999999999998,525.0,129.90736626351796,177.26666666666668,45.85297414667055,254.59999999999994,717.2,4.8,-68.93333333333334,0.0,210.0,-77.0,0.0,69.0,38.0,39.0,0.5507246376811594,15,0,29.0,14.0,14.0,0.4827586206896552,567352.0,149432648.0,150000000.0,0.0037823466666666665,134632.0,0.0134632,4
RX60_seed1009_600s,RX60,1009,330,340,benign,impairment,RX60,none,rx60,0,1,1.0,16.0,15.0,0.0,0.0,16.0,16.0,15,15,15,1.0,1.0,174.8,171.0,304.8999999999999,342.0,90.58240131819993,175.06666666666666,41.44095053147769,245.49999999999994,714.4666666666667,4.8,-68.93333333333334,0.0,200.0,-77.0,0.0,69.0,43.0,42.0,0.6231884057971014,15,0,28.0,16.0,16.0,0.5714285714285714,537760.0,149462240.0,150000000.0,0.003585066666666667,133080.0,0.013308,4
RX60_seed1009_600s,RX60,1009,340,350,benign,impairment,RX60,none,rx60,0,1,1.0,14.0,15.0,0.0,0.0,14.0,14.0,15,15,15,1.0,1.0,173.33333333333334,147.0,306.69999999999993,334.0,102.68583618192409,171.53333333333333,36.6895599527142,240.59999999999997,710.0666666666667,4.8,-68.93333333333334,0.0,190.0,-77.0,0.0,59.0,39.0,40.0,0.6610169491525424,15,0,21.0,14.0,14.0,0.6666666666666666,522680.0,149477320.0,150000000.0,0.0034845333333333333,98832.0,0.0098832,4
RX60_seed1009_600s,RX60,1009,350,360,benign,impairment,RX60,none,rx60,0,1,1.0,15.0,15.0,0.0,0.0,16.0,16.0,15,15,15,1.0,1.0,176.33333333333334,175.0,317.49999999999994,370.0,90.9714764297553,173.73333333333332,41.198936648321165,235.09999999999994,712.8666666666667,4.8,-68.93333333333334,0.0,186.0,-77.0,0.0,70.0,41.0,41.0,0.5857142857142857,15,0,24.0,16.0,16.0,0.6666666666666666,564616.0,149437768.0,150002384.0,0.003764046843415502,120144.0,0.0120144,4
RX60_seed1009_600s,RX60,1009,360,370,benign,impairment,RX60,none,rx60,0,1,1.0,15.0,15.0,0.0,0.0,15.0,15.0,15,15,15,1.0,1.0,151.33333333333334,153.0,271.5,282.0,91.31238897845341,165.66666666666666,34.966650778515614,220.99999999999994,702.2666666666667,4.8,-68.93333333333334,0.0,191.0,-77.0,0.0,59.0,42.0,42.0,0.711864406779661,15,0,26.0,15.0,15.0,0.5769230769230769,457992.0,149539624.0,149997616.0,0.003053328527568065,120720.0,0.012072,4
RX60_seed1009_600s,RX60,1009,370,380,benign,impairment,RX60,none,rx60,0,1,1.0,17.0,17.0,0.0,0.0,17.0,17.0,17,17,17,1.0,1.0,183.7058823529412,173.0,342.19999999999993,447.0,117.00094268096856,169.66666666666666,36.685276662573,230.69999999999993,707.5333333333333,4.8,-68.93333333333334,0.0,192.0,-77.0,0.0,78.0,45.0,45.0,0.5769230769230769,15,0,29.0,17.0,17.0,0.5862068965517241,637664.0,149362336.0,150000000.0,0.004251093333333333,135632.0,0.0135632,4
RX60_seed1009_600s,RX60,1009,380,390,benign,impairment,RX60,none,rx60,0,1,1.0,15.0,15.0,0.0,0.0,14.0,14.0,15,15,15,1.0,1.0,189.93333333333334,177.0,376.7,390.0,119.80845824342565,163.86666666666667,40.06756198983816,236.89999999999995,700.2666666666667,4.8,-68.93333333333334,0.0,206.0,-77.0,0.0,56.0,41.0,41.0,0.7321428571428571,15,0,31.0,14.0,14.0,0.45161290322580644,483272.0,149516728.0,150000000.0,0.003221813333333333,139664.0,0.0139664,4
RX60_seed1009_600s,RX60,1009,390,400,benign,impairment,RX60,none,rx60,0,1,1.0,15.0,14.0,0.0,0.0,15.0,15.0,15,15,15,1.0,1.0,185.0,159.0,345.09999999999997,350.0,101.24792766838667,164.06666666666666,40.155886717830526,233.09999999999994,700.4,4.8,-68.93333333333334,0.0,216.0,-77.0,0.0,62.0,41.0,39.0,0.6612903225806451,15,0,32.0,15.0,15.0,0.46875,496720.0,149503280.0,150000000.0,0.0033114666666666666,145744.0,0.0145744,4
RX60_seed1009_600s,RX60,1009,400,410,benign,impairment,RX60,none,rx60,0,1,1.0,15.0,16.0,0.0,0.0,16.0,16.0,15,15,15,1.0,1.0,224.26666666666668,164.0,475.89999999999986,569.0,165.33017470101052,162.53333333333333,37.63901218277704,221.89999999999995,698.3333333333334,4.8,-68.93333333333334,0.0,201.0,-77.0,0.0,59.0,41.0,43.0,0.6949152542372882,15,0,24.0,16.0,16.0,0.6666666666666666,507696.0,149492304.0,150000000.0,0.00338464,119736.0,0.0119736,4
RX60_seed1009_600s,RX60,1009,410,420,benign,impairment,RX60,none,rx60,0,1,1.0,15.0,15.0,0.0,0.0,14.0,14.0,15,15,15,1.0,1.0,191.0,165.0,419.09999999999974,599.0,140.1280027077284,157.0,32.487360179438575,212.39999999999995,690.6,4.8,-68.93333333333334,0.0,187.0,-77.0,0.0,55.0,41.0,42.0,0.7454545454545455,15,0,20.0,14.0,15.0,0.7,513152.0,149486848.0,150000000.0,0.0034210133333333332,99832.0,0.0099832,4
RX60_seed1009_600s,RX60,1009,420,430,benign,impairment,RX60,none,rx60,0,1,1.0,15.0,15.0,0.0,0.0,15.0,15.0,14,14,14,1.0,1.0,171.85714285714286,93.0,396.4,399.0,133.9574313227654,163.53333333333333,30.766091414938963,207.89999999999995,698.8666666666667,4.8,-68.93333333333334,0.0,179.0,-77.0,0.0,75.0,41.0,40.0,0.5466666666666666,15,0,21.0,15.0,15.0,0.7142857142857143,581128.0,149418872.0,150000000.0,0.0038741866666666667,109056.0,0.0109056,4
RX60_seed1009_600s,RX60,1009,430,440,benign,impairment,RX60,none,rx60,0,1,1.0,15.0,15.0,0.0,0.0,15.0,15.0,16,16,16,1.0,1.0,205.125,181.5,429.5,584.0,145.32303098041044,161.46666666666667,28.71999469425604,208.99999999999994,696.2666666666667,4.8,-68.93333333333334,0.0,222.0,-77.0,0.0,63.0,41.0,42.0,0.6507936507936508,15,0,30.0,14.0,15.0,0.4666666666666667,548424.0,149451576.0,150000000.0,0.00365616,134648.0,0.0134648,4
RX60_seed1009_600s,RX60,1009,440,450,benign,impairment,RX60,none,rx60,0,1,1.0,15.0,14.0,0.0,0.0,15.0,15.0,14,14,14,1.0,1.0,243.78571428571428,248.5,454.45,485.0,138.94668516622238,166.93333333333334,28.449119159516716,217.79999999999998,703.4666666666667,4.8,-68.93333333333334,0.0,231.0,-77.0,0.0,71.0,38.0,38.0,0.5352112676056338,15,0,30.0,14.0,15.0,0.4666666666666667,664248.0,149335752.0,150000000.0,0.00442832,148192.0,0.0148192,4
RX60_seed1009_600s,RX60,1009,450,460,benign,impairment,RX60,none,rx60,0,1,1.0,15.0,16.0,0.0,0.0,15.0,15.0,16,16,16,1.0,1.0,210.0,232.5,408.5,581.0,132.7503923409143,171.8,38.081116430212866,237.39999999999995,709.5333333333333,4.8,-68.93333333333334,0.0,232.0,-77.0,0.0,84.0,44.0,44.0,0.5238095238095238,15,0,33.0,16.0,16.0,0.48484848484848486,602072.0,149397928.0,150000000.0,0.004013813333333333,147720.0,0.014772,4
RX60_seed1009_600s,RX60,1009,460,470,benign,impairment,RX60,none,rx60,0,1,1.0,15.0,15.0,0.0,0.0,15.0,15.0,15,15,15,1.0,1.0,216.46666666666667,214.0,394.0999999999998,511.0,118.10761839868555,172.8,35.1206085205986,242.99999999999997,713.6,4.8,-68.93333333333334,0.0,258.0,-77.0,0.0,75.0,41.0,42.0,0.5466666666666666,15,0,43.0,15.0,15.0,0.3488372093023256,583792.0,149416208.0,150000000.0,0.0038919466666666666,199448.0,0.0199448,4
RX60_seed1009_600s,RX60,1009,470,480,benign,impairment,RX60,none,rx60,0,1,1.0,15.0,15.0,0.0,0.0,15.0,15.0,15,15,15,1.0,1.0,164.6,157.0,292.8999999999999,358.0,84.80212261494401,169.33333333333334,31.42489155945983,227.9,711.0666666666667,4.8,-68.93333333333334,0.0,227.0,-77.0,0.0,64.0,41.0,42.0,0.640625,15,0,20.0,15.0,15.0,0.75,511552.0,149488448.0,150000000.0,0.0034103466666666666,96104.0,0.0096104,4
RX60_seed1009_600s,RX60,1009,480,490,benign,impairment,RX60,none,rx60,0,1,1.0,15.0,15.0,0.0,0.0,15.0,15.0,15,15,15,1.0,1.0,179.13333333333333,163.0,315.4,321.0,99.67867422492183,163.73333333333332,27.235655901427315,213.2,703.7333333333333,4.8,-68.93333333333334,0.0,215.0,-77.0,0.0,61.0,41.0,43.0,0.6721311475409836,15,0,23.0,15.0,16.0,0.6521739130434783,526192.0,149473808.0,150000000.0,0.003507946666666667,112488.0,0.0112488,4
RX60_seed1009_600s,RX60,1009,490,500,benign,impairment,RX60,none,rx60,0,1,1.0,15.0,15.0,0.0,0.0,15.0,15.0,15,15,15,1.0,1.0,191.0,168.0,374.79999999999995,421.0,120.55704044144414,172.93333333333334,42.63376707772954,246.5,715.5333333333333,4.8,-68.93333333333334,0.0,208.0,-77.0,0.0,80.0,41.0,41.0,0.5125,15,0,25.0,15.0,15.0,0.6,639488.0,149360512.0,150000000.0,0.004263253333333333,115760.0,0.011576,4
RX60_seed1009_600s,RX60,1009,500,510,benign,impairment,RX60,none,rx60,0,1,1.0,15.0,15.0,0.0,0.0,15.0,15.0,15,15,15,1.0,1.0,206.13333333333333,199.0,490.79999999999984,586.0,165.72605048550398,166.93333333333334,34.89262440825049,227.9,705.2666666666667,4.8,-68.93333333333334,0.0,210.0,-77.0,0.0,58.0,41.0,44.0,0.7068965517241379,15,0,29.0,15.0,15.0,0.5172413793103449,474656.0,149525344.0,150000000.0,0.0031643733333333334,144960.0,0.014496,4
RX60_seed1009_600s,RX60,1009,510,520,benign,impairment,RX60,none,rx60,0,1,1.0,15.0,15.0,0.0,0.0,15.0,15.0,15,15,15,1.0,1.0,202.73333333333332,210.0,344.69999999999993,393.0,99.84879044024997,164.66666666666666,37.66898433661812,227.29999999999995,700.1333333333333,4.8,-68.93333333333334,0.0,224.0,-77.0,0.0,62.0,41.0,42.0,0.6612903225806451,15,0,35.0,15.0,15.0,0.42857142857142855,510616.0,149489384.0,150000000.0,0.003404106666666667,157200.0,0.01572,4
RX60_seed1009_600s,RX60,1009,520,530,benign,impairment,RX60,none,rx60,0,1,1.0,15.0,15.0,0.0,0.0,15.0,15.0,15,15,15,1.0,1.0,198.6,174.0,393.4999999999999,467.0,133.97643716074,165.46666666666667,34.33837226083685,216.39999999999995,701.1333333333333,4.8,-68.93333333333334,0.0,216.0,-77.0,0.0,69.0,41.0,41.0,0.5942028985507246,15,0,27.0,15.0,15.0,0.5555555555555556,568624.0,149431376.0,150000000.0,0.0037908266666666665,126496.0,0.0126496,4
RX60_seed1010_600s,RX60,1010,190,200,benign,impairment,RX60,none,rx60,0,1,1.0,15.0,15.0,0.0,0.0,15.0,15.0,14,14,14,1.0,1.0,201.78571428571428,223.5,339.9,362.0,106.76947026289763,175.06666666666666,40.16655799234459,238.89999999999998,769.3333333333334,4.8,-71.06666666666666,0.0,184.0,-77.0,0.0,71.0,44.0,44.0,0.6197183098591549,15,0,24.0,16.0,15.0,0.6666666666666666,651512.0,149348488.0,150000000.0,0.004343413333333333,112624.0,0.0112624,5
RX60_seed1010_600s,RX60,1010,200,210,benign,impairment,RX60,none,rx60,0,1,1.0,14.0,15.0,0.0,0.0,16.0,16.0,16,16,16,1.0,1.0,214.625,193.0,447.25,463.0,140.08229723987253,178.4,44.41010181092972,259.4,761.8666666666667,4.8,-71.8,1.0,203.0,-77.0,0.0,77.0,44.0,48.0,0.5714285714285714,14,1,35.0,16.0,17.0,0.45714285714285713,784456.0,149215544.0,150000000.0,0.005229706666666667,170072.0,0.0170072,5
RX60_seed1010_600s,RX60,1010,210,220,benign,impairment,RX60,none,rx60,0,1,1.0,14.0,14.0,0.0,0.0,14.0,14.0,14,14,14,1.0,1.0,175.42857142857142,177.5,303.79999999999995,335.0,95.27265673255428,168.93333333333334,34.61928997098638,216.79999999999998,773.0666666666667,4.8,-70.66666666666667,1.0,193.0,-77.0,0.0,59.0,40.0,41.0,0.6779661016949152,14,1,21.0,14.0,14.0,0.6666666666666666,646568.0,149353432.0,150000000.0,0.004310453333333334,101848.0,0.0101848,5
RX60_seed1010_600s,RX60,1010,220,230,benign,impairment,RX60,none,rx60,0,1,1.0,15.0,15.0,0.0,0.0,15.0,15.0,15,15,15,1.0,1.0,203.13333333333333,192.0,415.6999999999998,527.0,135.10570817309082,165.86666666666667,30.272256668598786,214.89999999999998,769.1333333333333,4.8,-70.66666666666667,0.0,190.0,-77.0,0.0,77.0,50.0,49.0,0.6493506493506493,15,0,25.0,16.0,16.0,0.64,682856.0,149317144.0,150000000.0,0.004552373333333333,127080.0,0.012708,5
RX60_seed1010_600s,RX60,1010,230,240,benign,impairment,RX60,none,rx60,0,1,1.0,14.0,13.0,0.0,0.0,12.0,12.0,12,12,12,1.0,1.0,232.0,256.0,336.9,360.0,98.57530577731376,163.73333333333332,29.003612254502432,208.89999999999998,766.3333333333334,4.8,-70.66666666666667,0.0,189.0,-77.0,0.0,64.0,43.0,43.0,0.671875,15,0,19.0,12.0,12.0,0.631578947368421,550568.0,149449432.0,150000000.0,0.0036704533333333333,94072.0,0.0094072,5
RX60_seed1010_600s,RX60,1010,240,250,benign,impairment,RX60,none,rx60,0,1,1.0,17.0,17.0,0.0,0.0,18.0,18.0,18,18,18,1.0,1.0,234.77777777777777,205.0,498.3,500.0,145.2497061070452,171.73333333333332,30.480594919828366,224.09999999999997,749.5333333333333,4.8,-70.8,1.0,185.0,-77.0,0.0,82.0,46.0,50.0,0.5609756097560976,14,1,25.0,18.0,20.0,0.72,797408.0,149202592.0,150000000.0,0.005316053333333333,125264.0,0.0125264,5
RX60_seed1010_600s,RX60,1010,250,260,benign,impairment,RX60,none,rx60,0,1,1.0,15.0,16.0,0.0,0.0,15.0,15.0,15,15,15,1.0,1.0,201.2,162.0,356.8,361.0,110.75984316142225,165.46666666666667,29.746228252302764,211.2,741.5333333333333,4.8,-70.8,0.0,185.0,-77.0,0.0,61.0,44.0,43.0,0.7213114754098361,15,0,27.0,16.0,16.0,0.5925925925925926,620560.0,149380384.0,150000944.0,0.0041370406308909626,128864.0,0.0128864,5
RX60_seed1010_600s,RX60,1010,260,270,benign,impairment,RX60,none,rx60,0,1,1.0,15.0,15.0,0.0,0.0,15.0,15.0,14,14,14,1.0,1.0,181.5,187.0,346.59999999999997,370.0,100.55595457256621,171.0,35.32906533072814,224.89999999999998,746.2,4.8,-70.8,0.0,176.0,-77.0,0.0,68.0,39.0,44.0,0.5735294117647058,15,0,21.0,15.0,16.0,0.7142857142857143,600920.0,149398136.0,149999056.0,0.004006158545424446,106592.0,0.0106592,5
RX60_seed1010_600s,RX60,1010,270,280,benign,impairment,RX60,none,rx60,0,1,1.0,14.0,13.0,0.0,0.0,14.0,14.0,15,15,15,1.0,1.0,181.33333333333334,153.0,342.3999999999999,390.0,111.02680928925402,172.46666666666667,31.33429583121496,220.99999999999994,760.8666666666667,4.8,-70.8,0.0,197.0,-77.0,0.0,63.0,38.0,39.0,0.6031746031746031,15,0,30.0,14.0,14.0,0.4666666666666667,579288.0,149420712.0,150000000.0,0.00386192,134488.0,0.0134488,5
RX60_seed1010_600s,RX60,1010,280,290,benign,impairment,RX60,none,rx60,0,1,1.0,14.0,15.0,0.0,0.0,15.0,15.0,15,15,15,1.0,1.0,215.86666666666667,166.0,544.5999999999999,609.0,153.65074806505947,170.2,32.97878105691598,214.89999999999992,758.0666666666667,4.8,-70.8,0.0,196.0,-77.0,0.0,67.0,42.0,43.0,0.6268656716417911,15,0,25.0,15.0,15.0,0.6,652432.0,149347568.0,150000000.0,0.0043495466666666665,121384.0,0.0121384,5
RX60_seed1010_600s,RX60,1010,290,300,benign,impairment,RX60,none,rx60,0,1,1.0,16.0,16.0,0.0,0.0,15.0,15.0,15,15,15,1.0,1.0,176.13333333333333,169.0,291.2,301.0,80.72870499099939,165.66666666666666,31.363460693403503,210.19999999999993,739.6666666666666,4.8,-70.8,0.0,181.0,-77.0,0.0,64.0,44.0,46.0,0.6875,15,0,18.0,15.0,15.0,0.8333333333333334,581376.0,149418624.0,150000000.0,0.00387584,92152.0,0.0092152,5
RX60_seed1010_600s,RX60,1010,300,310,benign,impairment,RX60,none,rx60,0,1,1.0,14.0,14.0,0.0,0.0,15.0,15.0,15,15,15,1.0,1.0,210.06666666666666,185.0,444.9999999999999,508.0,131.53026086726024,178.06666666666666,35.00095236799517,226.09999999999994,755.4,4.8,-70.8,0.0,193.0,-77.0,0.0,87.0,41.0,38.0,0.47126436781609193,15,0,28.0,15.0,15.0,0.5357142857142857,623232.0,149376768.0,150000000.0,0.00415488,140496.0,0.0140496,5
RX60_seed1010_600s,RX60,1010,310,320,benign,impairment,RX60,none,rx60,0,1,1.0,17.0,17.0,0.0,0.0,16.0,16.0,16,16,16,1.0,1.0,232.875,226.0,399.0,423.0,119.40121439918443,186.93333333333334,55.7859002496748,287.5999999999999,766.7333333333333,4.8,-70.8,0.0,188.0,-77.0,0.0,84.0,46.0,50.0,0.5476190476190477,15,0,25.0,16.0,16.0,0.64,649056.0,149350944.0,150000000.0,0.00432704,123056.0,0.0123056,5
RX60_seed1010_600s,RX60,1010,320,330,benign,impairment,RX60,none,rx60,0,1,1.0,14.0,13.0,0.0,0.0,14.0,14.0,13,13,13,1.0,1.0,207.76923076923077,203.0,326.0,338.0,81.87607897116415,192.26666666666668,59.040502643362984,294.29999999999995,773.6,4.8,-70.8,0.0,204.0,-77.0,0.0,80.0,40.0,39.0,0.5,15,0,26.0,13.0,14.0,0.5,592392.0,149411496.0,150003888.0,0.003949177637315641,132184.0,0.0132184,5
RX60_seed1010_600s,RX60,1010,330,340,benign,impairment,RX60,none,rx60,0,1,1.0,15.0,15.0,0.0,0.0,15.0,15.0,16,16,16,1.0,1.0,215.875,225.5,451.25,458.0,120.4214128245748,194.66666666666666,52.375930495200706,302.2,776.4,4.8,-70.8,0.0,203.0,-77.0,0.0,76.0,39.0,40.0,0.5131578947368421,15,0,29.0,16.0,15.0,0.5517241379310345,546024.0,149450088.0,149996112.0,0.0036402543553928917,136408.0,0.0136408,5
RX60_seed1010_600s,RX60,1010,340,350,benign,impairment,RX60,none,rx60,0,1,1.0,15.0,16.0,0.0,0.0,15.0,15.0,15,15,15,1.0,1.0,182.66666666666666,188.0,275.69999999999993,303.0,80.08893865720844,189.86666666666667,46.37866915275763,271.79999999999995,770.4666666666667,4.8,-70.8,0.0,189.0,-77.0,0.0,76.0,44.0,44.0,0.5789473684210527,15,0,21.0,15.0,15.0,0.7142857142857143,615536.0,149386152.0,150001688.0,0.004103527154974416,108192.0,0.0108192,5
RX60_seed1010_600s,RX60,1010,350,360,benign,impairment,RX60,none,rx60,0,1,1.0,15.0,15.0,0.0,0.0,15.0,15.0,15,15,15,1.0,1.0,172.86666666666667,139.0,353.89999999999986,454.0,111.67546518286603,187.26666666666668,55.125139023688206,271.39999999999986,767.2,4.8,-70.8,0.0,176.0,-77.0,0.0,73.0,41.0,41.0,0.5616438356164384,15,0,18.0,15.0,15.0,0.8333333333333334,597544.0,149402656.0,150000200.0,0.003983621355171526,94024.0,0.0094024,5
RX60_seed1010_600s,RX60,1010,360,370,benign,impairment,RX60,none,rx60,0,1,1.0,14.0,14.0,0.0,0.0,14.0,14.0,14,14,14,1.0,1.0,195.21428571428572,164.0,392.54999999999995,531.0,121.31217110060663,183.06666666666666,56.53250224007257,289.29999999999995,761.8,4.8,-70.8,0.0,181.0,-77.0,0.0,68.0,41.0,41.0,0.6029411764705882,15,0,22.0,14.0,14.0,0.6363636363636364,544968.0,149453144.0,149998112.0,0.0036331657294459813,106560.0,0.010656,5
RX60_seed1010_600s,RX60,1010,370,380,benign,impairment,RX60,none,rx60,0,1,1.0,14.0,14.0,0.0,0.0,15.0,15.0,15,15,15,1.0,1.0,207.86666666666667,203.0,381.1999999999998,503.0,117.66712531948923,186.73333333333332,62.32686495595696,312.0,766.4,4.8,-70.8,0.0,176.0,-77.0,0.0,85.0,44.0,44.0,0.5176470588235295,15,0,21.0,15.0,15.0,0.7142857142857143,663320.0,149336680.0,150000000.0,0.004422133333333333,112304.0,0.0112304,5
RX60_seed1010_600s,RX60,1010,380,390,benign,impairment,RX60,none,rx60,0,1,1.0,16.0,15.0,0.0,0.0,16.0,16.0,16,16,16,1.0,1.0,167.375,135.5,366.25,427.0,111.96777810304772,183.26666666666668,54.08916800282748,280.3,761.9333333333333,4.8,-70.8,0.0,172.0,-77.0,0.0,71.0,43.0,42.0,0.6056338028169014,15,0,20.0,15.0,16.0,0.75,559840.0,149440160.0,150000000.0,0.0037322666666666665,102048.0,0.0102048,5
RX60_seed1010_600s,RX60,1010,390,400,benign,impairment,RX60,none,rx60,0,1,1.0,15.0,16.0,0.0,0.0,15.0,15.0,15,15,15,1.0,1.0,183.4,166.0,397.69999999999993,460.0,120.05403545308847,183.2,46.66170041601877,260.5,762.0,4.8,-70.8,0.0,177.0,-77.0,0.0,71.0,40.0,40.0,0.5633802816901409,15,0,26.0,16.0,15.0,0.6153846153846154,573320.0,149426680.0,150000000.0,0.0038221333333333333,128624.0,0.0128624,5
RX60_seed1010_600s,RX60,1010,400,410,benign,impairment,RX60,none,rx60,0,1,1.0,14.0,14.0,0.0,0.0,14.0,14.0,14,14,14,1.0,1.0,237.07142857142858,304.0,396.75,400.0,135.18333095109384,181.73333333333332,38.8926483443606,243.2,760.0,4.8,-70.8,0.0,187.0,-77.0,0.0,71.0,40.0,41.0,0.5633802816901409,15,0,28.0,14.0,14.0,0.5,701928.0,149298072.0,150000000.0,0.00467952,134016.0,0.0134016,5
RX60_seed1010_600s,RX60,1010,410,420,benign,impairment,RX60,none,rx60,0,1,1.0,16.0,16.0,0.0,0.0,16.0,16.0,16,16,16,1.0,1.0,201.6875,192.0,350.0,353.0,95.63104011425021,180.6,36.652421475258635,241.2,765.6666666666666,4.8,-70.8,0.0,194.0,-77.0,0.0,76.0,43.0,45.0,0.5657894736842105,15,0,30.0,16.0,17.0,0.5333333333333333,635304.0,149367872.0,150003176.0,0.004235270325209648,146392.0,0.0146392,5
RX60_seed1010_600s,RX60,1010,420,430,benign,impairment,RX60,none,rx60,0,1,1.0,14.0,14.0,0.0,0.0,14.0,14.0,14,14,14,1.0,1.0,181.07142857142858,164.5,346.99999999999994,451.0,116.60681091449314,180.73333333333332,38.193991050700006,243.09999999999994,765.9333333333333,4.8,-70.8,0.0,193.0,-77.0,0.0,71.0,41.0,41.0,0.5774647887323944,15,0,26.0,14.0,14.0,0.5384615384615384,579864.0,149416960.0,149996824.0,0.0038658418527581623,124216.0,0.0124216,5
RX60_seed1010_600s,RX60,1010,430,440,benign,impairment,RX60,none,rx60,0,1,1.0,15.0,15.0,0.0,0.0,14.0,14.0,14,14,14,1.0,1.0,196.07142857142858,156.5,388.15,420.0,113.30385578727555,178.06666666666666,37.1049990214385,231.59999999999994,762.3333333333334,4.8,-70.8,0.0,181.0,-77.0,0.0,68.0,41.0,43.0,0.6029411764705882,15,0,19.0,14.0,14.0,0.7368421052631579,590264.0,149409736.0,150000000.0,0.003935093333333333,108464.0,0.0108464,5
RX60_seed1010_600s,RX60,1010,440,450,benign,impairment,RX60,none,rx60,0,1,1.0,14.0,14.0,0.0,0.0,15.0,15.0,15,15,15,1.0,1.0,201.86666666666667,198.0,346.9,370.0,77.66398932642618,178.93333333333334,43.242615664686724,249.1,763.5333333333333,4.8,-70.8,0.0,179.0,-77.0,0.0,72.0,41.0,41.0,0.5694444444444444,15,0,23.0,15.0,15.0,0.6521739130434783,580688.0,149419312.0,150000000.0,0.0038712533333333334,111480.0,0.011148,5
RX60_seed1010_600s,RX60,1010,450,460,benign,impairment,RX60,none,rx60,0,1,1.0,17.0,16.0,0.0,0.0,15.0,15.0,15,15,15,1.0,1.0,175.0,152.0,320.0999999999999,381.0,95.11947374599107,174.6,40.96304955165605,241.5,762.5333333333333,4.8,-70.8,0.0,179.0,-77.0,0.0,69.0,45.0,45.0,0.6521739130434783,15,0,22.0,15.0,15.0,0.6818181818181818,645992.0,149354008.0,150000000.0,0.004306613333333333,112816.0,0.0112816,5
RX60_seed1010_600s,RX60,1010,460,470,benign,impairment,RX60,none,rx60,0,1,1.0,14.0,15.0,0.0,0.0,15.0,15.0,16,16,16,1.0,1.0,199.5625,164.0,443.0,572.0,142.59217778919947,171.93333333333334,39.194508847662874,236.5,758.2,4.8,-70.8,0.0,168.0,-77.0,0.0,63.0,40.0,40.0,0.6349206349206349,15,0,17.0,15.0,15.0,0.8823529411764706,576528.0,149423472.0,150000000.0,0.00384352,88656.0,0.0088656,5
RX60_seed1010_600s,RX60,1010,470,480,benign,impairment,RX60,none,rx60,0,1,1.0,15.0,15.0,0.0,0.0,16.0,16.0,15,15,15,1.0,1.0,207.4,165.0,396.5999999999999,447.0,122.44928979552544,174.2,38.80942448132191,230.49999999999997,748.8,4.8,-70.8,0.0,169.0,-77.0,0.0,75.0,42.0,45.0,0.56,15,0,25.0,16.0,16.0,0.64,628576.0,149371424.0,150000000.0,0.004190506666666666,126560.0,0.012656,5
RX60_seed1010_600s,RX60,1010,480,490,benign,impairment,RX60,none,rx60,0,1,1.0,15.0,14.0,0.0,0.0,13.0,13.0,13,13,13,1.0,1.0,204.84615384615384,213.0,397.1999999999999,459.0,130.74137712410595,177.33333333333334,43.787908746376004,247.39999999999998,758.7333333333333,4.8,-70.8,0.0,181.0,-77.0,0.0,75.0,40.0,40.0,0.5333333333333333,15,0,24.0,13.0,13.0,0.5416666666666666,570192.0,149429808.0,150000000.0,0.00380128,126144.0,0.0126144,5
RX60_seed1010_600s,RX60,1010,490,500,benign,impairment,RX60,none,rx60,0,1,1.0,15.0,15.0,0.0,0.0,15.0,15.0,15,15,15,1.0,1.0,243.13333333333333,215.0,493.8999999999999,552.0,135.56699275195834,178.53333333333333,45.67254046340046,244.3,760.0666666666667,4.8,-70.8,0.0,185.0,-77.0,0.0,74.0,40.0,41.0,0.5405405405405406,15,0,29.0,15.0,15.0,0.5172413793103449,612768.0,149387232.0,150000000.0,0.00408512,143912.0,0.0143912,5
RX60_seed1010_600s,RX60,1010,500,510,benign,impairment,RX60,none,rx60,0,1,1.0,15.0,16.0,0.0,0.0,15.0,15.0,15,15,15,1.0,1.0,239.93333333333334,167.0,544.8,556.0,176.4189278258943,182.93333333333334,41.418537372718006,244.79999999999998,767.4,4.8,-70.8,0.0,211.0,-77.0,0.0,85.0,45.0,45.0,0.5294117647058824,15,0,30.0,14.0,16.0,0.4666666666666667,694520.0,149305480.0,150000000.0,0.004630133333333333,140168.0,0.0140168,5
RX60_seed1010_600s,RX60,1010,510,520,benign,impairment,RX60,none,rx60,0,1,1.0,14.0,14.0,0.0,0.0,16.0,16.0,16,16,16,1.0,1.0,200.875,204.0,360.25,385.0,98.37741949587145,181.06666666666666,50.74652228290648,255.99999999999994,764.9333333333333,4.8,-70.8,0.0,203.0,-77.0,0.0,64.0,38.0,39.0,0.59375,15,0,27.0,16.0,17.0,0.5925925925925926,530936.0,149469064.0,150000000.0,0.0035395733333333334,138024.0,0.0138024,5
RX60_seed1010_600s,RX60,1010,520,530,benign,impairment,RX60,none,rx60,0,1,1.0,15.0,15.0,0.0,0.0,14.0,14.0,14,14,14,1.0,1.0,180.0,167.0,371.49999999999994,482.0,124.27017712660155,181.13333333333333,46.955703543212884,254.1,765.4666666666667,4.8,-70.8,0.0,181.0,-77.0,0.0,74.0,43.0,43.0,0.581081081081081,15,0,17.0,14.0,14.0,0.8235294117647058,615080.0,149384920.0,150000000.0,0.004100533333333333,85984.0,0.0085984,5
RX75_seed1001_600s,RX75,1001,190,200,benign,impairment,RX75,none,rx75,0,1,1.0,15.0,15.0,0.0,0.0,14.0,14.0,16,16,16,1.0,1.0,173.625,164.0,333.25,355.0,100.21302310578201,136.13333333333333,28.187805536302058,186.89999999999998,673.3333333333334,4.8,-71.06666666666666,0.0,152.0,-77.0,0.0,53.0,39.0,40.0,0.7358490566037735,15,0,23.0,15.0,14.0,0.6521739130434783,480792.0,149519208.0,150000000.0,0.00320528,108600.0,0.01086,1
RX75_seed1001_600s,RX75,1001,200,210,benign,impairment,RX75,none,rx75,0,1,1.0,14.0,15.0,0.0,0.0,15.0,15.0,14,14,14,1.0,1.0,177.14285714285714,137.5,423.15,481.0,128.753704737054,131.66666666666666,19.263832383387218,170.3,667.4666666666667,4.8,-71.06666666666666,0.0,145.0,-77.0,0.0,52.0,41.0,42.0,0.7884615384615384,15,0,21.0,15.0,15.0,0.7142857142857143,475464.0,149524536.0,150000000.0,0.00316976,103040.0,0.010304,1
RX75_seed1001_600s,RX75,1001,210,220,benign,impairment,RX75,none,rx75,0,1,1.0,15.0,15.0,0.0,0.0,15.0,15.0,16,16,16,1.0,1.0,220.75,217.0,376.0,532.0,126.2640091237404,135.46666666666667,29.029213528706528,180.99999999999994,672.2666666666667,4.8,-71.06666666666666,0.0,154.0,-77.0,0.0,64.0,41.0,43.0,0.640625,15,0,27.0,15.0,15.0,0.5555555555555556,551224.0,149448776.0,150000000.0,0.0036748266666666667,139144.0,0.0139144,1
RX75_seed1001_600s,RX75,1001,220,230,benign,impairment,RX75,none,rx75,0,1,1.0,15.0,15.0,0.0,0.0,16.0,16.0,16,16,16,1.0,1.0,146.4375,128.5,290.5,376.0,91.34620499323805,133.53333333333333,22.702632530381226,166.79999999999995,669.7333333333333,4.8,-71.06666666666666,0.0,143.0,-77.0,0.0,57.0,41.0,42.0,0.7192982456140351,15,0,19.0,15.0,16.0,0.7894736842105263,441720.0,149558280.0,150000000.0,0.0029448,97096.0,0.0097096,1
RX75_seed1001_600s,RX75,1001,230,240,benign,impairment,RX75,none,rx75,0,1,1.0,15.0,15.0,0.0,0.0,14.0,14.0,14,14,14,1.0,1.0,173.92857142857142,185.5,322.05,324.0,95.9322391352068,135.86666666666667,20.430602629622157,172.1,671.3333333333334,4.8,-71.06666666666666,0.0,147.0,-77.0,0.0,61.0,41.0,42.0,0.6721311475409836,15,0,24.0,15.0,14.0,0.625,498616.0,149501384.0,150000000.0,0.0033241066666666666,115848.0,0.0115848,1
RX75_seed1001_600s,RX75,1001,240,250,benign,impairment,RX75,none,rx75,0,1,1.0,15.0,15.0,0.0,0.0,15.0,15.0,15,15,15,1.0,1.0,185.8,135.0,521.9,538.0,159.7852129757766,129.53333333333333,15.927813349460061,157.39999999999998,658.4,4.8,-71.06666666666666,0.0,142.0,-77.0,0.0,47.0,41.0,44.0,0.8723404255319149,15,0,20.0,15.0,16.0,0.75,431192.0,149568808.0,150000000.0,0.0028746133333333334,98816.0,0.0098816,1
RX75_seed1001_600s,RX75,1001,250,260,benign,impairment,RX75,none,rx75,0,1,1.0,18.0,17.0,0.0,0.0,17.0,17.0,16,16,16,1.0,1.0,177.5625,157.0,394.25,533.0,124.13700428693022,138.13333333333333,18.703959346568716,166.89999999999998,669.4666666666667,4.8,-71.06666666666666,0.0,150.0,-77.0,0.0,71.0,44.0,43.0,0.6197183098591549,15,0,29.0,17.0,17.0,0.5862068965517241,564344.0,149435656.0,150000000.0,0.0037622933333333335,141776.0,0.0141776,1
RX75_seed1001_600s,RX75,1001,260,270,benign,impairment,RX75,none,rx75,0,1,1.0,14.0,14.0,0.0,0.0,15.0,15.0,14,14,14,1.0,1.0,179.28571428571428,169.5,351.04999999999995,444.0,113.20262878941975,143.4,34.22154709703063,193.99999999999994,670.8,4.8,-71.06666666666666,0.0,146.0,-77.0,0.0,69.0,41.0,43.0,0.5942028985507246,15,0,22.0,15.0,15.0,0.6818181818181818,530536.0,149469464.0,150000000.0,0.0035369066666666666,119768.0,0.0119768,1
RX75_seed1001_600s,RX75,1001,270,280,benign,impairment,RX75,none,rx75,0,1,1.0,15.0,16.0,0.0,0.0,15.0,15.0,15,15,15,1.0,1.0,181.53333333333333,166.0,349.99999999999994,399.0,107.70586047635653,138.2,22.966435136022803,172.5,664.5333333333333,4.8,-71.06666666666666,0.0,154.0,-77.0,0.0,56.0,41.0,43.0,0.7321428571428571,15,0,28.0,15.0,15.0,0.5357142857142857,516760.0,149483240.0,150000000.0,0.003445066666666667,129208.0,0.0129208,1
RX75_seed1001_600s,RX75,1001,280,290,benign,impairment,RX75,none,rx75,0,1,1.0,16.0,14.0,0.0,0.0,16.0,16.0,16,16,16,1.0,1.0,164.3125,142.5,307.25,350.0,87.93991793643356,137.46666666666667,23.378459764329662,176.29999999999998,660.4,4.8,-71.06666666666666,0.0,137.0,-77.0,0.0,58.0,41.0,40.0,0.7068965517241379,15,0,17.0,15.0,16.0,0.8823529411764706,473688.0,149526312.0,150000000.0,0.00315792,93216.0,0.009318521160608535,1
RX75_seed1001_600s,RX75,1001,290,300,benign,impairment,RX75,none,rx75,0,1,1.0,14.0,16.0,0.0,0.0,14.0,14.0,15,15,15,1.0,1.0,147.93333333333334,135.0,324.4,358.0,102.77886571710764,138.6,27.28107664402457,189.29999999999998,637.4666666666667,4.8,-70.4,1.0,131.0,-77.0,0.0,63.0,46.0,50.0,0.7301587301587301,14,1,21.0,16.0,15.0,0.7619047619047619,691104.0,149308896.0,150000000.0,0.00460736,99808.0,0.009984098746225753,1
RX75_seed1001_600s,RX75,1001,300,310,benign,impairment,RX75,none,rx75,0,1,1.0,14.0,13.0,0.0,0.0,15.0,15.0,15,15,15,1.0,1.0,189.93333333333334,181.0,344.5999999999999,423.0,113.02557654080316,140.66666666666666,31.682953205304642,197.79999999999995,640.0666666666667,4.8,-70.4,0.0,141.0,-77.0,0.0,60.0,38.0,37.0,0.6333333333333333,15,0,24.0,15.0,15.0,0.625,483432.0,149516568.0,150000000.0,0.00322288,123632.0,0.0123632,1
RX75_seed1001_600s,RX75,1001,310,320,benign,impairment,RX75,none,rx75,0,1,1.0,15.0,16.0,0.0,0.0,14.0,14.0,13,13,13,1.0,1.0,155.07692307692307,125.0,286.7999999999999,336.0,85.45609158944487,137.0,27.2711254940878,186.59999999999997,635.4666666666667,4.8,-70.4,0.0,136.0,-77.0,0.0,55.0,41.0,42.0,0.7454545454545455,15,0,18.0,14.0,14.0,0.7777777777777778,511936.0,149488064.0,150000000.0,0.0034129066666666666,91872.0,0.0091872,1
RX75_seed1001_600s,RX75,1001,320,330,benign,impairment,RX75,none,rx75,0,1,1.0,15.0,15.0,0.0,0.0,15.0,15.0,17,17,17,1.0,1.0,161.05882352941177,138.0,308.8,312.0,90.91305639746919,135.73333333333332,23.843138176323144,175.39999999999998,633.7333333333333,4.8,-70.4,0.0,143.0,-77.0,0.0,52.0,38.0,38.0,0.7307692307692307,15,0,23.0,14.0,15.0,0.6086956521739131,409528.0,149590472.0,150000000.0,0.0027301866666666666,124160.0,0.012416,1
RX75_seed1001_600s,RX75,1001,330,340,benign,impairment,RX75,none,rx75,0,1,1.0,18.0,17.0,0.0,0.0,18.0,18.0,16,16,16,1.0,1.0,182.75,152.0,382.5,468.0,116.50607995579745,135.06666666666666,19.65221422154572,169.29999999999998,632.7333333333333,4.8,-70.4,0.0,144.0,-77.0,0.0,70.0,49.0,48.0,0.7,15,0,34.0,19.0,18.0,0.5588235294117647,576232.0,149423768.0,150000000.0,0.0038415466666666667,151928.0,0.0151928,1
RX75_seed1001_600s,RX75,1001,340,350,benign,impairment,RX75,none,rx75,0,1,1.0,14.0,15.0,0.0,0.0,14.0,14.0,14,14,14,1.0,1.0,183.0,171.0,331.4,347.0,103.48541331622911,133.33333333333334,21.070177525412095,165.29999999999998,630.6666666666666,4.8,-70.4,0.0,139.0,-77.0,0.0,51.0,37.0,37.0,0.7254901960784313,15,0,20.0,14.0,14.0,0.7,437304.0,149562696.0,150000000.0,0.00291536,101304.0,0.0101304,1
RX75_seed1001_600s,RX75,1001,350,360,benign,impairment,RX75,none,rx75,0,1,1.0,15.0,15.0,0.0,0.0,15.0,15.0,17,17,17,1.0,1.0,160.05882352941177,173.0,289.99999999999994,358.0,92.571911633764,137.73333333333332,24.835075042788823,181.3,636.4,4.8,-70.4,0.0,146.0,-77.0,0.0,68.0,44.0,45.0,0.6470588235294118,15,0,26.0,15.0,15.0,0.5769230769230769,543160.0,149456840.0,150000000.0,0.003621066666666667,123280.0,0.012328,1
RX75_seed1001_600s,RX75,1001,360,370,benign,impairment,RX75,none,rx75,0,1,1.0,14.0,14.0,0.0,0.0,15.0,15.0,14,14,14,1.0,1.0,197.14285714285714,189.0,375.74999999999994,457.0,120.65580871149211,140.2,28.21144651175679,191.79999999999998,629.7333333333333,4.8,-68.86666666666666,1.0,141.0,-77.0,0.0,56.0,38.0,38.0,0.6785714285714286,14,1,23.0,16.0,16.0,0.6956521739130435,545888.0,149460056.0,150005944.0,0.0036391091275689716,117792.0,0.0117792,1
RX75_seed1001_600s,RX75,1001,370,380,benign,impairment,RX75,none,rx75,0,1,1.0,15.0,15.0,0.0,0.0,14.0,14.0,14,14,14,1.0,1.0,156.35714285714286,136.0,315.0,328.0,101.0259731591201,137.0,31.500566888323046,190.89999999999995,625.4666666666667,4.8,-68.86666666666666,0.0,140.0,-77.0,0.0,50.0,39.0,37.0,0.78,15,0,21.0,14.0,14.0,0.6666666666666666,411360.0,149582696.0,149994056.0,0.002742508676477153,105008.0,0.0105008,1
RX75_seed1001_600s,RX75,1001,380,390,benign,impairment,RX75,none,rx75,0,1,1.0,14.0,13.0,0.0,0.0,14.0,14.0,14,14,14,1.0,1.0,171.64285714285714,195.0,292.7,294.0,94.56101582727268,137.73333333333332,27.77323137397557,185.49999999999997,626.3333333333334,4.8,-68.86666666666666,0.0,138.0,-77.0,0.0,50.0,35.0,34.0,0.7,15,0,20.0,14.0,14.0,0.7,409792.0,149590208.0,150000000.0,0.0027319466666666666,98488.0,0.0098488,1
RX75_seed1001_600s,RX75,1001,390,400,benign,impairment,RX75,none,rx75,0,1,1.0,14.0,15.0,0.0,0.0,14.0,14.0,15,15,15,1.0,1.0,182.2,137.0,339.59999999999997,369.0,114.83914215731747,139.73333333333332,26.8074261210974,186.29999999999995,628.9333333333333,4.8,-68.86666666666666,0.0,140.0,-77.0,0.0,62.0,41.0,44.0,0.6612903225806451,15,0,21.0,14.0,14.0,0.6666666666666666,501024.0,149498976.0,150000000.0,0.00334016,101888.0,0.0101888,1
RX75_seed1001_600s,RX75,1001,400,410,benign,impairment,RX75,none,rx75,0,1,1.0,15.0,15.0,0.0,0.0,16.0,16.0,15,15,15,1.0,1.0,195.0,221.0,359.69999999999993,387.0,116.26939162381228,138.73333333333332,23.891022422260466,179.39999999999998,627.6,4.8,-68.86666666666666,0.0,140.0,-77.0,0.0,59.0,43.0,46.0,0.7288135593220338,15,0,23.0,16.0,16.0,0.6956521739130435,532336.0,149467664.0,150000000.0,0.003548906666666667,120488.0,0.0120488,1
RX75_seed1001_600s,RX75,1001,410,420,benign,impairment,RX75,none,rx75,0,1,1.0,16.0,16.0,0.0,0.0,15.0,15.0,16,16,16,1.0,1.0,165.4375,135.5,328.25,338.0,92.89705323636481,138.26666666666668,20.309978781260163,167.49999999999997,627.2666666666667,4.8,-68.86666666666666,0.0,148.0,-77.0,0.0,57.0,41.0,41.0,0.7192982456140351,15,0,26.0,15.0,15.0,0.5769230769230769,445744.0,149554256.0,150000000.0,0.0029716266666666665,120176.0,0.0120176,1
RX75_seed1001_600s,RX75,1001,420,430,benign,impairment,RX75,none,rx75,0,1,1.0,14.0,14.0,0.0,0.0,15.0,15.0,14,14,14,1.0,1.0,172.28571428571428,199.0,298.29999999999995,375.0,101.4915142882767,132.93333333333334,19.95518789211276,162.29999999999998,620.4,4.8,-68.86666666666666,0.0,151.0,-77.0,0.0,50.0,42.0,41.0,0.84,15,0,25.0,15.0,15.0,0.6,466408.0,149533592.0,150000000.0,0.0031093866666666668,119536.0,0.0119536,1
RX75_seed1001_600s,RX75,1001,430,440,benign,impairment,RX75,none,rx75,0,1,1.0,16.0,15.0,0.0,0.0,15.0,15.0,16,16,16,1.0,1.0,160.25,144.5,322.5,333.0,93.79019138481381,139.8,25.615843311736363,176.49999999999994,629.7333333333333,4.8,-68.86666666666666,0.0,144.0,-77.0,0.0,67.0,40.0,41.0,0.5970149253731343,15,0,21.0,15.0,15.0,0.7142857142857143,492288.0,149507712.0,150000000.0,0.00328192,110912.0,0.0110912,1
RX75_seed1001_600s,RX75,1001,440,450,benign,impairment,RX75,none,rx75,0,1,1.0,15.0,15.0,0.0,0.0,15.0,15.0,14,14,14,1.0,1.0,197.78571428571428,207.5,373.59999999999997,475.0,122.93661817339895,133.06666666666666,17.93028828812404,162.99999999999997,621.2666666666667,4.8,-68.86666666666666,0.0,143.0,-77.0,0.0,47.0,40.0,41.0,0.851063829787234,15,0,22.0,15.0,16.0,0.6818181818181818,439104.0,149560896.0,150000000.0,0.00292736,104176.0,0.0104176,1
RX75_seed1001_600s,RX75,1001,450,460,benign,impairment,RX75,none,rx75,0,1,1.0,15.0,16.0,0.0,0.0,15.0,15.0,17,17,17,1.0,1.0,159.52941176470588,152.0,292.2,317.0,85.07138006334654,133.46666666666667,19.69360544029699,165.89999999999998,621.8,4.8,-68.86666666666666,0.0,140.0,-77.0,0.0,58.0,42.0,42.0,0.7241379310344828,15,0,21.0,15.0,15.0,0.7142857142857143,450040.0,149549960.0,150000000.0,0.003000266666666667,103400.0,0.01034,1
RX75_seed1001_600s,RX75,1001,460,470,benign,impairment,RX75,none,rx75,0,1,1.0,14.0,14.0,0.0,0.0,15.0,15.0,12,12,12,1.0,1.0,195.08333333333334,226.5,322.3999999999999,395.0,104.54269100431766,135.4,28.35438993474253,183.39999999999995,624.0666666666667,4.8,-68.86666666666666,0.0,150.0,-77.0,0.0,57.0,40.0,39.0,0.7017543859649122,15,0,26.0,15.0,15.0,0.5769230769230769,472984.0,149527016.0,150000000.0,0.0031532266666666666,125168.0,0.0125168,1
RX75_seed1001_600s,RX75,1001,470,480,benign,impairment,RX75,none,rx75,0,1,1.0,15.0,15.0,0.0,0.0,16.0,16.0,15,15,15,1.0,1.0,186.73333333333332,175.0,354.4,381.0,103.17700925155388,143.86666666666667,32.20662457735468,199.79999999999998,619.4,4.8,-70.0,1.0,158.0,-77.0,0.0,70.0,46.0,47.0,0.6571428571428571,14,1,29.0,17.0,18.0,0.5862068965517241,667184.0,149332816.0,150000000.0,0.004447893333333334,138272.0,0.0138272,1
RX75_seed1001_600s,RX75,1001,480,490,benign,impairment,RX75,none,rx75,0,1,1.0,16.0,16.0,0.0,0.0,14.0,14.0,17,17,17,1.0,1.0,157.47058823529412,148.0,303.59999999999997,342.0,86.44298529020358,140.46666666666667,27.56516089628528,187.39999999999998,613.2,4.8,-70.0,0.0,155.0,-77.0,0.0,53.0,39.0,43.0,0.7358490566037735,15,0,23.0,14.0,14.0,0.6086956521739131,422784.0,149577216.0,150000000.0,0.00281856,113616.0,0.0113616,1
RX75_seed1001_600s,RX75,1001,490,500,benign,impairment,RX75,none,rx75,0,1,1.0,14.0,14.0,0.0,0.0,15.0,15.0,15,15,15,1.0,1.0,184.2,174.0,349.19999999999993,380.0,111.40415483403531,136.86666666666667,23.745275219253514,172.7,608.6,4.8,-70.0,0.0,157.0,-77.0,0.0,51.0,40.0,40.0,0.7843137254901961,15,0,26.0,15.0,15.0,0.5769230769230769,413512.0,149586488.0,150000000.0,0.0027567466666666668,121856.0,0.0121856,1
RX75_seed1001_600s,RX75,1001,500,510,benign,impairment,RX75,none,rx75,0,1,1.0,15.0,14.0,0.0,0.0,14.0,14.0,15,14,15,0.9333333333333333,1.0,158.21428571428572,150.0,316.04999999999995,409.0,102.3073638761976,136.86666666666667,19.718978047507818,165.1,603.7333333333333,4.8,-70.0,0.0,190.0,-77.0,0.0,56.0,41.0,42.0,0.7321428571428571,15,0,25.0,13.0,15.0,0.52,504496.0,149495504.0,150000000.0,0.0033633066666666667,116464.0,0.0116464,1
RX75_seed1001_600s,RX75,1001,510,520,benign,impairment,RX75,none,rx75,0,1,1.0,15.0,15.0,1.0,0.0,16.0,16.0,12,12,12,1.0,1.0,165.0,161.0,318.2999999999999,381.0,103.2402317633269,130.2,18.016658957753513,158.79999999999998,596.7333333333333,4.8,-70.0,0.0,170.0,-77.0,0.0,46.0,41.0,42.0,0.8913043478260869,15,0,20.0,16.0,17.0,0.8,437944.0,149566000.0,150003944.0,0.002919549901967911,102048.0,0.0102048,1
RX75_seed1001_600s,RX75,1001,520,530,benign,impairment,RX75,none,rx75,0,1,1.0,16.0,16.0,0.0,0.0,15.0,15.0,17,17,17,1.0,1.0,173.05882352941177,141.0,372.19999999999993,461.0,112.43913386152266,136.53333333333333,30.73821880392706,206.0,600.6,4.8,-70.0,0.0,164.0,-77.0,0.0,68.0,44.0,45.0,0.6470588235294118,15,0,21.0,14.0,15.0,0.6666666666666666,535128.0,149460928.0,149996056.0,0.0035676138044589654,122712.0,0.012270826966860207,1
RX75_seed1002_600s,RX75,1002,190,200,benign,impairment,RX75,none,rx75,0,1,1.0,16.0,15.0,0.0,0.0,16.0,16.0,16,16,16,1.0,1.0,179.875,181.5,315.5,350.0,100.52122495605924,139.8,22.10752942196068,177.5,589.0,4.8,-70.53333333333333,0.0,165.0,-77.0,0.0,70.0,44.0,42.0,0.6285714285714286,15,0,39.0,16.0,16.0,0.41025641025641024,529752.0,149475392.0,150005144.0,0.0035315588910737623,184712.0,0.0184712,2
RX75_seed1002_600s,RX75,1002,200,210,benign,impairment,RX75,none,rx75,0,1,1.0,15.0,17.0,0.0,0.0,17.0,17.0,15,15,15,1.0,1.0,205.33333333333334,234.0,383.09999999999985,479.0,120.18834425699563,133.86666666666667,19.577197620360955,165.29999999999998,581.2666666666667,4.8,-70.53333333333333,0.0,159.0,-77.0,0.0,58.0,46.0,51.0,0.7931034482758621,15,0,29.0,16.0,17.0,0.5517241379310345,525352.0,149469504.0,149994856.0,0.003502466777927371,142504.0,0.0142504,2
RX75_seed1002_600s,RX75,1002,210,220,benign,impairment,RX75,none,rx75,0,1,1.0,16.0,15.0,0.0,0.0,14.0,14.0,16,16,16,1.0,1.0,191.5,167.5,380.5,469.0,114.4575612763671,133.0,23.388031127053,173.99999999999997,580.2666666666667,4.8,-70.53333333333333,0.0,153.0,-77.0,0.0,58.0,42.0,42.0,0.7241379310344828,15,0,24.0,15.0,15.0,0.625,523904.0,149476096.0,150000000.0,0.0034926933333333334,113048.0,0.0113048,2
RX75_seed1002_600s,RX75,1002,220,230,benign,impairment,RX75,none,rx75,0,1,1.0,15.0,16.0,0.0,0.0,17.0,17.0,15,15,15,1.0,1.0,168.13333333333333,143.0,316.1999999999999,389.0,100.80948557031914,133.0,23.33605426312316,169.09999999999997,580.2,4.8,-70.53333333333333,0.0,154.0,-77.0,0.0,57.0,41.0,42.0,0.7192982456140351,15,0,25.0,17.0,17.0,0.68,459088.0,149540912.0,150000000.0,0.003060586666666667,131104.0,0.0131104,2
RX75_seed1002_600s,RX75,1002,230,240,benign,impairment,RX75,none,rx75,0,1,1.0,15.0,14.0,0.0,0.0,14.0,14.0,16,16,16,1.0,1.0,190.0625,192.0,384.5,518.0,129.91765019939876,132.73333333333332,24.247140233928814,169.79999999999995,581.4666666666667,4.8,-70.53333333333333,0.0,158.0,-77.0,0.0,53.0,38.0,41.0,0.7169811320754716,15,0,24.0,14.0,15.0,0.5833333333333334,475176.0,149524824.0,150000000.0,0.00316784,114456.0,0.0114456,2
RX75_seed1002_600s,RX75,1002,240,250,benign,impairment,RX75,none,rx75,0,1,1.0,17.0,17.0,0.0,0.0,16.0,16.0,15,15,15,1.0,1.0,178.13333333333333,167.0,285.5,303.0,84.50432505133067,137.73333333333332,29.094591217187396,187.39999999999998,587.8666666666667,4.8,-70.53333333333333,0.0,146.0,-77.0,0.0,74.0,46.0,45.0,0.6216216216216216,15,0,21.0,16.0,17.0,0.7619047619047619,545456.0,149454544.0,150000000.0,0.003636373333333333,107000.0,0.0107,2
RX75_seed1002_600s,RX75,1002,250,260,benign,impairment,RX75,none,rx75,0,1,1.0,13.0,14.0,0.0,0.0,15.0,15.0,15,15,15,1.0,1.0,164.2,140.0,302.9,319.0,97.25606848491697,137.13333333333333,25.692874683923744,179.1,593.2666666666667,4.8,-70.53333333333333,0.0,159.0,-77.0,0.0,53.0,39.0,43.0,0.7358490566037735,15,0,29.0,15.0,15.0,0.5172413793103449,480232.0,149519768.0,150000000.0,0.0032015466666666667,136352.0,0.0136352,2
RX75_seed1002_600s,RX75,1002,260,270,benign,impairment,RX75,none,rx75,0,1,1.0,16.0,16.0,0.0,0.0,15.0,15.0,16,16,16,1.0,1.0,185.9375,185.5,349.25,362.0,106.08767993190035,135.4,24.51180473626068,174.1,594.5333333333333,4.8,-70.53333333333333,0.0,151.0,-77.0,0.0,54.0,42.0,47.0,0.7777777777777778,15,0,23.0,15.0,16.0,0.6521739130434783,472088.0,149527912.0,150000000.0,0.003147253333333333,110448.0,0.0110448,2
RX75_seed1002_600s,RX75,1002,270,280,benign,impairment,RX75,none,rx75,0,1,1.0,15.0,15.0,0.0,0.0,16.0,16.0,15,15,15,1.0,1.0,167.8,147.0,326.09999999999985,408.0,105.83288713816702,133.0,19.003759026646733,164.39999999999998,591.6,4.8,-70.53333333333333,0.0,147.0,-77.0,0.0,55.0,42.0,42.0,0.7636363636363637,15,0,25.0,16.0,16.0,0.64,441576.0,149558424.0,150000000.0,0.00294384,122200.0,0.01222,2
RX75_seed1002_600s,RX75,1002,280,290,benign,impairment,RX75,none,rx75,0,1,1.0,15.0,15.0,0.0,0.0,15.0,15.0,15,15,15,1.0,1.0,212.0,158.0,457.6999999999998,569.0,150.39471875226016,134.46666666666667,18.63125893555799,161.5,593.5333333333333,4.8,-70.53333333333333,0.0,149.0,-77.0,0.0,60.0,41.0,41.0,0.6833333333333333,15,0,25.0,15.0,15.0,0.6,529576.0,149474312.0,150003888.0,0.0035304151583057633,121568.0,0.0121568,2
RX75_seed1002_600s,RX75,1002,290,300,benign,impairment,RX75,none,rx75,0,1,1.0,15.0,15.0,0.0,0.0,15.0,15.0,16,16,16,1.0,1.0,177.5,174.5,351.0,414.0,102.90448645872216,134.6,19.92414185282339,160.1,593.6666666666666,4.8,-70.53333333333333,0.0,146.0,-77.0,0.0,58.0,41.0,41.0,0.7068965517241379,15,0,23.0,15.0,15.0,0.6521739130434783,455568.0,149540544.0,149996112.0,0.003037198724190931,111384.0,0.0111384,2
RX75_seed1002_600s,RX75,1002,300,310,benign,impairment,RX75,none,rx75,0,1,1.0,15.0,15.0,0.0,0.0,15.0,15.0,15,15,15,1.0,1.0,159.4,161.0,274.09999999999997,293.0,73.15131089539192,128.73333333333332,17.53961502536744,149.9,586.0,4.8,-70.53333333333333,0.0,146.0,-77.0,0.0,47.0,41.0,41.0,0.8723404255319149,15,0,22.0,15.0,15.0,0.6818181818181818,417008.0,149582992.0,150000000.0,0.0027800533333333334,104712.0,0.0104712,2
RX75_seed1002_600s,RX75,1002,310,320,benign,impairment,RX75,none,rx75,0,1,1.0,15.0,15.0,0.0,0.0,15.0,15.0,15,15,15,1.0,1.0,192.66666666666666,204.0,344.9999999999999,401.0,111.02680928925402,138.2,20.598890400074605,169.89999999999998,598.3333333333334,4.8,-70.53333333333333,0.0,144.0,-77.0,0.0,73.0,41.0,41.0,0.5616438356164384,15,0,21.0,15.0,15.0,0.7142857142857143,520904.0,149479096.0,150000000.0,0.0034726933333333334,105832.0,0.0105832,2
RX75_seed1002_600s,RX75,1002,320,330,benign,impairment,RX75,none,rx75,0,1,1.0,15.0,15.0,0.0,0.0,14.0,14.0,14,14,14,1.0,1.0,163.35714285714286,154.5,333.6,344.0,91.53276600620813,132.53333333333333,17.402243971341605,162.29999999999998,590.8666666666667,4.8,-70.53333333333333,0.0,140.0,-77.0,0.0,48.0,40.0,40.0,0.8333333333333334,15,0,19.0,14.0,14.0,0.7368421052631579,411128.0,149588872.0,150000000.0,0.0027408533333333333,91896.0,0.0091896,2
RX75_seed1002_600s,RX75,1002,330,340,benign,impairment,RX75,none,rx75,0,1,1.0,15.0,15.0,0.0,0.0,15.0,15.0,14,14,14,1.0,1.0,184.21428571428572,154.0,370.0,422.0,125.96469503636483,134.2,17.688575812815294,165.1,593.1333333333333,4.8,-70.53333333333333,0.0,147.0,-77.0,0.0,59.0,41.0,41.0,0.6949152542372882,15,0,28.0,15.0,15.0,0.5357142857142857,531496.0,149468504.0,150000000.0,0.0035433066666666667,133704.0,0.0133704,2
RX75_seed1002_600s,RX75,1002,340,350,benign,impairment,RX75,none,rx75,0,1,1.0,15.0,14.0,0.0,0.0,15.0,15.0,15,15,15,1.0,1.0,176.8,176.0,383.3,391.0,109.10296578396549,136.46666666666667,21.764540842738633,175.29999999999998,596.0666666666667,4.8,-70.53333333333333,0.0,140.0,-77.0,0.0,61.0,41.0,40.0,0.6721311475409836,15,0,20.0,15.0,15.0,0.75,505464.0,149494536.0,150000000.0,0.00336976,97536.0,0.0097536,2
RX75_seed1002_600s,RX75,1002,350,360,benign,impairment,RX75,none,rx75,0,1,1.0,14.0,13.0,0.0,0.0,14.0,14.0,14,13,14,0.9285714285714286,1.0,192.69230769230768,147.0,401.39999999999964,564.0,137.0628715926774,136.0,19.888977564757536,164.3,595.4,4.8,-70.53333333333333,0.0,155.0,-77.0,0.0,62.0,42.0,39.0,0.6774193548387096,15,0,26.0,14.0,14.0,0.5384615384615384,493224.0,149506776.0,150000000.0,0.00328816,123744.0,0.0123744,2
RX75_seed1002_600s,RX75,1002,360,370,benign,impairment,RX75,none,rx75,0,1,1.0,17.0,18.0,1.0,0.0,16.0,16.0,17,17,17,1.0,1.0,199.0,215.0,325.99999999999994,410.0,104.52511659883474,138.13333333333333,18.84093820331016,166.5,598.0,4.8,-70.53333333333333,0.0,155.0,-77.0,0.0,64.0,43.0,44.0,0.671875,15,0,26.0,16.0,16.0,0.6153846153846154,532176.0,149467824.0,150000000.0,0.00354784,121360.0,0.012136,2
RX75_seed1002_600s,RX75,1002,370,380,benign,impairment,RX75,none,rx75,0,1,1.0,15.0,15.0,0.0,0.0,17.0,17.0,16,16,16,1.0,1.0,173.1875,183.0,313.0,313.0,90.09418682689798,135.26666666666668,16.307170494105023,160.39999999999998,594.4666666666667,4.8,-70.53333333333333,0.0,166.0,-77.0,0.0,55.0,42.0,42.0,0.7636363636363637,15,0,33.0,17.0,17.0,0.5151515151515151,508304.0,149491696.0,150000000.0,0.0033886933333333335,148304.0,0.0148304,2
RX75_seed1002_600s,RX75,1002,380,390,benign,impairment,RX75,none,rx75,0,1,1.0,15.0,15.0,0.0,0.0,15.0,15.0,15,15,15,1.0,1.0,186.4,196.0,336.19999999999993,381.0,98.7506238678304,136.8,20.598890400074605,172.0,596.4,4.8,-70.53333333333333,0.0,160.0,-77.0,0.0,56.0,40.0,40.0,0.7142857142857143,15,0,21.0,15.0,15.0,0.7142857142857143,455256.0,149544744.0,150000000.0,0.00303504,98608.0,0.0098608,2
RX75_seed1002_600s,RX75,1002,390,400,benign,impairment,RX75,none,rx75,0,1,1.0,15.0,15.0,0.0,0.0,15.0,15.0,16,16,16,1.0,1.0,161.3125,148.5,331.0,370.0,93.64309460214709,137.93333333333334,19.069297187838234,162.29999999999998,598.0,4.8,-70.53333333333333,0.0,156.0,-77.0,0.0,61.0,42.0,42.0,0.6885245901639344,15,0,24.0,15.0,15.0,0.625,483440.0,149516560.0,150000000.0,0.0032229333333333335,111208.0,0.0111208,2
RX75_seed1002_600s,RX75,1002,400,410,benign,impairment,RX75,none,rx75,0,1,1.0,15.0,15.0,0.0,0.0,15.0,15.0,13,13,13,1.0,1.0,203.46153846153845,165.0,393.59999999999997,405.0,123.90965484619252,143.86666666666667,23.835347900205054,172.59999999999997,605.5333333333333,4.8,-70.53333333333333,0.0,148.0,-77.0,0.0,67.0,40.0,40.0,0.5970149253731343,15,0,19.0,15.0,15.0,0.7894736842105263,501304.0,149498696.0,150000000.0,0.003342026666666667,95824.0,0.0095824,2
RX75_seed1002_600s,RX75,1002,410,420,benign,impairment,RX75,none,rx75,0,1,1.0,13.0,13.0,0.0,0.0,15.0,15.0,15,15,15,1.0,1.0,156.2,123.0,320.99999999999983,426.0,109.99688307272297,136.8,20.49459859154532,169.29999999999998,596.6,4.8,-70.53333333333333,0.0,146.0,-77.0,0.0,48.0,40.0,40.0,0.8333333333333334,15,0,19.0,15.0,15.0,0.7894736842105263,443016.0,149556984.0,150000000.0,0.00295344,93392.0,0.0093392,2
RX75_seed1002_600s,RX75,1002,420,430,benign,impairment,RX75,none,rx75,0,1,1.0,15.0,15.0,0.0,0.0,14.0,14.0,15,15,15,1.0,1.0,185.53333333333333,140.0,405.2,429.0,123.38376060467756,144.4,25.113456836638687,182.39999999999998,601.8,4.8,-70.53333333333333,0.0,147.0,-77.0,0.0,73.0,41.0,43.0,0.5616438356164384,15,0,22.0,14.0,14.0,0.6363636363636364,531312.0,149468688.0,150000000.0,0.00354208,109912.0,0.0109912,2
RX75_seed1002_600s,RX75,1002,430,440,benign,impairment,RX75,none,rx75,0,1,1.0,16.0,15.0,0.0,0.0,15.0,15.0,16,16,16,1.0,1.0,197.4375,165.0,408.5,443.0,125.91688727092964,141.6,24.587453246378676,180.79999999999998,598.0666666666667,4.8,-70.53333333333333,0.0,144.0,-77.0,0.0,59.0,42.0,41.0,0.711864406779661,15,0,22.0,15.0,16.0,0.6818181818181818,511352.0,149488648.0,150000000.0,0.0034090133333333334,107544.0,0.0107544,2
RX75_seed1002_600s,RX75,1002,440,450,benign,impairment,RX75,none,rx75,0,1,1.0,16.0,17.0,0.0,0.0,16.0,16.0,14,14,14,1.0,1.0,167.5,168.0,339.0,352.0,98.05630250799008,139.73333333333332,22.182575744639458,177.9,592.0666666666667,4.8,-70.53333333333333,0.0,149.0,-77.0,0.0,59.0,42.0,44.0,0.711864406779661,15,0,26.0,16.0,16.0,0.6153846153846154,497944.0,149502056.0,150000000.0,0.0033196266666666667,125048.0,0.0125048,2
RX75_seed1002_600s,RX75,1002,450,460,benign,impairment,RX75,none,rx75,0,1,1.0,14.0,13.0,0.0,0.0,15.0,15.0,16,16,16,1.0,1.0,257.75,231.5,521.0,731.0,194.96717672469896,142.66666666666666,23.426684012243896,177.99999999999997,595.8666666666667,4.8,-70.53333333333333,0.0,159.0,-77.0,0.0,65.0,40.0,39.0,0.6153846153846154,15,0,27.0,15.0,15.0,0.5555555555555556,560464.0,149439536.0,150000000.0,0.0037364266666666665,135968.0,0.0135968,2
RX75_seed1002_600s,RX75,1002,460,470,benign,impairment,RX75,none,rx75,0,1,1.0,15.0,15.0,0.0,0.0,14.0,14.0,15,15,15,1.0,1.0,173.13333333333333,167.0,339.19999999999993,384.0,118.11548021604393,139.46666666666667,19.34228035997332,169.1,591.7333333333333,4.8,-70.53333333333333,0.0,165.0,-77.0,0.0,56.0,41.0,41.0,0.7321428571428571,15,0,28.0,14.0,15.0,0.5,510360.0,149489640.0,150000000.0,0.0034024,129176.0,0.0129176,2
RX75_seed1002_600s,RX75,1002,470,480,benign,impairment,RX75,none,rx75,0,1,1.0,15.0,14.0,0.0,0.0,15.0,15.0,14,13,14,0.9285714285714286,1.0,184.53846153846155,177.0,375.5999999999997,507.0,133.81804523594428,140.6,22.79661629026804,179.59999999999997,593.3333333333334,4.8,-70.53333333333333,0.0,154.0,-77.0,0.0,59.0,40.0,40.0,0.6779661016949152,15,0,23.0,15.0,15.0,0.6521739130434783,442736.0,149557264.0,150000000.0,0.0029515733333333335,116752.0,0.0116752,2
RX75_seed1002_600s,RX75,1002,480,490,benign,impairment,RX75,none,rx75,0,1,1.0,14.0,15.0,1.0,0.0,14.0,14.0,15,15,15,1.0,1.0,182.46666666666667,150.0,330.4999999999999,397.0,105.39169570611115,139.4,18.066543665017946,175.6,587.2,4.8,-70.53333333333333,0.0,140.0,-77.0,0.0,58.0,41.0,43.0,0.7068965517241379,15,0,16.0,14.0,14.0,0.875,487712.0,149512288.0,150000000.0,0.0032514133333333335,82088.0,0.0082088,2
RX75_seed1002_600s,RX75,1002,490,500,benign,impairment,RX75,none,rx75,0,1,1.0,15.0,15.0,0.0,0.0,15.0,15.0,14,14,14,1.0,1.0,188.5,183.5,371.34999999999997,476.0,122.30526122402472,144.33333333333334,20.05587433242678,186.6,593.5333333333333,4.8,-70.53333333333333,0.0,149.0,-77.0,0.0,63.0,38.0,39.0,0.6031746031746031,15,0,26.0,15.0,16.0,0.5769230769230769,529656.0,149470344.0,150000000.0,0.00353104,125720.0,0.012572,2
RX75_seed1002_600s,RX75,1002,500,510,benign,impairment,RX75,none,rx75,0,1,1.0,15.0,15.0,0.0,0.0,15.0,15.0,16,16,16,1.0,1.0,197.125,198.5,375.0,405.0,105.40264070063266,142.8,19.611221277625724,179.5,594.6,4.8,-70.53333333333333,0.0,157.0,-77.0,0.0,58.0,41.0,42.0,0.7068965517241379,15,0,30.0,15.0,16.0,0.5,515760.0,149484240.0,150000000.0,0.0034384,133480.0,0.013348,2
RX75_seed1002_600s,RX75,1002,510,520,benign,impairment,RX75,none,rx75,0,1,1.0,15.0,15.0,0.0,0.0,15.0,15.0,14,14,14,1.0,1.0,183.57142857142858,183.5,348.45,392.0,115.90428032562991,138.93333333333334,20.28534540241398,175.79999999999998,589.6,4.8,-70.53333333333333,0.0,147.0,-77.0,0.0,52.0,40.0,40.0,0.7692307692307693,15,0,24.0,15.0,15.0,0.625,451112.0,149548888.0,150000000.0,0.003007413333333333,116096.0,0.0116096,2
RX75_seed1002_600s,RX75,1002,520,530,benign,impairment,RX75,none,rx75,0,1,1.0,15.0,15.0,0.0,0.0,16.0,16.0,16,16,16,1.0,1.0,162.8125,165.5,266.0,302.0,74.37940463147937,135.6,19.963538191985336,172.79999999999998,585.6,4.8,-70.53333333333333,0.0,143.0,-77.0,0.0,53.0,42.0,42.0,0.7924528301886793,15,0,24.0,16.0,16.0,0.6666666666666666,494176.0,149505824.0,150000000.0,0.0032945066666666667,115240.0,0.011524,2
RX75_seed1003_600s,RX75,1003,190,200,benign,impairment,RX75,none,rx75,0,1,1.0,14.0,13.0,0.0,0.0,14.0,14.0,15,15,15,1.0,1.0,168.06666666666666,135.0,337.7,351.0,105.27614481289987,147.86666666666667,30.127980982721663,205.3,632.6666666666666,4.8,-72.06666666666666,0.0,136.0,-77.0,0.0,53.0,40.0,39.0,0.7547169811320755,15,0,20.0,14.0,14.0,0.7,454744.0,149545256.0,150000000.0,0.0030316266666666667,104736.0,0.0104736,3
RX75_seed1003_600s,RX75,1003,200,210,benign,impairment,RX75,none,rx75,0,1,1.0,14.0,15.0,0.0,0.0,15.0,15.0,15,15,15,1.0,1.0,198.73333333333332,179.0,431.5999999999999,482.0,133.89146279551886,156.0,31.25928433510366,214.1,643.0,4.8,-72.06666666666666,0.0,167.0,-77.0,0.0,74.0,39.0,40.0,0.527027027027027,15,0,30.0,14.0,15.0,0.4666666666666667,601424.0,149398576.0,150000000.0,0.004009493333333333,142352.0,0.0142352,3
RX75_seed1003_600s,RX75,1003,210,220,benign,impairment,RX75,none,rx75,0,1,1.0,17.0,17.0,0.0,0.0,15.0,15.0,15,15,15,1.0,1.0,202.46666666666667,176.0,372.5999999999998,521.0,121.40302812572361,150.46666666666667,24.74690937894112,191.5,633.4666666666667,4.8,-72.06666666666666,0.0,166.0,-77.0,0.0,62.0,44.0,46.0,0.7096774193548387,15,0,32.0,15.0,16.0,0.46875,529216.0,149472928.0,150002144.0,0.0035280562389828243,147488.0,0.0147488,3
RX75_seed1003_600s,RX75,1003,220,230,benign,impairment,RX75,none,rx75,0,1,1.0,14.0,14.0,0.0,0.0,15.0,15.0,15,15,15,1.0,1.0,169.06666666666666,176.0,318.8999999999998,447.0,102.94968720320666,151.6,27.69166971182076,208.29999999999998,639.0666666666667,4.8,-72.06666666666666,0.0,166.0,-77.0,0.0,63.0,40.0,41.0,0.6349206349206349,15,0,28.0,15.0,15.0,0.5357142857142857,516144.0,149481712.0,149997856.0,0.0034410091834912626,131712.0,0.0131712,3
RX75_seed1003_600s,RX75,1003,230,240,benign,impairment,RX75,none,rx75,0,1,1.0,14.0,14.0,0.0,0.0,15.0,15.0,15,15,15,1.0,1.0,174.4,186.0,299.69999999999993,362.0,94.51213074067718,149.66666666666666,26.60468988373147,196.29999999999998,636.6,4.8,-72.06666666666666,0.0,145.0,-77.0,0.0,57.0,40.0,40.0,0.7017543859649122,15,0,17.0,15.0,16.0,0.8823529411764706,469488.0,149530512.0,150000000.0,0.00312992,84496.0,0.0084496,3
RX75_seed1003_600s,RX75,1003,240,250,benign,impairment,RX75,none,rx75,0,1,1.0,16.0,15.0,0.0,0.0,16.0,16.0,15,15,15,1.0,1.0,161.4,171.0,266.5999999999999,317.0,87.78691734616757,148.66666666666666,25.686757751992054,188.79999999999998,635.4,4.8,-72.06666666666666,0.0,147.0,-77.0,0.0,60.0,41.0,45.0,0.6833333333333333,15,0,26.0,15.0,16.0,0.5769230769230769,472840.0,149527160.0,150000000.0,0.0031522666666666667,138040.0,0.013804,3
RX75_seed1003_600s,RX75,1003,250,260,benign,impairment,RX75,none,rx75,0,1,1.0,15.0,16.0,0.0,0.0,15.0,15.0,16,16,16,1.0,1.0,179.1875,178.5,371.0,377.0,98.91896936381819,143.8,27.213967002258233,195.39999999999998,627.8666666666667,4.8,-72.06666666666666,0.0,137.0,-77.0,0.0,53.0,42.0,43.0,0.7924528301886793,15,0,20.0,16.0,16.0,0.8,466624.0,149533376.0,150000000.0,0.003110826666666667,96904.0,0.0096904,3
RX75_seed1003_600s,RX75,1003,260,270,benign,impairment,RX75,none,rx75,0,1,1.0,15.0,14.0,0.0,0.0,14.0,14.0,15,14,14,0.9333333333333333,0.9333333333333333,221.14285714285714,183.0,462.74999999999994,531.0,149.89476161774152,154.93333333333334,30.788371336006225,203.6,642.2,4.8,-72.06666666666666,0.0,142.0,-77.0,1.0,75.0,38.0,37.0,0.5066666666666667,15,0,22.0,14.0,14.0,0.6363636363636364,590640.0,149409360.0,150000000.0,0.0039376,111280.0,0.011128,3
RX75_seed1003_600s,RX75,1003,270,280,benign,impairment,RX75,none,rx75,0,1,1.0,14.0,14.0,1.0,0.0,14.0,14.0,14,14,14,1.0,1.0,159.78571428571428,145.5,290.05,292.0,88.39611771098109,150.26666666666668,25.3531251008816,180.79999999999998,637.4,4.8,-72.06666666666666,0.0,150.0,-77.0,0.0,54.0,40.0,42.0,0.7407407407407407,15,0,25.0,14.0,14.0,0.56,471736.0,149528264.0,150000000.0,0.0031449066666666666,120544.0,0.0120544,3
RX75_seed1003_600s,RX75,1003,280,290,benign,impairment,RX75,none,rx75,0,1,1.0,17.0,15.0,0.0,0.0,15.0,15.0,15,15,15,1.0,1.0,170.6,141.0,358.2,368.0,110.44572034649936,153.53333333333333,26.267488505392983,186.6,639.8,4.8,-72.06666666666666,0.0,141.0,-77.0,0.0,71.0,45.0,46.0,0.6338028169014085,15,0,22.0,15.0,15.0,0.6818181818181818,578888.0,149421112.0,150000000.0,0.003859253333333333,108112.0,0.0108112,3
RX75_seed1003_600s,RX75,1003,290,300,benign,impairment,RX75,none,rx75,0,1,1.0,13.0,15.0,0.0,0.0,15.0,15.0,15,15,15,1.0,1.0,164.0,184.0,279.0999999999999,326.0,83.17623286904568,148.46666666666667,25.47230054859779,185.39999999999998,633.2666666666667,4.8,-72.06666666666666,0.0,144.0,-77.0,0.0,47.0,36.0,38.0,0.7659574468085106,15,0,25.0,15.0,15.0,0.6,387792.0,149612208.0,150000000.0,0.00258528,119264.0,0.0119264,3
RX75_seed1003_600s,RX75,1003,300,310,benign,impairment,RX75,none,rx75,0,1,1.0,18.0,17.0,0.0,0.0,17.0,17.0,16,16,16,1.0,1.0,177.4375,189.5,314.5,364.0,99.46856706182778,145.53333333333333,24.050146024702716,185.29999999999998,629.6666666666666,4.8,-72.06666666666666,0.0,147.0,-77.0,0.0,65.0,49.0,48.0,0.7538461538461538,15,0,28.0,16.0,17.0,0.5714285714285714,573896.0,149426104.0,150000000.0,0.0038259733333333335,134752.0,0.0134752,3
RX75_seed1003_600s,RX75,1003,310,320,benign,impairment,RX75,none,rx75,0,1,1.0,14.0,14.0,0.0,0.0,13.0,13.0,14,14,14,1.0,1.0,157.35714285714286,139.5,325.0,338.0,101.54696309730643,144.66666666666666,24.523069799292102,184.6,628.3333333333334,4.8,-72.06666666666666,0.0,146.0,-77.0,0.0,49.0,37.0,38.0,0.7551020408163265,15,0,20.0,14.0,13.0,0.7,452824.0,149555064.0,150007888.0,0.003018667924982718,97488.0,0.0097488,3
RX75_seed1003_600s,RX75,1003,320,330,benign,impairment,RX75,none,rx75,0,1,1.0,15.0,16.0,0.0,0.0,16.0,16.0,16,16,16,1.0,1.0,179.25,171.0,338.5,382.0,108.07127277866215,143.4,21.087572508131757,171.5,626.7333333333333,4.8,-72.06666666666666,0.0,133.0,-77.0,0.0,62.0,44.0,44.0,0.7096774193548387,15,0,17.0,16.0,16.0,0.9411764705882353,522664.0,149469448.0,149992112.0,0.0034846099106865033,93512.0,0.0093512,3
RX75_seed1003_600s,RX75,1003,330,340,benign,impairment,RX75,none,rx75,0,1,1.0,15.0,15.0,0.0,0.0,15.0,15.0,15,15,15,1.0,1.0,149.06666666666666,165.0,250.39999999999998,263.0,80.56095001094927,141.13333333333333,20.060147651737857,173.29999999999998,623.9333333333333,4.8,-72.06666666666666,0.0,140.0,-77.0,0.0,56.0,42.0,42.0,0.75,15,0,22.0,15.0,15.0,0.6818181818181818,487712.0,149512288.0,150000000.0,0.0032514133333333335,101440.0,0.010144,3
RX75_seed1003_600s,RX75,1003,340,350,benign,impairment,RX75,none,rx75,0,1,1.0,17.0,17.0,0.0,0.0,18.0,18.0,18,18,18,1.0,1.0,159.88888888888889,137.5,304.0,321.0,94.92838718112964,144.13333333333333,20.863045479187996,179.2,627.9333333333333,4.8,-72.06666666666666,0.0,142.0,-77.0,0.0,69.0,45.0,45.0,0.6521739130434783,15,0,24.0,18.0,18.0,0.75,512880.0,149487120.0,150000000.0,0.0034192,119896.0,0.0119896,3
RX75_seed1003_600s,RX75,1003,350,360,benign,impairment,RX75,none,rx75,0,1,1.0,15.0,14.0,0.0,0.0,14.0,14.0,14,14,14,1.0,1.0,153.0,138.0,286.29999999999995,324.0,76.17994890641903,146.33333333333334,18.61515000003517,176.0,630.5333333333333,4.8,-72.06666666666666,0.0,143.0,-77.0,0.0,62.0,40.0,38.0,0.6451612903225806,15,0,20.0,14.0,14.0,0.7,482672.0,149520216.0,150002888.0,0.003217751380893413,99552.0,0.0099552,3
RX75_seed1003_600s,RX75,1003,360,370,benign,impairment,RX75,none,rx75,0,1,1.0,13.0,14.0,0.0,0.0,15.0,15.0,14,14,14,1.0,1.0,186.42857142857142,203.0,307.35,308.0,98.16760728916194,144.26666666666668,20.20773072248294,175.39999999999998,628.2,4.8,-72.06666666666666,0.0,141.0,-77.0,0.0,52.0,37.0,38.0,0.7115384615384616,15,0,20.0,14.0,15.0,0.7,451200.0,149545912.0,149997112.0,0.003008057915141726,103216.0,0.0103216,3
RX75_seed1003_600s,RX75,1003,370,380,benign,impairment,RX75,none,rx75,0,1,1.0,16.0,16.0,0.0,0.0,15.0,15.0,16,16,16,1.0,1.0,159.875,170.5,284.5,334.0,91.8809918681044,143.0,22.684166913762308,177.39999999999995,626.3333333333334,4.8,-72.06666666666666,0.0,135.0,-77.0,0.0,55.0,41.0,42.0,0.7454545454545455,15,0,20.0,16.0,15.0,0.8,475640.0,149524360.0,150000000.0,0.0031709333333333335,99704.0,0.0099704,3
RX75_seed1003_600s,RX75,1003,380,390,benign,impairment,RX75,none,rx75,0,1,1.0,15.0,15.0,0.0,0.0,15.0,15.0,15,15,15,1.0,1.0,176.66666666666666,155.0,331.99999999999994,374.0,113.95216205976627,152.53333333333333,22.85002865476999,189.89999999999998,638.7333333333333,4.8,-72.06666666666666,0.0,137.0,-77.0,0.0,74.0,41.0,41.0,0.5540540540540541,15,0,22.0,15.0,15.0,0.6818181818181818,570480.0,149429520.0,150000000.0,0.0038032,109232.0,0.0109232,3
RX75_seed1003_600s,RX75,1003,390,400,benign,impairment,RX75,none,rx75,0,1,1.0,15.0,15.0,0.0,0.0,13.0,13.0,13,13,13,1.0,1.0,158.30769230769232,137.0,280.0,280.0,76.75869615813858,150.6,21.53667967511639,182.19999999999996,636.1333333333333,4.8,-72.06666666666666,0.0,140.0,-77.0,0.0,56.0,39.0,39.0,0.6964285714285714,15,0,20.0,13.0,13.0,0.65,422512.0,149577488.0,150000000.0,0.0028167466666666665,91432.0,0.0091432,3
RX75_seed1003_600s,RX75,1003,400,410,benign,impairment,RX75,none,rx75,0,1,1.0,15.0,13.0,0.0,0.0,16.0,16.0,15,15,15,1.0,1.0,191.53333333333333,198.0,339.09999999999985,428.0,111.07131985908016,145.26666666666668,20.878788507090384,178.0,629.4,4.8,-72.06666666666666,0.0,141.0,-77.0,0.0,49.0,39.0,38.0,0.7959183673469388,15,0,25.0,16.0,16.0,0.64,422608.0,149577392.0,150000000.0,0.0028173866666666666,122632.0,0.0122632,3
RX75_seed1003_600s,RX75,1003,410,420,benign,impairment,RX75,none,rx75,0,1,1.0,13.0,15.0,0.0,0.0,15.0,15.0,15,15,15,1.0,1.0,187.86666666666667,148.0,384.59999999999997,400.0,124.59297541920058,143.46666666666667,22.762333130059616,177.49999999999997,626.8,4.8,-72.06666666666666,0.0,133.0,-77.0,0.0,54.0,40.0,41.0,0.7407407407407407,15,0,17.0,14.0,15.0,0.8235294117647058,478368.0,149521632.0,150000000.0,0.00318912,89072.0,0.0089072,3
RX75_seed1003_600s,RX75,1003,420,430,benign,impairment,RX75,none,rx75,0,1,1.0,15.0,15.0,0.0,0.0,14.0,14.0,14,14,14,1.0,1.0,180.78571428571428,141.0,403.9999999999999,599.0,150.36324150404707,145.26666666666668,29.939144626264476,205.39999999999998,629.1333333333333,4.8,-72.06666666666666,0.0,128.0,-77.0,0.0,60.0,40.0,40.0,0.6666666666666666,15,0,17.0,14.0,14.0,0.8235294117647058,515280.0,149484720.0,150000000.0,0.0034352,88296.0,0.008827933286195567,3
RX75_seed1003_600s,RX75,1003,430,440,benign,impairment,RX75,none,rx75,0,1,1.0,17.0,16.0,0.0,0.0,16.0,16.0,17,17,17,1.0,1.0,191.1764705882353,171.0,318.0,322.0,97.90124826458906,142.2,23.61053033832876,184.89999999999998,626.3333333333334,4.8,-72.06666666666666,0.0,130.0,-77.0,0.0,61.0,46.0,46.0,0.7540983606557377,15,0,23.0,17.0,17.0,0.7391304347826086,578280.0,149421720.0,150000000.0,0.0038552,107664.0,0.010768433080165535,3
RX75_seed1003_600s,RX75,1003,440,450,benign,impairment,RX75,none,rx75,0,1,1.0,14.0,15.0,0.0,0.0,15.0,15.0,15,15,15,1.0,1.0,187.6,199.0,304.0,311.0,96.16637368941095,145.46666666666667,25.665058700405073,191.5,630.5333333333333,4.8,-72.06666666666666,0.0,142.0,-77.0,0.0,63.0,40.0,41.0,0.6349206349206349,15,0,24.0,15.0,15.0,0.625,523848.0,149476152.0,150000000.0,0.00349232,114408.0,0.0114408,3
RX75_seed1003_600s,RX75,1003,450,460,benign,impairment,RX75,none,rx75,0,1,1.0,17.0,16.0,0.0,0.0,16.0,16.0,15,15,15,1.0,1.0,188.06666666666666,148.0,360.99999999999983,480.0,120.89101742990707,142.26666666666668,23.23933447125082,177.0,626.5333333333333,4.8,-72.06666666666666,0.0,147.0,-77.0,0.0,61.0,45.0,42.0,0.7377049180327869,15,0,26.0,15.0,16.0,0.5769230769230769,557568.0,149442432.0,150000000.0,0.00371712,138416.0,0.0138416,3
RX75_seed1003_600s,RX75,1003,460,470,benign,impairment,RX75,none,rx75,0,1,1.0,14.0,15.0,0.0,0.0,14.0,14.0,14,14,14,1.0,1.0,155.42857142857142,142.5,289.2,323.0,86.52675378678622,144.8,35.36382332271215,203.89999999999995,632.8666666666667,4.8,-72.06666666666666,0.0,139.0,-77.0,0.0,60.0,38.0,41.0,0.6333333333333333,15,0,20.0,15.0,14.0,0.75,484840.0,149515160.0,150000000.0,0.003232266666666667,90464.0,0.0090464,3
RX75_seed1003_600s,RX75,1003,470,480,benign,impairment,RX75,none,rx75,0,1,1.0,15.0,14.0,0.0,0.0,14.0,14.0,15,15,15,1.0,1.0,174.2,127.0,390.49999999999983,506.0,126.9472331325106,146.6,39.50913095186262,205.2999999999999,635.4666666666667,4.8,-72.06666666666666,0.0,143.0,-77.0,0.0,60.0,39.0,40.0,0.65,15,0,23.0,14.0,14.0,0.6086956521739131,497016.0,149502984.0,150000000.0,0.00331344,105776.0,0.0105776,3
RX75_seed1003_600s,RX75,1003,480,490,benign,impairment,RX75,none,rx75,0,1,1.0,13.0,14.0,0.0,0.0,15.0,15.0,15,15,15,1.0,1.0,176.26666666666668,150.0,325.79999999999995,365.0,102.50955820707415,143.8,33.015580737412016,190.99999999999994,631.9333333333333,4.8,-72.06666666666666,0.0,152.0,-77.0,0.0,54.0,37.0,38.0,0.6851851851851852,15,0,24.0,15.0,15.0,0.625,432544.0,149567456.0,150000000.0,0.0028836266666666666,109712.0,0.0109712,3
RX75_seed1003_600s,RX75,1003,490,500,benign,impairment,RX75,none,rx75,0,1,1.0,17.0,15.0,0.0,0.0,15.0,15.0,15,15,15,1.0,1.0,220.4,181.0,477.5999999999999,521.0,158.35529672227574,155.93333333333334,51.449651764289584,242.6999999999999,640.8,4.8,-72.2,1.0,159.0,-77.0,0.0,77.0,44.0,46.0,0.5714285714285714,14,1,26.0,16.0,17.0,0.6153846153846154,649632.0,149350368.0,150000000.0,0.00433088,136592.0,0.0136592,3
RX75_seed1003_600s,RX75,1003,500,510,benign,impairment,RX75,none,rx75,0,1,1.0,15.0,16.0,0.0,0.0,16.0,16.0,16,16,16,1.0,1.0,170.5,187.0,285.5,308.0,81.85515662844135,146.53333333333333,47.36916819238116,216.69999999999987,634.5333333333333,4.8,-72.2,0.0,170.0,-77.0,0.0,49.0,42.0,45.0,0.8571428571428571,15,0,31.0,16.0,17.0,0.5161290322580645,442480.0,149557520.0,150000000.0,0.0029498666666666665,143688.0,0.0143688,3
RX75_seed1003_600s,RX75,1003,510,520,benign,impairment,RX75,none,rx75,0,1,1.0,15.0,16.0,0.0,0.0,15.0,15.0,15,15,15,1.0,1.0,173.0,151.0,298.49999999999994,351.0,92.72617137110137,147.33333333333334,41.53426583069981,202.9999999999999,637.2666666666667,4.8,-72.2,0.0,159.0,-77.0,0.0,62.0,42.0,47.0,0.6774193548387096,15,0,20.0,15.0,15.0,0.75,536896.0,149463104.0,150000000.0,0.0035793066666666667,101480.0,0.010148,3
RX75_seed1003_600s,RX75,1003,520,530,benign,impairment,RX75,none,rx75,0,1,1.0,15.0,14.0,0.0,0.0,14.0,14.0,14,14,14,1.0,1.0,177.71428571428572,129.0,334.5,367.0,107.11922083607345,151.86666666666667,39.942577831300824,224.79999999999993,643.1333333333333,4.8,-72.2,0.0,167.0,-77.0,0.0,68.0,41.0,40.0,0.6029411764705882,15,0,28.0,14.0,15.0,0.5,541024.0,149462312.0,150003336.0,0.0036067464526255604,131144.0,0.0131144,3
RX75_seed1004_600s,RX75,1004,190,200,benign,impairment,RX75,none,rx75,0,1,1.0,16.0,16.0,0.0,0.0,15.0,15.0,17,17,17,1.0,1.0,178.94117647058823,173.0,402.4,428.0,127.15073268970735,146.53333333333333,28.792029320298916,189.7,751.6666666666666,4.8,-71.53333333333333,0.0,162.0,-77.0,0.0,68.0,43.0,44.0,0.6323529411764706,15,0,25.0,16.0,15.0,0.64,531448.0,149468552.0,150000000.0,0.0035429866666666665,125424.0,0.012545310512038794,4
RX75_seed1004_600s,RX75,1004,200,210,benign,impairment,RX75,none,rx75,0,1,1.0,15.0,15.0,0.0,0.0,15.0,15.0,14,14,14,1.0,1.0,165.42857142857142,175.5,272.09999999999997,289.0,83.28146371073338,140.0,28.52818155538735,185.69999999999996,743.2,4.8,-71.53333333333333,0.0,163.0,-77.0,0.0,52.0,42.0,42.0,0.8076923076923077,15,0,24.0,15.0,15.0,0.625,468240.0,149531760.0,150000000.0,0.0031216,113456.0,0.0113456,4
RX75_seed1004_600s,RX75,1004,210,220,benign,impairment,RX75,none,rx75,0,1,1.0,16.0,14.0,0.0,0.0,15.0,15.0,14,14,14,1.0,1.0,156.0,148.5,277.55,286.0,89.11272032138241,137.2,27.594512912119733,184.2,739.5333333333333,4.8,-71.53333333333333,0.0,162.0,-77.0,0.0,57.0,44.0,40.0,0.7719298245614035,15,0,24.0,15.0,15.0,0.625,467792.0,149532208.0,150000000.0,0.0031186133333333333,114888.0,0.0114888,4
RX75_seed1004_600s,RX75,1004,220,230,benign,impairment,RX75,none,rx75,0,1,1.0,14.0,16.0,0.0,0.0,15.0,15.0,16,16,16,1.0,1.0,203.0,213.0,356.25,423.0,111.04893816091476,136.53333333333333,27.07098253181985,178.29999999999995,738.7333333333333,4.8,-71.53333333333333,0.0,168.0,-77.0,0.0,55.0,41.0,45.0,0.7454545454545455,15,0,30.0,15.0,16.0,0.5,523592.0,149476408.0,150000000.0,0.003490613333333333,138864.0,0.013881324987584539,4
RX75_seed1004_600s,RX75,1004,230,240,benign,impairment,RX75,none,rx75,0,1,1.0,14.0,14.0,0.0,0.0,14.0,14.0,15,15,15,1.0,1.0,179.46666666666667,163.0,340.59999999999997,370.0,106.97186991158448,138.0,27.974478164416734,183.2,740.7333333333333,4.8,-71.53333333333333,0.0,160.0,-77.0,0.0,54.0,36.0,36.0,0.6666666666666666,15,0,23.0,14.0,14.0,0.6086956521739131,431296.0,149568704.0,150000000.0,0.0028753066666666665,113264.0,0.011330542446318374,4
RX75_seed1004_600s,RX75,1004,240,250,benign,impairment,RX75,none,rx75,0,1,1.0,17.0,17.0,0.0,0.0,16.0,16.0,16,16,16,1.0,1.0,185.5,154.0,392.75,416.0,127.95467947675849,137.13333333333333,25.05384677240679,181.6,726.5333333333333,4.8,-70.4,1.0,154.0,-77.0,0.0,60.0,44.0,48.0,0.7333333333333333,14,1,26.0,16.0,16.0,0.6153846153846154,572632.0,149427368.0,150000000.0,0.0038175466666666665,128696.0,0.0128696,4
RX75_seed1004_600s,RX75,1004,250,260,benign,impairment,RX75,none,rx75,0,1,1.0,15.0,15.0,0.0,0.0,16.0,16.0,15,15,15,1.0,1.0,160.73333333333332,162.0,272.4,292.0,76.17598671747517,140.86666666666667,25.002476067857952,182.7,716.0666666666667,4.8,-70.4,0.0,162.0,-77.0,0.0,72.0,45.0,46.0,0.625,15,0,33.0,17.0,17.0,0.5151515151515151,547992.0,149452008.0,150000000.0,0.00365328,147464.0,0.0147464,4
RX75_seed1004_600s,RX75,1004,260,270,benign,impairment,RX75,none,rx75,0,1,1.0,14.0,13.0,0.0,0.0,14.0,14.0,14,14,14,1.0,1.0,193.14285714285714,153.5,371.34999999999997,385.0,121.31767398849198,142.46666666666667,23.808361876410043,177.7,730.4666666666667,4.8,-70.4,0.0,159.0,-77.0,0.0,61.0,40.0,39.0,0.6557377049180327,15,0,22.0,14.0,15.0,0.6363636363636364,509032.0,149490968.0,150000000.0,0.0033935466666666666,104448.0,0.0104448,4
RX75_seed1004_600s,RX75,1004,270,280,benign,impairment,RX75,none,rx75,0,1,1.0,15.0,16.0,0.0,0.0,14.0,14.0,15,15,15,1.0,1.0,193.66666666666666,168.0,463.79999999999967,685.0,168.42703662615057,140.2,25.14870061965713,186.5,727.5333333333333,4.8,-70.4,0.0,163.0,-77.0,0.0,57.0,41.0,44.0,0.7192982456140351,15,0,24.0,14.0,15.0,0.5833333333333334,526968.0,149473032.0,150000000.0,0.00351312,113256.0,0.0113256,4
RX75_seed1004_600s,RX75,1004,280,290,benign,impairment,RX75,none,rx75,0,1,1.0,13.0,13.0,0.0,0.0,14.0,14.0,14,14,14,1.0,1.0,206.21428571428572,191.0,397.95,448.0,122.92598058708624,141.66666666666666,26.773298709899827,175.29999999999993,725.6,4.8,-70.4,0.0,148.0,-77.0,0.0,61.0,38.0,40.0,0.6229508196721312,15,0,17.0,14.0,14.0,0.8235294117647058,503864.0,149496136.0,150000000.0,0.0033590933333333332,85856.0,0.0085856,4
RX75_seed1004_600s,RX75,1004,290,300,benign,impairment,RX75,none,rx75,0,1,1.0,16.0,15.0,0.0,0.0,15.0,15.0,14,14,14,1.0,1.0,148.5,143.5,295.79999999999995,340.0,88.43750509649347,145.33333333333334,31.50888007863059,211.6,730.2,4.8,-70.4,0.0,151.0,-77.0,0.0,65.0,41.0,40.0,0.6307692307692307,15,0,24.0,15.0,15.0,0.625,542064.0,149457936.0,150000000.0,0.00361376,116280.0,0.011628,4
RX75_seed1004_600s,RX75,1004,300,310,benign,impairment,RX75,none,rx75,0,1,1.0,15.0,14.0,0.0,0.0,15.0,15.0,15,15,15,1.0,1.0,214.4,130.0,560.7999999999997,775.0,205.2381195448002,145.0,29.70810375253575,197.79999999999995,729.6666666666666,4.8,-70.4,0.0,153.0,-77.0,0.0,64.0,41.0,39.0,0.640625,15,0,24.0,14.0,15.0,0.5833333333333334,564592.0,149436808.0,150001400.0,0.0037639115368256564,115208.0,0.0115208,4
RX75_seed1004_600s,RX75,1004,310,320,benign,impairment,RX75,none,rx75,0,1,1.0,16.0,17.0,0.0,0.0,17.0,17.0,15,14,15,0.9333333333333333,1.0,219.57142857142858,209.0,524.25,560.0,161.1701033002157,143.8,24.753643310487796,189.5,728.2666666666667,4.8,-70.4,0.0,157.0,-77.0,0.0,62.0,41.0,43.0,0.6612903225806451,15,0,33.0,18.0,17.0,0.5454545454545454,483288.0,149515312.0,149998600.0,0.003221950071534001,159920.0,0.015992,4
RX75_seed1004_600s,RX75,1004,320,330,benign,impairment,RX75,none,rx75,0,1,1.0,14.0,14.0,1.0,0.0,14.0,14.0,16,16,16,1.0,1.0,164.5,174.0,323.5,334.0,107.72990918650834,142.33333333333334,19.33415433396361,180.5,726.2666666666667,4.8,-70.4,0.0,152.0,-77.0,0.0,56.0,39.0,39.0,0.6964285714285714,15,0,24.0,14.0,14.0,0.5833333333333334,519720.0,149480280.0,150000000.0,0.0034648,115072.0,0.0115072,4
RX75_seed1004_600s,RX75,1004,330,340,benign,impairment,RX75,none,rx75,0,1,1.0,15.0,15.0,0.0,0.0,13.0,13.0,14,14,14,1.0,1.0,163.21428571428572,169.5,292.15,298.0,96.45020921254063,134.0,14.721218893633969,159.59999999999997,715.8,4.8,-70.4,0.0,151.0,-77.0,0.0,48.0,41.0,41.0,0.8541666666666666,15,0,19.0,13.0,13.0,0.6842105263157895,406512.0,149593488.0,150000000.0,0.00271008,91160.0,0.009116,4
RX75_seed1004_600s,RX75,1004,340,350,benign,impairment,RX75,none,rx75,0,1,1.0,13.0,13.0,0.0,0.0,15.0,15.0,15,15,15,1.0,1.0,179.06666666666666,170.0,358.4,371.0,110.54764109822042,141.06666666666666,26.110935494174704,185.9,724.8,4.8,-70.4,0.0,162.0,-77.0,0.0,63.0,38.0,38.0,0.6031746031746031,15,0,31.0,15.0,15.0,0.4838709677419355,490088.0,149509912.0,150000000.0,0.0032672533333333335,145328.0,0.0145328,4
RX75_seed1004_600s,RX75,1004,350,360,benign,impairment,RX75,none,rx75,0,1,1.0,16.0,14.0,0.0,0.0,15.0,15.0,15,15,15,1.0,1.0,191.0,193.0,400.1999999999998,515.0,135.1057786646131,147.66666666666666,33.642376904872876,205.79999999999998,733.0666666666667,4.8,-70.4,0.0,147.0,-77.0,0.0,71.0,42.0,40.0,0.5915492957746479,15,0,20.0,15.0,15.0,0.75,519696.0,149480304.0,150000000.0,0.00346464,101432.0,0.0101432,4
RX75_seed1004_600s,RX75,1004,360,370,benign,impairment,RX75,none,rx75,0,1,1.0,15.0,17.0,0.0,0.0,16.0,16.0,16,16,16,1.0,1.0,163.625,146.0,329.25,369.0,102.0561120168704,147.4,32.57694188927412,197.59999999999997,732.8,4.8,-70.4,0.0,152.0,-77.0,0.0,62.0,42.0,44.0,0.6774193548387096,15,0,29.0,16.0,16.0,0.5517241379310345,537488.0,149462512.0,150000000.0,0.0035832533333333334,136544.0,0.0136544,4
RX75_seed1004_600s,RX75,1004,370,380,benign,impairment,RX75,none,rx75,0,1,1.0,15.0,15.0,0.0,0.0,15.0,15.0,15,15,15,1.0,1.0,190.73333333333332,143.0,417.5999999999999,461.0,138.70908234073758,152.66666666666666,32.97112734037522,204.29999999999995,739.7333333333333,4.8,-70.4,0.0,137.0,-77.0,0.0,72.0,42.0,42.0,0.5833333333333334,15,0,16.0,15.0,15.0,0.9375,543656.0,149456344.0,150000000.0,0.0036243733333333333,88176.0,0.0088176,4
RX75_seed1004_600s,RX75,1004,380,390,benign,impairment,RX75,none,rx75,0,1,1.0,16.0,15.0,0.0,0.0,16.0,16.0,16,16,16,1.0,1.0,204.5625,202.0,331.5,402.0,98.76839491119277,154.0,36.29443089904723,217.9,741.2666666666667,4.8,-70.4,0.0,150.0,-77.0,0.0,74.0,44.0,43.0,0.5945945945945946,15,0,30.0,16.0,16.0,0.5333333333333333,573064.0,149426936.0,150000000.0,0.0038204266666666668,148016.0,0.0148016,4
RX75_seed1004_600s,RX75,1004,390,400,benign,impairment,RX75,none,rx75,0,1,1.0,15.0,16.0,0.0,0.0,14.0,14.0,14,14,14,1.0,1.0,173.64285714285714,167.5,414.0,427.0,129.44532979831064,151.86666666666667,26.562235993085768,191.2,738.7333333333333,4.8,-70.4,0.0,146.0,-77.0,0.0,60.0,39.0,39.0,0.65,15,0,22.0,14.0,14.0,0.6363636363636364,456384.0,149543616.0,150000000.0,0.00304256,105768.0,0.0105768,4
RX75_seed1004_600s,RX75,1004,400,410,benign,impairment,RX75,none,rx75,0,1,1.0,15.0,15.0,0.0,0.0,16.0,16.0,16,16,16,1.0,1.0,193.375,176.0,376.25,482.0,129.87526066704672,145.46666666666667,19.708108072809114,173.19999999999996,728.5333333333333,4.8,-68.46666666666667,1.0,138.0,-77.0,0.0,52.0,38.0,39.0,0.7307692307692307,14,1,20.0,16.0,16.0,0.8,581968.0,149418032.0,150000000.0,0.003879786666666667,100184.0,0.0100184,4
RX75_seed1004_600s,RX75,1004,410,420,benign,impairment,RX75,none,rx75,0,1,1.0,15.0,15.0,0.0,0.0,15.0,15.0,14,14,14,1.0,1.0,155.71428571428572,152.5,276.85,284.0,90.3722460556495,139.0,20.62245655312951,175.1,721.3333333333334,4.8,-68.46666666666667,0.0,136.0,-77.0,0.0,52.0,43.0,43.0,0.8269230769230769,15,0,21.0,16.0,17.0,0.7619047619047619,466848.0,149533152.0,150000000.0,0.00311232,104224.0,0.0104224,4
RX75_seed1004_600s,RX75,1004,420,430,benign,impairment,RX75,none,rx75,0,1,1.0,16.0,15.0,0.0,0.0,16.0,16.0,17,16,17,0.9411764705882353,1.0,171.0625,142.5,307.25,461.0,106.06254051266168,135.53333333333333,21.583282772509264,165.79999999999998,711.5333333333333,4.8,-68.46666666666667,0.0,177.0,-77.0,0.0,56.0,45.0,44.0,0.8035714285714286,15,0,25.0,15.0,16.0,0.6,479384.0,149520616.0,150000000.0,0.003195893333333333,115008.0,0.0115008,4
RX75_seed1004_600s,RX75,1004,430,440,benign,impairment,RX75,none,rx75,0,1,1.0,17.0,16.0,1.0,0.0,15.0,15.0,15,15,15,1.0,1.0,168.26666666666668,161.0,309.29999999999995,324.0,84.81784403453479,135.93333333333334,20.00880758447092,172.1,713.4,4.8,-68.46666666666667,0.0,194.0,-77.0,0.0,60.0,45.0,45.0,0.75,15,0,28.0,15.0,15.0,0.5357142857142857,523136.0,149476864.0,150000000.0,0.0034875733333333335,129560.0,0.012956,4
RX75_seed1004_600s,RX75,1004,440,450,benign,impairment,RX75,none,rx75,0,1,1.0,14.0,14.0,0.0,0.0,15.0,15.0,14,14,14,1.0,1.0,164.71428571428572,151.0,277.45,308.0,87.35112924410183,135.8,22.39961734367034,179.9,713.5333333333333,4.8,-68.46666666666667,0.0,184.0,-77.0,0.0,50.0,37.0,37.0,0.74,15,0,21.0,15.0,15.0,0.7142857142857143,396528.0,149603472.0,150000000.0,0.00264352,103096.0,0.0103096,4
RX75_seed1004_600s,RX75,1004,450,460,benign,impairment,RX75,none,rx75,0,1,1.0,15.0,15.0,0.0,0.0,14.0,14.0,14,14,14,1.0,1.0,124.92857142857143,110.0,223.5,243.0,72.1061869592492,132.86666666666667,23.405941451650587,178.39999999999998,710.3333333333334,4.8,-68.46666666666667,0.0,191.0,-77.0,0.0,48.0,40.0,42.0,0.8333333333333334,15,0,26.0,14.0,14.0,0.5384615384615384,395040.0,149604960.0,150000000.0,0.0026336,121392.0,0.0121392,4
RX75_seed1004_600s,RX75,1004,460,470,benign,impairment,RX75,none,rx75,0,1,1.0,13.0,13.0,0.0,0.0,15.0,15.0,16,16,16,1.0,1.0,176.625,144.5,345.75,408.0,122.80058360339063,133.46666666666667,21.172308959267212,170.49999999999997,711.0666666666667,4.8,-68.46666666666667,0.0,170.0,-77.0,0.0,48.0,35.0,35.0,0.7291666666666666,15,0,17.0,15.0,15.0,0.8823529411764706,445056.0,149554944.0,150000000.0,0.00296704,89208.0,0.0089208,4
RX75_seed1004_600s,RX75,1004,470,480,benign,impairment,RX75,none,rx75,0,1,1.0,18.0,18.0,0.0,0.0,16.0,16.0,15,15,15,1.0,1.0,211.26666666666668,155.0,473.39999999999986,556.0,154.22176364233547,141.26666666666668,26.860663396409965,183.79999999999995,720.8,4.8,-68.46666666666667,0.0,174.0,-77.0,0.0,80.0,48.0,49.0,0.6,15,0,26.0,16.0,16.0,0.6153846153846154,616856.0,149383144.0,150000000.0,0.004112373333333333,126056.0,0.0126056,4
RX75_seed1004_600s,RX75,1004,480,490,benign,impairment,RX75,none,rx75,0,1,1.0,15.0,15.0,0.0,0.0,16.0,16.0,17,16,17,0.9411764705882353,1.0,186.3125,195.0,322.0,343.0,91.85112501579206,144.0,29.91893810185878,195.79999999999998,712.4666666666667,4.8,-68.46666666666667,0.0,188.0,-77.0,0.0,66.0,42.0,40.0,0.6363636363636364,15,0,29.0,15.0,17.0,0.5172413793103449,521760.0,149479184.0,150000944.0,0.0034783781094070983,135960.0,0.013596,4
RX75_seed1004_600s,RX75,1004,490,500,benign,impairment,RX75,none,rx75,0,1,1.0,15.0,15.0,1.0,0.0,16.0,16.0,16,16,16,1.0,1.0,169.0625,171.0,278.75,326.0,94.2234710674575,140.4,26.59430658725929,192.3,691.4666666666667,4.8,-69.8,1.0,179.0,-77.0,0.0,56.0,42.0,46.0,0.75,14,1,24.0,17.0,17.0,0.7083333333333334,515680.0,149483376.0,149999056.0,0.003437888302443717,122816.0,0.0122816,4
RX75_seed1004_600s,RX75,1004,500,510,benign,impairment,RX75,none,rx75,0,1,1.0,15.0,15.0,0.0,0.0,14.0,14.0,14,14,14,1.0,1.0,156.0,149.5,298.7,313.0,88.59327982849057,136.46666666666667,23.283552339018406,183.3,686.4666666666667,4.8,-69.8,0.0,178.0,-77.0,0.0,49.0,39.0,39.0,0.7959183673469388,15,0,22.0,14.0,14.0,0.6363636363636364,430160.0,149569840.0,150000000.0,0.0028677333333333335,102504.0,0.0102504,4
RX75_seed1004_600s,RX75,1004,510,520,benign,impairment,RX75,none,rx75,0,1,1.0,14.0,14.0,0.0,0.0,14.0,14.0,13,13,13,1.0,1.0,189.30769230769232,162.0,404.19999999999993,439.0,122.10131354424803,146.53333333333333,44.474497775477495,211.59999999999988,699.2666666666667,4.8,-69.8,0.0,176.0,-77.0,0.0,57.0,37.0,38.0,0.6491228070175439,15,0,20.0,14.0,14.0,0.7,473328.0,149526672.0,150000000.0,0.00315552,95856.0,0.0095856,4
RX75_seed1004_600s,RX75,1004,520,530,benign,impairment,RX75,none,rx75,0,1,1.0,15.0,15.0,0.0,0.0,15.0,15.0,16,16,16,1.0,1.0,160.875,161.0,291.25,295.0,86.52851167871393,143.13333333333333,33.39988594220616,190.2999999999999,688.8,4.8,-69.8,0.0,167.0,-77.0,0.0,55.0,41.0,44.0,0.7454545454545455,15,0,19.0,15.0,15.0,0.7894736842105263,472744.0,149527256.0,150000000.0,0.0031516266666666666,95296.0,0.0095296,4
RX75_seed1005_600s,RX75,1005,190,200,benign,impairment,RX75,none,rx75,0,1,1.0,17.0,17.0,0.0,0.0,15.0,15.0,15,15,15,1.0,1.0,185.66666666666666,170.0,308.99999999999994,344.0,95.61654568914214,132.2,29.727812855016044,198.7,605.0,4.8,-68.06666666666666,0.0,154.0,-77.0,0.0,58.0,47.0,47.0,0.8103448275862069,15,0,21.0,15.0,15.0,0.7142857142857143,530664.0,149469336.0,150000000.0,0.00353776,101160.0,0.010116,5
RX75_seed1005_600s,RX75,1005,200,210,benign,impairment,RX75,none,rx75,0,1,1.0,13.0,12.0,0.0,0.0,13.0,13.0,14,13,13,0.9285714285714286,0.9285714285714286,168.69230769230768,139.0,356.79999999999995,385.0,112.84531050320213,137.73333333333332,30.795330505652654,197.39999999999995,612.0666666666667,4.8,-68.06666666666666,0.0,174.0,-77.0,1.0,58.0,38.0,33.0,0.6551724137931034,15,0,25.0,13.0,13.0,0.52,461624.0,149538376.0,150000000.0,0.0030774933333333333,118976.0,0.0118976,5
RX75_seed1005_600s,RX75,1005,210,220,benign,impairment,RX75,none,rx75,0,1,1.0,15.0,15.0,1.0,0.0,16.0,16.0,16,16,16,1.0,1.0,174.25,165.0,301.5,315.0,76.50577320263702,140.06666666666666,33.65468905276195,202.5,620.4,4.8,-68.06666666666666,0.0,155.0,-77.0,0.0,62.0,42.0,48.0,0.6774193548387096,15,0,17.0,16.0,17.0,0.9411764705882353,524392.0,149475608.0,150000000.0,0.0034959466666666665,97208.0,0.0097208,5
RX75_seed1005_600s,RX75,1005,220,230,benign,impairment,RX75,none,rx75,0,1,1.0,16.0,16.0,0.0,0.0,15.0,15.0,15,15,15,1.0,1.0,160.6,169.0,287.8999999999999,346.0,83.31420732898526,139.4,27.427306518452422,185.6,619.3333333333334,4.8,-68.06666666666666,0.0,154.0,-77.0,0.0,60.0,44.0,45.0,0.7333333333333333,15,0,20.0,15.0,15.0,0.75,503944.0,149496056.0,150000000.0,0.003359626666666667,97952.0,0.0097952,5
RX75_seed1005_600s,RX75,1005,230,240,benign,impairment,RX75,none,rx75,0,1,1.0,15.0,15.0,0.0,0.0,14.0,14.0,14,14,14,1.0,1.0,163.64285714285714,182.5,259.84999999999997,306.0,78.97965379947999,135.13333333333333,25.444243431659032,177.6,614.0666666666667,4.8,-68.06666666666666,0.0,149.0,-77.0,0.0,49.0,40.0,40.0,0.8163265306122449,15,0,17.0,14.0,14.0,0.8235294117647058,431736.0,149568264.0,150000000.0,0.00287824,83400.0,0.00834,5
RX75_seed1005_600s,RX75,1005,240,250,benign,impairment,RX75,none,rx75,0,1,1.0,17.0,16.0,0.0,0.0,17.0,17.0,16,16,16,1.0,1.0,161.125,128.5,353.75,389.0,103.95183179402532,133.26666666666668,25.209030883697967,184.1,607.2,4.8,-68.06666666666666,0.0,155.0,-77.0,0.0,58.0,45.0,46.0,0.7758620689655172,15,0,24.0,17.0,18.0,0.7083333333333334,492480.0,149507520.0,150000000.0,0.0032832,119216.0,0.0119216,5
RX75_seed1005_600s,RX75,1005,250,260,benign,impairment,RX75,none,rx75,0,1,1.0,13.0,13.0,0.0,0.0,14.0,14.0,14,14,14,1.0,1.0,167.14285714285714,130.0,334.09999999999997,351.0,100.79747947310919,132.33333333333334,23.26759446915285,176.5,600.2666666666667,4.8,-68.06666666666666,0.0,156.0,-77.0,0.0,49.0,39.0,40.0,0.7959183673469388,15,0,20.0,14.0,14.0,0.7,466992.0,149533008.0,150000000.0,0.00311328,97712.0,0.009766207514718475,5
RX75_seed1005_600s,RX75,1005,260,270,benign,impairment,RX75,none,rx75,0,1,1.0,15.0,16.0,0.0,0.0,16.0,16.0,16,16,16,1.0,1.0,163.4375,149.5,261.75,306.0,72.7250243497152,136.6,30.886427902420646,190.3,598.9333333333333,4.8,-68.06666666666666,0.0,146.0,-77.0,0.0,65.0,44.0,47.0,0.676923076923077,15,0,17.0,16.0,17.0,0.9411764705882353,558288.0,149441712.0,150000000.0,0.00372192,89384.0,0.008942971647106,5
RX75_seed1005_600s,RX75,1005,270,280,benign,impairment,RX75,none,rx75,0,1,1.0,15.0,15.0,0.0,0.0,14.0,14.0,15,15,15,1.0,1.0,149.93333333333334,154.0,243.29999999999995,272.0,67.89747172514355,133.53333333333333,25.778913494412077,168.7,584.0,4.8,-68.06666666666666,0.0,142.0,-77.0,0.0,52.0,42.0,45.0,0.8076923076923077,15,0,15.0,14.0,14.0,0.9333333333333333,477760.0,149522240.0,150000000.0,0.0031850666666666666,75592.0,0.0075592,5
RX75_seed1005_600s,RX75,1005,280,290,benign,impairment,RX75,none,rx75,0,1,1.0,16.0,15.0,0.0,0.0,16.0,16.0,16,16,16,1.0,1.0,169.4375,156.0,283.25,353.0,87.6895803388293,132.0,21.400934559032695,161.1,581.9333333333333,4.8,-68.06666666666666,0.0,146.0,-77.0,0.0,55.0,43.0,42.0,0.7818181818181819,15,0,21.0,16.0,16.0,0.7619047619047619,482264.0,149517736.0,150000000.0,0.003215093333333333,111704.0,0.0111704,5
RX75_seed1005_600s,RX75,1005,290,300,benign,impairment,RX75,none,rx75,0,1,1.0,15.0,15.0,0.0,0.0,15.0,15.0,15,15,15,1.0,1.0,165.8,202.0,309.09999999999997,321.0,96.83210801617997,133.86666666666667,20.87331401802881,164.39999999999998,584.4,4.8,-68.06666666666666,0.0,145.0,-77.0,0.0,58.0,42.0,42.0,0.7241379310344828,15,0,18.0,15.0,15.0,0.8333333333333334,488144.0,149511856.0,150000000.0,0.0032542933333333333,94600.0,0.00946,5
RX75_seed1005_600s,RX75,1005,300,310,benign,impairment,RX75,none,rx75,0,1,1.0,15.0,15.0,0.0,0.0,14.0,14.0,14,14,14,1.0,1.0,167.28571428571428,148.5,307.09999999999997,324.0,99.96416940501814,136.06666666666666,21.995021081621,168.79999999999998,587.3333333333334,4.8,-68.06666666666666,0.0,144.0,-77.0,0.0,63.0,42.0,42.0,0.6666666666666666,15,0,16.0,14.0,14.0,0.875,489488.0,149510512.0,150000000.0,0.0032632533333333334,83192.0,0.0083192,5
RX75_seed1005_600s,RX75,1005,310,320,benign,impairment,RX75,none,rx75,0,1,1.0,15.0,16.0,0.0,0.0,16.0,16.0,16,16,16,1.0,1.0,184.0,149.0,393.25,439.0,118.81526276815899,138.0,21.53402623092778,169.7,589.5333333333333,4.8,-68.06666666666666,0.0,146.0,-77.0,0.0,64.0,43.0,44.0,0.671875,15,0,20.0,16.0,16.0,0.8,553288.0,149446712.0,150000000.0,0.0036885866666666665,100136.0,0.0100136,5
RX75_seed1005_600s,RX75,1005,320,330,benign,impairment,RX75,none,rx75,0,1,1.0,15.0,15.0,0.0,0.0,16.0,16.0,16,16,16,1.0,1.0,175.25,159.0,332.75,407.0,101.28672173587215,138.26666666666668,28.584378017838112,183.49999999999997,589.9333333333333,4.8,-68.06666666666666,0.0,153.0,-77.0,0.0,58.0,42.0,42.0,0.7241379310344828,15,0,24.0,16.0,16.0,0.6666666666666666,480632.0,149519368.0,150000000.0,0.003204213333333333,115864.0,0.0115864,5
RX75_seed1005_600s,RX75,1005,330,340,benign,impairment,RX75,none,rx75,0,1,1.0,15.0,15.0,0.0,0.0,15.0,15.0,15,15,15,1.0,1.0,161.26666666666668,143.0,324.79999999999984,413.0,104.02984919632213,135.26666666666668,27.130548587646853,178.29999999999995,586.2666666666667,4.8,-68.06666666666666,0.0,152.0,-77.0,0.0,52.0,42.0,42.0,0.8076923076923077,15,0,19.0,15.0,15.0,0.7894736842105263,467592.0,149532408.0,150000000.0,0.00311728,94848.0,0.0094848,5
RX75_seed1005_600s,RX75,1005,340,350,benign,impairment,RX75,none,rx75,0,1,1.0,15.0,15.0,0.0,0.0,13.0,13.0,13,13,13,1.0,1.0,178.3846153846154,217.0,275.5999999999999,302.0,87.66084118306803,152.46666666666667,57.08623385053611,237.99999999999986,608.2,4.8,-68.06666666666666,0.0,154.0,-77.0,0.0,69.0,40.0,39.0,0.5797101449275363,15,0,17.0,12.0,13.0,0.7058823529411765,528560.0,149471440.0,150000000.0,0.0035237333333333334,89896.0,0.0089896,5
RX75_seed1005_600s,RX75,1005,350,360,benign,impairment,RX75,none,rx75,0,1,1.0,16.0,15.0,0.0,0.0,15.0,15.0,16,16,16,1.0,1.0,209.125,160.0,425.75,536.0,142.43963633764304,151.8,48.826515044886946,252.89999999999995,607.2666666666667,4.8,-68.06666666666666,0.0,172.0,-77.0,0.0,67.0,44.0,45.0,0.6567164179104478,15,0,30.0,16.0,15.0,0.5333333333333333,551744.0,149448256.0,150000000.0,0.003678293333333333,135056.0,0.0135056,5
RX75_seed1005_600s,RX75,1005,360,370,benign,impairment,RX75,none,rx75,0,1,1.0,14.0,13.0,0.0,0.0,14.0,14.0,13,13,13,1.0,1.0,170.92307692307693,160.0,291.4,292.0,94.20231909606538,147.4,45.27187711088262,244.79999999999998,601.6666666666666,4.8,-68.06666666666666,0.0,166.0,-77.0,0.0,49.0,39.0,36.0,0.7959183673469388,15,0,19.0,13.0,14.0,0.6842105263157895,440608.0,149559392.0,150000000.0,0.0029373866666666665,108184.0,0.0108184,5
RX75_seed1005_600s,RX75,1005,370,380,benign,impairment,RX75,none,rx75,0,1,1.0,14.0,16.0,0.0,0.0,16.0,16.0,16,16,16,1.0,1.0,195.125,228.5,368.25,390.0,116.06657572272907,152.93333333333334,51.129341124343895,246.0999999999999,608.8,4.8,-68.06666666666666,0.0,158.0,-77.0,0.0,73.0,43.0,47.0,0.589041095890411,15,0,23.0,17.0,16.0,0.7391304347826086,607712.0,149392288.0,150000000.0,0.004051413333333333,110904.0,0.0110904,5
RX75_seed1005_600s,RX75,1005,380,390,benign,impairment,RX75,none,rx75,0,1,1.0,15.0,15.0,0.0,0.0,15.0,15.0,15,15,15,1.0,1.0,169.93333333333334,150.0,307.19999999999993,338.0,94.6893165392309,151.2,49.35035099021224,247.99999999999994,606.4666666666667,4.8,-68.06666666666666,0.0,147.0,-77.0,0.0,56.0,40.0,39.0,0.7142857142857143,15,0,16.0,15.0,15.0,0.9375,414104.0,149585896.0,150000000.0,0.0027606933333333334,83128.0,0.0083128,5
RX75_seed1005_600s,RX75,1005,390,400,benign,impairment,RX75,none,rx75,0,1,1.0,16.0,16.0,0.0,0.0,17.0,17.0,17,17,17,1.0,1.0,186.47058823529412,204.0,299.4,321.0,86.80086235678971,147.46666666666667,39.55984014604903,219.39999999999995,601.8,4.8,-68.06666666666666,0.0,162.0,-77.0,0.0,62.0,45.0,46.0,0.7258064516129032,15,0,29.0,17.0,17.0,0.5862068965517241,528216.0,149471784.0,150000000.0,0.00352144,137992.0,0.0137992,5
RX75_seed1005_600s,RX75,1005,400,410,benign,impairment,RX75,none,rx75,0,1,1.0,15.0,15.0,0.0,0.0,14.0,14.0,14,14,14,1.0,1.0,201.0,236.5,311.79999999999995,343.0,90.90400685084492,143.2,33.17529201077211,205.69999999999996,596.3333333333334,4.8,-68.06666666666666,0.0,171.0,-77.0,0.0,53.0,41.0,41.0,0.7735849056603774,15,0,25.0,14.0,14.0,0.56,522672.0,149477328.0,150000000.0,0.00348448,118304.0,0.0118304,5
RX75_seed1005_600s,RX75,1005,410,420,benign,impairment,RX75,none,rx75,0,1,1.0,14.0,13.0,0.0,0.0,14.0,14.0,14,14,14,1.0,1.0,188.21428571428572,152.5,369.2,429.0,105.51644317460564,140.6,28.351870686580302,190.89999999999998,596.0,4.8,-68.06666666666666,0.0,164.0,-77.0,0.0,52.0,39.0,40.0,0.75,15,0,20.0,14.0,15.0,0.7,425160.0,149574840.0,150000000.0,0.0028344,93904.0,0.0093904,5
RX75_seed1005_600s,RX75,1005,420,430,benign,impairment,RX75,none,rx75,0,1,1.0,15.0,16.0,0.0,0.0,16.0,16.0,16,16,16,1.0,1.0,189.375,187.5,320.5,346.0,101.53546178552595,139.93333333333334,26.78876807988929,187.5,594.7333333333333,4.8,-68.06666666666666,0.0,163.0,-77.0,0.0,62.0,43.0,45.0,0.6935483870967742,15,0,25.0,16.0,16.0,0.64,518944.0,149481056.0,150000000.0,0.0034596266666666667,132528.0,0.0132528,5
RX75_seed1005_600s,RX75,1005,430,440,benign,impairment,RX75,none,rx75,0,1,1.0,15.0,15.0,0.0,0.0,15.0,15.0,15,15,15,1.0,1.0,184.93333333333334,166.0,396.9999999999999,467.0,127.79976898406726,141.6,24.67155678682872,178.09999999999997,596.8,4.8,-68.06666666666666,0.0,165.0,-77.0,0.0,63.0,42.0,42.0,0.6666666666666666,15,0,24.0,15.0,15.0,0.625,529784.0,149470216.0,150000000.0,0.0035318933333333335,112648.0,0.0112648,5
RX75_seed1005_600s,RX75,1005,440,450,benign,impairment,RX75,none,rx75,0,1,1.0,16.0,15.0,0.0,0.0,15.0,15.0,15,15,15,1.0,1.0,169.73333333333332,146.0,363.79999999999984,452.0,112.31935761585399,137.6,22.765261756833432,168.79999999999998,596.9333333333333,4.8,-68.06666666666666,0.0,165.0,-77.0,0.0,52.0,43.0,43.0,0.8269230769230769,15,0,23.0,15.0,15.0,0.6521739130434783,463088.0,149536912.0,150000000.0,0.0030872533333333335,111504.0,0.0111504,5
RX75_seed1005_600s,RX75,1005,450,460,benign,impairment,RX75,none,rx75,0,1,1.0,15.0,16.0,0.0,0.0,15.0,15.0,15,15,15,1.0,1.0,143.46666666666667,155.0,251.6,253.0,80.06146448347104,136.0,21.45094070531307,164.39999999999995,589.0666666666667,4.8,-68.06666666666666,0.0,160.0,-77.0,0.0,56.0,42.0,44.0,0.75,15,0,20.0,15.0,15.0,0.75,503960.0,149496040.0,150000000.0,0.0033597333333333333,99856.0,0.0099856,5
RX75_seed1005_600s,RX75,1005,460,470,benign,impairment,RX75,none,rx75,0,1,1.0,15.0,15.0,0.0,0.0,16.0,16.0,16,16,16,1.0,1.0,177.4375,176.0,316.0,355.0,104.60909377296028,130.93333333333334,19.177615920154214,157.89999999999995,582.3333333333334,4.8,-68.06666666666666,0.0,160.0,-77.0,0.0,49.0,42.0,42.0,0.8571428571428571,15,0,23.0,16.0,16.0,0.6956521739130435,467720.0,149532280.0,150000000.0,0.0031181333333333335,107896.0,0.0107896,5
RX75_seed1005_600s,RX75,1005,470,480,benign,impairment,RX75,none,rx75,0,1,1.0,14.0,14.0,0.0,0.0,14.0,14.0,14,14,14,1.0,1.0,189.57142857142858,183.0,327.25,337.0,96.67289357233678,135.73333333333332,25.727880004458385,176.79999999999995,593.4,4.8,-68.06666666666666,0.0,154.0,-77.0,0.0,63.0,41.0,44.0,0.6507936507936508,15,0,18.0,14.0,15.0,0.7777777777777778,500928.0,149499072.0,150000000.0,0.00333952,97264.0,0.0097264,5
RX75_seed1005_600s,RX75,1005,480,490,benign,impairment,RX75,none,rx75,0,1,1.0,16.0,15.0,0.0,0.0,15.0,15.0,15,15,15,1.0,1.0,215.0,231.0,396.59999999999997,412.0,122.9506288835366,138.13333333333333,28.542866676198418,195.9,596.2666666666667,4.8,-68.06666666666666,0.0,158.0,-77.0,0.0,66.0,43.0,42.0,0.6515151515151515,15,0,22.0,15.0,16.0,0.6818181818181818,522664.0,149477336.0,150000000.0,0.003484426666666667,110800.0,0.01108,5
RX75_seed1005_600s,RX75,1005,490,500,benign,impairment,RX75,none,rx75,0,1,1.0,15.0,16.0,0.0,0.0,14.0,14.0,14,14,14,1.0,1.0,182.28571428571428,154.0,389.95,401.0,106.26413286742584,135.13333333333333,23.046123524875274,168.59999999999997,597.1333333333333,4.8,-68.06666666666666,0.0,152.0,-77.0,0.0,58.0,45.0,49.0,0.7758620689655172,15,0,17.0,14.0,14.0,0.8235294117647058,538632.0,149461368.0,150000000.0,0.00359088,93688.0,0.0093688,5
RX75_seed1005_600s,RX75,1005,500,510,benign,impairment,RX75,none,rx75,0,1,1.0,15.0,13.0,0.0,0.0,15.0,15.0,15,15,15,1.0,1.0,219.2,177.0,438.69999999999993,473.0,123.41173827013839,135.2,28.42081732010635,192.59999999999997,597.2,4.8,-68.06666666666666,0.0,154.0,-77.0,0.0,52.0,38.0,36.0,0.7307692307692307,15,0,22.0,15.0,15.0,0.6818181818181818,458440.0,149541560.0,150000000.0,0.0030562666666666665,110328.0,0.0110328,5
RX75_seed1005_600s,RX75,1005,510,520,benign,impairment,RX75,none,rx75,0,1,1.0,15.0,17.0,0.0,0.0,16.0,16.0,16,16,16,1.0,1.0,185.125,190.0,352.25,356.0,100.17975510717389,139.13333333333333,31.979606596942965,194.39999999999998,602.1333333333333,4.8,-68.06666666666666,0.0,158.0,-77.0,0.0,73.0,47.0,49.0,0.6438356164383562,15,0,24.0,16.0,16.0,0.6666666666666666,637040.0,149362960.0,150000000.0,0.004246933333333334,114128.0,0.0114128,5
RX75_seed1005_600s,RX75,1005,520,530,benign,impairment,RX75,none,rx75,0,1,1.0,15.0,15.0,0.0,0.0,14.0,14.0,15,15,15,1.0,1.0,164.6,159.0,327.8999999999999,379.0,100.33856970990054,138.53333333333333,35.68286236650118,207.79999999999998,595.8666666666667,4.8,-68.06666666666666,0.0,168.0,-77.0,0.0,54.0,41.0,42.0,0.7592592592592593,15,0,24.0,14.0,14.0,0.5833333333333334,487424.0,149512576.0,150000000.0,0.003249493333333333,114712.0,0.0114712,5
RX75_seed1006_600s,RX75,1006,190,200,benign,impairment,RX75,none,rx75,0,1,1.0,15.0,16.0,0.0,0.0,15.0,15.0,16,16,16,1.0,1.0,175.5625,111.0,453.75,528.0,143.35316238809196,149.66666666666666,27.889236701808887,189.59999999999997,702.7333333333333,4.8,-70.86666666666666,0.0,167.0,-77.0,0.0,53.0,42.0,43.0,0.7924528301886793,15,0,24.0,15.0,15.0,0.625,445192.0,149554808.0,150000000.0,0.0029679466666666667,113408.0,0.0113408,1
RX75_seed1006_600s,RX75,1006,200,210,benign,impairment,RX75,none,rx75,0,1,1.0,15.0,15.0,0.0,0.0,16.0,16.0,15,15,15,1.0,1.0,165.26666666666668,161.0,279.0999999999999,333.0,83.85741867400084,147.2,27.805960306585863,191.6,699.7333333333333,4.8,-70.86666666666666,0.0,161.0,-77.0,0.0,57.0,42.0,42.0,0.7368421052631579,15,0,21.0,16.0,16.0,0.7619047619047619,490928.0,149509072.0,150000000.0,0.003272853333333333,104176.0,0.0104176,1
RX75_seed1006_600s,RX75,1006,210,220,benign,impairment,RX75,none,rx75,0,1,1.0,15.0,15.0,0.0,0.0,15.0,15.0,15,15,15,1.0,1.0,150.86666666666667,161.0,265.5999999999999,309.0,87.99258626779438,144.2,25.940040753354925,185.7,695.8,4.8,-70.86666666666666,0.0,151.0,-77.0,0.0,55.0,42.0,41.0,0.7636363636363637,15,0,18.0,15.0,15.0,0.8333333333333334,431696.0,149568304.0,150000000.0,0.0028779733333333334,90104.0,0.0090104,1
RX75_seed1006_600s,RX75,1006,220,230,benign,impairment,RX75,none,rx75,0,1,1.0,15.0,14.0,0.0,0.0,15.0,15.0,14,14,14,1.0,1.0,188.0,183.5,402.29999999999995,544.0,134.40524257174357,144.53333333333333,25.999633697053355,188.69999999999996,693.6666666666666,4.8,-70.86666666666666,0.0,156.0,-77.0,0.0,54.0,39.0,39.0,0.7222222222222222,15,0,23.0,15.0,16.0,0.6521739130434783,465856.0,149534144.0,150000000.0,0.0031057066666666665,113328.0,0.0113328,1
RX75_seed1006_600s,RX75,1006,230,240,benign,impairment,RX75,none,rx75,0,1,1.0,15.0,16.0,0.0,0.0,14.0,14.0,16,16,16,1.0,1.0,182.125,134.5,366.0,396.0,115.61249932425126,141.0,23.21944997502863,184.1,690.2,4.8,-70.86666666666666,0.0,161.0,-77.0,0.0,48.0,39.0,42.0,0.8125,15,0,23.0,14.0,14.0,0.6086956521739131,487520.0,149512480.0,150000000.0,0.0032501333333333333,106144.0,0.0106144,1
RX75_seed1006_600s,RX75,1006,240,250,benign,impairment,RX75,none,rx75,0,1,1.0,16.0,16.0,0.0,0.0,17.0,17.0,16,16,16,1.0,1.0,148.5,157.5,246.75,300.0,78.20230175640613,139.6,21.770884882600168,176.29999999999998,663.6666666666666,4.8,-70.86666666666666,0.0,149.0,-77.0,0.0,58.0,46.0,46.0,0.7931034482758621,15,0,20.0,17.0,17.0,0.85,474248.0,149525752.0,150000000.0,0.0031616533333333335,101496.0,0.0101496,1
RX75_seed1006_600s,RX75,1006,250,260,benign,impairment,RX75,none,rx75,0,1,1.0,16.0,16.0,0.0,0.0,15.0,15.0,16,16,16,1.0,1.0,172.8125,179.5,349.75,355.0,95.93832654367077,137.6,17.158088471621774,163.5,656.4,4.8,-70.86666666666666,0.0,151.0,-77.0,0.0,54.0,43.0,50.0,0.7962962962962963,15,0,21.0,15.0,16.0,0.7142857142857143,493752.0,149506248.0,150000000.0,0.00329168,108696.0,0.0108696,1
RX75_seed1006_600s,RX75,1006,260,270,benign,impairment,RX75,none,rx75,0,1,1.0,16.0,15.0,0.0,0.0,15.0,15.0,15,15,15,1.0,1.0,179.0,187.0,304.7,311.0,86.97865091093168,134.66666666666666,18.472630977694955,160.89999999999998,631.6,4.8,-70.86666666666666,0.0,157.0,-77.0,0.0,51.0,43.0,43.0,0.8431372549019608,15,0,24.0,15.0,15.0,0.625,466568.0,149535496.0,150002064.0,0.0031104105340843844,113360.0,0.011336,1
RX75_seed1006_600s,RX75,1006,270,280,benign,impairment,RX75,none,rx75,0,1,1.0,14.0,14.0,0.0,0.0,14.0,14.0,14,14,14,1.0,1.0,143.21428571428572,156.5,252.6,276.0,85.63085225047602,132.13333333333333,18.216423777407442,157.39999999999998,628.2666666666667,4.8,-70.86666666666666,0.0,162.0,-77.0,0.0,43.0,37.0,37.0,0.8604651162790697,15,0,24.0,14.0,15.0,0.5833333333333334,411272.0,149586664.0,149997936.0,0.0027418510612039356,113224.0,0.0113224,1
RX75_seed1006_600s,RX75,1006,280,290,benign,impairment,RX75,none,rx75,0,1,1.0,15.0,15.0,0.0,0.0,16.0,16.0,15,15,15,1.0,1.0,178.6,164.0,325.59999999999997,341.0,99.974139513319,141.73333333333332,25.482393548338056,182.29999999999995,640.4666666666667,4.8,-70.86666666666666,0.0,156.0,-77.0,0.0,69.0,41.0,41.0,0.5942028985507246,15,0,20.0,16.0,16.0,0.8,505528.0,149494472.0,150000000.0,0.0033701866666666666,104072.0,0.0104072,1
RX75_seed1006_600s,RX75,1006,290,300,benign,impairment,RX75,none,rx75,0,1,1.0,13.0,14.0,0.0,0.0,15.0,15.0,12,12,12,1.0,1.0,183.25,168.0,317.6,322.0,98.48500116538281,137.13333333333333,21.934534632031962,172.79999999999998,609.6666666666666,4.8,-70.86666666666666,0.0,160.0,-77.0,0.0,49.0,39.0,43.0,0.7959183673469388,15,0,24.0,15.0,15.0,0.625,502400.0,149497600.0,150000000.0,0.0033493333333333335,110936.0,0.0110936,1
RX75_seed1006_600s,RX75,1006,300,310,benign,impairment,RX75,none,rx75,0,1,1.0,15.0,15.0,0.0,0.0,14.0,14.0,16,16,16,1.0,1.0,198.9375,211.0,291.25,298.0,84.6714975655917,134.46666666666667,17.90397667984353,160.39999999999998,606.0666666666667,4.8,-70.86666666666666,0.0,167.0,-77.0,0.0,51.0,41.0,40.0,0.803921568627451,15,0,25.0,14.0,14.0,0.56,471312.0,149530608.0,150001920.0,0.003142039781890792,118632.0,0.0118632,1
RX75_seed1006_600s,RX75,1006,310,320,benign,impairment,RX75,none,rx75,0,1,1.0,14.0,13.0,0.0,0.0,14.0,14.0,14,14,14,1.0,1.0,166.64285714285714,137.0,337.24999999999994,425.0,101.77774212080357,134.26666666666668,17.826411651842676,157.99999999999997,605.7333333333333,4.8,-70.86666666666666,0.0,166.0,-77.0,0.0,50.0,37.0,36.0,0.74,15,0,20.0,13.0,14.0,0.65,401072.0,149597008.0,149998080.0,0.0026738475585820834,97408.0,0.0097408,1
RX75_seed1006_600s,RX75,1006,320,330,benign,impairment,RX75,none,rx75,0,1,1.0,16.0,16.0,0.0,0.0,15.0,15.0,16,16,16,1.0,1.0,144.1875,137.5,287.0,320.0,86.01412190254962,133.66666666666666,17.83522464381198,158.39999999999998,605.0666666666667,4.8,-70.86666666666666,0.0,148.0,-77.0,0.0,55.0,41.0,42.0,0.7454545454545455,15,0,17.0,16.0,15.0,0.9411764705882353,488040.0,149511960.0,150000000.0,0.0032536,85880.0,0.008588,1
RX75_seed1006_600s,RX75,1006,330,340,benign,impairment,RX75,none,rx75,0,1,1.0,15.0,16.0,0.0,0.0,16.0,16.0,14,14,14,1.0,1.0,136.42857142857142,122.5,265.25,314.0,82.81742132380887,134.2,22.023364216862312,164.5,605.9333333333333,4.8,-70.86666666666666,0.0,142.0,-77.0,0.0,55.0,41.0,42.0,0.7454545454545455,15,0,19.0,16.0,16.0,0.8421052631578947,449968.0,149550032.0,150000000.0,0.0029997866666666667,95144.0,0.0095144,1
RX75_seed1006_600s,RX75,1006,340,350,benign,impairment,RX75,none,rx75,0,1,1.0,15.0,15.0,0.0,0.0,14.0,14.0,17,17,17,1.0,1.0,169.0,138.0,334.4,364.0,98.00127550190355,136.33333333333334,20.645534510835393,171.79999999999998,608.2,4.8,-70.86666666666666,0.0,179.0,-77.0,0.0,59.0,42.0,41.0,0.711864406779661,15,0,23.0,13.0,14.0,0.5652173913043478,481688.0,149518312.0,150000000.0,0.0032112533333333334,108344.0,0.0108344,1
RX75_seed1006_600s,RX75,1006,350,360,benign,impairment,RX75,none,rx75,0,1,1.0,15.0,14.0,0.0,0.0,16.0,16.0,13,13,13,1.0,1.0,166.84615384615384,168.0,309.0,315.0,85.5587966974039,135.53333333333333,17.183325250563893,152.2,607.5333333333333,4.8,-70.86666666666666,0.0,163.0,-77.0,0.0,56.0,42.0,42.0,0.75,15,0,19.0,16.0,16.0,0.8421052631578947,472888.0,149527112.0,150000000.0,0.0031525866666666665,92560.0,0.009256,1
RX75_seed1006_600s,RX75,1006,360,370,benign,impairment,RX75,none,rx75,0,1,1.0,14.0,15.0,0.0,0.0,13.0,13.0,16,16,16,1.0,1.0,178.5625,161.0,343.25,425.0,108.50128647470807,132.2,14.482501757046576,146.2,603.2,4.8,-70.86666666666666,0.0,151.0,-77.0,0.0,47.0,40.0,41.0,0.851063829787234,15,0,15.0,13.0,13.0,0.8666666666666667,446096.0,149553904.0,150000000.0,0.002973973333333333,73432.0,0.0073432,1
RX75_seed1006_600s,RX75,1006,370,380,benign,impairment,RX75,none,rx75,0,1,1.0,16.0,16.0,0.0,0.0,16.0,16.0,15,15,15,1.0,1.0,164.13333333333333,195.0,261.09999999999997,266.0,83.33998068725707,130.46666666666667,14.865428092757785,152.9,601.0,4.8,-70.86666666666666,0.0,147.0,-77.0,0.0,53.0,43.0,43.0,0.8113207547169812,15,0,21.0,16.0,16.0,0.7619047619047619,506512.0,149493488.0,150000000.0,0.0033767466666666667,105104.0,0.0105104,1
RX75_seed1006_600s,RX75,1006,380,390,benign,impairment,RX75,none,rx75,0,1,1.0,15.0,14.0,0.0,0.0,15.0,15.0,16,15,16,0.9375,1.0,149.46666666666667,138.0,300.8999999999999,338.0,94.47211732771184,126.46666666666667,11.519341912420089,140.2,595.9333333333333,4.8,-70.86666666666666,0.0,153.0,-77.0,0.0,46.0,41.0,40.0,0.8913043478260869,15,0,26.0,15.0,15.0,0.5769230769230769,425376.0,149574624.0,150000000.0,0.00283584,122456.0,0.0122456,1
RX75_seed1006_600s,RX75,1006,390,400,benign,impairment,RX75,none,rx75,0,1,1.0,15.0,15.0,1.0,0.0,15.0,15.0,15,15,15,1.0,1.0,177.6,143.0,358.0999999999999,398.0,110.68926906305906,134.0,20.071301473923977,172.79999999999998,605.6,4.8,-70.86666666666666,0.0,143.0,-77.0,0.0,63.0,40.0,40.0,0.6349206349206349,15,0,20.0,15.0,15.0,0.75,504088.0,149495912.0,150000000.0,0.003360586666666667,102784.0,0.0102784,1
RX75_seed1006_600s,RX75,1006,400,410,benign,impairment,RX75,none,rx75,0,1,1.0,15.0,15.0,0.0,0.0,15.0,15.0,15,15,15,1.0,1.0,174.93333333333334,152.0,341.69999999999993,376.0,107.24702238068808,135.6,18.129691511046577,164.0,607.6,4.8,-70.86666666666666,0.0,147.0,-77.0,0.0,63.0,42.0,42.0,0.6666666666666666,15,0,24.0,15.0,15.0,0.625,520840.0,149479160.0,150000000.0,0.0034722666666666666,117736.0,0.0117736,1
RX75_seed1006_600s,RX75,1006,410,420,benign,impairment,RX75,none,rx75,0,1,1.0,15.0,15.0,0.0,0.0,15.0,15.0,14,14,14,1.0,1.0,165.07142857142858,136.5,300.35,301.0,109.37969456173109,131.33333333333334,18.10945556753104,157.6,595.6,4.8,-70.86666666666666,0.0,157.0,-77.0,0.0,48.0,40.0,41.0,0.8333333333333334,15,0,28.0,15.0,15.0,0.5357142857142857,449216.0,149550784.0,150000000.0,0.002994773333333333,126688.0,0.0126688,1
RX75_seed1006_600s,RX75,1006,420,430,benign,impairment,RX75,none,rx75,0,1,1.0,15.0,14.0,0.0,0.0,15.0,15.0,15,15,15,1.0,1.0,174.66666666666666,157.0,322.2,332.0,99.90114161128537,135.4,23.796158153305814,176.19999999999996,603.3333333333334,4.8,-70.86666666666666,0.0,153.0,-77.0,0.0,60.0,40.0,39.0,0.6666666666666666,15,0,23.0,15.0,16.0,0.6521739130434783,488208.0,149512680.0,150000888.0,0.0032547007321716654,111960.0,0.011196,1
RX75_seed1006_600s,RX75,1006,430,440,benign,impairment,RX75,none,rx75,0,1,1.0,14.0,15.0,0.0,0.0,14.0,14.0,15,15,15,1.0,1.0,161.0,150.0,333.49999999999994,358.0,101.05726806406074,134.0,20.62245655312951,166.89999999999998,601.5333333333333,4.8,-70.86666666666666,0.0,152.0,-77.0,0.0,50.0,38.0,40.0,0.76,15,0,22.0,14.0,14.0,0.6363636363636364,462920.0,149536192.0,149999112.0,0.003086151603350825,101504.0,0.0101504,1
RX75_seed1006_600s,RX75,1006,440,450,benign,impairment,RX75,none,rx75,0,1,1.0,15.0,15.0,0.0,0.0,15.0,15.0,15,15,15,1.0,1.0,146.33333333333334,154.0,321.09999999999997,354.0,100.65192260364192,132.0,21.101794101111743,167.89999999999998,570.5333333333333,4.8,-70.86666666666666,0.0,139.0,-77.0,0.0,51.0,41.0,44.0,0.803921568627451,15,0,17.0,15.0,15.0,0.8823529411764706,436944.0,149563056.0,150000000.0,0.00291296,84200.0,0.00842,1
RX75_seed1006_600s,RX75,1006,450,460,benign,impairment,RX75,none,rx75,0,1,1.0,16.0,16.0,0.0,0.0,15.0,15.0,14,14,14,1.0,1.0,189.71428571428572,200.0,340.9,363.0,99.46582603814514,136.46666666666667,21.175682369395414,178.39999999999998,576.4666666666667,4.8,-70.86666666666666,0.0,134.0,-77.0,0.0,65.0,44.0,44.0,0.676923076923077,15,0,19.0,15.0,15.0,0.7894736842105263,538056.0,149461944.0,150000000.0,0.00358704,99432.0,0.0099432,1
RX75_seed1006_600s,RX75,1006,460,470,benign,impairment,RX75,none,rx75,0,1,1.0,16.0,15.0,0.0,0.0,17.0,17.0,15,15,15,1.0,1.0,169.93333333333334,155.0,280.0999999999999,348.0,78.16600162170128,136.46666666666667,22.132286263242108,175.59999999999997,576.3333333333334,4.8,-70.86666666666666,0.0,142.0,-77.0,0.0,59.0,43.0,41.0,0.7288135593220338,15,0,27.0,17.0,17.0,0.6296296296296297,511264.0,149488736.0,150000000.0,0.0034084266666666667,125928.0,0.0125928,1
RX75_seed1006_600s,RX75,1006,470,480,benign,impairment,RX75,none,rx75,0,1,1.0,14.0,14.0,0.0,0.0,13.0,13.0,16,16,16,1.0,1.0,161.0,164.0,286.25,347.0,90.19756094263303,134.13333333333333,22.04821556325612,168.19999999999996,573.4,4.8,-70.86666666666666,0.0,139.0,-77.0,0.0,53.0,41.0,40.0,0.7735849056603774,15,0,18.0,13.0,14.0,0.7222222222222222,432608.0,149567392.0,150000000.0,0.0028840533333333333,89488.0,0.0089488,1
RX75_seed1006_600s,RX75,1006,480,490,benign,impairment,RX75,none,rx75,0,1,1.0,14.0,15.0,0.0,0.0,16.0,16.0,15,15,15,1.0,1.0,221.6,224.0,405.79999999999995,417.0,134.0974059619137,141.53333333333333,25.18748744534722,179.29999999999993,583.9333333333333,4.8,-70.86666666666666,0.0,151.0,-77.0,0.0,67.0,40.0,46.0,0.5970149253731343,15,0,28.0,16.0,17.0,0.5714285714285714,567952.0,149432048.0,150000000.0,0.0037863466666666666,133944.0,0.0133944,1
RX75_seed1006_600s,RX75,1006,490,500,benign,impairment,RX75,none,rx75,0,1,1.0,16.0,15.0,0.0,0.0,15.0,15.0,16,15,16,0.9375,1.0,186.8,174.0,315.5,319.0,96.91247892520639,147.66666666666666,28.31876376101861,193.49999999999994,591.8666666666667,4.8,-70.86666666666666,0.0,143.0,-77.0,0.0,71.0,42.0,41.0,0.5915492957746479,15,0,17.0,14.0,15.0,0.8235294117647058,525832.0,149474168.0,150000000.0,0.0035055466666666668,85472.0,0.0085472,1
RX75_seed1006_600s,RX75,1006,500,510,benign,impairment,RX75,none,rx75,0,1,1.0,15.0,14.0,1.0,0.0,16.0,16.0,14,14,14,1.0,1.0,164.71428571428572,171.5,306.75,336.0,105.83617861249859,142.33333333333334,28.331372481167705,200.0,584.9333333333333,4.8,-70.86666666666666,0.0,142.0,-77.0,0.0,52.0,42.0,41.0,0.8076923076923077,15,0,22.0,16.0,16.0,0.7272727272727273,462096.0,149537904.0,150000000.0,0.00308064,104536.0,0.010450824261076259,1
RX75_seed1006_600s,RX75,1006,510,520,benign,impairment,RX75,none,rx75,0,1,1.0,17.0,16.0,0.0,0.0,15.0,15.0,15,15,15,1.0,1.0,167.86666666666667,151.0,320.09999999999997,325.0,99.03380856099213,143.93333333333334,37.46325183556865,224.2,590.0666666666667,4.8,-70.86666666666666,0.0,132.0,-77.0,0.0,69.0,46.0,49.0,0.6666666666666666,15,0,16.0,15.0,16.0,0.9375,569176.0,149430824.0,150000000.0,0.0037945066666666668,93392.0,0.009341681150513577,1
RX75_seed1006_600s,RX75,1006,520,530,benign,impairment,RX75,none,rx75,0,1,1.0,14.0,16.0,0.0,0.0,15.0,15.0,17,17,17,1.0,1.0,196.64705882352942,184.0,413.19999999999993,474.0,119.03567804258866,146.33333333333334,41.90919889929838,236.89999999999998,593.2666666666667,4.8,-70.86666666666666,0.0,146.0,-77.0,0.0,59.0,38.0,41.0,0.6440677966101694,15,0,26.0,15.0,15.0,0.5769230769230769,480424.0,149519576.0,150000000.0,0.0032028266666666665,124072.0,0.0124072,1
RX75_seed1007_600s,RX75,1007,190,200,benign,impairment,RX75,none,rx75,0,1,1.0,16.0,16.0,0.0,0.0,16.0,16.0,16,16,16,1.0,1.0,192.6875,167.0,379.5,423.0,111.0415650406039,147.33333333333334,24.126649955914687,188.79999999999998,646.6666666666666,4.8,-69.66666666666667,0.0,160.0,-77.0,0.0,66.0,43.0,46.0,0.6515151515151515,15,0,27.0,16.0,16.0,0.5925925925925926,561376.0,149438624.0,150000000.0,0.003742506666666667,138768.0,0.0138768,2
RX75_seed1007_600s,RX75,1007,200,210,benign,impairment,RX75,none,rx75,0,1,1.0,14.0,14.0,0.0,0.0,14.0,14.0,15,15,15,1.0,1.0,165.13333333333333,127.0,367.4,394.0,123.40691498723507,143.93333333333334,21.92671777491908,179.3,641.6666666666666,4.8,-69.66666666666667,0.0,161.0,-77.0,0.0,54.0,39.0,40.0,0.7222222222222222,15,0,26.0,14.0,15.0,0.5384615384615384,481656.0,149518344.0,150000000.0,0.00321104,124392.0,0.0124392,2
RX75_seed1007_600s,RX75,1007,210,220,benign,impairment,RX75,none,rx75,0,1,1.0,16.0,14.0,0.0,0.0,16.0,16.0,14,14,14,1.0,1.0,144.28571428571428,129.5,331.0,383.0,98.96730506852994,140.46666666666667,20.597734503257065,170.0,637.4666666666667,4.8,-69.66666666666667,0.0,152.0,-77.0,0.0,55.0,41.0,39.0,0.7454545454545455,15,0,25.0,16.0,16.0,0.64,432088.0,149567912.0,150000000.0,0.002880586666666667,123920.0,0.012387223486623558,2
RX75_seed1007_600s,RX75,1007,220,230,benign,impairment,RX75,none,rx75,0,1,1.0,14.0,15.0,0.0,0.0,14.0,14.0,15,15,15,1.0,1.0,161.33333333333334,145.0,281.3,289.0,94.69323906071395,139.8,17.82133552795637,164.79999999999998,636.5333333333333,4.8,-69.66666666666667,0.0,156.0,-77.0,0.0,56.0,39.0,40.0,0.6964285714285714,15,0,25.0,14.0,15.0,0.56,463704.0,149536296.0,150000000.0,0.00309136,120824.0,0.012087060770633156,2
RX75_seed1007_600s,RX75,1007,230,240,benign,impairment,RX75,none,rx75,0,1,1.0,15.0,16.0,0.0,0.0,15.0,15.0,16,16,16,1.0,1.0,195.4375,200.0,369.75,438.0,108.93727170563189,141.53333333333333,18.749730156788416,167.2,638.8,4.8,-69.66666666666667,0.0,150.0,-77.0,0.0,66.0,43.0,44.0,0.6515151515151515,15,0,23.0,15.0,15.0,0.6521739130434783,548416.0,149451584.0,150000000.0,0.003656106666666667,106744.0,0.0106744,2
RX75_seed1007_600s,RX75,1007,240,250,benign,impairment,RX75,none,rx75,0,1,1.0,16.0,16.0,0.0,0.0,16.0,16.0,16,16,16,1.0,1.0,229.625,219.0,414.5,539.0,124.63754116102686,144.46666666666667,21.35371050616151,175.29999999999998,643.3333333333334,4.8,-69.66666666666667,0.0,156.0,-77.0,0.0,67.0,43.0,44.0,0.6417910447761194,15,0,29.0,16.0,16.0,0.5517241379310345,677256.0,149322744.0,150000000.0,0.00451504,135128.0,0.0135128,2
RX75_seed1007_600s,RX75,1007,250,260,benign,impairment,RX75,none,rx75,0,1,1.0,15.0,14.0,0.0,0.0,15.0,15.0,14,14,14,1.0,1.0,169.42857142857142,151.5,363.95,388.0,114.84753390454688,141.06666666666666,19.684898732156032,165.6,633.6,4.8,-69.66666666666667,0.0,148.0,-77.0,0.0,54.0,39.0,39.0,0.7222222222222222,15,0,22.0,15.0,16.0,0.6818181818181818,451808.0,149548192.0,150000000.0,0.0030120533333333334,111472.0,0.0111472,2
RX75_seed1007_600s,RX75,1007,260,270,benign,impairment,RX75,none,rx75,0,1,1.0,15.0,16.0,0.0,0.0,15.0,15.0,15,15,15,1.0,1.0,211.93333333333334,219.0,382.5999999999998,538.0,129.7753370068369,144.53333333333333,22.696339121625087,177.0,626.4666666666667,4.8,-69.66666666666667,0.0,140.0,-77.0,0.0,70.0,43.0,48.0,0.6142857142857143,15,0,21.0,15.0,15.0,0.7142857142857143,562512.0,149437488.0,150000000.0,0.00375008,103024.0,0.0103024,2
RX75_seed1007_600s,RX75,1007,270,280,benign,impairment,RX75,none,rx75,0,1,1.0,15.0,15.0,0.0,0.0,15.0,15.0,16,16,16,1.0,1.0,161.25,151.0,272.0,281.0,85.41233322340905,138.33333333333334,16.28613199130153,159.2,617.6,4.8,-69.66666666666667,0.0,147.0,-77.0,0.0,53.0,41.0,40.0,0.7735849056603774,15,0,26.0,15.0,16.0,0.5769230769230769,459176.0,149540824.0,150000000.0,0.0030611733333333335,123528.0,0.0123528,2
RX75_seed1007_600s,RX75,1007,280,290,benign,impairment,RX75,none,rx75,0,1,1.0,15.0,15.0,0.0,0.0,15.0,15.0,14,14,14,1.0,1.0,173.57142857142858,163.0,305.8,311.0,95.94607001669404,139.66666666666666,19.223002094465098,175.2,616.2,4.8,-69.66666666666667,0.0,148.0,-77.0,0.0,61.0,40.0,43.0,0.6557377049180327,15,0,25.0,15.0,15.0,0.6,516640.0,149483360.0,150000000.0,0.003444266666666667,120360.0,0.012036,2
RX75_seed1007_600s,RX75,1007,290,300,benign,impairment,RX75,none,rx75,0,1,1.0,15.0,14.0,0.0,0.0,15.0,15.0,15,15,15,1.0,1.0,145.73333333333332,150.0,266.8,271.0,82.82034486652131,135.13333333333333,18.61208005058875,163.69999999999996,610.4666666666667,4.8,-69.66666666666667,0.0,161.0,-77.0,0.0,50.0,40.0,40.0,0.8,15,0,30.0,15.0,15.0,0.5,453048.0,149546952.0,150000000.0,0.00302032,138424.0,0.0138424,2
RX75_seed1007_600s,RX75,1007,300,310,benign,impairment,RX75,none,rx75,0,1,1.0,15.0,15.0,0.0,0.0,14.0,14.0,13,13,13,1.0,1.0,191.07692307692307,150.0,368.59999999999985,422.0,120.65823741630845,133.53333333333333,16.348292469449728,154.59999999999997,608.1333333333333,4.8,-69.66666666666667,0.0,156.0,-77.0,0.0,51.0,39.0,39.0,0.7647058823529411,15,0,23.0,14.0,14.0,0.6086956521739131,431112.0,149568888.0,150000000.0,0.00287408,111088.0,0.0111088,2
RX75_seed1007_600s,RX75,1007,310,320,benign,impairment,RX75,none,rx75,0,1,1.0,15.0,16.0,0.0,0.0,16.0,16.0,17,17,17,1.0,1.0,184.1764705882353,135.0,484.19999999999993,537.0,147.43779844993855,131.86666666666667,13.324878271578353,155.3,606.4,4.8,-69.66666666666667,0.0,154.0,-77.0,0.0,60.0,45.0,44.0,0.75,15,0,28.0,16.0,16.0,0.5714285714285714,528944.0,149471056.0,150000000.0,0.0035262933333333334,136608.0,0.0136608,2
RX75_seed1007_600s,RX75,1007,320,330,benign,impairment,RX75,none,rx75,0,1,1.0,14.0,14.0,0.0,0.0,14.0,14.0,15,15,15,1.0,1.0,158.86666666666667,169.0,274.09999999999997,286.0,82.1504427139333,135.2,18.509457042279763,165.1,610.6,4.8,-69.66666666666667,0.0,152.0,-77.0,0.0,58.0,38.0,40.0,0.6551724137931034,15,0,25.0,14.0,14.0,0.56,516544.0,149483456.0,150000000.0,0.0034436266666666667,127496.0,0.0127496,2
RX75_seed1007_600s,RX75,1007,330,340,benign,impairment,RX75,none,rx75,0,1,1.0,15.0,15.0,0.0,0.0,15.0,15.0,15,15,15,1.0,1.0,210.0,225.0,376.6999999999999,453.0,113.58697108383514,139.4,17.112234553925777,163.9,615.8666666666667,4.8,-69.66666666666667,0.0,182.0,-77.0,0.0,63.0,40.0,40.0,0.6349206349206349,15,0,28.0,14.0,15.0,0.5,523264.0,149476736.0,150000000.0,0.0034884266666666665,132944.0,0.0132944,2
RX75_seed1007_600s,RX75,1007,340,350,benign,impairment,RX75,none,rx75,0,1,1.0,15.0,15.0,0.0,0.0,15.0,15.0,14,14,14,1.0,1.0,161.85714285714286,131.5,351.55,360.0,105.90406191298959,141.46666666666667,18.504310952032878,171.0,618.5333333333333,4.8,-69.66666666666667,0.0,159.0,-77.0,0.0,65.0,42.0,42.0,0.6461538461538462,15,0,23.0,15.0,15.0,0.6521739130434783,503696.0,149496304.0,150000000.0,0.0033579733333333334,112648.0,0.0112648,2
RX75_seed1007_600s,RX75,1007,350,360,benign,impairment,RX75,none,rx75,0,1,1.0,15.0,15.0,0.0,0.0,15.0,15.0,16,16,16,1.0,1.0,166.3125,172.5,279.25,343.0,86.6123307233637,141.53333333333333,17.402243971341605,164.79999999999998,618.5333333333333,4.8,-69.66666666666667,0.0,143.0,-77.0,0.0,61.0,42.0,42.0,0.6885245901639344,15,0,20.0,15.0,15.0,0.75,537112.0,149462888.0,150000000.0,0.003580746666666667,106784.0,0.0106784,2
RX75_seed1007_600s,RX75,1007,360,370,benign,impairment,RX75,none,rx75,0,1,1.0,16.0,15.0,0.0,0.0,15.0,15.0,13,13,13,1.0,1.0,175.07692307692307,141.0,402.19999999999993,422.0,117.44109270783484,145.8,19.060804959767193,179.1,624.0666666666667,4.8,-69.66666666666667,0.0,141.0,-77.0,0.0,71.0,42.0,40.0,0.5915492957746479,15,0,23.0,14.0,15.0,0.6086956521739131,537432.0,149462568.0,150000000.0,0.00358288,124528.0,0.01245092738052197,2
RX75_seed1007_600s,RX75,1007,370,380,benign,impairment,RX75,none,rx75,0,1,1.0,13.0,13.0,0.0,0.0,14.0,14.0,15,15,15,1.0,1.0,153.06666666666666,158.0,308.3,316.0,92.8650839095287,141.66666666666666,18.156725108528427,171.6,618.6666666666666,4.8,-69.66666666666667,0.0,150.0,-77.0,0.0,52.0,39.0,39.0,0.75,15,0,28.0,15.0,14.0,0.5357142857142857,443464.0,149556536.0,150000000.0,0.0029564266666666666,126912.0,0.012693109043600158,2
RX75_seed1007_600s,RX75,1007,380,390,benign,impairment,RX75,none,rx75,0,1,1.0,15.0,16.0,0.0,0.0,15.0,15.0,16,16,16,1.0,1.0,194.125,182.5,368.75,380.0,112.229452462355,139.13333333333333,18.259505026410867,170.1,615.6,4.8,-69.66666666666667,0.0,140.0,-77.0,0.0,58.0,41.0,43.0,0.7068965517241379,15,0,20.0,15.0,15.0,0.75,561800.0,149438200.0,150000000.0,0.003745333333333333,97288.0,0.0097288,2
RX75_seed1007_600s,RX75,1007,390,400,benign,impairment,RX75,none,rx75,0,1,1.0,16.0,16.0,0.0,0.0,15.0,15.0,15,15,15,1.0,1.0,153.6,124.0,279.6,281.0,83.08670170370226,138.0,16.626141206803563,164.99999999999997,614.0666666666667,4.8,-69.66666666666667,0.0,130.0,-77.0,0.0,59.0,42.0,42.0,0.711864406779661,15,0,17.0,15.0,15.0,0.8823529411764706,517888.0,149482112.0,150000000.0,0.003452586666666667,86424.0,0.0086424,2
RX75_seed1007_600s,RX75,1007,400,410,benign,impairment,RX75,none,rx75,0,1,1.0,15.0,15.0,0.0,0.0,16.0,16.0,15,15,15,1.0,1.0,171.26666666666668,143.0,360.89999999999986,447.0,124.34023981839202,142.4,24.965118522793816,186.6,619.6666666666666,4.8,-69.66666666666667,0.0,133.0,-77.0,0.0,67.0,41.0,41.0,0.6119402985074627,15,0,23.0,16.0,16.0,0.6956521739130435,507960.0,149492040.0,150000000.0,0.0033864,116312.0,0.0116312,2
RX75_seed1007_600s,RX75,1007,410,420,benign,impairment,RX75,none,rx75,0,1,1.0,16.0,16.0,0.0,0.0,15.0,15.0,15,15,15,1.0,1.0,185.53333333333333,175.0,353.9999999999998,522.0,115.91737615749459,149.0,31.986604339048824,214.79999999999998,641.0666666666667,4.8,-69.66666666666667,0.0,128.0,-77.0,0.0,76.0,42.0,43.0,0.5526315789473685,15,0,18.0,15.0,16.0,0.8333333333333334,559688.0,149440312.0,150000000.0,0.0037312533333333335,98720.0,0.009872,2
RX75_seed1007_600s,RX75,1007,420,430,benign,impairment,RX75,none,rx75,0,1,1.0,15.0,15.0,0.0,0.0,15.0,15.0,15,15,15,1.0,1.0,174.8,143.0,365.59999999999985,472.0,110.31267250087686,144.8,27.759682995308143,197.09999999999997,661.1333333333333,4.8,-69.66666666666667,0.0,140.0,-77.0,0.0,63.0,43.0,46.0,0.6825396825396826,15,0,25.0,15.0,16.0,0.6,549248.0,149450752.0,150000000.0,0.0036616533333333335,127864.0,0.0127864,2
RX75_seed1007_600s,RX75,1007,430,440,benign,impairment,RX75,none,rx75,0,1,1.0,15.0,15.0,0.0,0.0,16.0,16.0,17,17,17,1.0,1.0,143.8235294117647,119.0,276.79999999999995,328.0,90.06611133919742,141.86666666666667,22.570102432410977,184.39999999999998,652.4,4.8,-69.66666666666667,0.0,132.0,-77.0,0.0,59.0,41.0,42.0,0.6949152542372882,15,0,19.0,16.0,16.0,0.8421052631578947,470872.0,149529128.0,150000000.0,0.0031391466666666665,96920.0,0.009692,2
RX75_seed1007_600s,RX75,1007,440,450,benign,impairment,RX75,none,rx75,0,1,1.0,15.0,15.0,0.0,0.0,15.0,15.0,15,15,15,1.0,1.0,183.26666666666668,199.0,375.5999999999999,419.0,122.31135134020334,145.73333333333332,27.942457880096235,207.79999999999998,654.2666666666667,4.8,-69.66666666666667,0.0,144.0,-77.0,0.0,68.0,41.0,43.0,0.6029411764705882,15,0,29.0,15.0,15.0,0.5172413793103449,537360.0,149462640.0,150000000.0,0.0035824,145176.0,0.0145176,2
RX75_seed1007_600s,RX75,1007,450,460,benign,impairment,RX75,none,rx75,0,1,1.0,15.0,14.0,0.0,0.0,15.0,15.0,15,15,15,1.0,1.0,193.33333333333334,195.0,391.5999999999999,456.0,125.81202910161916,147.4,25.087845662790578,183.6,656.4,4.8,-69.66666666666667,0.0,170.0,-77.0,0.0,67.0,41.0,40.0,0.6119402985074627,15,0,31.0,14.0,15.0,0.45161290322580644,548136.0,149451864.0,150000000.0,0.00365424,144984.0,0.0144984,2
RX75_seed1007_600s,RX75,1007,460,470,benign,impairment,RX75,none,rx75,0,1,1.0,14.0,15.0,0.0,0.0,14.0,14.0,14,14,14,1.0,1.0,181.71428571428572,171.0,319.94999999999993,409.0,93.91520608541481,145.66666666666666,25.195426644721135,183.3,654.1333333333333,4.8,-69.66666666666667,0.0,164.0,-77.0,0.0,55.0,37.0,37.0,0.6727272727272727,15,0,27.0,14.0,14.0,0.5185185185185185,457144.0,149542856.0,150000000.0,0.0030476266666666666,122872.0,0.0122872,2
RX75_seed1007_600s,RX75,1007,470,480,benign,impairment,RX75,none,rx75,0,1,1.0,15.0,15.0,0.0,0.0,15.0,15.0,15,15,15,1.0,1.0,189.2,163.0,358.8999999999999,410.0,106.04931467415119,141.86666666666667,22.528923208897066,171.29999999999998,649.3333333333334,4.8,-69.66666666666667,0.0,153.0,-77.0,0.0,55.0,40.0,41.0,0.7272727272727273,15,0,23.0,15.0,15.0,0.6521739130434783,458144.0,149541856.0,150000000.0,0.003054293333333333,111608.0,0.0111608,2
RX75_seed1007_600s,RX75,1007,480,490,benign,impairment,RX75,none,rx75,0,1,1.0,15.0,15.0,0.0,0.0,15.0,15.0,15,15,15,1.0,1.0,173.8,125.0,385.79999999999995,397.0,130.69604868876925,143.33333333333334,20.937548862771695,176.89999999999998,656.4666666666667,4.8,-69.66666666666667,0.0,144.0,-77.0,0.0,63.0,41.0,46.0,0.6507936507936508,15,0,22.0,15.0,16.0,0.6818181818181818,476632.0,149523368.0,150000000.0,0.0031775466666666666,113248.0,0.0113248,2
RX75_seed1007_600s,RX75,1007,490,500,benign,impairment,RX75,none,rx75,0,1,1.0,15.0,14.0,0.0,0.0,15.0,15.0,14,14,14,1.0,1.0,191.0,213.5,309.7,311.0,93.11861748907639,143.0,23.21944997502863,187.29999999999998,656.1333333333333,4.8,-69.66666666666667,0.0,139.0,-77.0,0.0,60.0,41.0,39.0,0.6833333333333333,15,0,20.0,15.0,15.0,0.75,490216.0,149509784.0,150000000.0,0.0032681066666666665,102408.0,0.0102408,2
RX75_seed1007_600s,RX75,1007,500,510,benign,impairment,RX75,none,rx75,0,1,1.0,15.0,16.0,0.0,0.0,16.0,16.0,16,16,16,1.0,1.0,183.1875,129.0,369.0,378.0,125.79465741172528,145.8,27.64623456665095,194.1,659.6666666666666,4.8,-69.66666666666667,0.0,144.0,-77.0,0.0,73.0,46.0,47.0,0.6301369863013698,15,0,28.0,16.0,16.0,0.5714285714285714,575256.0,149424744.0,150000000.0,0.00383504,139232.0,0.0139232,2
RX75_seed1007_600s,RX75,1007,510,520,benign,impairment,RX75,none,rx75,0,1,1.0,15.0,14.0,0.0,0.0,15.0,15.0,12,12,12,1.0,1.0,186.0,192.5,353.54999999999995,397.0,116.15741670055107,145.73333333333332,25.984794088264845,185.39999999999998,659.7333333333333,4.8,-69.66666666666667,0.0,145.0,-77.0,0.0,60.0,39.0,37.0,0.65,15,0,25.0,15.0,15.0,0.6,453008.0,149546992.0,150000000.0,0.003020053333333333,122352.0,0.0122352,2
RX75_seed1007_600s,RX75,1007,520,530,benign,impairment,RX75,none,rx75,0,1,1.0,15.0,15.0,0.0,0.0,14.0,14.0,16,16,16,1.0,1.0,195.875,170.5,438.0,441.0,132.7523383347101,139.6,20.756410369535757,169.3,651.7333333333333,4.8,-69.66666666666667,0.0,131.0,-77.0,0.0,48.0,38.0,40.0,0.7916666666666666,15,0,16.0,14.0,14.0,0.875,461856.0,149538144.0,150000000.0,0.00307904,78872.0,0.0078872,2
RX75_seed1008_600s,RX75,1008,190,200,benign,impairment,RX75,none,rx75,0,1,1.0,15.0,15.0,0.0,0.0,15.0,15.0,15,15,15,1.0,1.0,188.13333333333333,184.0,367.0999999999999,435.0,113.75215330248648,150.46666666666667,27.115801051539425,192.2,646.8,4.8,-70.26666666666667,0.0,157.0,-77.0,0.0,63.0,41.0,41.0,0.6507936507936508,15,0,25.0,15.0,15.0,0.6,496696.0,149503304.0,150000000.0,0.0033113066666666667,117088.0,0.0117088,3
RX75_seed1008_600s,RX75,1008,200,210,benign,impairment,RX75,none,rx75,0,1,1.0,15.0,15.0,0.0,0.0,15.0,15.0,15,15,15,1.0,1.0,174.13333333333333,183.0,290.79999999999995,309.0,95.43349716400621,148.26666666666668,23.83714588220502,181.9,644.0666666666667,4.8,-70.26666666666667,0.0,155.0,-77.0,0.0,60.0,41.0,43.0,0.6833333333333333,15,0,24.0,15.0,15.0,0.625,502320.0,149497680.0,150000000.0,0.0033488,119368.0,0.0119368,3
RX75_seed1008_600s,RX75,1008,210,220,benign,impairment,RX75,none,rx75,0,1,1.0,15.0,15.0,0.0,0.0,15.0,15.0,15,15,15,1.0,1.0,165.53333333333333,120.0,341.79999999999995,367.0,113.90714681370127,152.06666666666666,35.55773306824243,211.59999999999994,649.0666666666667,4.8,-70.26666666666667,0.0,154.0,-77.0,0.0,69.0,41.0,41.0,0.5942028985507246,15,0,23.0,15.0,16.0,0.6521739130434783,538208.0,149461792.0,150000000.0,0.0035880533333333335,111080.0,0.011108,3
RX75_seed1008_600s,RX75,1008,220,230,benign,impairment,RX75,none,rx75,0,1,1.0,15.0,15.0,0.0,0.0,15.0,15.0,15,15,15,1.0,1.0,260.8666666666667,214.0,634.6999999999999,655.0,189.3129935419371,167.0,58.60156019375984,268.7999999999999,668.0666666666667,4.8,-70.26666666666667,0.0,163.0,-77.0,0.0,74.0,40.0,41.0,0.5405405405405406,15,0,30.0,15.0,16.0,0.5,626848.0,149373152.0,150000000.0,0.004178986666666666,143768.0,0.0143768,3
RX75_seed1008_600s,RX75,1008,230,240,benign,impairment,RX75,none,rx75,0,1,1.0,15.0,15.0,0.0,0.0,15.0,15.0,15,15,15,1.0,1.0,180.26666666666668,140.0,320.5,331.0,100.83329004328074,155.46666666666667,49.90543438296455,251.79999999999995,668.4,4.8,-70.26666666666667,0.0,155.0,-77.0,0.0,50.0,41.0,42.0,0.82,15,0,23.0,15.0,15.0,0.6521739130434783,487240.0,149512760.0,150000000.0,0.003248266666666667,110256.0,0.0110256,3
RX75_seed1008_600s,RX75,1008,240,250,benign,impairment,RX75,none,rx75,0,1,1.0,15.0,15.0,0.0,0.0,15.0,15.0,15,15,15,1.0,1.0,196.2,143.0,412.99999999999994,434.0,130.65450623686885,157.66666666666666,52.982027500797265,238.9999999999999,673.2,4.8,-70.26666666666667,0.0,142.0,-77.0,0.0,66.0,41.0,42.0,0.6212121212121212,15,0,19.0,15.0,15.0,0.7894736842105263,547088.0,149452912.0,150000000.0,0.003647253333333333,100336.0,0.0100336,3
RX75_seed1008_600s,RX75,1008,250,260,benign,impairment,RX75,none,rx75,0,1,1.0,15.0,15.0,0.0,0.0,16.0,16.0,15,15,15,1.0,1.0,170.6,148.0,312.79999999999995,352.0,94.14107954098921,163.33333333333334,43.27266815813198,252.2,681.4666666666667,4.8,-70.26666666666667,0.0,144.0,-77.0,0.0,77.0,42.0,43.0,0.5454545454545454,15,0,26.0,16.0,17.0,0.6153846153846154,555144.0,149444856.0,150000000.0,0.00370096,123760.0,0.012376,3
RX75_seed1008_600s,RX75,1008,260,270,benign,impairment,RX75,none,rx75,0,1,1.0,15.0,15.0,0.0,0.0,14.0,14.0,15,15,15,1.0,1.0,165.26666666666668,162.0,320.8,325.0,91.85350655618254,158.2,35.88314367499035,216.99999999999994,680.0,4.8,-70.26666666666667,0.0,142.0,-77.0,0.0,60.0,40.0,44.0,0.6666666666666666,15,0,22.0,14.0,14.0,0.6363636363636364,511704.0,149488296.0,150000000.0,0.00341136,106192.0,0.0106192,3
RX75_seed1008_600s,RX75,1008,270,280,benign,impairment,RX75,none,rx75,0,1,1.0,15.0,15.0,0.0,0.0,15.0,15.0,15,15,15,1.0,1.0,177.93333333333334,153.0,351.59999999999997,374.0,111.13085380157334,151.6,30.738063885491737,198.79999999999998,675.0,4.8,-70.26666666666667,0.0,143.0,-77.0,0.0,55.0,41.0,43.0,0.7454545454545455,15,0,24.0,15.0,15.0,0.625,495936.0,149504064.0,150000000.0,0.00330624,114032.0,0.0114032,3
RX75_seed1008_600s,RX75,1008,280,290,benign,impairment,RX75,none,rx75,0,1,1.0,16.0,16.0,0.0,0.0,17.0,17.0,14,14,14,1.0,1.0,190.57142857142858,205.0,322.7,324.0,109.03331479994422,152.0,33.846291208512476,201.99999999999997,676.4,4.8,-70.26666666666667,0.0,139.0,-77.0,0.0,68.0,44.0,44.0,0.6470588235294118,15,0,22.0,16.0,17.0,0.7272727272727273,536848.0,149463152.0,150000000.0,0.0035789866666666665,112248.0,0.0112248,3
RX75_seed1008_600s,RX75,1008,290,300,benign,impairment,RX75,none,rx75,0,1,1.0,14.0,14.0,0.0,0.0,13.0,13.0,16,16,16,1.0,1.0,178.9375,158.0,332.0,356.0,90.82691873374692,151.6,29.892187225809643,202.49999999999997,669.0,4.8,-70.26666666666667,0.0,150.0,-77.0,0.0,58.0,38.0,40.0,0.6551724137931034,15,0,27.0,14.0,13.0,0.5185185185185185,455472.0,149544528.0,150000000.0,0.00303648,127064.0,0.0127064,3
RX75_seed1008_600s,RX75,1008,300,310,benign,impairment,RX75,none,rx75,0,1,1.0,15.0,14.0,0.0,0.0,16.0,16.0,14,14,14,1.0,1.0,186.21428571428572,187.5,375.0,388.0,106.16545763855773,153.8,28.069301991423195,191.89999999999998,671.6666666666666,4.8,-70.26666666666667,0.0,159.0,-77.0,0.0,68.0,42.0,40.0,0.6176470588235294,15,0,30.0,16.0,16.0,0.5333333333333333,545120.0,149454880.0,150000000.0,0.0036341333333333335,147304.0,0.0147304,3
RX75_seed1008_600s,RX75,1008,310,320,benign,impairment,RX75,none,rx75,0,1,1.0,14.0,15.0,0.0,0.0,13.0,13.0,15,15,15,1.0,1.0,157.2,148.0,310.4,323.0,93.2953834411359,151.0,28.861739379323623,195.29999999999998,668.2666666666667,4.8,-70.26666666666667,0.0,157.0,-77.0,0.0,55.0,37.0,39.0,0.6727272727272727,15,0,22.0,13.0,13.0,0.5909090909090909,445448.0,149554552.0,150000000.0,0.002969653333333333,108560.0,0.010856,3
RX75_seed1008_600s,RX75,1008,320,330,benign,impairment,RX75,none,rx75,0,1,1.0,15.0,15.0,0.0,0.0,15.0,15.0,15,15,15,1.0,1.0,171.33333333333334,142.0,310.3,311.0,94.86582002767808,154.33333333333334,44.15826514880743,220.19999999999993,672.6,4.8,-70.26666666666667,0.0,142.0,-77.0,0.0,69.0,41.0,41.0,0.5942028985507246,15,0,18.0,15.0,15.0,0.8333333333333334,508312.0,149491688.0,150000000.0,0.0033887466666666665,106048.0,0.0106048,3
RX75_seed1008_600s,RX75,1008,330,340,benign,impairment,RX75,none,rx75,0,1,1.0,15.0,15.0,0.0,0.0,15.0,15.0,15,15,15,1.0,1.0,207.66666666666666,182.0,374.7,395.0,107.62014327297302,150.46666666666667,36.753749403810424,207.29999999999995,667.5333333333333,4.8,-70.26666666666667,0.0,143.0,-77.0,0.0,58.0,41.0,41.0,0.7068965517241379,15,0,24.0,15.0,15.0,0.625,494464.0,149505536.0,150000000.0,0.0032964266666666666,119736.0,0.0119736,3
RX75_seed1008_600s,RX75,1008,340,350,benign,impairment,RX75,none,rx75,0,1,1.0,15.0,15.0,0.0,0.0,15.0,15.0,15,15,15,1.0,1.0,185.06666666666666,159.0,364.4,391.0,114.94189008032754,149.6,32.98224630659002,204.79999999999998,666.4,4.8,-70.26666666666667,0.0,146.0,-77.0,0.0,64.0,41.0,41.0,0.640625,15,0,24.0,15.0,15.0,0.625,497120.0,149502880.0,150000000.0,0.0033141333333333335,115600.0,0.01156,3
RX75_seed1008_600s,RX75,1008,350,360,benign,impairment,RX75,none,rx75,0,1,1.0,15.0,15.0,0.0,0.0,15.0,15.0,15,15,15,1.0,1.0,175.06666666666666,179.0,342.3,343.0,112.58930846644533,143.26666666666668,30.086700114993068,190.79999999999995,658.1333333333333,4.8,-70.26666666666667,0.0,143.0,-77.0,0.0,54.0,41.0,41.0,0.7592592592592593,15,0,22.0,15.0,15.0,0.6818181818181818,454248.0,149545752.0,150000000.0,0.00302832,112904.0,0.0112904,3
RX75_seed1008_600s,RX75,1008,360,370,benign,impairment,RX75,none,rx75,0,1,1.0,15.0,15.0,0.0,0.0,16.0,16.0,15,15,15,1.0,1.0,151.26666666666668,147.0,268.99999999999994,311.0,82.07702538005441,145.26666666666668,30.325535366059,196.89999999999998,661.0,4.8,-70.26666666666667,0.0,140.0,-77.0,0.0,70.0,43.0,42.0,0.6142857142857143,15,0,25.0,16.0,16.0,0.64,531552.0,149468448.0,150000000.0,0.00354368,126096.0,0.0126096,3
RX75_seed1008_600s,RX75,1008,370,380,benign,impairment,RX75,none,rx75,0,1,1.0,15.0,15.0,0.0,0.0,14.0,14.0,15,15,15,1.0,1.0,185.73333333333332,200.0,332.79999999999995,351.0,109.43456405324513,142.73333333333332,29.409587034227624,199.0,657.7333333333333,4.8,-70.26666666666667,0.0,134.0,-77.0,0.0,54.0,39.0,40.0,0.7222222222222222,15,0,19.0,14.0,14.0,0.7368421052631579,458008.0,149541992.0,150000000.0,0.0030533866666666667,97336.0,0.0097336,3
RX75_seed1008_600s,RX75,1008,380,390,benign,impairment,RX75,none,rx75,0,1,1.0,14.0,14.0,0.0,0.0,14.0,14.0,14,14,14,1.0,1.0,184.21428571428572,197.0,341.4,396.0,115.46706394960798,136.73333333333332,21.495736011280627,169.59999999999997,650.0,4.8,-70.26666666666667,0.0,142.0,-77.0,0.0,46.0,39.0,39.0,0.8478260869565217,15,0,24.0,14.0,14.0,0.5833333333333334,423760.0,149576240.0,150000000.0,0.0028250666666666665,114112.0,0.0114112,3
RX75_seed1008_600s,RX75,1008,390,400,benign,impairment,RX75,none,rx75,0,1,1.0,15.0,15.0,0.0,0.0,15.0,15.0,15,15,15,1.0,1.0,156.8,160.0,294.7,315.0,96.32400679848344,138.93333333333334,29.848346847418696,178.19999999999993,652.8,4.8,-70.26666666666667,0.0,126.0,-77.0,0.0,60.0,41.0,41.0,0.6833333333333333,15,0,16.0,15.0,15.0,0.9375,454104.0,149545896.0,150000000.0,0.00302736,82928.0,0.0082928,3
RX75_seed1008_600s,RX75,1008,400,410,benign,impairment,RX75,none,rx75,0,1,1.0,16.0,15.0,0.0,0.0,17.0,17.0,15,15,15,1.0,1.0,174.86666666666667,120.0,391.69999999999976,538.0,141.51722089386791,146.26666666666668,36.29928505133532,217.09999999999994,662.2,4.8,-70.26666666666667,0.0,159.0,-77.0,0.0,70.0,42.0,42.0,0.6,15,0,26.0,15.0,17.0,0.5769230769230769,653296.0,149346704.0,150000000.0,0.004355306666666667,135664.0,0.0135664,3
RX75_seed1008_600s,RX75,1008,410,420,benign,impairment,RX75,none,rx75,0,1,1.0,15.0,15.0,0.0,0.0,14.0,14.0,15,15,15,1.0,1.0,156.2,133.0,308.2999999999999,379.0,92.18475238036153,139.86666666666667,26.583740107352053,189.79999999999998,649.6666666666666,4.8,-70.26666666666667,0.0,151.0,-77.0,0.0,52.0,41.0,41.0,0.7884615384615384,15,0,22.0,15.0,15.0,0.6818181818181818,426544.0,149573456.0,150000000.0,0.0028436266666666665,102064.0,0.0102064,3
RX75_seed1008_600s,RX75,1008,420,430,benign,impairment,RX75,none,rx75,0,1,1.0,15.0,16.0,0.0,0.0,15.0,15.0,14,14,14,1.0,1.0,178.85714285714286,171.0,322.1,326.0,100.41135175088301,139.46666666666667,24.642781228316473,183.39999999999998,649.2666666666667,4.8,-70.26666666666667,0.0,156.0,-77.0,0.0,61.0,43.0,43.0,0.7049180327868853,15,0,27.0,15.0,15.0,0.5555555555555556,493648.0,149506352.0,150000000.0,0.003290986666666667,133000.0,0.0133,3
RX75_seed1008_600s,RX75,1008,430,440,benign,impairment,RX75,none,rx75,0,1,1.0,13.0,13.0,0.0,0.0,13.0,13.0,15,15,15,1.0,1.0,186.8,185.0,321.19999999999993,366.0,104.39088630171285,137.46666666666667,29.088207396190803,195.2,646.8,4.8,-70.26666666666667,0.0,149.0,-77.0,0.0,49.0,36.0,37.0,0.7346938775510204,15,0,18.0,13.0,13.0,0.7222222222222222,399200.0,149605488.0,150004688.0,0.002661250160394987,87408.0,0.0087408,3
RX75_seed1008_600s,RX75,1008,440,450,benign,impairment,RX75,none,rx75,0,1,1.0,15.0,15.0,0.0,0.0,15.0,15.0,15,15,15,1.0,1.0,174.6,183.0,333.59999999999997,370.0,105.9816695741027,134.06666666666666,25.935267402479102,172.49999999999994,642.2,4.8,-70.26666666666667,0.0,152.0,-77.0,0.0,53.0,41.0,41.0,0.7735849056603774,15,0,25.0,15.0,15.0,0.6,455312.0,149540000.0,149995312.0,0.0030355082030830405,116536.0,0.0116536,3
RX75_seed1008_600s,RX75,1008,450,460,benign,impairment,RX75,none,rx75,0,1,1.0,15.0,15.0,0.0,0.0,15.0,15.0,15,15,15,1.0,1.0,208.33333333333334,182.0,413.19999999999993,444.0,128.40764700563517,133.53333333333333,25.97764606807351,172.69999999999996,641.6,4.8,-70.26666666666667,0.0,154.0,-77.0,0.0,56.0,41.0,41.0,0.7321428571428571,15,0,27.0,15.0,15.0,0.5555555555555556,516048.0,149483952.0,150000000.0,0.00344032,125208.0,0.0125208,3
RX75_seed1008_600s,RX75,1008,460,470,benign,impairment,RX75,none,rx75,0,1,1.0,15.0,15.0,0.0,0.0,15.0,15.0,15,15,15,1.0,1.0,174.26666666666668,126.0,359.0999999999999,399.0,110.82190775336454,134.06666666666666,26.751412957787764,176.09999999999997,642.2,4.8,-70.26666666666667,0.0,145.0,-77.0,0.0,61.0,41.0,41.0,0.6721311475409836,15,0,20.0,15.0,15.0,0.75,481584.0,149518416.0,150000000.0,0.00321056,104232.0,0.0104232,3
RX75_seed1008_600s,RX75,1008,470,480,benign,impairment,RX75,none,rx75,0,1,1.0,15.0,15.0,0.0,0.0,15.0,15.0,15,15,15,1.0,1.0,194.93333333333334,181.0,342.9,352.0,103.62464314373617,139.33333333333334,31.05448361156489,197.39999999999998,649.0,4.8,-70.26666666666667,0.0,148.0,-77.0,0.0,69.0,41.0,41.0,0.5942028985507246,15,0,26.0,15.0,15.0,0.5769230769230769,509040.0,149490960.0,150000000.0,0.0033936,127800.0,0.01278,3
RX75_seed1008_600s,RX75,1008,480,490,benign,impairment,RX75,none,rx75,0,1,1.0,15.0,15.0,0.0,0.0,15.0,15.0,15,15,15,1.0,1.0,162.06666666666666,155.0,319.6999999999999,396.0,110.80772708142867,132.0,21.567170819160708,163.99999999999997,639.6,4.8,-70.26666666666667,0.0,133.0,-77.0,0.0,49.0,41.0,43.0,0.8367346938775511,15,0,17.0,15.0,15.0,0.8823529411764706,442912.0,149557088.0,150000000.0,0.0029527466666666668,92984.0,0.0092984,3
RX75_seed1008_600s,RX75,1008,490,500,benign,impairment,RX75,none,rx75,0,1,1.0,15.0,15.0,0.0,0.0,15.0,15.0,15,15,15,1.0,1.0,170.33333333333334,161.0,330.5999999999999,388.0,89.98862361961305,133.66666666666666,22.25394561056747,171.39999999999998,636.3333333333334,4.8,-70.26666666666667,0.0,137.0,-77.0,0.0,60.0,41.0,44.0,0.6833333333333333,15,0,24.0,15.0,15.0,0.625,484960.0,149515040.0,150000000.0,0.0032330666666666665,116768.0,0.0116768,3
RX75_seed1008_600s,RX75,1008,500,510,benign,impairment,RX75,none,rx75,0,1,1.0,15.0,15.0,0.0,0.0,15.0,15.0,15,15,15,1.0,1.0,185.73333333333332,153.0,390.2,400.0,118.98767443171023,135.53333333333333,22.05145497845135,174.7,635.1333333333333,4.8,-70.26666666666667,0.0,142.0,-77.0,0.0,62.0,41.0,43.0,0.6612903225806451,15,0,25.0,15.0,16.0,0.6,541792.0,149458208.0,150000000.0,0.0036119466666666667,126152.0,0.0126152,3
RX75_seed1008_600s,RX75,1008,510,520,benign,impairment,RX75,none,rx75,0,1,1.0,15.0,14.0,0.0,0.0,15.0,15.0,14,14,14,1.0,1.0,190.07142857142858,208.0,403.8499999999999,541.0,136.86684392880903,139.06666666666666,20.359156124339684,171.39999999999998,635.8666666666667,4.8,-70.26666666666667,0.0,132.0,-77.0,0.0,62.0,39.0,38.0,0.6290322580645161,15,0,19.0,15.0,17.0,0.7894736842105263,493520.0,149506480.0,150000000.0,0.0032901333333333334,95248.0,0.0095248,3
RX75_seed1008_600s,RX75,1008,520,530,benign,impairment,RX75,none,rx75,0,1,1.0,15.0,16.0,0.0,0.0,15.0,15.0,15,15,15,1.0,1.0,146.53333333333333,119.0,245.89999999999998,255.0,81.93278313581781,137.4,32.01071249262837,179.89999999999992,628.3333333333334,4.8,-70.26666666666667,0.0,149.0,-77.0,0.0,59.0,42.0,45.0,0.711864406779661,15,0,30.0,15.0,15.0,0.5,581416.0,149418584.0,150000000.0,0.0038761066666666666,137096.0,0.0137096,3
RX75_seed1009_600s,RX75,1009,190,200,benign,impairment,RX75,none,rx75,0,1,1.0,14.0,14.0,0.0,0.0,15.0,15.0,14,14,14,1.0,1.0,201.21428571428572,171.0,450.84999999999997,497.0,126.681416627228,133.73333333333332,18.820454930992604,158.79999999999998,632.0666666666667,4.8,-66.2,0.0,179.0,-77.0,0.0,51.0,41.0,41.0,0.803921568627451,15,0,21.0,15.0,15.0,0.7142857142857143,460688.0,149539312.0,150000000.0,0.0030712533333333335,105184.0,0.0105184,4
RX75_seed1009_600s,RX75,1009,200,210,benign,impairment,RX75,none,rx75,0,1,1.0,16.0,16.0,0.0,0.0,15.0,15.0,16,16,16,1.0,1.0,164.3125,137.0,324.25,379.0,94.96014514872367,137.33333333333334,24.835650259446073,175.29999999999995,636.6,4.8,-66.2,0.0,181.0,-77.0,0.0,65.0,43.0,43.0,0.6615384615384615,15,0,23.0,15.0,15.0,0.6521739130434783,493552.0,149506448.0,150000000.0,0.0032903466666666667,112192.0,0.0112192,4
RX75_seed1009_600s,RX75,1009,210,220,benign,impairment,RX75,none,rx75,0,1,1.0,15.0,15.0,0.0,0.0,15.0,15.0,15,15,15,1.0,1.0,180.93333333333334,126.0,430.29999999999995,452.0,123.57904738417817,139.73333333333332,27.780945851085637,188.49999999999997,642.4,4.8,-66.2,0.0,181.0,-77.0,0.0,63.0,42.0,46.0,0.6666666666666666,15,0,24.0,15.0,16.0,0.625,539552.0,149460448.0,150000000.0,0.003597013333333333,124592.0,0.0124592,4
RX75_seed1009_600s,RX75,1009,220,230,benign,impairment,RX75,none,rx75,0,1,1.0,15.0,15.0,0.0,0.0,15.0,15.0,15,15,15,1.0,1.0,171.6,172.0,300.5,311.0,96.27549755037067,140.06666666666666,26.206505917060984,181.69999999999996,640.0,4.8,-66.2,0.0,180.0,-77.0,0.0,62.0,42.0,45.0,0.6774193548387096,15,0,22.0,15.0,15.0,0.6818181818181818,498408.0,149501592.0,150000000.0,0.00332272,108136.0,0.0108136,4
RX75_seed1009_600s,RX75,1009,230,240,benign,impairment,RX75,none,rx75,0,1,1.0,15.0,15.0,0.0,0.0,15.0,15.0,15,15,15,1.0,1.0,168.2,196.0,256.79999999999995,268.0,77.74702566658097,138.93333333333334,25.149458007981764,181.89999999999998,634.2666666666667,4.8,-66.2,0.0,184.0,-77.0,0.0,57.0,42.0,45.0,0.7368421052631579,15,0,27.0,15.0,15.0,0.5555555555555556,471960.0,149528040.0,150000000.0,0.0031464,124248.0,0.0124248,4
RX75_seed1009_600s,RX75,1009,240,250,benign,impairment,RX75,none,rx75,0,1,1.0,15.0,15.0,0.0,0.0,15.0,15.0,15,15,15,1.0,1.0,171.33333333333334,158.0,308.9,311.0,93.3079897564027,137.86666666666667,28.73739889478683,190.29999999999998,626.9333333333333,4.8,-66.2,0.0,180.0,-77.0,0.0,56.0,42.0,43.0,0.75,15,0,24.0,15.0,16.0,0.625,505456.0,149494544.0,150000000.0,0.003369706666666667,117248.0,0.0117248,4
RX75_seed1009_600s,RX75,1009,250,260,benign,impairment,RX75,none,rx75,0,1,1.0,15.0,15.0,0.0,0.0,15.0,15.0,15,15,15,1.0,1.0,180.33333333333334,188.0,362.0,369.0,105.77311747770499,140.73333333333332,23.971610192853028,177.3,630.7333333333333,4.8,-66.2,0.0,179.0,-77.0,0.0,68.0,42.0,42.0,0.6176470588235294,15,0,22.0,15.0,15.0,0.6818181818181818,598848.0,149401152.0,150000000.0,0.00399232,108808.0,0.0108808,4
RX75_seed1009_600s,RX75,1009,260,270,benign,impairment,RX75,none,rx75,0,1,1.0,15.0,15.0,0.0,0.0,16.0,16.0,15,15,15,1.0,1.0,190.33333333333334,186.0,326.1999999999998,448.0,100.23021120448284,137.06666666666666,20.29590622573453,163.6,625.9333333333333,4.8,-66.2,0.0,190.0,-77.0,0.0,55.0,42.0,42.0,0.7636363636363637,15,0,29.0,16.0,17.0,0.5517241379310345,492704.0,149507296.0,150000000.0,0.003284693333333333,133240.0,0.013324,4
RX75_seed1009_600s,RX75,1009,270,280,benign,impairment,RX75,none,rx75,0,1,1.0,15.0,15.0,0.0,0.0,14.0,14.0,15,15,15,1.0,1.0,173.06666666666666,126.0,380.7,394.0,111.44086623257496,135.93333333333334,16.585133905599516,158.6,624.5333333333333,4.8,-66.2,0.0,181.0,-77.0,0.0,58.0,42.0,42.0,0.7241379310344828,15,0,19.0,14.0,14.0,0.7368421052631579,480400.0,149519600.0,150000000.0,0.0032026666666666666,95792.0,0.0095792,4
RX75_seed1009_600s,RX75,1009,280,290,benign,impairment,RX75,none,rx75,0,1,1.0,15.0,15.0,0.0,0.0,16.0,16.0,15,15,15,1.0,1.0,156.06666666666666,125.0,293.3,301.0,84.26528404531783,134.4,18.383999254009684,158.6,622.6666666666666,4.8,-66.2,0.0,175.0,-77.0,0.0,56.0,42.0,42.0,0.75,15,0,22.0,16.0,16.0,0.7272727272727273,464472.0,149535528.0,150000000.0,0.00309648,105680.0,0.010568,4
RX75_seed1009_600s,RX75,1009,290,300,benign,impairment,RX75,none,rx75,0,1,1.0,16.0,16.0,0.0,0.0,15.0,15.0,15,15,15,1.0,1.0,158.33333333333334,166.0,299.0999999999999,339.0,90.87013234490722,130.8,18.985708911103185,160.39999999999998,615.3333333333334,4.8,-66.2,0.0,185.0,-77.0,0.0,52.0,42.0,43.0,0.8076923076923077,15,0,28.0,15.0,15.0,0.5357142857142857,460656.0,149539344.0,150000000.0,0.00307104,131440.0,0.013144,4
RX75_seed1009_600s,RX75,1009,300,310,benign,impairment,RX75,none,rx75,0,1,1.0,15.0,15.0,0.0,0.0,15.0,15.0,16,16,16,1.0,1.0,184.8125,169.0,350.0,383.0,111.48824676470012,130.86666666666667,17.695304731024258,155.5,598.9333333333333,4.8,-66.2,0.0,171.0,-77.0,0.0,59.0,43.0,45.0,0.7288135593220338,15,0,17.0,15.0,15.0,0.8823529411764706,523824.0,149476176.0,150000000.0,0.00349216,88320.0,0.008832,4
RX75_seed1009_600s,RX75,1009,310,320,benign,impairment,RX75,none,rx75,0,1,1.0,15.0,15.0,0.0,0.0,15.0,15.0,15,15,15,1.0,1.0,147.66666666666666,128.0,272.4,292.0,88.80610232142728,128.66666666666666,15.05545305418162,150.6,596.1333333333333,4.8,-66.2,0.0,172.0,-77.0,0.0,56.0,42.0,42.0,0.75,15,0,20.0,15.0,15.0,0.75,435096.0,149564904.0,150000000.0,0.00290064,103304.0,0.0103304,4
RX75_seed1009_600s,RX75,1009,320,330,benign,impairment,RX75,none,rx75,0,1,1.0,15.0,15.0,0.0,0.0,15.0,15.0,15,15,15,1.0,1.0,168.33333333333334,149.0,304.7,311.0,99.10071836748904,127.06666666666666,13.317371398004221,145.49999999999997,594.0,4.8,-66.2,0.0,192.0,-77.0,0.0,52.0,42.0,42.0,0.8076923076923077,15,0,30.0,15.0,15.0,0.5,484392.0,149515608.0,150000000.0,0.00322928,135768.0,0.0135768,4
RX75_seed1009_600s,RX75,1009,330,340,benign,impairment,RX75,none,rx75,0,1,1.0,14.0,14.0,0.0,0.0,15.0,15.0,14,14,14,1.0,1.0,166.5,155.0,285.79999999999995,356.0,83.67036972089205,125.4,15.272758194155463,147.7,591.8666666666667,4.8,-66.2,0.0,196.0,-77.0,0.0,48.0,41.0,41.0,0.8541666666666666,15,0,25.0,15.0,15.0,0.6,468200.0,149531800.0,150000000.0,0.003121333333333333,115176.0,0.0115176,4
RX75_seed1009_600s,RX75,1009,340,350,benign,impairment,RX75,none,rx75,0,1,1.0,16.0,16.0,0.0,0.0,15.0,15.0,16,16,16,1.0,1.0,168.5,154.0,336.5,359.0,102.79948119194636,129.73333333333332,14.184834289110459,151.5,597.6,4.8,-66.2,0.0,195.0,-77.0,0.0,61.0,43.0,43.0,0.7049180327868853,15,0,24.0,15.0,15.0,0.625,480720.0,149519280.0,150000000.0,0.0032048,113160.0,0.011316,4
RX75_seed1009_600s,RX75,1009,350,360,benign,impairment,RX75,none,rx75,0,1,1.0,15.0,15.0,0.0,0.0,15.0,15.0,15,15,15,1.0,1.0,204.6,182.0,439.29999999999995,468.0,148.5606177385418,128.46666666666667,13.90717526349344,147.1,596.0,4.8,-66.2,0.0,188.0,-77.0,0.0,53.0,42.0,42.0,0.7924528301886793,15,0,22.0,15.0,15.0,0.6818181818181818,466232.0,149533768.0,150000000.0,0.0031082133333333335,107624.0,0.0107624,4
RX75_seed1009_600s,RX75,1009,360,370,benign,impairment,RX75,none,rx75,0,1,1.0,15.0,15.0,0.0,0.0,15.0,15.0,15,15,15,1.0,1.0,188.4,207.0,323.79999999999995,342.0,99.08423544785373,132.6,28.8414384424316,173.5999999999999,601.0666666666667,4.8,-66.2,0.0,196.0,-77.0,0.0,64.0,42.0,42.0,0.65625,15,0,30.0,15.0,15.0,0.5,493136.0,149506864.0,150000000.0,0.0032875733333333334,142096.0,0.0142096,4
RX75_seed1009_600s,RX75,1009,370,380,benign,impairment,RX75,none,rx75,0,1,1.0,15.0,15.0,0.0,0.0,15.0,15.0,15,15,15,1.0,1.0,220.8,232.0,353.4,373.0,112.47806135293355,127.8,20.03283019731076,162.2,595.1333333333333,4.8,-66.2,0.0,184.0,-77.0,0.0,54.0,42.0,42.0,0.7777777777777778,15,0,21.0,15.0,15.0,0.7142857142857143,474432.0,149525568.0,150000000.0,0.00316288,106648.0,0.0106648,4
RX75_seed1009_600s,RX75,1009,380,390,benign,impairment,RX75,none,rx75,0,1,1.0,14.0,14.0,0.0,0.0,15.0,15.0,14,14,14,1.0,1.0,165.14285714285714,145.5,305.7,320.0,85.04284634397953,125.33333333333333,16.829678999853066,152.2,591.9333333333333,4.8,-66.2,0.0,178.0,-77.0,0.0,50.0,41.0,41.0,0.82,15,0,20.0,15.0,15.0,0.75,452248.0,149547752.0,150000000.0,0.0030149866666666666,100256.0,0.0100256,4
RX75_seed1009_600s,RX75,1009,390,400,benign,impairment,RX75,none,rx75,0,1,1.0,15.0,15.0,0.0,0.0,15.0,15.0,14,14,14,1.0,1.0,175.35714285714286,185.5,295.2,316.0,93.35507661434556,128.0,17.415100180180254,153.29999999999998,595.3333333333334,4.8,-66.2,0.0,181.0,-77.0,0.0,62.0,42.0,42.0,0.6774193548387096,15,0,23.0,15.0,15.0,0.6521739130434783,480960.0,149519040.0,150000000.0,0.0032064,114328.0,0.0114328,4
RX75_seed1009_600s,RX75,1009,400,410,benign,impairment,RX75,none,rx75,0,1,1.0,17.0,16.0,0.0,0.0,17.0,17.0,17,17,17,1.0,1.0,182.1764705882353,183.0,414.4,468.0,119.13450134937698,133.33333333333334,18.946038661218363,165.79999999999998,602.1333333333333,4.8,-66.2,0.0,180.0,-77.0,0.0,74.0,47.0,45.0,0.6351351351351351,15,0,26.0,17.0,17.0,0.6538461538461539,618712.0,149381288.0,150000000.0,0.004124746666666667,129232.0,0.0129232,4
RX75_seed1009_600s,RX75,1009,410,420,benign,impairment,RX75,none,rx75,0,1,1.0,16.0,14.0,0.0,0.0,13.0,13.0,14,14,14,1.0,1.0,184.21428571428572,178.0,396.34999999999997,475.0,141.75503169548873,132.26666666666668,17.69772651527658,160.7,600.6666666666666,4.8,-66.2,0.0,175.0,-77.0,0.0,54.0,39.0,39.0,0.7222222222222222,15,0,17.0,13.0,13.0,0.7647058823529411,469792.0,149530208.0,150000000.0,0.003131946666666667,89680.0,0.008968,4
RX75_seed1009_600s,RX75,1009,420,430,benign,impairment,RX75,none,rx75,0,1,1.0,14.0,17.0,0.0,0.0,16.0,16.0,16,16,16,1.0,1.0,161.5625,149.5,275.25,294.0,80.34838206211748,132.33333333333334,12.163567772342986,151.6,600.8,4.8,-66.2,0.0,167.0,-77.0,0.0,64.0,45.0,45.0,0.703125,15,0,18.0,16.0,16.0,0.8888888888888888,511952.0,149488048.0,150000000.0,0.0034130133333333335,98384.0,0.0098384,4
RX75_seed1009_600s,RX75,1009,430,440,benign,impairment,RX75,none,rx75,0,1,1.0,14.0,14.0,0.0,0.0,14.0,14.0,15,15,15,1.0,1.0,187.66666666666666,190.0,342.59999999999997,351.0,102.56821191401406,131.46666666666667,15.422000364352716,163.0,599.6666666666666,4.8,-66.2,0.0,178.0,-77.0,0.0,58.0,41.0,43.0,0.7068965517241379,15,0,26.0,14.0,14.0,0.5384615384615384,509376.0,149490624.0,150000000.0,0.00339584,130360.0,0.013036,4
RX75_seed1009_600s,RX75,1009,440,450,benign,impairment,RX75,none,rx75,0,1,1.0,15.0,15.0,0.0,0.0,15.0,15.0,15,15,15,1.0,1.0,171.26666666666668,144.0,343.2,367.0,97.08057527249258,132.73333333333332,20.617144968852177,169.39999999999998,601.2666666666667,4.8,-66.2,0.0,179.0,-77.0,0.0,61.0,42.0,42.0,0.6885245901639344,15,0,22.0,15.0,15.0,0.6818181818181818,470072.0,149529928.0,150000000.0,0.003133813333333333,107160.0,0.010716,4
RX75_seed1009_600s,RX75,1009,450,460,benign,impairment,RX75,none,rx75,0,1,1.0,15.0,15.0,0.0,0.0,15.0,15.0,15,15,15,1.0,1.0,174.8,166.0,326.5999999999999,405.0,94.86848038958236,130.26666666666668,22.845651873470572,172.49999999999997,598.1333333333333,4.8,-66.2,0.0,177.0,-77.0,0.0,57.0,42.0,42.0,0.7368421052631579,15,0,21.0,15.0,15.0,0.7142857142857143,471032.0,149528968.0,150000000.0,0.0031402133333333334,110704.0,0.0110704,4
RX75_seed1009_600s,RX75,1009,460,470,benign,impairment,RX75,none,rx75,0,1,1.0,15.0,14.0,0.0,0.0,15.0,15.0,14,14,14,1.0,1.0,153.57142857142858,126.0,267.5,274.0,82.71983697137844,127.53333333333333,15.647303129871782,153.2,594.5333333333333,4.8,-66.2,0.0,179.0,-77.0,0.0,54.0,41.0,42.0,0.7592592592592593,15,0,24.0,15.0,15.0,0.625,505904.0,149494096.0,150000000.0,0.0033726933333333335,116776.0,0.0116776,4
RX75_seed1009_600s,RX75,1009,470,480,benign,impairment,RX75,none,rx75,0,1,1.0,15.0,16.0,0.0,0.0,15.0,15.0,15,15,15,1.0,1.0,184.8,188.0,328.1999999999999,422.0,99.36311474298986,128.4,12.448752088921545,145.89999999999998,593.3333333333334,4.8,-66.2,0.0,179.0,-77.0,0.0,59.0,43.0,44.0,0.7288135593220338,15,0,22.0,15.0,15.0,0.6818181818181818,514872.0,149485128.0,150000000.0,0.00343248,109792.0,0.0109792,4
RX75_seed1009_600s,RX75,1009,480,490,benign,impairment,RX75,none,rx75,0,1,1.0,14.0,14.0,0.0,0.0,15.0,15.0,15,15,15,1.0,1.0,209.06666666666666,165.0,442.1999999999997,627.0,156.70603355449,130.33333333333334,13.67305309550069,148.6,597.4666666666667,4.8,-66.2,0.0,179.0,-77.0,0.0,61.0,41.0,46.0,0.6721311475409836,15,0,24.0,15.0,16.0,0.625,548496.0,149451504.0,150000000.0,0.00365664,121672.0,0.0121672,4
RX75_seed1009_600s,RX75,1009,490,500,benign,impairment,RX75,none,rx75,0,1,1.0,15.0,15.0,0.0,0.0,14.0,14.0,15,15,15,1.0,1.0,161.13333333333333,158.0,290.9,300.0,90.73577548233635,124.8,11.027239001672179,139.6,590.6666666666666,4.8,-66.2,0.0,167.0,-77.0,0.0,48.0,40.0,43.0,0.8333333333333334,15,0,15.0,14.0,14.0,0.9333333333333333,427352.0,149572648.0,150000000.0,0.0028490133333333332,77784.0,0.0077784,4
RX75_seed1009_600s,RX75,1009,500,510,benign,impairment,RX75,none,rx75,0,1,1.0,15.0,15.0,0.0,0.0,15.0,15.0,15,15,15,1.0,1.0,185.26666666666668,133.0,375.19999999999993,420.0,114.21124955016263,123.73333333333333,10.885551804811646,140.79999999999998,589.2666666666667,4.8,-66.2,0.0,169.0,-77.0,0.0,54.0,42.0,42.0,0.7777777777777778,15,0,19.0,15.0,15.0,0.7894736842105263,473416.0,149526584.0,150000000.0,0.003156106666666667,95744.0,0.0095744,4
RX75_seed1009_600s,RX75,1009,510,520,benign,impairment,RX75,none,rx75,0,1,1.0,15.0,15.0,0.0,0.0,15.0,15.0,14,14,14,1.0,1.0,167.07142857142858,183.5,303.5,310.0,86.83801390716314,125.2,11.552365249469169,138.79999999999998,591.1333333333333,4.8,-66.2,0.0,167.0,-77.0,0.0,59.0,43.0,42.0,0.7288135593220338,15,0,19.0,15.0,15.0,0.7894736842105263,491368.0,149508632.0,150000000.0,0.0032757866666666665,95008.0,0.0095008,4
RX75_seed1009_600s,RX75,1009,520,530,benign,impairment,RX75,none,rx75,0,1,1.0,16.0,16.0,0.0,0.0,16.0,16.0,17,17,17,1.0,1.0,173.0,132.0,352.4,406.0,108.85081533916042,123.6,15.089258241733232,149.1,589.1333333333333,4.8,-66.2,0.0,169.0,-77.0,0.0,54.0,43.0,43.0,0.7962962962962963,15,0,23.0,16.0,16.0,0.6956521739130435,502096.0,149497904.0,150000000.0,0.0033473066666666667,110024.0,0.0110024,4
RX75_seed1010_600s,RX75,1010,190,200,benign,impairment,RX75,none,rx75,0,1,1.0,15.0,15.0,0.0,0.0,14.0,14.0,13,13,13,1.0,1.0,185.46153846153845,190.0,331.59999999999997,340.0,89.44049733818882,140.2,34.199415199678484,186.8999999999999,598.2666666666667,4.8,-71.06666666666666,0.0,148.0,-77.0,0.0,52.0,41.0,41.0,0.7884615384615384,15,0,17.0,13.0,14.0,0.7647058823529411,452312.0,149547688.0,150000000.0,0.0030154133333333334,81760.0,0.008176,5
RX75_seed1010_600s,RX75,1010,200,210,benign,impairment,RX75,none,rx75,0,1,1.0,15.0,15.0,0.0,0.0,14.0,14.0,15,15,15,1.0,1.0,160.4,162.0,302.1999999999999,382.0,100.4467165075238,140.53333333333333,35.29036021082136,208.99999999999994,598.4666666666667,4.8,-71.06666666666666,0.0,154.0,-77.0,0.0,57.0,43.0,42.0,0.7543859649122807,15,0,23.0,15.0,14.0,0.6521739130434783,522928.0,149477072.0,150000000.0,0.003486186666666667,108696.0,0.0108696,5
RX75_seed1010_600s,RX75,1010,210,220,benign,impairment,RX75,none,rx75,0,1,1.0,17.0,17.0,0.0,0.0,17.0,17.0,17,17,17,1.0,1.0,169.35294117647058,174.0,287.6,290.0,91.91092234908115,142.93333333333334,34.88443506098113,204.09999999999997,601.6,4.8,-71.06666666666666,0.0,153.0,-77.0,0.0,64.0,44.0,45.0,0.6875,15,0,27.0,17.0,17.0,0.6296296296296297,545400.0,149454600.0,150000000.0,0.003636,131416.0,0.0131416,5
RX75_seed1010_600s,RX75,1010,220,230,benign,impairment,RX75,none,rx75,0,1,1.0,14.0,14.0,0.0,0.0,14.0,14.0,14,14,14,1.0,1.0,158.78571428571428,166.5,270.34999999999997,336.0,85.00604374118038,141.06666666666666,35.48735522622644,207.9,600.7333333333333,4.8,-71.06666666666666,0.0,144.0,-77.0,0.0,51.0,40.0,41.0,0.7843137254901961,15,0,17.0,14.0,15.0,0.8235294117647058,444728.0,149555272.0,150000000.0,0.0029648533333333335,84496.0,0.0084496,5
RX75_seed1010_600s,RX75,1010,230,240,benign,impairment,RX75,none,rx75,0,1,1.0,16.0,16.0,0.0,0.0,16.0,16.0,16,16,16,1.0,1.0,173.0625,172.0,308.0,368.0,107.19917210501207,143.6,32.39444396806341,199.2,606.2666666666667,4.8,-71.06666666666666,0.0,139.0,-77.0,0.0,64.0,42.0,44.0,0.65625,15,0,20.0,16.0,16.0,0.8,562104.0,149437896.0,150000000.0,0.00374736,101032.0,0.0101032,5
RX75_seed1010_600s,RX75,1010,240,250,benign,impairment,RX75,none,rx75,0,1,1.0,16.0,16.0,0.0,0.0,15.0,15.0,14,14,14,1.0,1.0,149.42857142857142,148.5,342.5,349.0,103.88211831443613,139.33333333333334,27.48939189335891,185.2,600.9333333333333,4.8,-71.06666666666666,0.0,134.0,-77.0,0.0,54.0,42.0,46.0,0.7777777777777778,15,0,16.0,14.0,16.0,0.875,455536.0,149544464.0,150000000.0,0.0030369066666666666,89328.0,0.00893145670891098,5
RX75_seed1010_600s,RX75,1010,250,260,benign,impairment,RX75,none,rx75,0,1,1.0,14.0,14.0,0.0,0.0,17.0,17.0,18,18,18,1.0,1.0,152.55555555555554,118.0,359.79999999999984,455.0,108.80323428487625,136.53333333333333,21.63947011057957,175.5,597.4,4.8,-71.06666666666666,0.0,134.0,-77.0,0.0,47.0,37.0,37.0,0.7872340425531915,15,0,23.0,18.0,17.0,0.782608695652174,434456.0,149565544.0,150000000.0,0.0028963733333333334,112784.0,0.011280096526517588,5
RX75_seed1010_600s,RX75,1010,260,270,benign,impairment,RX75,none,rx75,0,1,1.0,15.0,15.0,0.0,0.0,14.0,14.0,13,13,13,1.0,1.0,154.07692307692307,169.0,291.1999999999999,341.0,91.44165857571113,142.0,21.837058933316612,172.99999999999994,604.1333333333333,4.8,-71.06666666666666,0.0,135.0,-77.0,0.0,74.0,43.0,42.0,0.581081081081081,15,0,17.0,13.0,14.0,0.7647058823529411,584864.0,149415136.0,150000000.0,0.0038990933333333333,93736.0,0.0093736,5
RX75_seed1010_600s,RX75,1010,270,280,benign,impairment,RX75,none,rx75,0,1,1.0,15.0,15.0,0.0,0.0,14.0,14.0,15,15,15,1.0,1.0,165.46666666666667,168.0,313.9,344.0,88.41773146883627,137.6,20.992515673108695,174.89999999999998,595.0666666666667,4.8,-71.06666666666666,0.0,139.0,-77.0,0.0,50.0,39.0,42.0,0.78,15,0,21.0,15.0,14.0,0.7142857142857143,460192.0,149539808.0,150000000.0,0.0030679466666666665,98024.0,0.0098024,5
RX75_seed1010_600s,RX75,1010,280,290,benign,impairment,RX75,none,rx75,0,1,1.0,15.0,15.0,0.0,0.0,16.0,16.0,16,16,16,1.0,1.0,170.25,174.0,284.75,317.0,88.33760995936743,134.93333333333334,18.021680065436527,164.2,591.0,4.8,-71.06666666666666,0.0,136.0,-77.0,0.0,51.0,41.0,42.0,0.803921568627451,15,0,20.0,16.0,16.0,0.8,461624.0,149538376.0,150000000.0,0.0030774933333333333,96648.0,0.0096648,5
RX75_seed1010_600s,RX75,1010,290,300,benign,impairment,RX75,none,rx75,0,1,1.0,15.0,15.0,0.0,0.0,16.0,16.0,16,16,16,1.0,1.0,157.0625,145.0,311.5,349.0,98.62688527982621,131.93333333333334,18.690970572776067,164.6,587.2666666666667,4.8,-71.06666666666666,0.0,139.0,-77.0,0.0,50.0,41.0,41.0,0.82,15,0,22.0,16.0,16.0,0.7272727272727273,443344.0,149556656.0,150000000.0,0.0029556266666666666,106648.0,0.0106648,5
RX75_seed1010_600s,RX75,1010,300,310,benign,impairment,RX75,none,rx75,0,1,1.0,15.0,15.0,0.0,0.0,14.0,14.0,14,14,14,1.0,1.0,165.5,162.0,302.95,314.0,86.87015066709091,135.06666666666666,20.651761137860326,167.7,591.3333333333334,4.8,-71.06666666666666,0.0,138.0,-77.0,0.0,59.0,41.0,41.0,0.6949152542372882,15,0,18.0,14.0,14.0,0.7777777777777778,478928.0,149521072.0,150000000.0,0.0031928533333333334,88512.0,0.0088512,5
RX75_seed1010_600s,RX75,1010,310,320,benign,impairment,RX75,none,rx75,0,1,1.0,15.0,15.0,0.0,0.0,15.0,15.0,15,15,15,1.0,1.0,172.53333333333333,173.0,302.6,304.0,86.39764106127193,138.06666666666666,25.115352921688203,183.39999999999998,595.0,4.8,-71.06666666666666,0.0,146.0,-77.0,0.0,59.0,41.0,41.0,0.6949152542372882,15,0,24.0,15.0,15.0,0.625,488288.0,149511712.0,150000000.0,0.003255253333333333,118960.0,0.011896,5
RX75_seed1010_600s,RX75,1010,320,330,benign,impairment,RX75,none,rx75,0,1,1.0,15.0,14.0,0.0,0.0,15.0,15.0,15,15,15,1.0,1.0,166.13333333333333,142.0,305.19999999999993,357.0,97.2411337615831,138.2,27.560841786854045,183.79999999999995,595.2666666666667,4.8,-71.06666666666666,0.0,136.0,-77.0,0.0,54.0,41.0,40.0,0.7592592592592593,15,0,18.0,15.0,15.0,0.8333333333333334,480536.0,149519464.0,150000000.0,0.0032035733333333335,87488.0,0.0087488,5
RX75_seed1010_600s,RX75,1010,330,340,benign,impairment,RX75,none,rx75,0,1,1.0,15.0,16.0,0.0,0.0,16.0,16.0,16,16,16,1.0,1.0,164.0,148.0,322.25,380.0,101.42583497314678,136.13333333333333,28.732427341809824,196.6,592.6666666666666,4.8,-71.06666666666666,0.0,146.0,-77.0,0.0,49.0,40.0,41.0,0.8163265306122449,15,0,29.0,16.0,16.0,0.5517241379310345,427256.0,149572744.0,150000000.0,0.002848373333333333,131120.0,0.013112,5
RX75_seed1010_600s,RX75,1010,340,350,benign,impairment,RX75,none,rx75,0,1,1.0,16.0,15.0,0.0,0.0,15.0,15.0,16,16,16,1.0,1.0,177.1875,176.5,316.0,415.0,99.85871268947942,137.8,22.405994095968413,187.0,594.8666666666667,4.8,-71.06666666666666,0.0,151.0,-77.0,0.0,62.0,45.0,44.0,0.7258064516129032,15,0,26.0,15.0,15.0,0.5769230769230769,539048.0,149460952.0,150000000.0,0.003593653333333333,123584.0,0.0123584,5
RX75_seed1010_600s,RX75,1010,350,360,benign,impairment,RX75,none,rx75,0,1,1.0,15.0,15.0,0.0,0.0,14.0,14.0,13,13,13,1.0,1.0,171.53846153846155,143.0,329.8,331.0,103.47351946642789,143.0,22.40535650240808,187.29999999999998,601.5333333333333,4.8,-71.06666666666666,0.0,135.0,-77.0,0.0,67.0,43.0,43.0,0.6417910447761194,15,0,15.0,14.0,14.0,0.9333333333333333,509624.0,149490376.0,150000000.0,0.0033974933333333333,78872.0,0.0078872,5
RX75_seed1010_600s,RX75,1010,360,370,benign,impairment,RX75,none,rx75,0,1,1.0,15.0,16.0,0.0,0.0,16.0,16.0,16,16,16,1.0,1.0,187.0625,140.5,372.75,390.0,121.80556569111829,139.13333333333333,21.033533317289415,178.39999999999998,596.6,4.8,-71.06666666666666,0.0,138.0,-77.0,0.0,51.0,40.0,41.0,0.7843137254901961,15,0,23.0,16.0,16.0,0.6956521739130435,463792.0,149536208.0,150000000.0,0.0030919466666666667,111624.0,0.0111624,5
RX75_seed1010_600s,RX75,1010,370,380,benign,impairment,RX75,none,rx75,0,1,1.0,15.0,15.0,0.0,0.0,15.0,15.0,15,15,15,1.0,1.0,166.06666666666666,147.0,359.69999999999993,394.0,101.05406379519732,141.66666666666666,17.53228314798025,170.39999999999998,599.8,4.8,-71.06666666666666,0.0,130.0,-77.0,0.0,60.0,41.0,41.0,0.6833333333333333,15,0,16.0,15.0,15.0,0.9375,484048.0,149515952.0,150000000.0,0.0032269866666666666,81288.0,0.0081288,5
RX75_seed1010_600s,RX75,1010,380,390,benign,impairment,RX75,none,rx75,0,1,1.0,13.0,13.0,0.0,0.0,14.0,14.0,14,14,14,1.0,1.0,176.35714285714286,201.5,310.6,321.0,106.94182972558,140.4,18.05467885539448,168.9,598.1333333333333,4.8,-71.06666666666666,0.0,141.0,-77.0,0.0,51.0,38.0,38.0,0.7450980392156863,15,0,22.0,14.0,14.0,0.6363636363636364,485944.0,149514056.0,150000000.0,0.0032396266666666665,105664.0,0.0105664,5
RX75_seed1010_600s,RX75,1010,390,400,benign,impairment,RX75,none,rx75,0,1,1.0,15.0,15.0,0.0,0.0,15.0,15.0,15,15,15,1.0,1.0,164.33333333333334,167.0,370.7999999999999,445.0,117.97073890628658,144.86666666666667,19.577197620360955,175.39999999999998,604.0,4.8,-71.06666666666666,0.0,133.0,-77.0,0.0,64.0,41.0,39.0,0.640625,15,0,17.0,15.0,15.0,0.8823529411764706,510376.0,149489624.0,150000000.0,0.0034025066666666668,90624.0,0.0090624,5
RX75_seed1010_600s,RX75,1010,400,410,benign,impairment,RX75,none,rx75,0,1,1.0,17.0,17.0,0.0,0.0,16.0,16.0,16,16,16,1.0,1.0,197.4375,188.0,346.0,358.0,103.18331179669187,142.6,18.867205107578297,166.3,601.0,4.8,-71.06666666666666,0.0,160.0,-77.0,0.0,61.0,44.0,46.0,0.7213114754098361,15,0,35.0,16.0,16.0,0.45714285714285713,558496.0,149441504.0,150000000.0,0.0037233066666666668,159152.0,0.0159152,5
RX75_seed1010_600s,RX75,1010,410,420,benign,impairment,RX75,none,rx75,0,1,1.0,16.0,16.0,0.0,0.0,17.0,17.0,16,16,16,1.0,1.0,179.0625,157.0,407.25,498.0,136.63404590364732,138.4,18.776124657203816,168.3,595.4,4.8,-71.06666666666666,0.0,155.0,-77.0,0.0,52.0,42.0,42.0,0.8076923076923077,15,0,27.0,17.0,17.0,0.6296296296296297,484984.0,149515016.0,150000000.0,0.003233226666666667,128688.0,0.0128688,5
RX75_seed1010_600s,RX75,1010,420,430,benign,impairment,RX75,none,rx75,0,1,1.0,15.0,14.0,0.0,0.0,14.0,14.0,15,15,15,1.0,1.0,156.73333333333332,160.0,286.3,294.0,93.43023880847959,141.46666666666667,26.199418386855918,190.29999999999998,599.5333333333333,4.8,-71.06666666666666,0.0,149.0,-77.0,0.0,59.0,41.0,40.0,0.6949152542372882,15,0,21.0,14.0,14.0,0.6666666666666666,465864.0,149534136.0,150000000.0,0.00310576,105904.0,0.0105904,5
RX75_seed1010_600s,RX75,1010,430,440,benign,impairment,RX75,none,rx75,0,1,1.0,15.0,15.0,0.0,0.0,15.0,15.0,14,14,14,1.0,1.0,154.64285714285714,137.5,290.09999999999997,333.0,89.19262399898422,143.2,28.61867522141043,184.79999999999995,596.7333333333333,4.8,-71.06666666666666,0.0,149.0,-77.0,0.0,59.0,41.0,43.0,0.6949152542372882,15,0,21.0,15.0,15.0,0.7142857142857143,497096.0,149502904.0,150000000.0,0.003313973333333333,100552.0,0.0100552,5
RX75_seed1010_600s,RX75,1010,440,450,benign,impairment,RX75,none,rx75,0,1,1.0,15.0,16.0,0.0,0.0,15.0,15.0,16,16,16,1.0,1.0,170.625,152.0,315.75,363.0,97.94411671968867,142.33333333333334,21.18175315375634,172.59999999999997,595.3333333333334,4.8,-71.06666666666666,0.0,141.0,-77.0,0.0,58.0,41.0,42.0,0.7068965517241379,15,0,17.0,15.0,15.0,0.8823529411764706,473016.0,149526984.0,150000000.0,0.00315344,90224.0,0.0090224,5
RX75_seed1010_600s,RX75,1010,450,460,benign,impairment,RX75,none,rx75,0,1,1.0,15.0,15.0,0.0,0.0,16.0,16.0,16,16,16,1.0,1.0,200.9375,223.5,320.75,389.0,96.90990231481337,145.66666666666666,26.95410561535681,189.99999999999997,599.7333333333333,4.8,-71.06666666666666,0.0,161.0,-77.0,0.0,67.0,41.0,41.0,0.6119402985074627,15,0,30.0,16.0,16.0,0.5333333333333333,528824.0,149471176.0,150000000.0,0.0035254933333333334,143384.0,0.0143384,5
RX75_seed1010_600s,RX75,1010,460,470,benign,impairment,RX75,none,rx75,0,1,1.0,15.0,14.0,0.0,0.0,15.0,15.0,15,14,15,0.9333333333333333,1.0,193.92857142857142,189.0,380.44999999999993,450.0,114.0947408521089,145.4,26.99153306396021,185.79999999999995,599.4666666666667,4.8,-71.06666666666666,0.0,156.0,-77.0,0.0,61.0,41.0,40.0,0.6721311475409836,15,0,20.0,15.0,15.0,0.75,507296.0,149492704.0,150000000.0,0.0033819733333333335,101984.0,0.0101984,5
RX75_seed1010_600s,RX75,1010,470,480,benign,impairment,RX75,none,rx75,0,1,1.0,15.0,15.0,1.0,0.0,15.0,15.0,15,15,15,1.0,1.0,167.86666666666667,167.0,345.4,372.0,104.00196884583252,143.53333333333333,25.17614138898364,179.69999999999996,597.0,4.8,-71.06666666666666,0.0,154.0,-77.0,0.0,55.0,41.0,41.0,0.7454545454545455,15,0,20.0,15.0,15.0,0.75,443232.0,149556768.0,150000000.0,0.00295488,97456.0,0.0097456,5
RX75_seed1010_600s,RX75,1010,480,490,benign,impairment,RX75,none,rx75,0,1,1.0,15.0,14.0,0.0,0.0,14.0,14.0,14,14,14,1.0,1.0,156.5,129.5,330.25,366.0,98.20915670923186,141.6,24.76979727698346,176.49999999999994,593.2,4.8,-71.06666666666666,0.0,146.0,-77.0,0.0,54.0,41.0,41.0,0.7592592592592593,15,0,16.0,14.0,15.0,0.875,508616.0,149491384.0,150000000.0,0.0033907733333333333,80480.0,0.008048,5
RX75_seed1010_600s,RX75,1010,490,500,benign,impairment,RX75,none,rx75,0,1,1.0,15.0,16.0,0.0,0.0,16.0,16.0,16,16,16,1.0,1.0,175.1875,179.0,320.75,338.0,94.32441801216339,143.0,25.601339250683186,183.5,595.0,4.8,-71.06666666666666,0.0,152.0,-77.0,0.0,59.0,41.0,42.0,0.6949152542372882,15,0,24.0,16.0,16.0,0.6666666666666666,462072.0,149537928.0,150000000.0,0.00308048,112768.0,0.0112768,5
RX75_seed1010_600s,RX75,1010,500,510,benign,impairment,RX75,none,rx75,0,1,1.0,15.0,14.0,0.0,0.0,13.0,13.0,13,13,13,1.0,1.0,156.46153846153845,140.0,257.59999999999997,266.0,88.61020951769176,141.0,21.850138933850545,174.79999999999998,589.7333333333333,4.8,-71.06666666666666,0.0,146.0,-77.0,0.0,50.0,39.0,45.0,0.78,15,0,16.0,13.0,15.0,0.8125,498456.0,149501544.0,150000000.0,0.00332304,82232.0,0.0082232,5
RX75_seed1010_600s,RX75,1010,510,520,benign,impairment,RX75,none,rx75,0,1,1.0,14.0,15.0,0.0,0.0,15.0,15.0,15,15,15,1.0,1.0,156.33333333333334,120.0,288.2,298.0,84.36711162419586,140.26666666666668,23.84313817632314,177.2,584.5333333333333,4.8,-71.06666666666666,0.0,147.0,-77.0,0.0,52.0,39.0,40.0,0.75,15,0,21.0,15.0,16.0,0.7142857142857143,428504.0,149571496.0,150000000.0,0.002856693333333333,101200.0,0.01012,5
RX75_seed1010_600s,RX75,1010,520,530,benign,impairment,RX75,none,rx75,0,1,1.0,15.0,14.0,0.0,0.0,14.0,14.0,14,14,14,1.0,1.0,178.28571428571428,176.5,377.05,405.0,119.45802518131539,141.13333333333333,25.55349198017665,178.19999999999996,585.3333333333334,4.8,-71.06666666666666,0.0,137.0,-77.0,0.0,58.0,42.0,44.0,0.7241379310344828,15,0,15.0,14.0,14.0,0.9333333333333333,480744.0,149519256.0,150000000.0,0.00320496,73984.0,0.0073984,5
RX90_seed1001_600s,RX90,1001,190,200,benign,impairment,RX90,none,rx90,0,1,1.0,16.0,16.0,0.0,0.0,15.0,15.0,16,16,16,1.0,1.0,158.8125,140.5,296.0,338.0,105.22307652474971,128.8,22.09136870880959,167.9,552.2,4.8,-71.06666666666666,0.0,121.0,-77.0,0.0,64.0,43.0,43.0,0.671875,15,0,19.0,15.0,15.0,0.7894736842105263,489848.0,149510152.0,150000000.0,0.0032656533333333335,92584.0,0.0092584,1
RX90_seed1001_600s,RX90,1001,200,210,benign,impairment,RX90,none,rx90,0,1,1.0,14.0,14.0,0.0,0.0,14.0,14.0,14,14,14,1.0,1.0,143.85714285714286,126.0,262.75,292.0,76.96938166755476,123.6,17.270122838507632,148.79999999999998,545.3333333333334,4.8,-71.06666666666666,0.0,114.0,-77.0,0.0,42.0,39.0,39.0,0.9285714285714286,15,0,15.0,14.0,14.0,0.9333333333333333,354968.0,149645032.0,150000000.0,0.0023664533333333333,77816.0,0.0077816,1
RX90_seed1001_600s,RX90,1001,210,220,benign,impairment,RX90,none,rx90,0,1,1.0,16.0,16.0,0.0,0.0,16.0,16.0,16,16,16,1.0,1.0,136.75,107.0,267.75,300.0,81.06006003780982,123.4,16.693882540790632,152.6,545.0666666666667,4.8,-71.06666666666666,0.0,115.0,-77.0,0.0,53.0,43.0,43.0,0.8113207547169812,15,0,19.0,16.0,16.0,0.8421052631578947,422224.0,149577776.0,150000000.0,0.0028148266666666666,95048.0,0.0095048,1
RX90_seed1001_600s,RX90,1001,220,230,benign,impairment,RX90,none,rx90,0,1,1.0,15.0,13.0,0.0,0.0,15.0,15.0,14,14,14,1.0,1.0,174.21428571428572,147.0,351.15,396.0,106.33848610156919,122.66666666666667,14.40072749485082,145.39999999999998,544.1333333333333,4.8,-71.06666666666666,0.0,112.0,-77.0,0.0,48.0,40.0,40.0,0.8333333333333334,15,0,16.0,15.0,15.0,0.9375,424208.0,149575792.0,150000000.0,0.0028280533333333332,84368.0,0.0084368,1
RX90_seed1001_600s,RX90,1001,230,240,benign,impairment,RX90,none,rx90,0,1,1.0,15.0,17.0,0.0,0.0,15.0,15.0,16,16,16,1.0,1.0,157.0,129.0,312.5,344.0,101.79783887686418,121.13333333333334,14.146512274190043,140.79999999999998,537.0,4.8,-71.06666666666666,0.0,120.0,-77.0,0.0,46.0,39.0,44.0,0.8478260869565217,15,0,21.0,15.0,15.0,0.7142857142857143,423176.0,149576824.0,150000000.0,0.0028211733333333333,104304.0,0.0104304,1
RX90_seed1001_600s,RX90,1001,240,250,benign,impairment,RX90,none,rx90,0,1,1.0,17.0,17.0,0.0,0.0,19.0,19.0,15,15,15,1.0,1.0,150.2,139.0,288.49999999999994,327.0,86.64311035176756,125.06666666666666,13.874265317314576,145.5,542.9333333333333,4.8,-71.06666666666666,0.0,122.0,-77.0,0.0,70.0,51.0,55.0,0.7285714285714285,15,0,24.0,18.0,20.0,0.75,626400.0,149379032.0,150005432.0,0.004175848778596231,125248.0,0.0125248,1
RX90_seed1001_600s,RX90,1001,250,260,benign,impairment,RX90,none,rx90,0,1,1.0,16.0,16.0,0.0,0.0,15.0,15.0,16,16,16,1.0,1.0,167.4375,165.0,288.75,342.0,85.7321166969143,123.33333333333333,17.528208557582126,154.0,550.1333333333333,4.8,-71.06666666666666,0.0,115.0,-77.0,0.0,52.0,43.0,47.0,0.8269230769230769,15,0,17.0,16.0,16.0,0.9411764705882353,446760.0,149547808.0,149994568.0,0.0029785078616980315,83272.0,0.0083272,1
RX90_seed1001_600s,RX90,1001,260,270,benign,impairment,RX90,none,rx90,0,1,1.0,13.0,14.0,0.0,0.0,14.0,14.0,16,16,16,1.0,1.0,155.8125,147.5,319.5,372.0,98.07766905196445,120.2,13.186573257890553,139.2,546.1333333333333,4.8,-71.06666666666666,0.0,112.0,-77.0,0.0,42.0,37.0,38.0,0.8809523809523809,15,0,16.0,14.0,14.0,0.875,359752.0,149640248.0,150000000.0,0.0023983466666666667,80728.0,0.0080728,1
RX90_seed1001_600s,RX90,1001,270,280,benign,impairment,RX90,none,rx90,0,1,1.0,15.0,15.0,0.0,0.0,14.0,14.0,15,15,15,1.0,1.0,170.33333333333334,163.0,301.4,335.0,94.59286190727883,117.2,10.462176774321051,132.6,544.3333333333334,4.8,-71.06666666666666,0.0,114.0,-77.0,0.0,43.0,39.0,40.0,0.9069767441860465,15,0,18.0,14.0,14.0,0.7777777777777778,432080.0,149570960.0,150003040.0,0.0028804749557075644,85176.0,0.0085176,1
RX90_seed1001_600s,RX90,1001,280,290,benign,impairment,RX90,none,rx90,0,1,1.0,15.0,15.0,0.0,0.0,15.0,15.0,14,14,14,1.0,1.0,155.92857142857142,107.0,331.9,354.0,114.51131236406586,116.86666666666666,12.466335620763775,136.29999999999998,545.2,4.8,-71.06666666666666,0.0,110.0,-77.0,0.0,48.0,40.0,41.0,0.8333333333333334,15,0,16.0,15.0,15.0,0.9375,418712.0,149578248.0,149996960.0,0.002791469907123451,80184.0,0.0080184,1
RX90_seed1001_600s,RX90,1001,290,300,benign,impairment,RX90,none,rx90,0,1,1.0,14.0,14.0,0.0,0.0,15.0,15.0,15,15,15,1.0,1.0,166.33333333333334,179.0,264.99999999999994,293.0,80.3995972508273,117.46666666666667,10.46672732769804,131.5,545.5333333333333,4.8,-71.06666666666666,0.0,116.0,-77.0,0.0,49.0,40.0,40.0,0.8163265306122449,15,0,21.0,15.0,15.0,0.7142857142857143,407448.0,149592552.0,150000000.0,0.00271632,103112.0,0.0103112,1
RX90_seed1001_600s,RX90,1001,300,310,benign,impairment,RX90,none,rx90,0,1,1.0,17.0,15.0,0.0,0.0,16.0,16.0,14,14,14,1.0,1.0,195.5,157.5,443.2,464.0,132.4820742591238,125.2,14.338758663147937,151.0,555.4,4.8,-71.06666666666666,0.0,125.0,-77.0,0.0,68.0,46.0,42.0,0.6764705882352942,15,0,24.0,16.0,16.0,0.6666666666666666,533672.0,149466328.0,150000000.0,0.0035578133333333335,115720.0,0.011572,1
RX90_seed1001_600s,RX90,1001,310,320,benign,impairment,RX90,none,rx90,0,1,1.0,15.0,17.0,0.0,0.0,16.0,16.0,17,17,17,1.0,1.0,165.05882352941177,169.0,321.79999999999995,385.0,101.76288038145054,121.06666666666666,12.819999257113121,140.1,550.2,4.8,-71.06666666666666,0.0,120.0,-77.0,0.0,51.0,44.0,49.0,0.8627450980392157,15,0,18.0,16.0,16.0,0.8888888888888888,486512.0,149513488.0,150000000.0,0.0032434133333333333,89616.0,0.0089616,1
RX90_seed1001_600s,RX90,1001,320,330,benign,impairment,RX90,none,rx90,0,1,1.0,15.0,15.0,0.0,0.0,15.0,15.0,16,16,16,1.0,1.0,151.5,128.5,284.0,389.0,93.98226783104708,120.6,16.465548448633154,147.89999999999998,549.4666666666667,4.8,-71.06666666666666,0.0,125.0,-77.0,0.0,49.0,41.0,40.0,0.8367346938775511,15,0,21.0,15.0,15.0,0.7142857142857143,423296.0,149576704.0,150000000.0,0.0028219733333333333,98568.0,0.0098568,1
RX90_seed1001_600s,RX90,1001,330,340,benign,impairment,RX90,none,rx90,0,1,1.0,15.0,15.0,0.0,0.0,15.0,15.0,14,14,14,1.0,1.0,160.71428571428572,153.0,293.05,295.0,85.66161385306775,129.66666666666666,17.40963061340585,152.2,561.2,4.8,-71.06666666666666,0.0,122.0,-77.0,0.0,66.0,41.0,41.0,0.6212121212121212,15,0,18.0,15.0,15.0,0.8333333333333334,513144.0,149486856.0,150000000.0,0.00342096,98664.0,0.0098664,1
RX90_seed1001_600s,RX90,1001,340,350,benign,impairment,RX90,none,rx90,0,1,1.0,15.0,15.0,0.0,0.0,14.0,14.0,15,15,15,1.0,1.0,171.86666666666667,160.0,308.59999999999997,324.0,94.02725035607395,126.2,14.133041326722893,146.2,556.8666666666667,4.8,-71.06666666666666,0.0,126.0,-77.0,0.0,47.0,38.0,39.0,0.8085106382978723,15,0,19.0,14.0,14.0,0.7368421052631579,405136.0,149594864.0,150000000.0,0.0027009066666666666,86768.0,0.0086768,1
RX90_seed1001_600s,RX90,1001,350,360,benign,impairment,RX90,none,rx90,0,1,1.0,15.0,14.0,0.0,0.0,15.0,15.0,14,14,14,1.0,1.0,144.0,106.5,310.15,316.0,103.34929570672905,125.53333333333333,12.637058126606764,143.49999999999997,555.9333333333333,4.8,-71.06666666666666,0.0,127.0,-77.0,0.0,51.0,41.0,40.0,0.803921568627451,15,0,19.0,15.0,15.0,0.7894736842105263,433896.0,149566104.0,150000000.0,0.00289264,93392.0,0.0093392,1
RX90_seed1001_600s,RX90,1001,360,370,benign,impairment,RX90,none,rx90,0,1,1.0,14.0,13.0,0.0,0.0,14.0,14.0,14,14,14,1.0,1.0,157.0,121.0,322.05,337.0,101.6070863670443,128.6,14.720248445108332,153.0,560.0,4.8,-71.06666666666666,0.0,126.0,-77.0,0.0,49.0,35.0,34.0,0.7142857142857143,15,0,17.0,14.0,14.0,0.8235294117647058,389680.0,149610320.0,150000000.0,0.0025978666666666666,83608.0,0.0083608,1
RX90_seed1001_600s,RX90,1001,370,380,benign,impairment,RX90,none,rx90,0,1,1.0,14.0,15.0,0.0,0.0,15.0,15.0,14,14,14,1.0,1.0,135.35714285714286,133.0,233.14999999999998,265.0,69.54313231906694,122.53333333333333,12.264156057777631,143.79999999999998,552.0666666666667,4.8,-71.06666666666666,0.0,120.0,-77.0,0.0,40.0,38.0,38.0,0.95,15,0,15.0,14.0,15.0,0.9333333333333333,344144.0,149655856.0,150000000.0,0.0022942933333333334,77776.0,0.0077776,1
RX90_seed1001_600s,RX90,1001,380,390,benign,impairment,RX90,none,rx90,0,1,1.0,14.0,15.0,0.0,0.0,14.0,14.0,14,14,14,1.0,1.0,159.14285714285714,141.0,310.5,343.0,95.0561430401546,119.93333333333334,13.503791354741118,143.79999999999998,548.8,4.8,-71.06666666666666,0.0,119.0,-77.0,0.0,49.0,43.0,45.0,0.8775510204081632,15,0,18.0,15.0,14.0,0.8333333333333334,450016.0,149549984.0,150000000.0,0.0030001066666666665,86896.0,0.0086896,1
RX90_seed1001_600s,RX90,1001,390,400,benign,impairment,RX90,none,rx90,0,1,1.0,16.0,16.0,0.0,0.0,15.0,15.0,18,18,18,1.0,1.0,167.72222222222223,139.0,339.6,343.0,95.16166155582488,119.86666666666666,12.794343988467642,138.0,548.6,4.8,-71.06666666666666,0.0,117.0,-77.0,0.0,52.0,42.0,42.0,0.8076923076923077,15,0,18.0,15.0,15.0,0.8333333333333334,409840.0,149590160.0,150000000.0,0.002732266666666667,90088.0,0.0090088,1
RX90_seed1001_600s,RX90,1001,400,410,benign,impairment,RX90,none,rx90,0,1,1.0,15.0,14.0,0.0,0.0,16.0,16.0,15,15,15,1.0,1.0,156.66666666666666,136.0,338.99999999999994,367.0,98.59199233396672,118.93333333333334,15.718354451616959,143.2,547.4,4.8,-71.06666666666666,0.0,115.0,-77.0,0.0,54.0,45.0,44.0,0.8333333333333334,15,0,19.0,16.0,16.0,0.8421052631578947,477440.0,149522560.0,150000000.0,0.0031829333333333334,93104.0,0.0093104,1
RX90_seed1001_600s,RX90,1001,410,420,benign,impairment,RX90,none,rx90,0,1,1.0,14.0,15.0,0.0,0.0,15.0,15.0,11,11,11,1.0,1.0,140.0909090909091,133.0,263.5,276.0,86.41811678745904,118.33333333333333,12.262991167776006,134.29999999999998,546.8,4.8,-71.06666666666666,0.0,110.0,-77.0,0.0,43.0,36.0,35.0,0.8372093023255814,15,0,15.0,15.0,15.0,1.0,370160.0,149629840.0,150000000.0,0.0024677333333333333,76136.0,0.0076136,1
RX90_seed1001_600s,RX90,1001,420,430,benign,impairment,RX90,none,rx90,0,1,1.0,14.0,14.0,0.0,0.0,13.0,13.0,17,17,17,1.0,1.0,182.7058823529412,170.0,381.2,406.0,115.37101277285943,122.8,15.616840726783193,143.89999999999998,551.6666666666666,4.8,-71.06666666666666,0.0,118.0,-77.0,0.0,55.0,38.0,41.0,0.6909090909090909,15,0,19.0,13.0,14.0,0.6842105263157895,463256.0,149536744.0,150000000.0,0.0030883733333333333,90280.0,0.009028,1
RX90_seed1001_600s,RX90,1001,430,440,benign,impairment,RX90,none,rx90,0,1,1.0,16.0,15.0,0.0,0.0,19.0,19.0,13,13,13,1.0,1.0,198.6153846153846,170.0,405.79999999999984,470.0,137.0970085143718,131.33333333333334,20.00952154302927,169.2,565.8666666666667,4.8,-71.06666666666666,0.0,133.0,-77.0,0.0,79.0,50.0,45.0,0.6329113924050633,15,0,30.0,18.0,19.0,0.6,604360.0,149395640.0,150000000.0,0.004029066666666667,148112.0,0.0148112,1
RX90_seed1001_600s,RX90,1001,440,450,benign,impairment,RX90,none,rx90,0,1,1.0,16.0,15.0,0.0,0.0,12.0,12.0,17,17,17,1.0,1.0,205.52941176470588,180.0,395.0,415.0,121.08422566908686,127.86666666666666,15.828846482052347,156.2,565.3333333333334,4.8,-71.06666666666666,0.0,135.0,-77.0,0.0,43.0,34.0,40.0,0.7906976744186046,15,0,20.0,13.0,12.0,0.65,399024.0,149600976.0,150000000.0,0.00266016,93664.0,0.0093664,1
RX90_seed1001_600s,RX90,1001,450,460,benign,impairment,RX90,none,rx90,0,1,1.0,14.0,14.0,0.0,0.0,14.0,14.0,15,15,15,1.0,1.0,198.73333333333332,187.0,430.0999999999998,568.0,140.41594672699426,125.53333333333333,15.819818793736756,152.49999999999997,560.3333333333334,4.8,-71.06666666666666,0.0,133.0,-77.0,0.0,54.0,43.0,45.0,0.7962962962962963,15,0,20.0,14.0,14.0,0.7,467792.0,149532208.0,150000000.0,0.0031186133333333333,96744.0,0.0096744,1
RX90_seed1001_600s,RX90,1001,460,470,benign,impairment,RX90,none,rx90,0,1,1.0,13.0,15.0,0.0,0.0,15.0,15.0,12,12,12,1.0,1.0,138.33333333333334,120.5,268.45,280.0,85.49251251992595,147.26666666666668,62.32342676561939,294.9,586.7333333333333,4.8,-71.26666666666667,1.0,126.0,-77.0,0.0,49.0,31.0,34.0,0.6326530612244898,14,1,17.0,14.0,16.0,0.8235294117647058,448328.0,149551672.0,150000000.0,0.0029888533333333332,84968.0,0.0084968,1
RX90_seed1001_600s,RX90,1001,470,480,benign,impairment,RX90,none,rx90,0,1,1.0,15.0,14.0,0.0,0.0,13.0,13.0,16,16,16,1.0,1.0,190.6875,190.0,344.25,384.0,103.22707574404431,147.06666666666666,54.87058367086095,253.89999999999995,665.8666666666667,4.8,-70.53333333333333,1.0,127.0,-77.0,0.0,57.0,43.0,46.0,0.7543859649122807,14,1,21.0,16.0,15.0,0.7619047619047619,539360.0,149460640.0,150000000.0,0.0035957333333333334,101112.0,0.0101112,1
RX90_seed1001_600s,RX90,1001,480,490,benign,impairment,RX90,none,rx90,0,1,1.0,15.0,16.0,0.0,0.0,16.0,16.0,15,15,15,1.0,1.0,147.33333333333334,123.0,276.7,297.0,81.20755301489307,138.33333333333334,48.78475562050487,232.89999999999992,654.6666666666666,4.8,-70.53333333333333,0.0,121.0,-77.0,0.0,45.0,41.0,45.0,0.9111111111111111,15,0,18.0,16.0,16.0,0.8888888888888888,403808.0,149596192.0,150000000.0,0.0026920533333333334,93888.0,0.0093888,1
RX90_seed1001_600s,RX90,1001,490,500,benign,impairment,RX90,none,rx90,0,1,1.0,15.0,14.0,0.0,0.0,15.0,15.0,15,15,15,1.0,1.0,157.8,136.0,347.09999999999997,380.0,109.02437473204918,134.4,44.756164778880304,208.4999999999999,662.3333333333334,4.8,-70.53333333333333,0.0,120.0,-77.0,0.0,50.0,42.0,39.0,0.84,15,0,18.0,15.0,15.0,0.8333333333333334,417136.0,149584784.0,150001920.0,0.002780871071516951,92080.0,0.009208,1
RX90_seed1001_600s,RX90,1001,500,510,benign,impairment,RX90,none,rx90,0,1,1.0,15.0,16.0,0.0,0.0,14.0,14.0,15,15,15,1.0,1.0,190.73333333333332,168.0,370.49999999999994,423.0,114.06794132487549,132.53333333333333,40.62347433032614,195.39999999999992,660.2,4.8,-70.53333333333333,0.0,121.0,-77.0,0.0,50.0,40.0,45.0,0.8,15,0,18.0,14.0,14.0,0.7777777777777778,453288.0,149544792.0,149998080.0,0.003021958681071118,89056.0,0.0089056,1
RX90_seed1001_600s,RX90,1001,510,520,benign,impairment,RX90,none,rx90,0,1,1.0,17.0,17.0,0.0,0.0,17.0,17.0,16,16,16,1.0,1.0,160.9375,160.5,295.25,308.0,89.97145380619344,131.4,35.40338966822245,180.7999999999999,659.0,4.8,-70.53333333333333,0.0,126.0,-77.0,0.0,60.0,47.0,47.0,0.7833333333333333,15,0,23.0,17.0,17.0,0.7391304347826086,482248.0,149517752.0,150000000.0,0.0032149866666666667,111624.0,0.0111624,1
RX90_seed1001_600s,RX90,1001,520,530,benign,impairment,RX90,none,rx90,0,1,1.0,14.0,14.0,0.0,0.0,14.0,14.0,16,16,16,1.0,1.0,148.125,159.5,264.5,281.0,77.76963846300603,127.53333333333333,31.96173307179041,172.39999999999992,638.1333333333333,4.8,-69.0,1.0,124.0,-77.0,0.0,44.0,39.0,40.0,0.8863636363636364,14,1,19.0,15.0,15.0,0.7894736842105263,428472.0,149571528.0,150000000.0,0.00285648,91576.0,0.0091576,1
RX90_seed1002_600s,RX90,1002,190,200,benign,impairment,RX90,none,rx90,0,1,1.0,15.0,15.0,0.0,0.0,14.0,14.0,15,15,15,1.0,1.0,151.13333333333333,112.0,361.69999999999993,389.0,112.73728415256082,115.73333333333333,11.677002224560077,132.0,517.6,4.8,-70.53333333333333,0.0,120.0,-77.0,0.0,46.0,41.0,41.0,0.8913043478260869,15,0,18.0,14.0,14.0,0.7777777777777778,410872.0,149589128.0,150000000.0,0.0027391466666666668,89888.0,0.0089888,2
RX90_seed1002_600s,RX90,1002,200,210,benign,impairment,RX90,none,rx90,0,1,1.0,15.0,15.0,0.0,0.0,17.0,17.0,16,16,16,1.0,1.0,162.8125,114.0,410.5,475.0,127.69140861206495,117.0,12.535663410560174,136.1,518.0666666666667,4.8,-70.53333333333333,0.0,125.0,-77.0,0.0,50.0,42.0,43.0,0.84,15,0,25.0,17.0,18.0,0.68,446832.0,149553168.0,150000000.0,0.00297888,126904.0,0.0126904,2
RX90_seed1002_600s,RX90,1002,210,220,benign,impairment,RX90,none,rx90,0,1,1.0,15.0,15.0,0.0,0.0,13.0,13.0,14,14,14,1.0,1.0,151.07142857142858,121.0,284.9,294.0,89.10707844257621,118.33333333333333,11.73314393786536,139.2,519.6,4.8,-70.53333333333333,0.0,120.0,-77.0,0.0,46.0,38.0,38.0,0.8260869565217391,15,0,15.0,13.0,14.0,0.8666666666666667,373352.0,149626648.0,150000000.0,0.002489013333333333,74536.0,0.0074536,2
RX90_seed1002_600s,RX90,1002,220,230,benign,impairment,RX90,none,rx90,0,1,1.0,15.0,15.0,0.0,0.0,17.0,17.0,17,17,17,1.0,1.0,158.8235294117647,149.0,279.0,295.0,81.37278053357097,121.2,11.078937545760295,140.39999999999998,523.3333333333334,4.8,-70.53333333333333,0.0,114.0,-77.0,0.0,57.0,44.0,48.0,0.7719298245614035,15,0,18.0,17.0,17.0,0.9444444444444444,469736.0,149530264.0,150000000.0,0.0031315733333333335,94272.0,0.0094272,2
RX90_seed1002_600s,RX90,1002,230,240,benign,impairment,RX90,none,rx90,0,1,1.0,15.0,15.0,0.0,0.0,15.0,15.0,13,13,13,1.0,1.0,162.6153846153846,120.0,324.4,331.0,111.46340091523201,121.13333333333334,9.635252733483188,134.9,529.4,4.8,-70.53333333333333,0.0,114.0,-77.0,0.0,50.0,41.0,44.0,0.82,15,0,17.0,15.0,15.0,0.8823529411764706,421472.0,149582448.0,150003920.0,0.002809739905463804,85536.0,0.0085536,2
RX90_seed1002_600s,RX90,1002,240,250,benign,impairment,RX90,none,rx90,0,1,1.0,16.0,16.0,0.0,0.0,16.0,16.0,18,18,18,1.0,1.0,189.11111111111111,171.5,423.14999999999986,492.0,123.92734536051589,126.4,13.77264369268712,148.3,536.1333333333333,4.8,-70.53333333333333,0.0,118.0,-77.0,0.0,60.0,42.0,44.0,0.7,15,0,22.0,16.0,16.0,0.7272727272727273,472832.0,149523248.0,149996080.0,0.003152295713327975,107840.0,0.010784,2
RX90_seed1002_600s,RX90,1002,250,260,benign,impairment,RX90,none,rx90,0,1,1.0,16.0,15.0,0.0,0.0,15.0,15.0,13,13,13,1.0,1.0,141.76923076923077,128.0,294.5999999999999,330.0,96.30433864071567,124.73333333333333,17.35950405260418,150.59999999999997,535.9333333333333,4.8,-70.53333333333333,0.0,118.0,-77.0,0.0,58.0,45.0,46.0,0.7758620689655172,15,0,18.0,15.0,17.0,0.8333333333333334,492200.0,149507800.0,150000000.0,0.003281333333333333,89608.0,0.0089608,2
RX90_seed1002_600s,RX90,1002,260,270,benign,impairment,RX90,none,rx90,0,1,1.0,14.0,15.0,0.0,0.0,15.0,15.0,16,16,16,1.0,1.0,160.9375,139.0,327.75,357.0,109.92753294784706,122.53333333333333,17.129200909835923,153.1,533.0,4.8,-70.53333333333333,0.0,121.0,-77.0,0.0,47.0,39.0,39.0,0.8297872340425532,15,0,21.0,15.0,15.0,0.7142857142857143,381752.0,149618248.0,150000000.0,0.002545013333333333,110872.0,0.0110872,2
RX90_seed1002_600s,RX90,1002,270,280,benign,impairment,RX90,none,rx90,0,1,1.0,16.0,15.0,0.0,0.0,15.0,15.0,15,15,15,1.0,1.0,136.8,130.0,254.79999999999998,273.0,70.17752998136736,119.0,15.32504952217587,146.79999999999998,535.2,4.8,-70.53333333333333,0.0,113.0,-77.0,0.0,48.0,44.0,46.0,0.9166666666666666,15,0,16.0,15.0,15.0,0.9375,432120.0,149567880.0,150000000.0,0.0028808,81280.0,0.008128,2
RX90_seed1002_600s,RX90,1002,280,290,benign,impairment,RX90,none,rx90,0,1,1.0,15.0,16.0,0.0,0.0,16.0,16.0,15,15,15,1.0,1.0,164.86666666666667,188.0,282.8,287.0,88.8713891504111,119.46666666666667,15.384902927715796,145.7,535.9333333333333,4.8,-70.53333333333333,0.0,116.0,-77.0,0.0,50.0,41.0,41.0,0.82,15,0,21.0,16.0,16.0,0.7619047619047619,403064.0,149596936.0,150000000.0,0.0026870933333333334,103080.0,0.010308,2
RX90_seed1002_600s,RX90,1002,290,300,benign,impairment,RX90,none,rx90,0,1,1.0,14.0,14.0,0.0,0.0,15.0,15.0,15,15,15,1.0,1.0,150.46666666666667,157.0,239.39999999999992,294.0,67.57521382733113,118.33333333333333,14.563489900955682,144.6,534.4,4.8,-70.53333333333333,0.0,115.0,-77.0,0.0,45.0,40.0,41.0,0.8888888888888888,15,0,18.0,15.0,15.0,0.8333333333333334,390768.0,149609232.0,150000000.0,0.00260512,90320.0,0.009032,2
RX90_seed1002_600s,RX90,1002,300,310,benign,impairment,RX90,none,rx90,0,1,1.0,16.0,15.0,0.0,0.0,14.0,14.0,14,14,14,1.0,1.0,175.28571428571428,198.0,307.25,330.0,101.73678600375396,117.8,17.68049773055046,150.5,533.8666666666667,4.8,-70.53333333333333,0.0,111.0,-77.0,0.0,46.0,41.0,40.0,0.8913043478260869,15,0,15.0,14.0,14.0,0.9333333333333333,412648.0,149587352.0,150000000.0,0.0027509866666666667,75040.0,0.007504,2
RX90_seed1002_600s,RX90,1002,310,320,benign,impairment,RX90,none,rx90,0,1,1.0,13.0,14.0,0.0,0.0,14.0,14.0,15,15,15,1.0,1.0,153.73333333333332,120.0,300.4999999999999,374.0,101.91906219199254,120.06666666666666,17.866435677255936,147.3,536.6666666666666,4.8,-70.53333333333333,0.0,110.0,-77.0,0.0,45.0,37.0,38.0,0.8222222222222222,15,0,15.0,14.0,14.0,0.9333333333333333,385904.0,149614096.0,150000000.0,0.002572693333333333,76680.0,0.007668,2
RX90_seed1002_600s,RX90,1002,320,330,benign,impairment,RX90,none,rx90,0,1,1.0,15.0,14.0,0.0,0.0,15.0,15.0,15,15,15,1.0,1.0,145.6,114.0,273.4,293.0,80.00607119819989,118.26666666666667,17.388282863824735,145.7,534.4,4.8,-70.53333333333333,0.0,114.0,-77.0,0.0,44.0,41.0,40.0,0.9318181818181818,15,0,18.0,15.0,15.0,0.8333333333333334,405120.0,149594880.0,150000000.0,0.0027008,86648.0,0.0086648,2
RX90_seed1002_600s,RX90,1002,330,340,benign,impairment,RX90,none,rx90,0,1,1.0,14.0,15.0,0.0,0.0,14.0,14.0,15,15,15,1.0,1.0,147.86666666666667,150.0,270.2,287.0,85.60279256682047,121.2,17.84936973677222,150.39999999999998,537.9333333333333,4.8,-70.53333333333333,0.0,126.0,-77.0,0.0,50.0,40.0,41.0,0.8,15,0,21.0,14.0,14.0,0.6666666666666666,418776.0,149581224.0,150000000.0,0.00279184,102608.0,0.0102608,2
RX90_seed1002_600s,RX90,1002,340,350,benign,impairment,RX90,none,rx90,0,1,1.0,15.0,15.0,0.0,0.0,15.0,15.0,15,15,15,1.0,1.0,138.0,121.0,281.59999999999985,374.0,95.70863522766824,118.6,15.896091163733125,144.39999999999998,534.8666666666667,4.8,-70.53333333333333,0.0,121.0,-77.0,0.0,44.0,41.0,41.0,0.9318181818181818,15,0,16.0,15.0,15.0,0.9375,391848.0,149608152.0,150000000.0,0.00261232,81280.0,0.008128,2
RX90_seed1002_600s,RX90,1002,350,360,benign,impairment,RX90,none,rx90,0,1,1.0,16.0,16.0,0.0,0.0,15.0,15.0,15,15,15,1.0,1.0,173.86666666666667,167.0,301.9,318.0,86.28595868776486,121.2,15.451306001204467,145.9,538.0,4.8,-70.53333333333333,0.0,123.0,-77.0,0.0,54.0,42.0,42.0,0.7777777777777778,15,0,19.0,15.0,15.0,0.7894736842105263,471504.0,149528496.0,150000000.0,0.00314336,95632.0,0.0095632,2
RX90_seed1002_600s,RX90,1002,360,370,benign,impairment,RX90,none,rx90,0,1,1.0,15.0,15.0,0.0,0.0,15.0,15.0,15,15,15,1.0,1.0,145.6,140.0,238.99999999999997,253.0,79.88545370895578,120.86666666666666,14.946890104952393,141.3,537.4666666666667,4.8,-70.53333333333333,0.0,121.0,-77.0,0.0,50.0,41.0,41.0,0.82,15,0,18.0,15.0,15.0,0.8333333333333334,431776.0,149568224.0,150000000.0,0.0028785066666666666,91200.0,0.00912,2
RX90_seed1002_600s,RX90,1002,370,380,benign,impairment,RX90,none,rx90,0,1,1.0,14.0,14.0,0.0,0.0,15.0,15.0,15,15,15,1.0,1.0,162.06666666666666,142.0,363.49999999999994,395.0,104.88733184208844,118.33333333333333,15.300171178625359,140.1,534.4,4.8,-70.53333333333333,0.0,120.0,-77.0,0.0,45.0,40.0,40.0,0.8888888888888888,15,0,19.0,15.0,15.0,0.7894736842105263,424088.0,149575912.0,150000000.0,0.002827253333333333,93904.0,0.0093904,2
RX90_seed1002_600s,RX90,1002,380,390,benign,impairment,RX90,none,rx90,0,1,1.0,15.0,15.0,0.0,0.0,15.0,15.0,15,15,15,1.0,1.0,167.0,154.0,335.69999999999993,384.0,97.85703858180054,117.86666666666666,15.117948966456426,139.1,533.7333333333333,4.8,-70.53333333333333,0.0,116.0,-77.0,0.0,47.0,41.0,41.0,0.8723404255319149,15,0,17.0,15.0,15.0,0.8823529411764706,398944.0,149601056.0,150000000.0,0.0026596266666666668,84984.0,0.0084984,2
RX90_seed1002_600s,RX90,1002,390,400,benign,impairment,RX90,none,rx90,0,1,1.0,15.0,15.0,0.0,0.0,15.0,15.0,15,15,15,1.0,1.0,159.13333333333333,147.0,319.79999999999995,331.0,97.0926410825298,118.33333333333333,15.328156475988264,141.5,534.5333333333333,4.8,-70.53333333333333,0.0,117.0,-77.0,0.0,49.0,41.0,45.0,0.8367346938775511,15,0,19.0,15.0,15.0,0.7894736842105263,413448.0,149586552.0,150000000.0,0.00275632,101976.0,0.0101976,2
RX90_seed1002_600s,RX90,1002,400,410,benign,impairment,RX90,none,rx90,0,1,1.0,15.0,15.0,0.0,0.0,15.0,15.0,15,15,15,1.0,1.0,160.86666666666667,135.0,390.09999999999985,486.0,123.87486004989451,116.4,14.014278433083883,136.79999999999998,531.8,4.8,-70.53333333333333,0.0,114.0,-77.0,0.0,44.0,41.0,41.0,0.9318181818181818,15,0,17.0,15.0,15.0,0.8823529411764706,386848.0,149613152.0,150000000.0,0.002578986666666667,85336.0,0.0085336,2
RX90_seed1002_600s,RX90,1002,410,420,benign,impairment,RX90,none,rx90,0,1,1.0,14.0,14.0,0.0,0.0,14.0,14.0,14,14,14,1.0,1.0,142.92857142857142,123.0,284.34999999999997,337.0,89.58662699456731,114.46666666666667,12.788759945842324,132.5,529.4666666666667,4.8,-70.53333333333333,0.0,111.0,-77.0,0.0,42.0,40.0,40.0,0.9523809523809523,15,0,15.0,14.0,14.0,0.9333333333333333,356456.0,149643544.0,150000000.0,0.0023763733333333334,76680.0,0.007668,2
RX90_seed1002_600s,RX90,1002,420,430,benign,impairment,RX90,none,rx90,0,1,1.0,16.0,16.0,0.0,0.0,16.0,16.0,14,14,14,1.0,1.0,158.71428571428572,181.5,276.7,304.0,92.797072708662,113.26666666666667,11.176932026446682,129.2,528.0666666666667,4.8,-70.53333333333333,0.0,116.0,-77.0,0.0,45.0,42.0,42.0,0.9333333333333333,15,0,20.0,16.0,16.0,0.8,395056.0,149604944.0,150000000.0,0.0026337066666666667,96352.0,0.0096352,2
RX90_seed1002_600s,RX90,1002,430,440,benign,impairment,RX90,none,rx90,0,1,1.0,14.0,14.0,0.0,0.0,14.0,14.0,15,15,15,1.0,1.0,147.13333333333333,126.0,252.99999999999994,288.0,77.748556869167,111.93333333333334,11.099978549957823,130.1,526.1333333333333,4.8,-70.53333333333333,0.0,110.0,-77.0,0.0,42.0,40.0,39.0,0.9523809523809523,15,0,14.0,14.0,14.0,1.0,410920.0,149589080.0,150000000.0,0.0027394666666666666,71280.0,0.007128,2
RX90_seed1002_600s,RX90,1002,440,450,benign,impairment,RX90,none,rx90,0,1,1.0,15.0,14.0,0.0,0.0,13.0,13.0,14,14,14,1.0,1.0,149.5,141.5,267.15,312.0,72.27272067555056,111.66666666666667,9.324826054805577,126.8,520.6666666666666,4.8,-70.53333333333333,0.0,110.0,-77.0,0.0,41.0,38.0,42.0,0.926829268292683,15,0,14.0,13.0,14.0,0.9285714285714286,370432.0,149629568.0,150000000.0,0.0024695466666666667,69672.0,0.0069672,2
RX90_seed1002_600s,RX90,1002,450,460,benign,impairment,RX90,none,rx90,0,1,1.0,14.0,15.0,0.0,0.0,16.0,16.0,15,15,15,1.0,1.0,146.53333333333333,126.0,306.5999999999999,350.0,99.30606848574381,111.26666666666667,9.684056607690414,129.2,520.0666666666667,4.8,-70.53333333333333,0.0,109.0,-77.0,0.0,43.0,40.0,41.0,0.9302325581395349,15,0,18.0,16.0,17.0,0.8888888888888888,391840.0,149608160.0,150000000.0,0.0026122666666666666,90408.0,0.0090408,2
RX90_seed1002_600s,RX90,1002,460,470,benign,impairment,RX90,none,rx90,0,1,1.0,15.0,15.0,0.0,0.0,15.0,15.0,16,16,16,1.0,1.0,171.25,154.0,300.75,363.0,95.21309433756122,115.46666666666667,14.95166816620744,143.6,525.4,4.8,-70.53333333333333,0.0,121.0,-77.0,0.0,55.0,42.0,43.0,0.7636363636363637,15,0,23.0,15.0,15.0,0.6521739130434783,442560.0,149557440.0,150000000.0,0.0029504,110384.0,0.0110384,2
RX90_seed1002_600s,RX90,1002,470,480,benign,impairment,RX90,none,rx90,0,1,1.0,15.0,15.0,0.0,0.0,15.0,15.0,15,15,15,1.0,1.0,160.73333333333332,170.0,287.7,294.0,85.87904007270647,113.66666666666667,15.976172734359604,141.09999999999997,522.9333333333333,4.8,-70.53333333333333,0.0,117.0,-77.0,0.0,46.0,41.0,41.0,0.8913043478260869,15,0,18.0,15.0,15.0,0.8333333333333334,416088.0,149583912.0,150000000.0,0.00277392,88000.0,0.0088,2
RX90_seed1002_600s,RX90,1002,480,490,benign,impairment,RX90,none,rx90,0,1,1.0,17.0,17.0,0.0,0.0,16.0,16.0,15,15,15,1.0,1.0,175.0,179.0,322.8,327.0,92.59743902660436,112.8,14.910207433643762,138.59999999999997,521.8666666666667,4.8,-70.53333333333333,0.0,117.0,-77.0,0.0,49.0,44.0,43.0,0.8979591836734694,15,0,18.0,16.0,16.0,0.8888888888888888,457288.0,149542712.0,150000000.0,0.0030485866666666666,89600.0,0.00896,2
RX90_seed1002_600s,RX90,1002,490,500,benign,impairment,RX90,none,rx90,0,1,1.0,14.0,14.0,0.0,0.0,16.0,16.0,16,16,16,1.0,1.0,138.5625,145.5,248.75,272.0,76.50531027320913,110.6,12.816284284344775,133.99999999999997,513.7333333333333,4.8,-70.53333333333333,0.0,117.0,-77.0,0.0,42.0,40.0,43.0,0.9523809523809523,15,0,19.0,16.0,17.0,0.8421052631578947,405920.0,149594080.0,150000000.0,0.0027061333333333335,91536.0,0.0091536,2
RX90_seed1002_600s,RX90,1002,500,510,benign,impairment,RX90,none,rx90,0,1,1.0,16.0,16.0,0.0,0.0,16.0,16.0,15,15,15,1.0,1.0,167.33333333333334,138.0,350.29999999999995,372.0,120.47505175445285,112.06666666666666,13.079245645933355,137.39999999999998,515.5333333333333,4.8,-70.53333333333333,0.0,118.0,-77.0,0.0,49.0,42.0,42.0,0.8571428571428571,15,0,20.0,16.0,16.0,0.8,405680.0,149595008.0,150000688.0,0.0027045209285973407,98744.0,0.0098744,2
RX90_seed1002_600s,RX90,1002,510,520,benign,impairment,RX90,none,rx90,0,1,1.0,17.0,16.0,0.0,0.0,15.0,15.0,17,17,17,1.0,1.0,149.58823529411765,147.0,269.2,278.0,79.96488199791942,113.13333333333334,10.329338705611221,131.9,514.8666666666667,4.8,-70.53333333333333,0.0,116.0,-77.0,0.0,52.0,45.0,46.0,0.8653846153846154,15,0,17.0,15.0,15.0,0.8823529411764706,449296.0,149550016.0,149999312.0,0.002995320405202925,86568.0,0.0086568,2
RX90_seed1002_600s,RX90,1002,520,530,benign,impairment,RX90,none,rx90,0,1,1.0,15.0,16.0,0.0,0.0,16.0,16.0,15,15,15,1.0,1.0,153.33333333333334,128.0,273.59999999999997,289.0,82.46875310137312,114.66666666666667,14.170727709243582,139.1,516.5333333333333,4.8,-70.53333333333333,0.0,121.0,-77.0,0.0,52.0,43.0,44.0,0.8269230769230769,15,0,20.0,16.0,16.0,0.8,456320.0,149543680.0,150000000.0,0.0030421333333333334,98768.0,0.0098768,2
RX90_seed1003_600s,RX90,1003,190,200,benign,impairment,RX90,none,rx90,0,1,1.0,15.0,15.0,0.0,0.0,15.0,15.0,15,15,15,1.0,1.0,175.8,160.0,414.09999999999997,433.0,117.05566441410929,119.13333333333334,17.07908774189178,148.99999999999997,539.2,4.8,-71.46666666666667,0.0,122.0,-77.0,0.0,51.0,42.0,42.0,0.8235294117647058,15,0,18.0,15.0,15.0,0.8333333333333334,450488.0,149549512.0,150000000.0,0.003003253333333333,87448.0,0.0087448,3
RX90_seed1003_600s,RX90,1003,200,210,benign,impairment,RX90,none,rx90,0,1,1.0,15.0,15.0,0.0,0.0,15.0,15.0,15,15,15,1.0,1.0,144.53333333333333,148.0,317.09999999999997,329.0,90.5813499147642,116.6,14.326798067158721,143.1,536.1333333333333,4.8,-71.46666666666667,0.0,117.0,-77.0,0.0,47.0,41.0,41.0,0.8723404255319149,15,0,17.0,15.0,15.0,0.8823529411764706,413392.0,149586608.0,150000000.0,0.0027559466666666668,88584.0,0.0088584,3
RX90_seed1003_600s,RX90,1003,210,220,benign,impairment,RX90,none,rx90,0,1,1.0,16.0,15.0,0.0,0.0,16.0,16.0,14,14,14,1.0,1.0,153.71428571428572,135.5,274.4,290.0,72.05278895091013,116.73333333333333,14.567413078838802,142.49999999999997,536.1333333333333,4.8,-71.46666666666667,0.0,116.0,-77.0,0.0,49.0,41.0,41.0,0.8367346938775511,15,0,21.0,16.0,16.0,0.7619047619047619,407920.0,149592080.0,150000000.0,0.0027194666666666666,108928.0,0.0108928,3
RX90_seed1003_600s,RX90,1003,220,230,benign,impairment,RX90,none,rx90,0,1,1.0,13.0,14.0,0.0,0.0,13.0,13.0,14,14,14,1.0,1.0,157.92857142857142,134.5,267.9,290.0,80.8393128712417,112.86666666666666,12.855608374039194,135.39999999999998,531.2666666666667,4.8,-71.46666666666667,0.0,112.0,-77.0,0.0,41.0,40.0,40.0,0.975609756097561,15,0,14.0,13.0,13.0,0.9285714285714286,374072.0,149625928.0,150000000.0,0.0024938133333333333,70728.0,0.0070728,3
RX90_seed1003_600s,RX90,1003,230,240,benign,impairment,RX90,none,rx90,0,1,1.0,17.0,17.0,0.0,0.0,15.0,15.0,16,16,16,1.0,1.0,142.75,149.5,247.75,253.0,72.02730963553569,114.73333333333333,12.446839338716055,134.29999999999998,533.8,4.8,-71.46666666666667,0.0,108.0,-77.0,0.0,52.0,43.0,47.0,0.8269230769230769,15,0,16.0,15.0,15.0,0.9375,427672.0,149572328.0,150000000.0,0.0028511466666666665,86032.0,0.0086032,3
RX90_seed1003_600s,RX90,1003,240,250,benign,impairment,RX90,none,rx90,0,1,1.0,15.0,15.0,0.0,0.0,17.0,17.0,16,16,16,1.0,1.0,160.875,167.0,271.0,274.0,75.42667521065299,116.26666666666667,12.372011423639517,138.0,535.2,4.8,-71.46666666666667,0.0,107.0,-77.0,0.0,49.0,41.0,43.0,0.8367346938775511,15,0,19.0,17.0,17.0,0.8947368421052632,402768.0,149597232.0,150000000.0,0.00268512,96096.0,0.0096096,3
RX90_seed1003_600s,RX90,1003,250,260,benign,impairment,RX90,none,rx90,0,1,1.0,15.0,15.0,0.0,0.0,15.0,15.0,15,15,15,1.0,1.0,137.73333333333332,130.0,274.19999999999993,319.0,91.03489650102524,114.26666666666667,12.395083510735024,134.3,530.9333333333333,4.8,-71.46666666666667,0.0,105.0,-77.0,0.0,46.0,41.0,43.0,0.8913043478260869,15,0,16.0,15.0,16.0,0.9375,402648.0,149597352.0,150000000.0,0.00268432,80736.0,0.0080736,3
RX90_seed1003_600s,RX90,1003,260,270,benign,impairment,RX90,none,rx90,0,1,1.0,15.0,15.0,0.0,0.0,15.0,15.0,15,15,15,1.0,1.0,181.2,181.0,365.0,372.0,98.26145880106952,115.66666666666667,10.854009572942333,134.39999999999998,532.5333333333333,4.8,-71.46666666666667,0.0,110.0,-77.0,0.0,53.0,43.0,42.0,0.8113207547169812,15,0,18.0,15.0,16.0,0.8333333333333334,453920.0,149555432.0,150009352.0,0.0030259446757692813,88888.0,0.0088888,3
RX90_seed1003_600s,RX90,1003,270,280,benign,impairment,RX90,none,rx90,0,1,1.0,15.0,15.0,0.0,0.0,15.0,15.0,15,15,15,1.0,1.0,155.26666666666668,167.0,249.89999999999992,294.0,67.22825369766862,113.93333333333334,10.73356994711097,130.1,533.3333333333334,4.8,-71.46666666666667,0.0,115.0,-77.0,0.0,43.0,39.0,44.0,0.9069767441860465,15,0,19.0,15.0,17.0,0.7894736842105263,421256.0,149569392.0,149990648.0,0.00280854843696655,91536.0,0.00915048883379651,3
RX90_seed1003_600s,RX90,1003,280,290,benign,impairment,RX90,none,rx90,0,1,1.0,14.0,14.0,0.0,0.0,14.0,14.0,15,15,15,1.0,1.0,181.86666666666667,213.0,322.59999999999997,345.0,98.02686706544623,114.46666666666667,13.114150844829886,141.9,533.9333333333333,4.8,-71.46666666666667,0.0,120.0,-77.0,0.0,51.0,43.0,41.0,0.8431372549019608,15,0,19.0,14.0,14.0,0.7368421052631579,425328.0,149574672.0,150000000.0,0.00283552,91488.0,0.009151911649960986,3
RX90_seed1003_600s,RX90,1003,290,300,benign,impairment,RX90,none,rx90,0,1,1.0,17.0,17.0,0.0,0.0,17.0,17.0,16,16,16,1.0,1.0,135.0,117.0,242.25,258.0,80.81996453022401,113.06666666666666,13.729356798307709,141.39999999999998,526.4666666666667,4.8,-71.46666666666667,0.0,126.0,-77.0,0.0,48.0,44.0,49.0,0.9166666666666666,15,0,23.0,17.0,17.0,0.7391304347826086,502264.0,149497736.0,150000000.0,0.0033484266666666666,111272.0,0.0111272,3
RX90_seed1003_600s,RX90,1003,300,310,benign,impairment,RX90,none,rx90,0,1,1.0,15.0,14.0,0.0,0.0,14.0,14.0,15,15,15,1.0,1.0,146.26666666666668,128.0,280.19999999999993,332.0,88.80513713154426,115.4,17.00336101229065,145.7,529.6,4.8,-71.46666666666667,0.0,119.0,-77.0,0.0,51.0,41.0,40.0,0.803921568627451,15,0,15.0,14.0,14.0,0.9333333333333333,410360.0,149589640.0,150000000.0,0.0027357333333333333,78272.0,0.0078272,3
RX90_seed1003_600s,RX90,1003,310,320,benign,impairment,RX90,none,rx90,0,1,1.0,15.0,16.0,0.0,0.0,16.0,16.0,16,16,16,1.0,1.0,156.875,141.0,266.5,313.0,76.19700344064282,115.66666666666667,13.063945294843617,142.5,529.9333333333333,4.8,-71.46666666666667,0.0,122.0,-77.0,0.0,49.0,41.0,42.0,0.8367346938775511,15,0,20.0,16.0,16.0,0.8,416648.0,149583352.0,150000000.0,0.0027776533333333333,97904.0,0.0097904,3
RX90_seed1003_600s,RX90,1003,320,330,benign,impairment,RX90,none,rx90,0,1,1.0,15.0,15.0,0.0,0.0,15.0,15.0,15,15,15,1.0,1.0,152.13333333333333,153.0,272.29999999999995,308.0,92.74301411247463,117.86666666666666,16.813543293881814,151.2,532.8,4.8,-71.46666666666667,0.0,120.0,-77.0,0.0,52.0,41.0,41.0,0.7884615384615384,15,0,17.0,15.0,15.0,0.8823529411764706,417760.0,149582240.0,150000000.0,0.002785066666666667,84120.0,0.008412,3
RX90_seed1003_600s,RX90,1003,330,340,benign,impairment,RX90,none,rx90,0,1,1.0,15.0,15.0,0.0,0.0,15.0,15.0,15,15,15,1.0,1.0,148.86666666666667,147.0,277.0,277.0,81.65245746163313,114.93333333333334,16.166396659502727,145.89999999999998,529.0,4.8,-71.46666666666667,0.0,129.0,-77.0,0.0,44.0,41.0,41.0,0.9318181818181818,15,0,22.0,15.0,15.0,0.6818181818181818,404864.0,149595136.0,150000000.0,0.0026990933333333332,101944.0,0.0101944,3
RX90_seed1003_600s,RX90,1003,340,350,benign,impairment,RX90,none,rx90,0,1,1.0,15.0,15.0,0.0,0.0,15.0,15.0,15,15,15,1.0,1.0,155.86666666666667,164.0,315.29999999999984,400.0,98.82731452001563,114.06666666666666,15.30390550838327,141.29999999999998,527.8666666666667,4.8,-71.46666666666667,0.0,127.0,-77.0,0.0,46.0,41.0,41.0,0.8913043478260869,15,0,18.0,15.0,15.0,0.8333333333333334,386952.0,149613048.0,150000000.0,0.00257968,90656.0,0.0090656,3
RX90_seed1003_600s,RX90,1003,350,360,benign,impairment,RX90,none,rx90,0,1,1.0,15.0,15.0,0.0,0.0,15.0,15.0,14,14,14,1.0,1.0,140.42857142857142,136.0,286.3,298.0,89.73697830173063,111.46666666666667,13.600770286309244,137.0,524.4666666666667,4.8,-71.46666666666667,0.0,125.0,-77.0,0.0,43.0,42.0,41.0,0.9767441860465116,15,0,18.0,15.0,15.0,0.8333333333333334,421696.0,149578304.0,150000000.0,0.0028113066666666667,87192.0,0.0087192,3
RX90_seed1003_600s,RX90,1003,360,370,benign,impairment,RX90,none,rx90,0,1,1.0,15.0,15.0,0.0,0.0,15.0,15.0,16,16,16,1.0,1.0,139.3125,127.0,282.0,372.0,89.95533613966433,110.6,12.373935740672234,132.7,523.4,4.8,-71.46666666666667,0.0,122.0,-77.0,0.0,44.0,41.0,41.0,0.9318181818181818,15,0,17.0,15.0,15.0,0.8823529411764706,387024.0,149612976.0,150000000.0,0.00258016,83984.0,0.0083984,3
RX90_seed1003_600s,RX90,1003,370,380,benign,impairment,RX90,none,rx90,0,1,1.0,16.0,15.0,0.0,0.0,16.0,16.0,15,15,15,1.0,1.0,159.73333333333332,188.0,260.9999999999999,331.0,86.62436696669681,113.53333333333333,14.67196873860719,140.79999999999998,527.1333333333333,4.8,-71.46666666666667,0.0,125.0,-77.0,0.0,54.0,44.0,44.0,0.8148148148148148,15,0,21.0,16.0,16.0,0.7619047619047619,433064.0,149566936.0,150000000.0,0.0028870933333333335,105712.0,0.0105712,3
RX90_seed1003_600s,RX90,1003,380,390,benign,impairment,RX90,none,rx90,0,1,1.0,14.0,15.0,0.0,0.0,14.0,14.0,15,15,15,1.0,1.0,154.4,158.0,295.4999999999999,383.0,86.74247600142125,115.86666666666666,12.699081331602954,133.09999999999997,530.1333333333333,4.8,-71.46666666666667,0.0,131.0,-77.0,0.0,49.0,40.0,40.0,0.8163265306122449,15,0,21.0,14.0,14.0,0.6666666666666666,436624.0,149563376.0,150000000.0,0.002910826666666667,96056.0,0.0096056,3
RX90_seed1003_600s,RX90,1003,390,400,benign,impairment,RX90,none,rx90,0,1,1.0,15.0,15.0,0.0,0.0,15.0,15.0,15,15,15,1.0,1.0,148.73333333333332,136.0,286.29999999999995,315.0,94.43627228882727,115.93333333333334,14.469014512135265,143.9,530.2666666666667,4.8,-71.46666666666667,0.0,122.0,-77.0,0.0,45.0,38.0,39.0,0.8444444444444444,15,0,17.0,15.0,15.0,0.8823529411764706,384928.0,149615072.0,150000000.0,0.0025661866666666666,86440.0,0.008644,3
RX90_seed1003_600s,RX90,1003,400,410,benign,impairment,RX90,none,rx90,0,1,1.0,15.0,15.0,0.0,0.0,15.0,15.0,15,15,15,1.0,1.0,157.26666666666668,143.0,288.79999999999995,321.0,85.97463634839112,113.33333333333333,12.163567772342986,133.29999999999998,527.0,4.8,-71.46666666666667,0.0,123.0,-77.0,0.0,45.0,42.0,41.0,0.9333333333333333,15,0,19.0,15.0,15.0,0.7894736842105263,418632.0,149581368.0,150000000.0,0.00279088,92960.0,0.009296,3
RX90_seed1003_600s,RX90,1003,410,420,benign,impairment,RX90,none,rx90,0,1,1.0,15.0,15.0,0.0,0.0,15.0,15.0,15,15,15,1.0,1.0,148.13333333333333,157.0,265.59999999999997,295.0,82.16522262809131,119.8,21.068595451185498,163.9,535.2666666666667,4.8,-71.46666666666667,0.0,120.0,-77.0,0.0,59.0,43.0,43.0,0.7288135593220338,15,0,18.0,15.0,15.0,0.8333333333333334,481312.0,149518688.0,150000000.0,0.0032087466666666665,86528.0,0.0086528,3
RX90_seed1003_600s,RX90,1003,420,430,benign,impairment,RX90,none,rx90,0,1,1.0,17.0,16.0,0.0,0.0,16.0,16.0,15,15,15,1.0,1.0,146.4,169.0,247.69999999999993,289.0,81.00775976940199,118.0,17.74823934929885,152.7,532.8666666666667,4.8,-71.46666666666667,0.0,119.0,-77.0,0.0,49.0,44.0,45.0,0.8979591836734694,15,0,19.0,16.0,16.0,0.8421052631578947,436048.0,149563952.0,150000000.0,0.0029069866666666666,93144.0,0.0093144,3
RX90_seed1003_600s,RX90,1003,430,440,benign,impairment,RX90,none,rx90,0,1,1.0,13.0,14.0,0.0,0.0,14.0,14.0,15,15,15,1.0,1.0,163.06666666666666,125.0,387.2,404.0,123.97664910703759,119.06666666666666,15.804459888934907,144.6,536.8666666666667,4.8,-71.46666666666667,0.0,114.0,-77.0,0.0,44.0,36.0,36.0,0.8181818181818182,15,0,15.0,14.0,14.0,0.9333333333333333,368928.0,149631072.0,150000000.0,0.00245952,75848.0,0.0075848,3
RX90_seed1003_600s,RX90,1003,440,450,benign,impairment,RX90,none,rx90,0,1,1.0,16.0,15.0,0.0,0.0,15.0,15.0,15,15,15,1.0,1.0,192.2,178.0,454.39999999999975,600.0,158.2404138373904,118.46666666666667,16.638452308976795,150.1,535.5333333333333,4.8,-71.46666666666667,0.0,119.0,-77.0,0.0,48.0,41.0,43.0,0.8541666666666666,15,0,21.0,15.0,15.0,0.7142857142857143,433584.0,149566416.0,150000000.0,0.00289056,102272.0,0.0102272,3
RX90_seed1003_600s,RX90,1003,450,460,benign,impairment,RX90,none,rx90,0,1,1.0,15.0,15.0,0.0,0.0,15.0,15.0,15,15,15,1.0,1.0,175.13333333333333,131.0,355.0,369.0,112.31134446367426,123.4,24.135924617525163,162.79999999999995,541.9333333333333,4.8,-71.46666666666667,0.0,118.0,-77.0,0.0,61.0,43.0,42.0,0.7049180327868853,15,0,18.0,15.0,15.0,0.8333333333333334,462936.0,149537064.0,150000000.0,0.00308624,91576.0,0.0091576,3
RX90_seed1003_600s,RX90,1003,460,470,benign,impairment,RX90,none,rx90,0,1,1.0,16.0,16.0,0.0,0.0,16.0,16.0,16,16,16,1.0,1.0,149.6875,142.5,239.25,249.0,67.49194396370578,119.46666666666667,17.811980986590648,148.6,536.0,4.8,-71.46666666666667,0.0,120.0,-77.0,0.0,52.0,45.0,47.0,0.8653846153846154,15,0,20.0,16.0,18.0,0.8,479120.0,149520880.0,150000000.0,0.003194133333333333,98032.0,0.0098032,3
RX90_seed1003_600s,RX90,1003,470,480,benign,impairment,RX90,none,rx90,0,1,1.0,14.0,15.0,0.0,0.0,14.0,14.0,14,14,14,1.0,1.0,154.92857142857142,157.0,300.95,338.0,88.90051854630656,118.26666666666667,13.551313413765296,143.79999999999998,535.2666666666667,4.8,-71.46666666666667,0.0,117.0,-77.0,0.0,46.0,40.0,42.0,0.8695652173913043,15,0,16.0,14.0,15.0,0.875,394064.0,149605936.0,150000000.0,0.002627093333333333,80184.0,0.0080184,3
RX90_seed1003_600s,RX90,1003,480,490,benign,impairment,RX90,none,rx90,0,1,1.0,15.0,15.0,0.0,0.0,16.0,16.0,16,16,16,1.0,1.0,162.625,124.5,346.75,376.0,113.65730655498277,118.6,13.2492587393732,140.9,534.2,4.8,-71.46666666666667,0.0,119.0,-77.0,0.0,46.0,38.0,44.0,0.8260869565217391,15,0,20.0,16.0,16.0,0.8,408592.0,149591408.0,150000000.0,0.002723946666666667,104240.0,0.010424,3
RX90_seed1003_600s,RX90,1003,490,500,benign,impairment,RX90,none,rx90,0,1,1.0,15.0,15.0,0.0,0.0,15.0,15.0,14,14,14,1.0,1.0,151.35714285714286,133.0,299.15,318.0,86.11316985210811,118.06666666666666,14.752562327883764,144.3,533.6,4.8,-71.46666666666667,0.0,120.0,-77.0,0.0,49.0,41.0,41.0,0.8367346938775511,15,0,19.0,15.0,15.0,0.7894736842105263,430544.0,149569456.0,150000000.0,0.0028702933333333335,93944.0,0.0093944,3
RX90_seed1003_600s,RX90,1003,500,510,benign,impairment,RX90,none,rx90,0,1,1.0,15.0,15.0,0.0,0.0,15.0,15.0,16,16,16,1.0,1.0,161.0,148.5,313.0,319.0,100.39920318408906,118.86666666666666,12.63140455184541,139.6,536.4,4.8,-71.46666666666667,0.0,115.0,-77.0,0.0,51.0,41.0,42.0,0.803921568627451,15,0,16.0,15.0,16.0,0.9375,431768.0,149568232.0,150000000.0,0.002878453333333333,80736.0,0.0080736,3
RX90_seed1003_600s,RX90,1003,510,520,benign,impairment,RX90,none,rx90,0,1,1.0,15.0,15.0,0.0,0.0,15.0,15.0,14,14,14,1.0,1.0,171.92857142857142,163.0,323.65,362.0,99.75544271691821,117.66666666666667,12.641579165971466,139.0,535.0,4.8,-71.46666666666667,0.0,115.0,-77.0,0.0,49.0,42.0,42.0,0.8571428571428571,15,0,19.0,15.0,15.0,0.7894736842105263,409904.0,149590096.0,150000000.0,0.002732693333333333,96216.0,0.0096216,3
RX90_seed1003_600s,RX90,1003,520,530,benign,impairment,RX90,none,rx90,0,1,1.0,14.0,14.0,0.0,0.0,14.0,14.0,15,15,15,1.0,1.0,146.46666666666667,132.0,232.99999999999997,254.0,63.918325861621106,115.93333333333334,11.695338916891307,134.7,532.6666666666666,4.8,-71.46666666666667,0.0,112.0,-77.0,0.0,43.0,39.0,39.0,0.9069767441860465,15,0,15.0,14.0,14.0,0.9333333333333333,380256.0,149619744.0,150000000.0,0.00253504,76976.0,0.0076976,3
RX90_seed1004_600s,RX90,1004,190,200,benign,impairment,RX90,none,rx90,0,1,1.0,15.0,15.0,0.0,0.0,15.0,15.0,15,15,15,1.0,1.0,154.66666666666666,176.0,245.89999999999992,290.0,71.10622503055016,120.4,19.30876928829415,160.89999999999998,534.6,4.8,-68.46666666666667,0.0,112.0,-77.0,0.0,47.0,41.0,41.0,0.8723404255319149,15,0,18.0,15.0,15.0,0.8333333333333334,415128.0,149584872.0,150000000.0,0.00276752,90440.0,0.009044,4
RX90_seed1004_600s,RX90,1004,200,210,benign,impairment,RX90,none,rx90,0,1,1.0,15.0,15.0,0.0,0.0,15.0,15.0,15,15,15,1.0,1.0,151.2,160.0,267.09999999999997,293.0,85.8713323192654,119.06666666666666,18.767246036899603,154.6,532.8,4.8,-68.46666666666667,0.0,116.0,-77.0,0.0,46.0,41.0,41.0,0.8913043478260869,15,0,19.0,15.0,15.0,0.7894736842105263,430928.0,149569072.0,150000000.0,0.0028728533333333335,94448.0,0.0094448,4
RX90_seed1004_600s,RX90,1004,210,220,benign,impairment,RX90,none,rx90,0,1,1.0,15.0,15.0,0.0,0.0,15.0,15.0,15,15,15,1.0,1.0,148.86666666666667,151.0,266.99999999999994,295.0,76.34776324412492,116.0,17.91248566941905,155.3,528.8,4.8,-68.46666666666667,0.0,113.0,-77.0,0.0,44.0,41.0,41.0,0.9318181818181818,15,0,16.0,15.0,15.0,0.9375,369088.0,149630912.0,150000000.0,0.0024605866666666666,79640.0,0.007964,4
RX90_seed1004_600s,RX90,1004,220,230,benign,impairment,RX90,none,rx90,0,1,1.0,15.0,15.0,0.0,0.0,15.0,15.0,15,15,15,1.0,1.0,156.6,136.0,292.89999999999986,365.0,103.48623096818244,113.86666666666666,18.118130882258985,152.7,526.9333333333333,4.8,-68.46666666666667,0.0,108.0,-77.0,0.0,43.0,41.0,42.0,0.9534883720930233,15,0,15.0,15.0,15.0,1.0,386128.0,149613872.0,150000000.0,0.0025741866666666668,75880.0,0.007588,4
RX90_seed1004_600s,RX90,1004,230,240,benign,impairment,RX90,none,rx90,0,1,1.0,14.0,14.0,0.0,0.0,14.0,14.0,14,14,14,1.0,1.0,171.14285714285714,147.0,414.6,425.0,120.56396779166788,117.6,17.703107071923846,147.39999999999998,530.6,4.8,-68.46666666666667,0.0,116.0,-77.0,0.0,51.0,40.0,44.0,0.7843137254901961,15,0,19.0,14.0,15.0,0.7368421052631579,442416.0,149557584.0,150000000.0,0.00294944,97200.0,0.00972,4
RX90_seed1004_600s,RX90,1004,240,250,benign,impairment,RX90,none,rx90,0,1,1.0,16.0,16.0,0.0,0.0,16.0,16.0,15,15,15,1.0,1.0,141.06666666666666,129.0,263.99999999999994,285.0,83.90255118432391,117.66666666666667,18.133105740868658,148.6,530.7333333333333,4.8,-68.46666666666667,0.0,112.0,-77.0,0.0,49.0,42.0,45.0,0.8571428571428571,15,0,18.0,16.0,17.0,0.8888888888888888,496976.0,149503024.0,150000000.0,0.003313173333333333,94672.0,0.0094672,4
RX90_seed1004_600s,RX90,1004,250,260,benign,impairment,RX90,none,rx90,0,1,1.0,15.0,15.0,0.0,0.0,15.0,15.0,16,16,16,1.0,1.0,167.75,127.5,357.25,439.0,113.40870043049313,119.13333333333334,16.629864129101623,142.9,533.5333333333333,4.8,-68.46666666666667,0.0,110.0,-77.0,0.0,50.0,41.0,43.0,0.82,15,0,16.0,15.0,17.0,0.9375,452320.0,149547680.0,150000000.0,0.003015466666666667,80240.0,0.008024,4
RX90_seed1004_600s,RX90,1004,260,270,benign,impairment,RX90,none,rx90,0,1,1.0,16.0,15.0,0.0,0.0,16.0,16.0,15,15,15,1.0,1.0,163.73333333333332,175.0,321.8,326.0,102.75662416371905,117.93333333333334,13.434851621630889,138.6,534.4,4.8,-68.46666666666667,0.0,113.0,-77.0,0.0,48.0,42.0,43.0,0.875,15,0,19.0,16.0,16.0,0.8421052631578947,424896.0,149575104.0,150000000.0,0.00283264,93176.0,0.0093176,4
RX90_seed1004_600s,RX90,1004,270,280,benign,impairment,RX90,none,rx90,0,1,1.0,14.0,15.0,0.0,0.0,14.0,14.0,15,15,15,1.0,1.0,158.93333333333334,168.0,253.59999999999994,290.0,77.05607111213298,116.0,13.19090595827292,136.79999999999998,531.9333333333333,4.8,-68.46666666666667,0.0,113.0,-77.0,0.0,43.0,39.0,40.0,0.9069767441860465,15,0,16.0,14.0,14.0,0.875,366888.0,149633112.0,150000000.0,0.00244592,79928.0,0.0079928,4
RX90_seed1004_600s,RX90,1004,280,290,benign,impairment,RX90,none,rx90,0,1,1.0,15.0,15.0,0.0,0.0,14.0,14.0,14,14,14,1.0,1.0,146.07142857142858,165.5,226.79999999999998,258.0,73.17362312253726,116.4,13.668524844641116,139.1,531.9333333333333,4.8,-68.46666666666667,0.0,109.0,-77.0,0.0,47.0,40.0,42.0,0.851063829787234,15,0,14.0,14.0,14.0,1.0,391416.0,149608584.0,150000000.0,0.00260944,73216.0,0.0073216,4
RX90_seed1004_600s,RX90,1004,290,300,benign,impairment,RX90,none,rx90,0,1,1.0,15.0,15.0,0.0,0.0,16.0,16.0,16,16,16,1.0,1.0,171.6875,140.5,382.75,502.0,123.73020043627183,117.26666666666667,14.542875853669317,139.5,533.1333333333333,4.8,-68.46666666666667,0.0,115.0,-77.0,0.0,52.0,42.0,42.0,0.8076923076923077,15,0,21.0,16.0,16.0,0.7619047619047619,444576.0,149555424.0,150000000.0,0.00296384,101720.0,0.010172,4
RX90_seed1004_600s,RX90,1004,300,310,benign,impairment,RX90,none,rx90,0,1,1.0,15.0,15.0,0.0,0.0,15.0,15.0,15,15,15,1.0,1.0,169.53333333333333,152.0,410.89999999999986,483.0,125.70422578796777,114.8,12.565258225986216,135.2,529.9333333333333,4.8,-68.46666666666667,0.0,112.0,-77.0,0.0,45.0,41.0,41.0,0.9111111111111111,15,0,16.0,15.0,15.0,0.9375,404720.0,149595280.0,150000000.0,0.0026981333333333333,80480.0,0.008048,4
RX90_seed1004_600s,RX90,1004,310,320,benign,impairment,RX90,none,rx90,0,1,1.0,15.0,15.0,0.0,0.0,16.0,16.0,15,15,15,1.0,1.0,141.93333333333334,140.0,242.3,243.0,76.10468979980018,117.0,13.234154946306814,134.6,532.8666666666667,4.8,-68.46666666666667,0.0,112.0,-77.0,0.0,53.0,42.0,42.0,0.7924528301886793,15,0,18.0,16.0,16.0,0.8888888888888888,452560.0,149547440.0,150000000.0,0.003017066666666667,91576.0,0.0091576,4
RX90_seed1004_600s,RX90,1004,320,330,benign,impairment,RX90,none,rx90,0,1,1.0,16.0,16.0,0.0,0.0,15.0,15.0,16,16,16,1.0,1.0,160.6875,143.5,352.0,361.0,103.10106287845274,116.06666666666666,11.247010184721898,130.6,531.7333333333333,4.8,-68.46666666666667,0.0,112.0,-77.0,0.0,49.0,43.0,42.0,0.8775510204081632,15,0,17.0,15.0,15.0,0.8823529411764706,412200.0,149587800.0,150000000.0,0.002748,85624.0,0.0085624,4
RX90_seed1004_600s,RX90,1004,330,340,benign,impairment,RX90,none,rx90,0,1,1.0,15.0,15.0,0.0,0.0,15.0,15.0,14,14,14,1.0,1.0,154.78571428571428,139.5,271.0,284.0,77.54321730138975,114.6,12.77162032454323,134.9,529.8,4.8,-68.46666666666667,0.0,111.0,-77.0,0.0,45.0,41.0,42.0,0.9111111111111111,15,0,16.0,15.0,15.0,0.9375,397584.0,149602416.0,150000000.0,0.00265056,80480.0,0.008048,4
RX90_seed1004_600s,RX90,1004,340,350,benign,impairment,RX90,none,rx90,0,1,1.0,14.0,14.0,0.0,0.0,14.0,14.0,15,15,15,1.0,1.0,147.6,151.0,285.59999999999997,308.0,84.95528235489539,115.13333333333334,12.223318854121569,133.0,530.4,4.8,-68.46666666666667,0.0,109.0,-77.0,0.0,46.0,39.0,39.0,0.8478260869565217,15,0,14.0,14.0,14.0,1.0,406440.0,149593560.0,150000000.0,0.0027096,75664.0,0.0075664,4
RX90_seed1004_600s,RX90,1004,350,360,benign,impairment,RX90,none,rx90,0,1,1.0,16.0,15.0,0.0,0.0,16.0,16.0,15,15,15,1.0,1.0,160.66666666666666,136.0,329.8999999999999,395.0,103.0836461095459,114.4,12.636681300314347,132.0,529.4666666666667,4.8,-68.46666666666667,0.0,108.0,-77.0,0.0,50.0,43.0,42.0,0.86,15,0,16.0,16.0,16.0,1.0,429112.0,149570888.0,150000000.0,0.0028607466666666667,82672.0,0.0082672,4
RX90_seed1004_600s,RX90,1004,360,370,benign,impairment,RX90,none,rx90,0,1,1.0,14.0,15.0,0.0,0.0,14.0,14.0,15,15,15,1.0,1.0,150.73333333333332,140.0,288.69999999999993,316.0,86.82368559876032,118.06666666666666,15.01174143636843,140.29999999999998,534.0,4.8,-68.46666666666667,0.0,113.0,-77.0,0.0,49.0,38.0,39.0,0.7755102040816326,15,0,17.0,14.0,14.0,0.8235294117647058,405840.0,149594160.0,150000000.0,0.0027056,88816.0,0.0088816,4
RX90_seed1004_600s,RX90,1004,370,380,benign,impairment,RX90,none,rx90,0,1,1.0,15.0,15.0,0.0,0.0,15.0,15.0,15,15,15,1.0,1.0,170.53333333333333,154.0,351.99999999999994,380.0,106.78072770647243,119.46666666666667,14.846195600541028,144.79999999999998,536.0666666666667,4.8,-68.46666666666667,0.0,118.0,-77.0,0.0,51.0,42.0,41.0,0.8235294117647058,15,0,20.0,15.0,15.0,0.75,430336.0,149569664.0,150000000.0,0.002868906666666667,97624.0,0.0097624,4
RX90_seed1004_600s,RX90,1004,380,390,benign,impairment,RX90,none,rx90,0,1,1.0,15.0,14.0,0.0,0.0,15.0,15.0,14,14,14,1.0,1.0,160.92857142857142,170.0,256.2,264.0,78.21023372513766,118.0,14.327795164843552,142.79999999999998,534.2,4.8,-68.46666666666667,0.0,115.0,-77.0,0.0,48.0,43.0,43.0,0.8958333333333334,15,0,17.0,15.0,15.0,0.8823529411764706,434544.0,149565456.0,150000000.0,0.00289696,86424.0,0.0086424,4
RX90_seed1004_600s,RX90,1004,390,400,benign,impairment,RX90,none,rx90,0,1,1.0,14.0,15.0,0.0,0.0,14.0,14.0,15,15,15,1.0,1.0,138.33333333333334,126.0,291.09999999999997,317.0,86.74813021176938,115.0,13.341664064126334,138.2,530.3333333333334,4.8,-68.46666666666667,0.0,115.0,-77.0,0.0,38.0,37.0,37.0,0.9736842105263158,15,0,17.0,14.0,14.0,0.8235294117647058,355992.0,149644008.0,150000000.0,0.00237328,82888.0,0.0082888,4
RX90_seed1004_600s,RX90,1004,400,410,benign,impairment,RX90,none,rx90,0,1,1.0,16.0,15.0,0.0,0.0,15.0,15.0,15,15,15,1.0,1.0,182.0,193.0,372.8999999999999,424.0,117.37850861939881,117.8,11.995237150040607,136.7,533.8,4.8,-68.46666666666667,0.0,117.0,-77.0,0.0,52.0,42.0,41.0,0.8076923076923077,15,0,19.0,15.0,15.0,0.7894736842105263,469720.0,149530280.0,150000000.0,0.0031314666666666666,91944.0,0.0091944,4
RX90_seed1004_600s,RX90,1004,410,420,benign,impairment,RX90,none,rx90,0,1,1.0,15.0,16.0,0.0,0.0,15.0,15.0,15,15,15,1.0,1.0,177.4,140.0,399.5999999999998,541.0,138.81169156193477,120.4,11.255474858295152,138.0,537.2666666666667,4.8,-68.46666666666667,0.0,117.0,-77.0,0.0,54.0,43.0,43.0,0.7962962962962963,15,0,19.0,15.0,15.0,0.7894736842105263,450000.0,149550000.0,150000000.0,0.003,97352.0,0.0097352,4
RX90_seed1004_600s,RX90,1004,420,430,benign,impairment,RX90,none,rx90,0,1,1.0,16.0,16.0,0.0,0.0,16.0,16.0,16,16,16,1.0,1.0,151.875,141.0,281.0,287.0,92.08827286902496,119.66666666666667,9.340133577101307,136.1,536.2666666666667,4.8,-68.46666666666667,0.0,112.0,-77.0,0.0,50.0,42.0,44.0,0.84,15,0,17.0,16.0,16.0,0.9411764705882353,424072.0,149575928.0,150000000.0,0.0028271466666666667,87232.0,0.0087232,4
RX90_seed1004_600s,RX90,1004,430,440,benign,impairment,RX90,none,rx90,0,1,1.0,16.0,15.0,0.0,0.0,16.0,16.0,16,16,16,1.0,1.0,161.125,155.5,311.0,416.0,108.81107480399227,119.8,11.533801256679059,138.29999999999998,537.6666666666666,4.8,-68.46666666666667,0.0,110.0,-77.0,0.0,52.0,42.0,43.0,0.8076923076923077,15,0,17.0,16.0,17.0,0.9411764705882353,462016.0,149541920.0,150003936.0,0.0030800258467884468,87520.0,0.008752,4
RX90_seed1004_600s,RX90,1004,440,450,benign,impairment,RX90,none,rx90,0,1,1.0,17.0,17.0,0.0,0.0,16.0,16.0,14,14,14,1.0,1.0,161.07142857142858,170.0,278.59999999999997,302.0,93.44473009441239,122.66666666666667,14.311167800341236,147.1,541.0,4.8,-68.46666666666667,0.0,122.0,-77.0,0.0,66.0,49.0,50.0,0.7424242424242424,15,0,23.0,16.0,16.0,0.6956521739130435,528432.0,149467632.0,149996064.0,0.003522972442796899,110656.0,0.0110656,4
RX90_seed1004_600s,RX90,1004,450,460,benign,impairment,RX90,none,rx90,0,1,1.0,15.0,16.0,0.0,0.0,15.0,15.0,17,17,17,1.0,1.0,152.35294117647058,160.0,277.2,298.0,83.42207529820162,119.46666666666667,11.444691012908665,136.3,536.8666666666667,4.8,-68.46666666666667,0.0,118.0,-77.0,0.0,47.0,42.0,42.0,0.8936170212765957,15,0,17.0,15.0,15.0,0.8823529411764706,393760.0,149611160.0,150004920.0,0.002624980567304059,84200.0,0.00842,4
RX90_seed1004_600s,RX90,1004,460,470,benign,impairment,RX90,none,rx90,0,1,1.0,15.0,13.0,0.0,0.0,15.0,15.0,14,14,14,1.0,1.0,152.92857142857142,131.0,300.84999999999997,321.0,100.55803091955204,117.33333333333333,9.72967967955095,130.79999999999998,534.2,4.8,-68.46666666666667,0.0,131.0,-77.0,0.0,46.0,40.0,39.0,0.8695652173913043,15,0,24.0,15.0,15.0,0.625,419672.0,149575408.0,149995080.0,0.002797905104620765,112016.0,0.0112016,4
RX90_seed1004_600s,RX90,1004,470,480,benign,impairment,RX90,none,rx90,0,1,1.0,11.0,12.0,0.0,0.0,13.0,13.0,13,13,13,1.0,1.0,153.76923076923077,126.0,326.8,331.0,100.49971297318369,118.66666666666667,10.23067283548187,132.79999999999998,533.1333333333333,4.8,-68.46666666666667,0.0,126.0,-77.0,0.0,38.0,31.0,38.0,0.8157894736842105,15,0,17.0,13.0,14.0,0.7647058823529411,346824.0,149653176.0,150000000.0,0.00231216,88952.0,0.0088952,4
RX90_seed1004_600s,RX90,1004,480,490,benign,impairment,RX90,none,rx90,0,1,1.0,16.0,16.0,0.0,0.0,15.0,15.0,16,16,16,1.0,1.0,141.75,118.5,301.75,343.0,86.18159122844429,115.8,9.08845421400141,129.79999999999998,529.4666666666667,4.8,-68.46666666666667,0.0,123.0,-77.0,0.0,46.0,42.0,41.0,0.9130434782608695,15,0,18.0,15.0,15.0,0.8333333333333334,420696.0,149579304.0,150000000.0,0.00280464,86392.0,0.0086392,4
RX90_seed1004_600s,RX90,1004,490,500,benign,impairment,RX90,none,rx90,0,1,1.0,17.0,18.0,0.0,0.0,17.0,17.0,17,17,17,1.0,1.0,163.76470588235293,195.0,264.4,322.0,80.79026040600803,115.8,9.236573266871526,130.9,529.6,4.8,-68.46666666666667,0.0,119.0,-77.0,0.0,55.0,46.0,48.0,0.8363636363636363,15,0,20.0,17.0,18.0,0.85,500520.0,149499480.0,150000000.0,0.0033368,99376.0,0.0099376,4
RX90_seed1004_600s,RX90,1004,500,510,benign,impairment,RX90,none,rx90,0,1,1.0,13.0,13.0,0.0,0.0,14.0,14.0,13,13,13,1.0,1.0,153.07692307692307,118.0,282.7999999999999,326.0,84.58867293996042,118.33333333333333,16.778671268125184,140.19999999999996,532.5333333333333,4.8,-68.46666666666667,0.0,132.0,-77.0,0.0,47.0,37.0,37.0,0.7872340425531915,15,0,22.0,14.0,14.0,0.6363636363636364,395560.0,149604440.0,150000000.0,0.0026370666666666667,101080.0,0.010108,4
RX90_seed1004_600s,RX90,1004,510,520,benign,impairment,RX90,none,rx90,0,1,1.0,16.0,16.0,0.0,0.0,17.0,17.0,16,16,16,1.0,1.0,162.1875,152.0,336.75,417.0,105.09501653265961,116.86666666666666,14.045165241700314,140.59999999999997,530.3333333333334,4.8,-68.46666666666667,0.0,129.0,-77.0,0.0,51.0,44.0,46.0,0.8627450980392157,15,0,21.0,17.0,17.0,0.8095238095238095,471192.0,149528808.0,150000000.0,0.00314128,103760.0,0.010376,4
RX90_seed1004_600s,RX90,1004,520,530,benign,impairment,RX90,none,rx90,0,1,1.0,15.0,15.0,0.0,0.0,13.0,13.0,15,15,15,1.0,1.0,139.93333333333334,151.0,276.0,290.0,80.45803401833305,114.06666666666666,11.810810221794188,134.49999999999997,526.6,4.8,-68.46666666666667,0.0,126.0,-77.0,0.0,43.0,40.0,40.0,0.9302325581395349,15,0,14.0,13.0,13.0,0.9285714285714286,375624.0,149624376.0,150000000.0,0.00250416,71568.0,0.0071568,4
RX90_seed1005_600s,RX90,1005,190,200,benign,impairment,RX90,none,rx90,0,1,1.0,17.0,16.0,0.0,0.0,15.0,15.0,15,15,15,1.0,1.0,148.33333333333334,155.0,270.29999999999995,292.0,86.37018886056418,122.73333333333333,12.651745597610896,141.9,539.4666666666667,4.8,-71.46666666666667,0.0,111.0,-77.0,0.0,54.0,45.0,44.0,0.8333333333333334,15,0,16.0,15.0,15.0,0.9375,440880.0,149559120.0,150000000.0,0.0029392,82672.0,0.0082672,5
RX90_seed1005_600s,RX90,1005,200,210,benign,impairment,RX90,none,rx90,0,1,1.0,14.0,14.0,0.0,0.0,14.0,14.0,14,14,14,1.0,1.0,137.35714285714286,137.5,270.55,292.0,83.64817083186267,119.86666666666666,12.483512936593419,136.79999999999998,535.8666666666667,4.8,-71.46666666666667,0.0,113.0,-77.0,0.0,44.0,40.0,41.0,0.9090909090909091,15,0,17.0,14.0,14.0,0.8235294117647058,402176.0,149597824.0,150000000.0,0.0026811733333333334,88232.0,0.0088232,5
RX90_seed1005_600s,RX90,1005,210,220,benign,impairment,RX90,none,rx90,0,1,1.0,14.0,15.0,0.0,0.0,16.0,16.0,16,16,16,1.0,1.0,148.5625,150.0,274.0,280.0,83.36983367301788,119.06666666666666,10.264130793807187,133.5,532.8666666666667,4.8,-71.46666666666667,0.0,115.0,-77.0,0.0,46.0,40.0,42.0,0.8695652173913043,15,0,21.0,16.0,18.0,0.7619047619047619,388240.0,149611760.0,150000000.0,0.002588266666666667,101760.0,0.010176,5
RX90_seed1005_600s,RX90,1005,220,230,benign,impairment,RX90,none,rx90,0,1,1.0,16.0,15.0,0.0,0.0,15.0,15.0,15,15,15,1.0,1.0,134.93333333333334,145.0,240.39999999999995,274.0,83.25560184212974,117.06666666666666,10.760155778656387,134.6,533.0666666666667,4.8,-71.46666666666667,0.0,115.0,-77.0,0.0,48.0,42.0,43.0,0.875,15,0,18.0,15.0,15.0,0.8333333333333334,442840.0,149557160.0,150000000.0,0.0029522666666666666,90624.0,0.0090624,5
RX90_seed1005_600s,RX90,1005,230,240,benign,impairment,RX90,none,rx90,0,1,1.0,16.0,17.0,0.0,0.0,15.0,15.0,14,14,14,1.0,1.0,159.42857142857142,178.0,249.9,259.0,75.06583191358848,113.73333333333333,8.875863472415086,127.19999999999999,528.9333333333333,4.8,-71.46666666666667,0.0,114.0,-77.0,0.0,48.0,45.0,50.0,0.9375,15,0,16.0,14.0,15.0,0.875,431888.0,149568112.0,150000000.0,0.002879253333333333,92488.0,0.0092488,5
RX90_seed1005_600s,RX90,1005,240,250,benign,impairment,RX90,none,rx90,0,1,1.0,15.0,14.0,0.0,0.0,14.0,14.0,16,16,16,1.0,1.0,160.4375,203.5,264.25,265.0,89.05651295666141,113.93333333333334,8.819351018127827,127.19999999999999,528.8666666666667,4.8,-71.46666666666667,0.0,112.0,-77.0,0.0,44.0,38.0,37.0,0.8636363636363636,15,0,17.0,15.0,16.0,0.8823529411764706,376808.0,149623192.0,150000000.0,0.0025120533333333334,75040.0,0.007504,5
RX90_seed1005_600s,RX90,1005,250,260,benign,impairment,RX90,none,rx90,0,1,1.0,14.0,13.0,0.0,0.0,14.0,14.0,13,13,13,1.0,1.0,144.84615384615384,115.0,280.7999999999999,324.0,91.79219842833972,112.93333333333334,10.067391963779942,128.79999999999998,528.6,4.8,-71.46666666666667,0.0,117.0,-77.0,0.0,43.0,39.0,38.0,0.9069767441860465,15,0,18.0,14.0,14.0,0.7777777777777778,407176.0,149592824.0,150000000.0,0.0027145066666666665,86320.0,0.008632,5
RX90_seed1005_600s,RX90,1005,260,270,benign,impairment,RX90,none,rx90,0,1,1.0,13.0,15.0,0.0,0.0,15.0,15.0,15,15,15,1.0,1.0,154.13333333333333,133.0,335.59999999999997,358.0,113.02393341151036,112.86666666666666,8.601218075421201,124.8,528.6,4.8,-71.46666666666667,0.0,111.0,-77.0,0.0,44.0,39.0,41.0,0.8863636363636364,15,0,15.0,15.0,15.0,1.0,413400.0,149586600.0,150000000.0,0.002756,78072.0,0.0078072,5
RX90_seed1005_600s,RX90,1005,270,280,benign,impairment,RX90,none,rx90,0,1,1.0,16.0,15.0,0.0,0.0,16.0,16.0,16,16,16,1.0,1.0,170.125,177.5,310.25,338.0,96.80280643314703,114.06666666666666,10.138094119752113,128.1,530.1333333333333,4.8,-71.46666666666667,0.0,113.0,-77.0,0.0,49.0,41.0,42.0,0.8367346938775511,15,0,19.0,16.0,16.0,0.8421052631578947,424712.0,149577688.0,150002400.0,0.00283136803144483,93392.0,0.0093392,5
RX90_seed1005_600s,RX90,1005,280,290,benign,impairment,RX90,none,rx90,0,1,1.0,16.0,15.0,0.0,0.0,15.0,15.0,15,15,15,1.0,1.0,115.13333333333334,121.0,207.59999999999997,223.0,57.47156646882833,114.0,13.174650984805199,132.59999999999997,527.6666666666666,4.8,-71.46666666666667,0.0,111.0,-77.0,0.0,48.0,43.0,42.0,0.8958333333333334,15,0,16.0,15.0,15.0,0.9375,428152.0,149569448.0,149997600.0,0.0028543923369440576,79096.0,0.0079096,5
RX90_seed1005_600s,RX90,1005,290,300,benign,impairment,RX90,none,rx90,0,1,1.0,14.0,16.0,0.0,0.0,15.0,15.0,15,15,15,1.0,1.0,160.4,166.0,278.29999999999995,293.0,93.84013762016458,116.4,11.879153408988609,133.89999999999998,529.8,4.8,-71.46666666666667,0.0,113.0,-77.0,0.0,51.0,41.0,45.0,0.803921568627451,15,0,17.0,15.0,15.0,0.8823529411764706,447128.0,149552872.0,150000000.0,0.0029808533333333335,86680.0,0.008668,5
RX90_seed1005_600s,RX90,1005,300,310,benign,impairment,RX90,none,rx90,0,1,1.0,15.0,15.0,0.0,0.0,15.0,15.0,15,15,15,1.0,1.0,158.13333333333333,154.0,282.19999999999993,320.0,79.90071219659941,115.8,12.785035895809713,138.9,532.0666666666667,4.8,-71.46666666666667,0.0,115.0,-77.0,0.0,47.0,40.0,42.0,0.851063829787234,15,0,19.0,15.0,15.0,0.7894736842105263,412528.0,149587472.0,150000000.0,0.0027501866666666667,92784.0,0.0092784,5
RX90_seed1005_600s,RX90,1005,310,320,benign,impairment,RX90,none,rx90,0,1,1.0,16.0,15.0,0.0,0.0,15.0,15.0,15,15,15,1.0,1.0,156.8,145.0,285.6,287.0,90.39295168477305,114.93333333333334,15.718354451616957,146.1,531.0,4.8,-71.46666666666667,0.0,110.0,-77.0,0.0,48.0,43.0,42.0,0.8958333333333334,15,0,15.0,15.0,15.0,1.0,444056.0,149555944.0,150000000.0,0.0029603733333333332,75880.0,0.007588,5
RX90_seed1005_600s,RX90,1005,320,330,benign,impairment,RX90,none,rx90,0,1,1.0,14.0,15.0,0.0,0.0,16.0,16.0,16,16,16,1.0,1.0,131.5,112.0,274.5,309.0,77.06361008932815,114.4,13.65283853270081,139.6,530.1333333333333,4.8,-71.46666666666667,0.0,109.0,-77.0,0.0,43.0,39.0,40.0,0.9069767441860465,15,0,18.0,16.0,16.0,0.8888888888888888,364960.0,149635040.0,150000000.0,0.0024330666666666665,91624.0,0.0091624,5
RX90_seed1005_600s,RX90,1005,330,340,benign,impairment,RX90,none,rx90,0,1,1.0,16.0,15.0,0.0,0.0,15.0,15.0,15,15,15,1.0,1.0,152.6,127.0,309.6,311.0,94.21313223598018,113.6,15.169518308578084,140.1,529.4,4.8,-71.46666666666667,0.0,110.0,-77.0,0.0,46.0,42.0,41.0,0.9130434782608695,15,0,17.0,15.0,15.0,0.8823529411764706,414440.0,149585560.0,150000000.0,0.002762933333333333,85240.0,0.008524,5
RX90_seed1005_600s,RX90,1005,340,350,benign,impairment,RX90,none,rx90,0,1,1.0,15.0,15.0,0.0,0.0,15.0,15.0,15,15,15,1.0,1.0,178.93333333333334,138.0,334.4999999999999,394.0,102.1591661971418,117.2,14.580809305384937,140.49999999999997,534.0,4.8,-71.46666666666667,0.0,114.0,-77.0,0.0,52.0,41.0,41.0,0.7884615384615384,15,0,18.0,15.0,15.0,0.8333333333333334,468880.0,149531120.0,150000000.0,0.0031258666666666665,88432.0,0.0088432,5
RX90_seed1005_600s,RX90,1005,350,360,benign,impairment,RX90,none,rx90,0,1,1.0,15.0,16.0,0.0,0.0,15.0,15.0,15,15,15,1.0,1.0,149.93333333333334,147.0,226.29999999999998,241.0,58.35662120184168,113.73333333333333,12.48694556422064,134.7,529.4666666666667,4.8,-71.46666666666667,0.0,121.0,-77.0,0.0,45.0,44.0,45.0,0.9777777777777777,15,0,21.0,15.0,15.0,0.7142857142857143,405768.0,149600176.0,150005944.0,0.0027050128093590747,102928.0,0.0102928,5
RX90_seed1005_600s,RX90,1005,360,370,benign,impairment,RX90,none,rx90,0,1,1.0,15.0,15.0,0.0,0.0,15.0,15.0,15,15,15,1.0,1.0,149.13333333333333,144.0,265.59999999999997,295.0,74.90457421342997,112.13333333333334,10.4257008443192,128.6,527.5333333333333,4.8,-71.46666666666667,0.0,116.0,-77.0,0.0,45.0,42.0,41.0,0.9333333333333333,15,0,16.0,15.0,15.0,0.9375,398888.0,149595168.0,149994056.0,0.002659358714854674,80480.0,0.008048,5
RX90_seed1005_600s,RX90,1005,370,380,benign,impairment,RX90,none,rx90,0,1,1.0,16.0,16.0,0.0,0.0,15.0,15.0,14,14,14,1.0,1.0,155.5,158.0,291.8999999999999,405.0,98.8656819979667,114.26666666666667,10.826334735704592,129.39999999999998,530.2,4.8,-71.46666666666667,0.0,118.0,-77.0,0.0,50.0,42.0,42.0,0.84,15,0,18.0,14.0,15.0,0.7777777777777778,419992.0,149580008.0,150000000.0,0.0027999466666666665,89120.0,0.008912,5
RX90_seed1005_600s,RX90,1005,380,390,benign,impairment,RX90,none,rx90,0,1,1.0,16.0,15.0,0.0,0.0,16.0,16.0,17,17,17,1.0,1.0,143.88235294117646,153.0,258.99999999999994,299.0,86.83020957084952,113.93333333333334,10.799911816218465,130.29999999999998,529.6,4.8,-71.46666666666667,0.0,120.0,-77.0,0.0,48.0,43.0,42.0,0.8958333333333334,15,0,20.0,17.0,16.0,0.85,426824.0,149573176.0,150000000.0,0.0028454933333333333,96128.0,0.0096128,5
RX90_seed1005_600s,RX90,1005,390,400,benign,impairment,RX90,none,rx90,0,1,1.0,15.0,16.0,0.0,0.0,17.0,17.0,16,16,16,1.0,1.0,165.4375,155.5,303.75,315.0,101.17046258666608,114.2,12.283554627456757,136.2,530.0666666666667,4.8,-71.46666666666667,0.0,115.0,-77.0,0.0,51.0,44.0,46.0,0.8627450980392157,15,0,18.0,17.0,17.0,0.9444444444444444,438200.0,149561800.0,150000000.0,0.0029213333333333335,90152.0,0.0090152,5
RX90_seed1005_600s,RX90,1005,400,410,benign,impairment,RX90,none,rx90,0,1,1.0,15.0,15.0,0.0,0.0,14.0,14.0,15,15,15,1.0,1.0,132.13333333333333,139.0,266.7,287.0,85.79282909316794,111.86666666666666,10.716253787499399,130.1,527.0666666666667,4.8,-71.46666666666667,0.0,116.0,-77.0,0.0,41.0,40.0,40.0,0.975609756097561,15,0,16.0,14.0,14.0,0.875,366312.0,149633688.0,150000000.0,0.00244208,79320.0,0.007932,5
RX90_seed1005_600s,RX90,1005,410,420,benign,impairment,RX90,none,rx90,0,1,1.0,15.0,14.0,0.0,0.0,15.0,15.0,15,15,15,1.0,1.0,163.2,176.0,384.2,394.0,112.12760587830279,114.53333333333333,13.809244660561202,137.29999999999998,530.5333333333333,4.8,-71.46666666666667,0.0,115.0,-77.0,0.0,49.0,41.0,40.0,0.8367346938775511,15,0,16.0,15.0,15.0,0.9375,418312.0,149581688.0,150000000.0,0.0027887466666666667,80616.0,0.0080616,5
RX90_seed1005_600s,RX90,1005,420,430,benign,impairment,RX90,none,rx90,0,1,1.0,15.0,16.0,0.0,0.0,15.0,15.0,15,15,15,1.0,1.0,153.4,163.0,294.7999999999999,369.0,98.13678500658442,114.13333333333334,12.65964717781134,139.2,529.9333333333333,4.8,-71.46666666666667,0.0,114.0,-77.0,0.0,47.0,42.0,43.0,0.8936170212765957,15,0,17.0,15.0,15.0,0.8823529411764706,408000.0,149592000.0,150000000.0,0.00272,85584.0,0.0085584,5
RX90_seed1005_600s,RX90,1005,430,440,benign,impairment,RX90,none,rx90,0,1,1.0,15.0,15.0,0.0,0.0,14.0,14.0,14,14,14,1.0,1.0,162.57142857142858,155.5,320.3,345.0,82.51779694821482,116.0,10.63686312513502,134.0,532.2666666666667,4.8,-71.46666666666667,0.0,115.0,-77.0,0.0,49.0,40.0,39.0,0.8163265306122449,15,0,16.0,14.0,14.0,0.875,375792.0,149624208.0,150000000.0,0.00250528,79672.0,0.0079672,5
RX90_seed1005_600s,RX90,1005,440,450,benign,impairment,RX90,none,rx90,0,1,1.0,14.0,14.0,0.0,0.0,15.0,15.0,15,15,15,1.0,1.0,159.33333333333334,148.0,253.79999999999995,286.0,75.09961638352344,116.13333333333334,11.050964189780434,132.1,532.4,4.8,-71.46666666666667,0.0,112.0,-77.0,0.0,45.0,38.0,39.0,0.8444444444444444,15,0,16.0,15.0,15.0,0.9375,386384.0,149613616.0,150000000.0,0.0025758933333333333,82120.0,0.008212,5
RX90_seed1005_600s,RX90,1005,450,460,benign,impairment,RX90,none,rx90,0,1,1.0,14.0,14.0,0.0,0.0,15.0,15.0,15,15,15,1.0,1.0,141.86666666666667,154.0,233.1999999999999,299.0,68.34771045038396,115.86666666666666,11.679448780208928,130.6,535.9333333333333,4.8,-71.46666666666667,0.0,115.0,-77.0,0.0,47.0,40.0,42.0,0.851063829787234,15,0,18.0,15.0,16.0,0.8333333333333334,409720.0,149590280.0,150000000.0,0.002731466666666667,89640.0,0.008964,5
RX90_seed1005_600s,RX90,1005,460,470,benign,impairment,RX90,none,rx90,0,1,1.0,16.0,16.0,0.0,0.0,15.0,15.0,14,14,14,1.0,1.0,122.57142857142857,91.0,239.99999999999997,279.0,78.13372588632339,111.86666666666666,9.804275063655115,125.39999999999999,531.0,4.8,-71.46666666666667,0.0,112.0,-77.0,0.0,43.0,43.0,43.0,1.0,15,0,15.0,15.0,16.0,1.0,403288.0,149596712.0,150000000.0,0.0026885866666666665,75880.0,0.007588,5
RX90_seed1005_600s,RX90,1005,470,480,benign,impairment,RX90,none,rx90,0,1,1.0,15.0,15.0,0.0,0.0,15.0,15.0,16,16,16,1.0,1.0,137.6875,158.5,248.0,263.0,77.88685704276428,112.93333333333334,8.421627486644699,125.3,530.9333333333333,4.8,-71.46666666666667,0.0,110.0,-77.0,0.0,46.0,40.0,45.0,0.8695652173913043,15,0,15.0,15.0,15.0,1.0,370512.0,149631432.0,150001944.0,0.002470047988178073,83408.0,0.0083408,5
RX90_seed1005_600s,RX90,1005,480,490,benign,impairment,RX90,none,rx90,0,1,1.0,17.0,17.0,0.0,0.0,16.0,16.0,16,16,16,1.0,1.0,157.0,148.5,270.25,307.0,89.77007667740219,112.33333333333333,12.488089563755578,132.99999999999997,531.9333333333333,4.8,-71.46666666666667,0.0,113.0,-77.0,0.0,51.0,46.0,50.0,0.9019607843137255,15,0,18.0,16.0,17.0,0.8888888888888888,487184.0,149515272.0,150002456.0,0.003247840155363856,88544.0,0.0088544,5
RX90_seed1005_600s,RX90,1005,490,500,benign,impairment,RX90,none,rx90,0,1,1.0,14.0,14.0,0.0,0.0,16.0,16.0,15,15,15,1.0,1.0,150.6,122.0,305.99999999999994,341.0,92.49540529129001,114.2,13.686280930708888,140.6,536.2666666666667,4.8,-71.46666666666667,0.0,117.0,-77.0,0.0,47.0,40.0,41.0,0.851063829787234,15,0,19.0,16.0,16.0,0.8421052631578947,409584.0,149586016.0,149995600.0,0.0027306400987762306,93936.0,0.0093936,5
RX90_seed1005_600s,RX90,1005,500,510,benign,impairment,RX90,none,rx90,0,1,1.0,15.0,15.0,0.0,0.0,15.0,15.0,16,16,16,1.0,1.0,151.0625,149.0,298.5,306.0,90.164641073982,114.8,12.616315966692834,138.6,535.2666666666667,4.8,-71.46666666666667,0.0,113.0,-77.0,0.0,48.0,42.0,42.0,0.875,15,0,16.0,15.0,15.0,0.9375,446368.0,149553632.0,150000000.0,0.0029757866666666665,81720.0,0.008172,5
RX90_seed1005_600s,RX90,1005,510,520,benign,impairment,RX90,none,rx90,0,1,1.0,15.0,15.0,0.0,0.0,14.0,14.0,15,15,15,1.0,1.0,162.8,150.0,302.49999999999994,327.0,90.48220030165363,116.66666666666667,16.910126580022425,147.29999999999998,537.4666666666667,4.8,-71.46666666666667,0.0,114.0,-77.0,0.0,49.0,41.0,41.0,0.8367346938775511,15,0,17.0,14.0,14.0,0.8235294117647058,412648.0,149587352.0,150000000.0,0.0027509866666666667,83136.0,0.0083136,5
RX90_seed1005_600s,RX90,1005,520,530,benign,impairment,RX90,none,rx90,0,1,1.0,16.0,16.0,0.0,0.0,16.0,16.0,15,15,15,1.0,1.0,166.06666666666666,177.0,313.3999999999999,361.0,103.47495671256242,118.2,16.13868466936333,144.99999999999997,539.6,4.8,-71.46666666666667,0.0,113.0,-77.0,0.0,52.0,43.0,44.0,0.8269230769230769,15,0,18.0,16.0,16.0,0.8888888888888888,463144.0,149536856.0,150000000.0,0.0030876266666666667,94600.0,0.00946,5
RX90_seed1006_600s,RX90,1006,190,200,benign,impairment,RX90,none,rx90,0,1,1.0,15.0,15.0,0.0,0.0,15.0,15.0,15,15,15,1.0,1.0,159.13333333333333,162.0,312.79999999999995,345.0,104.50896521123825,115.86666666666666,12.738393409950357,136.39999999999998,537.0666666666667,4.8,-71.86666666666666,0.0,114.0,-77.0,0.0,51.0,41.0,41.0,0.803921568627451,15,0,17.0,15.0,15.0,0.8823529411764706,454136.0,149545864.0,150000000.0,0.003027573333333333,84232.0,0.0084232,1
RX90_seed1006_600s,RX90,1006,200,210,benign,impairment,RX90,none,rx90,0,1,1.0,18.0,17.0,0.0,0.0,16.0,16.0,16,16,16,1.0,1.0,154.8125,155.5,284.5,361.0,88.50251879654802,117.2,13.353437224710563,138.79999999999998,538.8,4.8,-71.86666666666666,0.0,115.0,-77.0,0.0,57.0,47.0,45.0,0.8245614035087719,15,0,19.0,16.0,16.0,0.8421052631578947,478800.0,149521200.0,150000000.0,0.003192,95960.0,0.009596,1
RX90_seed1006_600s,RX90,1006,210,220,benign,impairment,RX90,none,rx90,0,1,1.0,12.0,13.0,0.0,0.0,13.0,13.0,14,14,14,1.0,1.0,145.07142857142858,157.5,279.79999999999995,324.0,91.4780043219422,117.86666666666666,13.168504995234798,136.79999999999998,539.6666666666666,4.8,-71.86666666666666,0.0,113.0,-77.0,0.0,42.0,34.0,36.0,0.8095238095238095,15,0,15.0,13.0,13.0,0.8666666666666667,346400.0,149653600.0,150000000.0,0.0023093333333333334,73944.0,0.0073944,1
RX90_seed1006_600s,RX90,1006,220,230,benign,impairment,RX90,none,rx90,0,1,1.0,16.0,16.0,0.0,0.0,16.0,16.0,15,15,15,1.0,1.0,194.33333333333334,196.0,431.29999999999984,544.0,139.51890126260244,126.13333333333334,15.824333281674898,151.79999999999998,548.0,4.8,-71.86666666666666,0.0,121.0,-77.0,0.0,68.0,44.0,46.0,0.6470588235294118,15,0,22.0,16.0,17.0,0.7272727272727273,556656.0,149443344.0,150000000.0,0.00371104,105216.0,0.0105216,1
RX90_seed1006_600s,RX90,1006,230,240,benign,impairment,RX90,none,rx90,0,1,1.0,14.0,14.0,0.0,0.0,14.0,14.0,13,13,13,1.0,1.0,187.3846153846154,197.0,318.7999999999997,422.0,108.62208067541522,123.06666666666666,14.621250027988454,153.9,544.2,4.8,-71.86666666666666,0.0,122.0,-77.0,0.0,45.0,38.0,42.0,0.8444444444444444,15,0,19.0,14.0,15.0,0.7368421052631579,508536.0,149491464.0,150000000.0,0.00339024,95664.0,0.0095664,1
RX90_seed1006_600s,RX90,1006,240,250,benign,impairment,RX90,none,rx90,0,1,1.0,16.0,15.0,0.0,0.0,17.0,17.0,15,15,15,1.0,1.0,139.6,120.0,267.29999999999995,289.0,82.023341625592,118.6,13.76226725507102,144.39999999999998,538.4666666666667,4.8,-71.86666666666666,0.0,117.0,-77.0,0.0,49.0,45.0,45.0,0.9183673469387755,15,0,21.0,17.0,17.0,0.8095238095238095,468992.0,149531008.0,150000000.0,0.0031266133333333335,103992.0,0.0103992,1
RX90_seed1006_600s,RX90,1006,250,260,benign,impairment,RX90,none,rx90,0,1,1.0,15.0,16.0,0.0,0.0,15.0,15.0,16,16,16,1.0,1.0,171.875,156.5,305.5,322.0,94.37787523213971,119.53333333333333,15.315103034337737,145.6,538.9333333333333,4.8,-71.86666666666666,0.0,126.0,-77.0,0.0,53.0,42.0,44.0,0.7924528301886793,15,0,23.0,15.0,16.0,0.6521739130434783,470816.0,149529184.0,150000000.0,0.0031387733333333332,110784.0,0.0110784,1
RX90_seed1006_600s,RX90,1006,260,270,benign,impairment,RX90,none,rx90,0,1,1.0,15.0,15.0,0.0,0.0,14.0,14.0,16,16,16,1.0,1.0,162.9375,170.5,282.5,314.0,83.49568352116573,117.2,11.39674138891088,136.5,535.1333333333333,4.8,-71.86666666666666,0.0,119.0,-77.0,0.0,46.0,40.0,43.0,0.8695652173913043,15,0,17.0,14.0,15.0,0.8235294117647058,402792.0,149597208.0,150000000.0,0.00268528,83392.0,0.0083392,1
RX90_seed1006_600s,RX90,1006,270,280,benign,impairment,RX90,none,rx90,0,1,1.0,16.0,15.0,0.0,0.0,16.0,16.0,16,16,16,1.0,1.0,141.5625,138.0,277.75,280.0,94.33201559739231,117.6,15.03234607675823,140.99999999999997,535.6666666666666,4.8,-71.86666666666666,0.0,111.0,-77.0,0.0,52.0,44.0,42.0,0.8461538461538461,15,0,17.0,16.0,16.0,0.9411764705882353,463704.0,149536296.0,150000000.0,0.00309136,87776.0,0.0087776,1
RX90_seed1006_600s,RX90,1006,280,290,benign,impairment,RX90,none,rx90,0,1,1.0,15.0,15.0,0.0,0.0,15.0,15.0,15,15,15,1.0,1.0,158.13333333333333,138.0,322.99999999999994,365.0,92.46301705984682,116.8,12.154951959709967,134.89999999999998,535.8,4.8,-71.86666666666666,0.0,115.0,-77.0,0.0,48.0,41.0,43.0,0.8541666666666666,15,0,20.0,15.0,15.0,0.75,406848.0,149593152.0,150000000.0,0.00271232,96648.0,0.0096648,1
RX90_seed1006_600s,RX90,1006,290,300,benign,impairment,RX90,none,rx90,0,1,1.0,14.0,15.0,0.0,0.0,14.0,14.0,15,15,15,1.0,1.0,136.26666666666668,138.0,252.19999999999996,283.0,76.92061461260532,113.6,10.554619841567009,130.1,531.7333333333333,4.8,-71.86666666666666,0.0,115.0,-77.0,0.0,41.0,39.0,40.0,0.9512195121951219,15,0,17.0,14.0,14.0,0.8235294117647058,388136.0,149611864.0,150000000.0,0.0025875733333333333,83400.0,0.00834,1
RX90_seed1006_600s,RX90,1006,300,310,benign,impairment,RX90,none,rx90,0,1,1.0,16.0,16.0,0.0,0.0,16.0,16.0,16,16,16,1.0,1.0,158.3125,147.0,296.75,347.0,94.53233573756654,112.33333333333333,9.431456989902513,130.1,529.3333333333334,4.8,-71.86666666666666,0.0,125.0,-77.0,0.0,48.0,44.0,44.0,0.9166666666666666,15,0,25.0,16.0,16.0,0.64,411776.0,149588224.0,150000000.0,0.002745173333333333,122096.0,0.0122096,1
RX90_seed1006_600s,RX90,1006,310,320,benign,impairment,RX90,none,rx90,0,1,1.0,15.0,15.0,0.0,0.0,15.0,15.0,15,15,15,1.0,1.0,163.93333333333334,163.0,278.09999999999997,311.0,94.95748422069643,115.73333333333333,13.724153196185949,137.29999999999998,533.7333333333333,4.8,-71.86666666666666,0.0,127.0,-77.0,0.0,52.0,41.0,42.0,0.7884615384615384,15,0,21.0,15.0,15.0,0.7142857142857143,468888.0,149531112.0,150000000.0,0.00312592,100024.0,0.0100024,1
RX90_seed1006_600s,RX90,1006,320,330,benign,impairment,RX90,none,rx90,0,1,1.0,15.0,15.0,0.0,0.0,15.0,15.0,14,14,14,1.0,1.0,168.64285714285714,165.5,329.09999999999997,359.0,107.54362774303212,115.26666666666667,13.35486356921631,135.2,532.8666666666667,4.8,-71.86666666666666,0.0,117.0,-77.0,0.0,47.0,41.0,40.0,0.8723404255319149,15,0,17.0,15.0,15.0,0.8823529411764706,393936.0,149606064.0,150000000.0,0.00262624,85880.0,0.008588,1
RX90_seed1006_600s,RX90,1006,330,340,benign,impairment,RX90,none,rx90,0,1,1.0,15.0,15.0,0.0,0.0,15.0,15.0,15,15,15,1.0,1.0,162.93333333333334,143.0,292.5,310.0,90.85582508777823,112.6,10.808726633076231,129.79999999999998,529.6,4.8,-71.86666666666666,0.0,113.0,-77.0,0.0,44.0,41.0,42.0,0.9318181818181818,15,0,17.0,15.0,15.0,0.8823529411764706,414256.0,149585744.0,150000000.0,0.002761706666666667,85040.0,0.008504,1
RX90_seed1006_600s,RX90,1006,340,350,benign,impairment,RX90,none,rx90,0,1,1.0,15.0,15.0,0.0,0.0,15.0,15.0,14,14,14,1.0,1.0,149.64285714285714,141.0,294.45,299.0,81.9883736062218,110.33333333333333,9.961831921795069,126.49999999999999,526.6,4.8,-71.86666666666666,0.0,114.0,-77.0,0.0,42.0,40.0,40.0,0.9523809523809523,15,0,18.0,15.0,15.0,0.8333333333333334,402192.0,149597808.0,150000000.0,0.00268128,87704.0,0.0087704,1
RX90_seed1006_600s,RX90,1006,350,360,benign,impairment,RX90,none,rx90,0,1,1.0,15.0,15.0,0.0,0.0,15.0,15.0,16,16,16,1.0,1.0,173.0625,174.5,363.25,394.0,110.76188800003969,115.13333333333334,13.69497648601052,138.9,532.8666666666667,4.8,-71.86666666666666,0.0,116.0,-77.0,0.0,56.0,42.0,42.0,0.75,15,0,19.0,15.0,15.0,0.7894736842105263,441872.0,149558816.0,150000688.0,0.002945799821931483,92856.0,0.0092856,1
RX90_seed1006_600s,RX90,1006,360,370,benign,impairment,RX90,none,rx90,0,1,1.0,15.0,14.0,0.0,0.0,14.0,14.0,14,14,14,1.0,1.0,171.28571428571428,164.5,312.34999999999997,365.0,100.62071095220641,115.46666666666667,17.344684927610974,150.6,533.2,4.8,-71.86666666666666,0.0,117.0,-77.0,0.0,49.0,40.0,38.0,0.8163265306122449,15,0,17.0,14.0,14.0,0.8235294117647058,415920.0,149583392.0,149999312.0,0.0027728127179676666,83400.0,0.00834,1
RX90_seed1006_600s,RX90,1006,370,380,benign,impairment,RX90,none,rx90,0,1,1.0,15.0,16.0,0.0,0.0,16.0,16.0,15,15,15,1.0,1.0,169.46666666666667,160.0,290.29999999999995,319.0,85.56607026708882,113.6,14.251816926774135,134.19999999999996,530.8,4.8,-71.86666666666666,0.0,114.0,-77.0,0.0,46.0,41.0,43.0,0.8913043478260869,15,0,18.0,16.0,16.0,0.8888888888888888,412688.0,149587312.0,150000000.0,0.0027512533333333335,87920.0,0.008792,1
RX90_seed1006_600s,RX90,1006,380,390,benign,impairment,RX90,none,rx90,0,1,1.0,16.0,16.0,0.0,0.0,15.0,15.0,17,17,17,1.0,1.0,152.8235294117647,156.0,239.19999999999996,284.0,72.88881540925676,110.26666666666667,11.54164302902857,128.49999999999997,526.6666666666666,4.8,-71.86666666666666,0.0,113.0,-77.0,0.0,45.0,43.0,42.0,0.9555555555555556,15,0,17.0,15.0,15.0,0.8823529411764706,401792.0,149598208.0,150000000.0,0.0026786133333333334,84496.0,0.0084496,1
RX90_seed1006_600s,RX90,1006,390,400,benign,impairment,RX90,none,rx90,0,1,1.0,14.0,14.0,0.0,0.0,15.0,15.0,14,14,14,1.0,1.0,152.5,139.5,290.45,295.0,88.3452580243253,111.66666666666667,11.592279861224556,130.1,528.3333333333334,4.8,-71.86666666666666,0.0,112.0,-77.0,0.0,47.0,40.0,41.0,0.851063829787234,15,0,18.0,15.0,15.0,0.8333333333333334,391776.0,149608224.0,150000000.0,0.00261184,90184.0,0.0090184,1
RX90_seed1006_600s,RX90,1006,400,410,benign,impairment,RX90,none,rx90,0,1,1.0,15.0,15.0,0.0,0.0,15.0,15.0,15,15,15,1.0,1.0,154.66666666666666,126.0,301.8999999999999,339.0,99.53510986198836,110.13333333333334,11.012114541116373,131.9,526.4666666666667,4.8,-71.86666666666666,0.0,113.0,-77.0,0.0,43.0,40.0,40.0,0.9302325581395349,15,0,19.0,15.0,15.0,0.7894736842105263,424592.0,149575408.0,150000000.0,0.002830613333333333,92448.0,0.0092448,1
RX90_seed1006_600s,RX90,1006,410,420,benign,impairment,RX90,none,rx90,0,1,1.0,15.0,14.0,0.0,0.0,15.0,15.0,14,14,14,1.0,1.0,132.14285714285714,121.5,269.15,301.0,80.96994422705173,108.6,8.244478671900884,119.49999999999999,526.2666666666667,4.8,-71.86666666666666,0.0,110.0,-77.0,0.0,41.0,39.0,40.0,0.9512195121951219,15,0,17.0,15.0,16.0,0.8823529411764706,342320.0,149657680.0,150000000.0,0.002282133333333333,84512.0,0.008448111370482951,1
RX90_seed1006_600s,RX90,1006,420,430,benign,impairment,RX90,none,rx90,0,1,1.0,16.0,15.0,0.0,0.0,16.0,16.0,15,15,15,1.0,1.0,141.33333333333334,147.0,240.7999999999999,301.0,73.0515147654298,110.53333333333333,10.749529336318915,131.3,528.9333333333333,4.8,-71.86666666666666,0.0,121.0,-77.0,0.0,52.0,44.0,47.0,0.8461538461538461,15,0,24.0,16.0,16.0,0.6666666666666666,489400.0,149510600.0,150000000.0,0.0032626666666666668,124248.0,0.012429344168227904,1
RX90_seed1006_600s,RX90,1006,430,440,benign,impairment,RX90,none,rx90,0,1,1.0,15.0,17.0,0.0,0.0,15.0,15.0,17,17,17,1.0,1.0,194.8235294117647,192.0,388.79999999999995,428.0,117.58254297201056,111.13333333333334,12.111780962981376,134.39999999999998,529.5333333333333,4.8,-71.86666666666666,0.0,119.0,-77.0,0.0,49.0,43.0,45.0,0.8775510204081632,15,0,19.0,15.0,15.0,0.7894736842105263,439800.0,149560200.0,150000000.0,0.002932,90448.0,0.0090448,1
RX90_seed1006_600s,RX90,1006,440,450,benign,impairment,RX90,none,rx90,0,1,1.0,15.0,15.0,0.0,0.0,15.0,15.0,15,15,15,1.0,1.0,143.46666666666667,140.0,276.8999999999999,314.0,73.94966112804292,111.13333333333334,12.642709173199203,134.29999999999998,529.6666666666666,4.8,-71.86666666666666,0.0,119.0,-77.0,0.0,49.0,42.0,42.0,0.8571428571428571,15,0,19.0,15.0,16.0,0.7894736842105263,506520.0,149493480.0,150000000.0,0.0033768,92480.0,0.009248,1
RX90_seed1006_600s,RX90,1006,450,460,benign,impairment,RX90,none,rx90,0,1,1.0,14.0,14.0,0.0,0.0,14.0,14.0,15,15,15,1.0,1.0,150.8,130.0,272.5,290.0,89.97317060419417,113.4,10.196638101424831,128.6,530.2666666666667,4.8,-71.86666666666666,0.0,115.0,-77.0,0.0,49.0,39.0,41.0,0.7959183673469388,15,0,15.0,14.0,14.0,0.9333333333333333,418792.0,149581208.0,150000000.0,0.0027919466666666668,76432.0,0.0076432,1
RX90_seed1006_600s,RX90,1006,460,470,benign,impairment,RX90,none,rx90,0,1,1.0,16.0,16.0,0.0,0.0,16.0,16.0,16,16,16,1.0,1.0,158.8125,171.0,281.75,308.0,82.13827264639384,115.66666666666667,16.11860799850669,145.79999999999998,533.0,4.8,-71.86666666666666,0.0,116.0,-77.0,0.0,57.0,44.0,43.0,0.7719298245614035,15,0,19.0,16.0,16.0,0.8421052631578947,465824.0,149534176.0,150000000.0,0.003105493333333333,94952.0,0.0094952,1
RX90_seed1006_600s,RX90,1006,470,480,benign,impairment,RX90,none,rx90,0,1,1.0,15.0,15.0,0.0,0.0,15.0,15.0,15,15,15,1.0,1.0,166.86666666666667,110.0,314.9,345.0,97.18896664794435,115.26666666666667,13.057382513170015,134.9,531.7333333333333,4.8,-71.86666666666666,0.0,122.0,-77.0,0.0,50.0,41.0,43.0,0.82,15,0,20.0,15.0,15.0,0.75,440088.0,149559912.0,150000000.0,0.00293392,95552.0,0.0095552,1
RX90_seed1006_600s,RX90,1006,480,490,benign,impairment,RX90,none,rx90,0,1,1.0,15.0,15.0,0.0,0.0,15.0,15.0,15,15,15,1.0,1.0,181.06666666666666,150.0,447.7,468.0,144.97806073760987,116.6,13.891415643174334,136.3,533.3333333333334,4.8,-71.86666666666666,0.0,126.0,-77.0,0.0,52.0,41.0,41.0,0.7884615384615384,15,0,21.0,15.0,15.0,0.7142857142857143,475232.0,149524768.0,150000000.0,0.003168213333333333,107640.0,0.010764,1
RX90_seed1006_600s,RX90,1006,490,500,benign,impairment,RX90,none,rx90,0,1,1.0,15.0,15.0,0.0,0.0,15.0,15.0,15,15,15,1.0,1.0,170.26666666666668,142.0,301.19999999999993,346.0,91.89626657010506,114.6,10.972693379476162,129.3,531.1333333333333,4.8,-71.86666666666666,0.0,119.0,-77.0,0.0,47.0,41.0,42.0,0.8723404255319149,15,0,16.0,15.0,16.0,0.9375,472384.0,149527616.0,150000000.0,0.0031492266666666665,79384.0,0.0079384,1
RX90_seed1006_600s,RX90,1006,500,510,benign,impairment,RX90,none,rx90,0,1,1.0,15.0,14.0,0.0,0.0,15.0,15.0,14,14,14,1.0,1.0,196.92857142857142,201.0,382.19999999999993,468.0,125.30053980221024,115.33333333333333,12.81554116056342,137.29999999999998,530.5333333333333,4.8,-71.86666666666666,0.0,121.0,-77.0,0.0,51.0,41.0,42.0,0.803921568627451,15,0,18.0,14.0,15.0,0.7777777777777778,465016.0,149534984.0,150000000.0,0.003100106666666667,90792.0,0.0090792,1
RX90_seed1006_600s,RX90,1006,510,520,benign,impairment,RX90,none,rx90,0,1,1.0,14.0,15.0,0.0,0.0,14.0,14.0,15,15,15,1.0,1.0,148.06666666666666,129.0,304.59999999999997,334.0,97.76171224437705,115.93333333333334,15.219661469234302,143.5,531.2666666666667,4.8,-71.86666666666666,0.0,120.0,-77.0,0.0,51.0,40.0,42.0,0.7843137254901961,15,0,18.0,15.0,14.0,0.8333333333333334,436360.0,149563640.0,150000000.0,0.002909066666666667,94400.0,0.00944,1
RX90_seed1006_600s,RX90,1006,520,530,benign,impairment,RX90,none,rx90,0,1,1.0,16.0,16.0,0.0,0.0,17.0,17.0,14,14,14,1.0,1.0,146.42857142857142,140.5,273.75,303.0,80.47141325743169,115.73333333333333,15.489474152591802,142.79999999999998,530.9333333333333,4.8,-71.86666666666666,0.0,124.0,-77.0,0.0,52.0,43.0,43.0,0.8269230769230769,15,0,23.0,17.0,17.0,0.7391304347826086,417336.0,149582664.0,150000000.0,0.00278224,111464.0,0.0111464,1
RX90_seed1007_600s,RX90,1007,190,200,benign,impairment,RX90,none,rx90,0,1,1.0,15.0,15.0,0.0,0.0,14.0,14.0,16,16,16,1.0,1.0,149.4375,167.0,271.25,320.0,89.13657591957787,120.33333333333333,9.92591605464249,134.49999999999997,539.0666666666667,4.8,-69.86666666666666,0.0,125.0,-77.0,0.0,53.0,41.0,41.0,0.7735849056603774,15,0,18.0,14.0,14.0,0.7777777777777778,435032.0,149564968.0,150000000.0,0.002900213333333333,87184.0,0.0087184,2
RX90_seed1007_600s,RX90,1007,200,210,benign,impairment,RX90,none,rx90,0,1,1.0,14.0,14.0,0.0,0.0,15.0,15.0,14,14,14,1.0,1.0,163.85714285714286,135.0,315.45,359.0,95.77124760663749,118.2,9.064845755523288,131.6,536.4,4.8,-69.86666666666666,0.0,122.0,-77.0,0.0,47.0,40.0,40.0,0.851063829787234,15,0,18.0,15.0,15.0,0.8333333333333334,422216.0,149577784.0,150000000.0,0.002814773333333333,90736.0,0.0090736,2
RX90_seed1007_600s,RX90,1007,210,220,benign,impairment,RX90,none,rx90,0,1,1.0,16.0,16.0,0.0,0.0,15.0,15.0,16,16,16,1.0,1.0,164.0625,164.5,326.25,405.0,99.15070599849504,118.4,11.531323799608984,138.29999999999998,538.9333333333333,4.8,-69.86666666666666,0.0,116.0,-77.0,0.0,53.0,43.0,45.0,0.8113207547169812,15,0,16.0,15.0,16.0,0.9375,449960.0,149550040.0,150000000.0,0.0029997333333333332,86968.0,0.0086968,2
RX90_seed1007_600s,RX90,1007,220,230,benign,impairment,RX90,none,rx90,0,1,1.0,14.0,14.0,0.0,0.0,14.0,14.0,14,14,14,1.0,1.0,156.0,144.0,290.8,296.0,79.9451735205495,117.06666666666666,12.634797000272512,137.49999999999997,537.2,4.8,-69.86666666666666,0.0,125.0,-77.0,0.0,45.0,38.0,38.0,0.8444444444444444,15,0,21.0,14.0,14.0,0.6666666666666666,395648.0,149604352.0,150000000.0,0.0026376533333333334,99552.0,0.0099552,2
RX90_seed1007_600s,RX90,1007,230,240,benign,impairment,RX90,none,rx90,0,1,1.0,16.0,16.0,0.0,0.0,16.0,16.0,16,16,16,1.0,1.0,147.625,165.5,266.5,283.0,85.28843219726029,113.73333333333333,10.450336062037614,132.39999999999998,532.2666666666667,4.8,-69.86666666666666,0.0,118.0,-77.0,0.0,48.0,44.0,46.0,0.9166666666666666,15,0,17.0,16.0,18.0,0.9411764705882353,446320.0,149553680.0,150000000.0,0.0029754666666666667,87488.0,0.0087488,2
RX90_seed1007_600s,RX90,1007,240,250,benign,impairment,RX90,none,rx90,0,1,1.0,16.0,16.0,0.0,0.0,15.0,15.0,15,15,15,1.0,1.0,144.93333333333334,140.0,270.5,274.0,84.87340713141684,113.06666666666666,10.347302385968367,131.2,531.4666666666667,4.8,-69.86666666666666,0.0,118.0,-77.0,0.0,48.0,42.0,45.0,0.875,15,0,18.0,15.0,16.0,0.8333333333333334,433384.0,149566616.0,150000000.0,0.0028892266666666667,94680.0,0.009468,2
RX90_seed1007_600s,RX90,1007,250,260,benign,impairment,RX90,none,rx90,0,1,1.0,15.0,14.0,0.0,0.0,16.0,16.0,15,15,15,1.0,1.0,147.2,122.0,337.19999999999993,375.0,93.37191379485742,111.2,8.817191000701818,125.1,533.4,4.8,-69.86666666666666,0.0,119.0,-77.0,0.0,45.0,41.0,44.0,0.9111111111111111,15,0,20.0,16.0,16.0,0.8,437352.0,149562648.0,150000000.0,0.00291568,97328.0,0.0097328,2
RX90_seed1007_600s,RX90,1007,260,270,benign,impairment,RX90,none,rx90,0,1,1.0,14.0,15.0,0.0,0.0,14.0,14.0,15,15,15,1.0,1.0,162.53333333333333,104.0,385.9999999999999,449.0,125.38048758346201,112.2,9.936944054529901,128.5,532.8666666666667,4.8,-69.86666666666666,0.0,119.0,-77.0,0.0,47.0,39.0,41.0,0.8297872340425532,15,0,17.0,14.0,14.0,0.8235294117647058,454072.0,149545928.0,150000000.0,0.003027146666666667,85608.0,0.0085608,2
RX90_seed1007_600s,RX90,1007,270,280,benign,impairment,RX90,none,rx90,0,1,1.0,15.0,15.0,0.0,0.0,15.0,15.0,15,15,15,1.0,1.0,175.86666666666667,196.0,347.5,365.0,105.13451700876675,110.93333333333334,11.615670859825942,129.29999999999998,531.4,4.8,-69.86666666666666,0.0,117.0,-77.0,0.0,46.0,41.0,41.0,0.8913043478260869,15,0,19.0,15.0,15.0,0.7894736842105263,402824.0,149601472.0,150004296.0,0.0026854164230069783,96392.0,0.0096392,2
RX90_seed1007_600s,RX90,1007,280,290,benign,impairment,RX90,none,rx90,0,1,1.0,16.0,15.0,0.0,0.0,15.0,15.0,15,15,15,1.0,1.0,155.86666666666667,134.0,276.8,281.0,91.76434622496495,110.46666666666667,11.969405443323685,134.6,530.8,4.8,-69.86666666666666,0.0,112.0,-77.0,0.0,47.0,42.0,41.0,0.8936170212765957,15,0,16.0,15.0,15.0,0.9375,434984.0,149560720.0,149995704.0,0.0028999763886571046,82928.0,0.0082928,2
RX90_seed1007_600s,RX90,1007,290,300,benign,impairment,RX90,none,rx90,0,1,1.0,15.0,15.0,0.0,0.0,15.0,15.0,15,15,15,1.0,1.0,148.73333333333332,138.0,302.19999999999993,333.0,94.73230454184846,108.8,10.317807075979996,127.8,524.7333333333333,4.8,-69.86666666666666,0.0,110.0,-77.0,0.0,45.0,41.0,42.0,0.9111111111111111,15,0,16.0,15.0,15.0,0.9375,394568.0,149605432.0,150000000.0,0.002630453333333333,84632.0,0.0084632,2
RX90_seed1007_600s,RX90,1007,300,310,benign,impairment,RX90,none,rx90,0,1,1.0,14.0,15.0,0.0,0.0,15.0,15.0,15,15,15,1.0,1.0,225.13333333333333,217.0,503.9,520.0,141.75777462512124,116.4,20.835409420366226,156.2,531.1333333333333,4.8,-69.86666666666666,0.0,119.0,-77.0,0.0,59.0,41.0,43.0,0.6949152542372882,15,0,24.0,15.0,15.0,0.625,515704.0,149484296.0,150000000.0,0.0034380266666666666,121560.0,0.012156,2
RX90_seed1007_600s,RX90,1007,310,320,benign,impairment,RX90,none,rx90,0,1,1.0,15.0,15.0,0.0,0.0,15.0,15.0,15,15,15,1.0,1.0,157.6,165.0,260.6999999999999,344.0,76.09186177622038,113.66666666666667,14.039061154337853,137.6,527.7333333333333,4.8,-69.86666666666666,0.0,116.0,-77.0,0.0,45.0,40.0,41.0,0.8888888888888888,15,0,18.0,15.0,15.0,0.8333333333333334,403496.0,149596504.0,150000000.0,0.002689973333333333,89288.0,0.0089288,2
RX90_seed1007_600s,RX90,1007,320,330,benign,impairment,RX90,none,rx90,0,1,1.0,16.0,15.0,0.0,0.0,16.0,16.0,15,15,15,1.0,1.0,167.86666666666667,192.0,281.7,302.0,89.84658882678588,116.06666666666666,13.935907713870805,137.7,530.6666666666666,4.8,-69.86666666666666,0.0,113.0,-77.0,0.0,57.0,43.0,42.0,0.7543859649122807,15,0,19.0,16.0,16.0,0.8421052631578947,434848.0,149565152.0,150000000.0,0.002898986666666667,93808.0,0.0093808,2
RX90_seed1007_600s,RX90,1007,330,340,benign,impairment,RX90,none,rx90,0,1,1.0,15.0,16.0,0.0,0.0,15.0,15.0,16,16,16,1.0,1.0,125.625,104.5,267.5,278.0,82.28557994367341,111.6,9.14798963082678,128.2,524.9333333333333,4.8,-69.86666666666666,0.0,109.0,-77.0,0.0,42.0,41.0,42.0,0.9761904761904762,15,0,16.0,15.0,15.0,0.9375,390920.0,149609080.0,150000000.0,0.0026061333333333332,79640.0,0.007964,2
RX90_seed1007_600s,RX90,1007,340,350,benign,impairment,RX90,none,rx90,0,1,1.0,15.0,15.0,0.0,0.0,15.0,15.0,15,15,15,1.0,1.0,163.73333333333332,167.0,339.4,373.0,111.65282074785384,112.46666666666667,10.453069724567357,128.2,526.0666666666667,4.8,-69.86666666666666,0.0,111.0,-77.0,0.0,48.0,41.0,41.0,0.8541666666666666,15,0,19.0,15.0,15.0,0.7894736842105263,431480.0,149568520.0,150000000.0,0.0028765333333333333,93352.0,0.0093352,2
RX90_seed1007_600s,RX90,1007,350,360,benign,impairment,RX90,none,rx90,0,1,1.0,15.0,15.0,0.0,0.0,15.0,15.0,14,14,14,1.0,1.0,187.35714285714286,154.0,369.05,384.0,109.9157769475248,114.86666666666666,13.783357805010809,137.59999999999997,529.2666666666667,4.8,-69.86666666666666,0.0,118.0,-77.0,0.0,51.0,41.0,41.0,0.803921568627451,15,0,22.0,15.0,15.0,0.6818181818181818,429656.0,149570344.0,150000000.0,0.0028643733333333335,109576.0,0.0109576,2
RX90_seed1007_600s,RX90,1007,360,370,benign,impairment,RX90,none,rx90,0,1,1.0,15.0,15.0,0.0,0.0,14.0,14.0,14,14,14,1.0,1.0,137.35714285714286,145.5,251.39999999999998,267.0,73.08646843384805,114.6,13.663298074978613,136.1,528.6666666666666,4.8,-69.86666666666666,0.0,110.0,-77.0,0.0,52.0,45.0,42.0,0.8653846153846154,15,0,15.0,14.0,14.0,0.9333333333333333,435736.0,149564264.0,150000000.0,0.002904906666666667,79928.0,0.0079928,2
RX90_seed1007_600s,RX90,1007,370,380,benign,impairment,RX90,none,rx90,0,1,1.0,15.0,15.0,0.0,0.0,16.0,16.0,16,16,16,1.0,1.0,159.125,155.5,269.5,271.0,85.29859318886801,115.8,12.306792549529012,132.2,530.4,4.8,-69.86666666666666,0.0,106.0,-77.0,0.0,51.0,41.0,44.0,0.803921568627451,15,0,16.0,16.0,16.0,1.0,447408.0,149552592.0,150000000.0,0.00298272,84768.0,0.0084768,2
RX90_seed1007_600s,RX90,1007,380,390,benign,impairment,RX90,none,rx90,0,1,1.0,16.0,16.0,0.0,0.0,15.0,15.0,14,14,14,1.0,1.0,150.78571428571428,127.0,310.15,329.0,92.8076410742038,115.53333333333333,13.505906996922635,138.0,530.0,4.8,-69.86666666666666,0.0,104.0,-77.0,0.0,51.0,43.0,42.0,0.8431372549019608,15,0,15.0,15.0,15.0,1.0,422792.0,149577208.0,150000000.0,0.0028186133333333334,77520.0,0.007752,2
RX90_seed1007_600s,RX90,1007,390,400,benign,impairment,RX90,none,rx90,0,1,1.0,14.0,14.0,0.0,0.0,16.0,16.0,17,17,17,1.0,1.0,165.7058823529412,166.0,323.0,327.0,87.2623663914479,115.6,13.968331529366193,137.7,530.0666666666667,4.8,-69.86666666666666,0.0,110.0,-77.0,0.0,42.0,35.0,36.0,0.8333333333333334,15,0,20.0,16.0,16.0,0.8,363640.0,149636360.0,150000000.0,0.0024242666666666668,97496.0,0.0097496,2
RX90_seed1007_600s,RX90,1007,400,410,benign,impairment,RX90,none,rx90,0,1,1.0,18.0,17.0,0.0,0.0,15.0,15.0,14,14,14,1.0,1.0,179.92857142857142,179.0,328.49999999999994,413.0,105.56402671489816,115.06666666666666,12.853385694420119,135.5,529.4666666666667,4.8,-69.86666666666666,0.0,121.0,-77.0,0.0,54.0,46.0,45.0,0.8518518518518519,15,0,23.0,15.0,15.0,0.6521739130434783,465080.0,149534920.0,150000000.0,0.0031005333333333335,109728.0,0.0109728,2
RX90_seed1007_600s,RX90,1007,410,420,benign,impairment,RX90,none,rx90,0,1,1.0,14.0,14.0,0.0,0.0,16.0,16.0,16,16,16,1.0,1.0,179.6875,201.5,346.5,387.0,107.208655589618,114.2,10.771655927877173,130.79999999999998,528.4666666666667,4.8,-69.86666666666666,0.0,126.0,-77.0,0.0,54.0,47.0,47.0,0.8703703703703703,15,0,22.0,16.0,16.0,0.7272727272727273,510200.0,149489800.0,150000000.0,0.0034013333333333335,107472.0,0.0107472,2
RX90_seed1007_600s,RX90,1007,420,430,benign,impairment,RX90,none,rx90,0,1,1.0,15.0,15.0,0.0,0.0,14.0,14.0,14,14,14,1.0,1.0,161.64285714285714,145.0,331.4,360.0,101.49240755450032,114.46666666666667,10.006188561275943,131.3,528.6,4.8,-69.86666666666666,0.0,122.0,-77.0,0.0,42.0,35.0,35.0,0.8333333333333334,15,0,17.0,14.0,14.0,0.8235294117647058,357840.0,149642160.0,150000000.0,0.0023856,85336.0,0.0085336,2
RX90_seed1007_600s,RX90,1007,430,440,benign,impairment,RX90,none,rx90,0,1,1.0,14.0,15.0,0.0,0.0,15.0,15.0,16,16,16,1.0,1.0,207.4375,218.5,357.25,370.0,102.90252264481502,118.06666666666666,15.668287656768308,145.7,533.2666666666667,4.8,-69.86666666666666,0.0,117.0,-77.0,0.0,59.0,45.0,46.0,0.7627118644067796,15,0,17.0,15.0,16.0,0.8823529411764706,495000.0,149505000.0,150000000.0,0.0033,89528.0,0.0089528,2
RX90_seed1007_600s,RX90,1007,440,450,benign,impairment,RX90,none,rx90,0,1,1.0,17.0,17.0,0.0,0.0,17.0,17.0,16,16,16,1.0,1.0,137.875,159.5,255.0,267.0,82.37708014571368,115.2,11.213512257221513,133.6,532.1333333333333,4.8,-69.86666666666666,0.0,111.0,-77.0,0.0,50.0,43.0,44.0,0.86,15,0,17.0,17.0,17.0,1.0,419160.0,149580840.0,150000000.0,0.0027944,87272.0,0.0087272,2
RX90_seed1007_600s,RX90,1007,450,460,benign,impairment,RX90,none,rx90,0,1,1.0,14.0,14.0,0.0,0.0,15.0,15.0,15,15,15,1.0,1.0,151.4,142.0,288.8,293.0,83.62825906525686,114.26666666666667,9.121925444198927,128.2,535.0666666666667,4.8,-69.86666666666666,0.0,115.0,-77.0,0.0,47.0,40.0,42.0,0.851063829787234,15,0,18.0,15.0,15.0,0.8333333333333334,409616.0,149590384.0,150000000.0,0.0027307733333333333,89608.0,0.008957575272901756,2
RX90_seed1007_600s,RX90,1007,460,470,benign,impairment,RX90,none,rx90,0,1,1.0,16.0,16.0,0.0,0.0,15.0,15.0,17,17,17,1.0,1.0,158.7058823529412,167.0,289.2,330.0,88.36484362140463,113.13333333333334,10.541527855287844,132.39999999999998,533.6,4.8,-69.86666666666666,0.0,121.0,-77.0,0.0,48.0,42.0,42.0,0.875,15,0,21.0,15.0,15.0,0.7142857142857143,418808.0,149581192.0,150000000.0,0.0027920533333333332,101256.0,0.01012924652875035,2
RX90_seed1007_600s,RX90,1007,470,480,benign,impairment,RX90,none,rx90,0,1,1.0,15.0,15.0,0.0,0.0,15.0,15.0,15,15,15,1.0,1.0,148.0,145.0,254.7,268.0,79.90351324298219,114.4,13.922232990026112,140.59999999999997,539.5333333333333,4.8,-69.86666666666666,0.0,119.0,-77.0,0.0,50.0,41.0,46.0,0.82,15,0,19.0,15.0,15.0,0.7894736842105263,430512.0,149569488.0,150000000.0,0.00287008,96280.0,0.009628,2
RX90_seed1007_600s,RX90,1007,480,490,benign,impairment,RX90,none,rx90,0,1,1.0,15.0,15.0,0.0,0.0,15.0,15.0,15,15,15,1.0,1.0,170.8,168.0,361.6999999999999,438.0,105.38446619063795,113.0,10.501700542565203,133.0,537.6,4.8,-69.86666666666666,0.0,121.0,-77.0,0.0,46.0,41.0,42.0,0.8913043478260869,15,0,19.0,15.0,15.0,0.7894736842105263,390552.0,149609448.0,150000000.0,0.00260368,93304.0,0.0093304,2
RX90_seed1007_600s,RX90,1007,490,500,benign,impairment,RX90,none,rx90,0,1,1.0,15.0,14.0,0.0,0.0,15.0,15.0,14,14,14,1.0,1.0,220.92857142857142,204.5,447.74999999999994,568.0,151.04378595203866,118.93333333333334,15.677402603140369,149.2,545.1333333333333,4.8,-69.86666666666666,0.0,121.0,-77.0,0.0,59.0,41.0,40.0,0.6949152542372882,15,0,19.0,15.0,15.0,0.7894736842105263,446920.0,149553080.0,150000000.0,0.002979466666666667,98520.0,0.009852,2
RX90_seed1007_600s,RX90,1007,500,510,benign,impairment,RX90,none,rx90,0,1,1.0,14.0,15.0,0.0,0.0,14.0,14.0,15,15,15,1.0,1.0,178.53333333333333,146.0,398.99999999999994,441.0,129.92792874000057,114.13333333333334,12.460604586723177,141.3,539.0,4.8,-69.86666666666666,0.0,127.0,-77.0,0.0,45.0,41.0,41.0,0.9111111111111111,15,0,20.0,14.0,14.0,0.7,426304.0,149573696.0,150000000.0,0.002842026666666667,98944.0,0.0098944,2
RX90_seed1007_600s,RX90,1007,510,520,benign,impairment,RX90,none,rx90,0,1,1.0,16.0,15.0,0.0,0.0,16.0,16.0,15,15,15,1.0,1.0,168.33333333333334,173.0,301.8999999999999,353.0,82.6564893888873,112.26666666666667,8.430104783848577,125.89999999999999,536.1333333333333,4.8,-69.86666666666666,0.0,133.0,-77.0,0.0,48.0,42.0,45.0,0.875,15,0,25.0,16.0,18.0,0.64,434064.0,149565936.0,150000000.0,0.00289376,119200.0,0.01192,2
RX90_seed1007_600s,RX90,1007,520,530,benign,impairment,RX90,none,rx90,0,1,1.0,13.0,14.0,0.0,0.0,13.0,13.0,14,14,14,1.0,1.0,143.07142857142858,152.5,250.89999999999998,312.0,79.96582374385301,109.93333333333334,6.041128875900439,119.3,533.1333333333333,4.8,-69.86666666666666,0.0,127.0,-77.0,0.0,38.0,36.0,37.0,0.9473684210526315,15,0,15.0,13.0,13.0,0.8666666666666667,346216.0,149653784.0,150000000.0,0.0023081066666666666,73112.0,0.0073112,2
RX90_seed1008_600s,RX90,1008,190,200,benign,impairment,RX90,none,rx90,0,1,1.0,15.0,15.0,0.0,0.0,17.0,17.0,15,15,15,1.0,1.0,148.8,132.0,317.29999999999995,332.0,94.22329102418664,119.0,15.856499343441838,149.39999999999998,538.8666666666667,4.8,-73.4,0.0,112.0,-77.0,0.0,51.0,44.0,43.0,0.8627450980392157,15,0,18.0,17.0,17.0,0.9444444444444444,463936.0,149536064.0,150000000.0,0.0030929066666666666,93216.0,0.0093216,3
RX90_seed1008_600s,RX90,1008,200,210,benign,impairment,RX90,none,rx90,0,1,1.0,16.0,15.0,0.0,0.0,14.0,14.0,16,16,16,1.0,1.0,175.6875,182.0,328.0,391.0,101.85788711075186,120.53333333333333,18.93925125487378,155.5,540.8666666666667,4.8,-73.4,0.0,115.0,-77.0,0.0,52.0,41.0,41.0,0.7884615384615384,15,0,17.0,14.0,14.0,0.8235294117647058,442408.0,149557592.0,150000000.0,0.0029493866666666668,89848.0,0.0089848,3
RX90_seed1008_600s,RX90,1008,210,220,benign,impairment,RX90,none,rx90,0,1,1.0,14.0,15.0,0.0,0.0,15.0,15.0,14,14,14,1.0,1.0,151.28571428571428,122.0,329.49999999999994,440.0,112.68433006304934,119.4,16.369832881597432,144.5,539.4,4.8,-73.4,0.0,115.0,-77.0,0.0,47.0,40.0,42.0,0.851063829787234,15,0,18.0,15.0,16.0,0.8333333333333334,411520.0,149588480.0,150000000.0,0.0027434666666666667,86496.0,0.0086496,3
RX90_seed1008_600s,RX90,1008,220,230,benign,impairment,RX90,none,rx90,0,1,1.0,15.0,15.0,0.0,0.0,15.0,15.0,14,14,14,1.0,1.0,151.07142857142858,146.5,294.45,325.0,90.11912141136332,116.26666666666667,15.804459888934906,139.39999999999998,534.9333333333333,4.8,-73.4,0.0,117.0,-77.0,0.0,43.0,40.0,42.0,0.9302325581395349,15,0,19.0,15.0,17.0,0.7894736842105263,393352.0,149606648.0,150000000.0,0.0026223466666666665,92584.0,0.0092584,3
RX90_seed1008_600s,RX90,1008,230,240,benign,impairment,RX90,none,rx90,0,1,1.0,15.0,15.0,0.0,0.0,15.0,15.0,16,16,16,1.0,1.0,159.6875,118.0,308.25,321.0,109.5984907134522,115.13333333333334,12.888902572515999,132.99999999999997,532.9333333333333,4.8,-73.4,0.0,117.0,-77.0,0.0,47.0,42.0,47.0,0.8936170212765957,15,0,18.0,15.0,15.0,0.8333333333333334,435672.0,149564328.0,150000000.0,0.00290448,92744.0,0.0092744,3
RX90_seed1008_600s,RX90,1008,240,250,benign,impairment,RX90,none,rx90,0,1,1.0,14.0,14.0,0.0,0.0,14.0,14.0,14,14,14,1.0,1.0,152.85714285714286,134.5,293.15,312.0,85.50020885521693,115.73333333333333,11.504450484589908,131.49999999999997,531.1333333333333,4.8,-73.4,0.0,117.0,-77.0,0.0,47.0,38.0,40.0,0.8085106382978723,15,0,17.0,14.0,15.0,0.8235294117647058,455808.0,149544192.0,150000000.0,0.00303872,86592.0,0.0086592,3
RX90_seed1008_600s,RX90,1008,250,260,benign,impairment,RX90,none,rx90,0,1,1.0,16.0,15.0,0.0,0.0,15.0,15.0,15,15,15,1.0,1.0,206.6,206.0,428.39999999999986,539.0,128.57282538923778,118.06666666666666,11.202465714977132,135.9,533.0666666666667,4.8,-73.4,0.0,117.0,-77.0,0.0,52.0,41.0,44.0,0.7884615384615384,15,0,20.0,15.0,15.0,0.75,506144.0,149493856.0,150000000.0,0.003374293333333333,99480.0,0.009948,3
RX90_seed1008_600s,RX90,1008,260,270,benign,impairment,RX90,none,rx90,0,1,1.0,14.0,15.0,0.0,0.0,16.0,16.0,14,14,14,1.0,1.0,154.85714285714286,120.0,306.45,311.0,93.06892164317891,121.8,13.779902549935334,140.1,537.8,4.8,-73.4,0.0,122.0,-77.0,0.0,57.0,43.0,43.0,0.7543859649122807,15,0,22.0,16.0,16.0,0.7272727272727273,492016.0,149507984.0,150000000.0,0.003280106666666667,104192.0,0.0104192,3
RX90_seed1008_600s,RX90,1008,270,280,benign,impairment,RX90,none,rx90,0,1,1.0,15.0,15.0,0.0,0.0,14.0,14.0,15,15,15,1.0,1.0,154.06666666666666,187.0,227.09999999999994,260.0,72.2144293720016,119.53333333333333,15.417368066412573,145.0,535.0,4.8,-73.4,0.0,121.0,-77.0,0.0,47.0,40.0,40.0,0.851063829787234,15,0,17.0,14.0,14.0,0.8235294117647058,381512.0,149618488.0,150000000.0,0.002543413333333333,82560.0,0.008256,3
RX90_seed1008_600s,RX90,1008,280,290,benign,impairment,RX90,none,rx90,0,1,1.0,16.0,16.0,0.0,0.0,15.0,15.0,15,15,15,1.0,1.0,160.33333333333334,166.0,257.5,268.0,78.2593368840026,117.8,13.939665911143125,139.89999999999998,532.6666666666666,4.8,-73.4,0.0,118.0,-77.0,0.0,47.0,41.0,41.0,0.8723404255319149,15,0,17.0,15.0,15.0,0.8823529411764706,400864.0,149599136.0,150000000.0,0.0026724266666666666,82344.0,0.0082344,3
RX90_seed1008_600s,RX90,1008,290,300,benign,impairment,RX90,none,rx90,0,1,1.0,14.0,12.0,0.0,0.0,13.0,13.0,15,15,15,1.0,1.0,149.33333333333334,144.0,288.4,301.0,93.04965392325806,113.66666666666667,11.641469388518336,130.6,528.0,4.8,-73.4,0.0,119.0,-77.0,0.0,41.0,40.0,39.0,0.975609756097561,15,0,16.0,13.0,13.0,0.8125,384624.0,149615376.0,150000000.0,0.00256416,79080.0,0.007908,3
RX90_seed1008_600s,RX90,1008,300,310,benign,impairment,RX90,none,rx90,0,1,1.0,15.0,16.0,0.0,0.0,16.0,16.0,15,15,15,1.0,1.0,168.53333333333333,155.0,328.3,336.0,92.2913605821002,115.46666666666667,13.58500573987295,137.29999999999998,530.2666666666667,4.8,-73.4,0.0,114.0,-77.0,0.0,52.0,41.0,42.0,0.7884615384615384,15,0,17.0,16.0,16.0,0.9411764705882353,441376.0,149558624.0,150000000.0,0.002942506666666667,85336.0,0.0085336,3
RX90_seed1008_600s,RX90,1008,310,320,benign,impairment,RX90,none,rx90,0,1,1.0,16.0,17.0,0.0,0.0,17.0,17.0,16,16,16,1.0,1.0,166.5,147.5,318.25,358.0,100.94486944202102,116.8,12.439568205643521,137.89999999999998,532.0,4.8,-73.4,0.0,113.0,-77.0,0.0,54.0,44.0,45.0,0.8148148148148148,15,0,18.0,16.0,17.0,0.8888888888888888,440296.0,149559704.0,150000000.0,0.0029353066666666667,92768.0,0.0092768,3
RX90_seed1008_600s,RX90,1008,320,330,benign,impairment,RX90,none,rx90,0,1,1.0,15.0,15.0,0.0,0.0,14.0,14.0,16,16,16,1.0,1.0,157.3125,139.5,296.0,344.0,93.49561041389413,115.73333333333333,17.152536949662107,148.29999999999998,530.6666666666666,4.8,-73.4,0.0,110.0,-77.0,0.0,46.0,39.0,39.0,0.8478260869565217,15,0,16.0,15.0,14.0,0.9375,407856.0,149592144.0,150000000.0,0.00271904,77744.0,0.0077744,3
RX90_seed1008_600s,RX90,1008,330,340,benign,impairment,RX90,none,rx90,0,1,1.0,14.0,14.0,0.0,0.0,16.0,16.0,13,13,13,1.0,1.0,152.07692307692307,136.0,316.59999999999985,382.0,96.58196996891772,119.06666666666666,27.99353666899013,172.89999999999998,535.0666666666667,4.8,-73.4,0.0,116.0,-77.0,0.0,53.0,41.0,40.0,0.7735849056603774,15,0,21.0,16.0,16.0,0.7619047619047619,426264.0,149573736.0,150000000.0,0.00284176,101424.0,0.0101424,3
RX90_seed1008_600s,RX90,1008,340,350,benign,impairment,RX90,none,rx90,0,1,1.0,14.0,14.0,0.0,0.0,13.0,13.0,15,15,15,1.0,1.0,155.6,132.0,308.29999999999984,428.0,106.19174032986612,121.46666666666667,23.142004687415934,162.29999999999998,537.8666666666667,4.8,-73.4,0.0,119.0,-77.0,0.0,49.0,37.0,38.0,0.7551020408163265,15,0,17.0,13.0,13.0,0.7647058823529411,401136.0,149598864.0,150000000.0,0.00267424,82336.0,0.008231012169773823,3
RX90_seed1008_600s,RX90,1008,350,360,benign,impairment,RX90,none,rx90,0,1,1.0,15.0,15.0,0.0,0.0,14.0,14.0,15,15,15,1.0,1.0,152.13333333333333,130.0,321.7,335.0,91.94553253084652,118.73333333333333,20.74149280571492,160.2,534.4,4.8,-73.4,0.0,116.0,-77.0,0.0,45.0,40.0,40.0,0.8888888888888888,15,0,15.0,14.0,14.0,0.9333333333333333,424632.0,149575368.0,150000000.0,0.00283088,79328.0,0.007935294856702947,3
RX90_seed1008_600s,RX90,1008,360,370,benign,impairment,RX90,none,rx90,0,1,1.0,15.0,15.0,0.0,0.0,15.0,15.0,15,15,15,1.0,1.0,159.66666666666666,141.0,312.09999999999997,331.0,85.09462520097988,118.46666666666667,18.349257153771596,154.39999999999998,534.4,4.8,-73.4,0.0,113.0,-77.0,0.0,49.0,41.0,41.0,0.8367346938775511,15,0,16.0,15.0,15.0,0.9375,434928.0,149565072.0,150000000.0,0.00289952,82088.0,0.0082088,3
RX90_seed1008_600s,RX90,1008,370,380,benign,impairment,RX90,none,rx90,0,1,1.0,15.0,15.0,0.0,0.0,15.0,15.0,15,15,15,1.0,1.0,158.06666666666666,161.0,278.3999999999999,333.0,94.31896239180469,118.2,16.371578159376433,149.2,533.6666666666666,4.8,-73.4,0.0,112.0,-77.0,0.0,49.0,41.0,41.0,0.8367346938775511,15,0,17.0,15.0,15.0,0.8823529411764706,417256.0,149582744.0,150000000.0,0.002781706666666667,85960.0,0.008596,3
RX90_seed1008_600s,RX90,1008,380,390,benign,impairment,RX90,none,rx90,0,1,1.0,15.0,15.0,0.0,0.0,15.0,15.0,14,14,14,1.0,1.0,145.71428571428572,147.0,273.25,283.0,83.9912344981753,113.8,14.38352231846269,143.1,528.2,4.8,-73.4,0.0,108.0,-77.0,0.0,41.0,40.0,40.0,0.975609756097561,15,0,15.0,15.0,15.0,1.0,386168.0,149613832.0,150000000.0,0.002574453333333333,75880.0,0.007588,3
RX90_seed1008_600s,RX90,1008,390,400,benign,impairment,RX90,none,rx90,0,1,1.0,15.0,15.0,0.0,0.0,15.0,15.0,16,16,16,1.0,1.0,196.625,181.5,394.5,468.0,126.70589304895543,117.33333333333333,15.791800162772843,144.7,532.6666666666666,4.8,-73.4,0.0,120.0,-77.0,0.0,56.0,42.0,46.0,0.75,15,0,22.0,15.0,15.0,0.6818181818181818,459800.0,149542888.0,150002688.0,0.003065278403544342,110800.0,0.01108,3
RX90_seed1008_600s,RX90,1008,400,410,benign,impairment,RX90,none,rx90,0,1,1.0,16.0,15.0,0.0,0.0,16.0,16.0,15,15,15,1.0,1.0,154.73333333333332,156.0,299.7,320.0,89.44389036602513,117.53333333333333,14.141462172666317,139.0,533.0,4.8,-73.4,0.0,119.0,-77.0,0.0,53.0,42.0,42.0,0.7924528301886793,15,0,19.0,16.0,16.0,0.8421052631578947,452128.0,149545184.0,149997312.0,0.0030142406818596855,96392.0,0.0096392,3
RX90_seed1008_600s,RX90,1008,410,420,benign,impairment,RX90,none,rx90,0,1,1.0,15.0,16.0,0.0,0.0,17.0,17.0,16,16,16,1.0,1.0,148.625,140.5,320.5,343.0,95.65833297035165,116.46666666666667,11.192259229783176,137.3,531.6,4.8,-73.4,0.0,117.0,-77.0,0.0,53.0,45.0,44.0,0.8490566037735849,15,0,20.0,17.0,17.0,0.85,465752.0,149534248.0,150000000.0,0.0031050133333333334,100688.0,0.0100688,3
RX90_seed1008_600s,RX90,1008,420,430,benign,impairment,RX90,none,rx90,0,1,1.0,15.0,15.0,0.0,0.0,14.0,14.0,14,14,14,1.0,1.0,146.07142857142858,139.5,269.0,308.0,85.82850905749771,114.46666666666667,10.377631622640981,129.3,530.4,4.8,-73.4,0.0,114.0,-77.0,0.0,45.0,40.0,43.0,0.8888888888888888,15,0,16.0,14.0,15.0,0.875,423400.0,149576600.0,150000000.0,0.0028226666666666665,77488.0,0.0077488,3
RX90_seed1008_600s,RX90,1008,430,440,benign,impairment,RX90,none,rx90,0,1,1.0,17.0,16.0,0.0,0.0,17.0,17.0,17,17,17,1.0,1.0,161.41176470588235,182.0,286.2,291.0,86.99645023184094,114.53333333333333,7.936053955269733,127.0,532.0666666666667,4.8,-73.4,0.0,110.0,-77.0,0.0,52.0,45.0,46.0,0.8653846153846154,15,0,19.0,17.0,17.0,0.8947368421052632,441920.0,149558080.0,150000000.0,0.0029461333333333332,96640.0,0.009664,3
RX90_seed1008_600s,RX90,1008,440,450,benign,impairment,RX90,none,rx90,0,1,1.0,15.0,15.0,0.0,0.0,14.0,14.0,15,15,15,1.0,1.0,166.33333333333334,159.0,289.69999999999993,317.0,86.64349507086631,112.06666666666666,7.362711715769117,123.39999999999999,528.8666666666667,4.8,-73.4,0.0,113.0,-77.0,0.0,43.0,40.0,39.0,0.9302325581395349,15,0,18.0,14.0,14.0,0.7777777777777778,365552.0,149634448.0,150000000.0,0.002437013333333333,86352.0,0.0086352,3
RX90_seed1008_600s,RX90,1008,450,460,benign,impairment,RX90,none,rx90,0,1,1.0,15.0,16.0,0.0,0.0,15.0,15.0,16,16,16,1.0,1.0,168.375,185.5,315.25,319.0,99.06622364189859,113.26666666666667,8.267549876014112,125.1,530.4,4.8,-73.4,0.0,119.0,-77.0,0.0,51.0,43.0,44.0,0.8431372549019608,15,0,21.0,15.0,15.0,0.7142857142857143,465936.0,149534064.0,150000000.0,0.00310624,102432.0,0.0102432,3
RX90_seed1008_600s,RX90,1008,460,470,benign,impairment,RX90,none,rx90,0,1,1.0,15.0,14.0,0.0,0.0,15.0,15.0,13,13,13,1.0,1.0,179.3846153846154,208.0,351.19999999999993,383.0,121.78706722632639,113.13333333333334,6.139644785754148,120.3,531.4,4.8,-73.4,0.0,119.0,-77.0,0.0,47.0,40.0,38.0,0.851063829787234,15,0,18.0,15.0,16.0,0.8333333333333334,403360.0,149601704.0,150005064.0,0.002688975886840727,91368.0,0.0091368,3
RX90_seed1008_600s,RX90,1008,470,480,benign,impairment,RX90,none,rx90,0,1,1.0,15.0,16.0,0.0,0.0,16.0,16.0,16,16,16,1.0,1.0,162.75,124.0,276.5,278.0,92.04600299125794,113.2,8.461678320522472,127.89999999999999,531.3333333333334,4.8,-73.4,0.0,115.0,-77.0,0.0,52.0,45.0,48.0,0.8653846153846154,15,0,18.0,16.0,16.0,0.8888888888888888,474160.0,149520776.0,149994936.0,0.0031611733878802416,91392.0,0.0091392,3
RX90_seed1008_600s,RX90,1008,480,490,benign,impairment,RX90,none,rx90,0,1,1.0,15.0,14.0,0.0,0.0,15.0,15.0,16,16,16,1.0,1.0,173.0,151.5,334.75,379.0,101.8927540766925,114.8,8.694826047713663,126.1,531.2,4.8,-73.4,0.0,119.0,-77.0,0.0,48.0,38.0,41.0,0.7916666666666666,15,0,19.0,14.0,16.0,0.7368421052631579,474112.0,149525888.0,150000000.0,0.0031607466666666666,95256.0,0.0095256,3
RX90_seed1008_600s,RX90,1008,490,500,benign,impairment,RX90,none,rx90,0,1,1.0,15.0,16.0,0.0,0.0,15.0,15.0,15,15,15,1.0,1.0,150.86666666666667,126.0,301.39999999999986,405.0,99.01000430451941,112.2,9.533399933167301,129.79999999999998,527.9333333333333,4.8,-73.4,0.0,116.0,-77.0,0.0,44.0,41.0,42.0,0.9318181818181818,15,0,19.0,16.0,15.0,0.8421052631578947,397272.0,149602728.0,150000000.0,0.00264848,90280.0,0.009028,3
RX90_seed1008_600s,RX90,1008,500,510,benign,impairment,RX90,none,rx90,0,1,1.0,15.0,13.0,0.0,0.0,15.0,15.0,14,14,14,1.0,1.0,133.57142857142858,132.0,257.15,276.0,75.48480670940374,115.8,10.079682534683322,127.89999999999999,535.9333333333333,4.8,-73.4,0.0,115.0,-77.0,0.0,54.0,43.0,41.0,0.7962962962962963,15,0,17.0,15.0,15.0,0.8823529411764706,460568.0,149539432.0,150000000.0,0.0030704533333333335,86432.0,0.0086432,3
RX90_seed1008_600s,RX90,1008,510,520,benign,impairment,RX90,none,rx90,0,1,1.0,14.0,16.0,0.0,0.0,14.0,14.0,14,14,14,1.0,1.0,170.21428571428572,150.5,313.7,315.0,90.86776408303743,116.4,9.202484136672787,127.19999999999999,536.9333333333333,4.8,-73.4,0.0,122.0,-77.0,0.0,47.0,38.0,41.0,0.8085106382978723,15,0,20.0,14.0,14.0,0.7,423920.0,149576080.0,150000000.0,0.0028261333333333334,100192.0,0.0100192,3
RX90_seed1008_600s,RX90,1008,520,530,benign,impairment,RX90,none,rx90,0,1,1.0,15.0,15.0,0.0,0.0,15.0,15.0,16,16,16,1.0,1.0,177.6875,188.5,297.0,324.0,94.16915188460958,112.13333333333334,6.545081759466052,120.0,533.5333333333333,4.8,-73.4,0.0,122.0,-77.0,0.0,41.0,40.0,41.0,0.975609756097561,15,0,17.0,14.0,16.0,0.8235294117647058,402808.0,149597192.0,150000000.0,0.002685386666666667,82888.0,0.008287235369962152,3
RX90_seed1009_600s,RX90,1009,190,200,benign,impairment,RX90,none,rx90,0,1,1.0,16.0,15.0,0.0,0.0,14.0,14.0,17,17,17,1.0,1.0,143.47058823529412,138.0,268.8,272.0,76.03545032340081,120.86666666666666,15.370968306084904,146.2,547.0666666666667,4.8,-73.53333333333333,0.0,127.0,-77.0,0.0,48.0,41.0,40.0,0.8541666666666666,15,0,18.0,15.0,14.0,0.8333333333333334,413552.0,149586448.0,150000000.0,0.002757013333333333,87192.0,0.0087192,4
RX90_seed1009_600s,RX90,1009,200,210,benign,impairment,RX90,none,rx90,0,1,1.0,14.0,15.0,0.0,0.0,15.0,15.0,15,15,15,1.0,1.0,155.73333333333332,144.0,307.4,334.0,97.04893218420919,121.06666666666666,14.419563430416662,145.79999999999998,547.4,4.8,-73.53333333333333,0.0,125.0,-77.0,0.0,48.0,40.0,45.0,0.8333333333333334,15,0,19.0,15.0,15.0,0.7894736842105263,409248.0,149590752.0,150000000.0,0.00272832,100496.0,0.0100496,4
RX90_seed1009_600s,RX90,1009,210,220,benign,impairment,RX90,none,rx90,0,1,1.0,15.0,15.0,0.0,0.0,15.0,15.0,15,15,15,1.0,1.0,158.66666666666666,152.0,297.19999999999993,356.0,93.31258272729404,119.86666666666666,13.152222336204341,140.79999999999998,545.7333333333333,4.8,-73.53333333333333,0.0,121.0,-77.0,0.0,48.0,41.0,41.0,0.8541666666666666,15,0,17.0,15.0,15.0,0.8823529411764706,440848.0,149559152.0,150000000.0,0.0029389866666666665,83576.0,0.0083576,4
RX90_seed1009_600s,RX90,1009,220,230,benign,impairment,RX90,none,rx90,0,1,1.0,15.0,15.0,0.0,0.0,15.0,15.0,14,14,14,1.0,1.0,165.78571428571428,141.5,355.84999999999997,402.0,115.05060998162007,121.8,13.181155379664453,141.5,548.2,4.8,-73.53333333333333,0.0,116.0,-77.0,0.0,54.0,41.0,41.0,0.7592592592592593,15,0,16.0,15.0,16.0,0.9375,431368.0,149568632.0,150000000.0,0.0028757866666666667,88648.0,0.0088648,4
RX90_seed1009_600s,RX90,1009,230,240,benign,impairment,RX90,none,rx90,0,1,1.0,15.0,15.0,0.0,0.0,15.0,15.0,16,16,16,1.0,1.0,152.1875,150.0,257.5,313.0,75.98615553726437,119.66666666666667,13.129392688961373,139.3,548.2,4.8,-73.53333333333333,0.0,112.0,-77.0,0.0,48.0,41.0,44.0,0.8541666666666666,15,0,15.0,15.0,15.0,1.0,440512.0,149559488.0,150000000.0,0.002936746666666667,78072.0,0.0078072,4
RX90_seed1009_600s,RX90,1009,240,250,benign,impairment,RX90,none,rx90,0,1,1.0,15.0,15.0,0.0,0.0,15.0,15.0,14,14,14,1.0,1.0,142.92857142857142,113.5,328.7,330.0,97.69770037897851,117.93333333333334,10.753515482766334,132.2,546.0,4.8,-73.53333333333333,0.0,112.0,-77.0,0.0,47.0,40.0,39.0,0.851063829787234,15,0,16.0,15.0,15.0,0.9375,380192.0,149619808.0,150000000.0,0.0025346133333333334,81576.0,0.0081576,4
RX90_seed1009_600s,RX90,1009,250,260,benign,impairment,RX90,none,rx90,0,1,1.0,14.0,14.0,0.0,0.0,14.0,14.0,15,15,15,1.0,1.0,149.06666666666666,145.0,287.39999999999986,391.0,94.50205339164908,116.6,12.158477348277268,136.3,538.0,4.8,-73.53333333333333,0.0,128.0,-77.0,0.0,44.0,38.0,42.0,0.8636363636363636,15,0,25.0,14.0,15.0,0.56,395056.0,149604944.0,150000000.0,0.0026337066666666667,116024.0,0.0116024,4
RX90_seed1009_600s,RX90,1009,260,270,benign,impairment,RX90,none,rx90,0,1,1.0,15.0,15.0,0.0,0.0,15.0,15.0,15,15,15,1.0,1.0,141.93333333333334,131.0,285.2,302.0,81.40855225928281,115.8,9.298233319138795,129.5,537.1333333333333,4.8,-73.53333333333333,0.0,117.0,-77.0,0.0,47.0,41.0,41.0,0.8723404255319149,15,0,16.0,15.0,15.0,0.9375,419728.0,149580272.0,150000000.0,0.0027981866666666666,81024.0,0.0081024,4
RX90_seed1009_600s,RX90,1009,270,280,benign,impairment,RX90,none,rx90,0,1,1.0,16.0,16.0,0.0,0.0,17.0,17.0,15,15,15,1.0,1.0,161.06666666666666,153.0,335.8999999999999,387.0,94.12640943104626,114.2,8.603985787329698,126.19999999999999,531.7333333333333,4.8,-73.53333333333333,0.0,110.0,-77.0,0.0,51.0,45.0,48.0,0.8823529411764706,15,0,18.0,17.0,19.0,0.9444444444444444,454232.0,149545768.0,150000000.0,0.0030282133333333332,91240.0,0.009124,4
RX90_seed1009_600s,RX90,1009,280,290,benign,impairment,RX90,none,rx90,0,1,1.0,15.0,15.0,0.0,0.0,15.0,15.0,16,16,16,1.0,1.0,140.0,137.0,251.0,296.0,81.86655808896165,114.26666666666667,8.404647240550625,126.3,533.4666666666667,4.8,-73.53333333333333,0.0,108.0,-77.0,0.0,50.0,41.0,43.0,0.82,15,0,16.0,15.0,15.0,0.9375,504008.0,149495992.0,150000000.0,0.003360053333333333,85568.0,0.0085568,4
RX90_seed1009_600s,RX90,1009,290,300,benign,impairment,RX90,none,rx90,0,1,1.0,15.0,15.0,0.0,0.0,15.0,15.0,15,15,15,1.0,1.0,177.93333333333334,135.0,388.0999999999999,449.0,125.91009642182148,113.0,8.06225774829855,123.6,532.1333333333333,4.8,-73.53333333333333,0.0,110.0,-77.0,0.0,46.0,41.0,42.0,0.8913043478260869,15,0,18.0,15.0,15.0,0.8333333333333334,440752.0,149559248.0,150000000.0,0.002938346666666667,87960.0,0.008796,4
RX90_seed1009_600s,RX90,1009,300,310,benign,impairment,RX90,none,rx90,0,1,1.0,15.0,15.0,0.0,0.0,15.0,15.0,15,15,15,1.0,1.0,174.4,136.0,359.7999999999999,427.0,109.72159573861735,112.73333333333333,8.08408194864333,122.69999999999999,531.7333333333333,4.8,-73.53333333333333,0.0,108.0,-77.0,0.0,47.0,41.0,41.0,0.8723404255319149,15,0,17.0,15.0,15.0,0.8823529411764706,411528.0,149588472.0,150000000.0,0.00274352,87392.0,0.0087392,4
RX90_seed1009_600s,RX90,1009,310,320,benign,impairment,RX90,none,rx90,0,1,1.0,15.0,15.0,0.0,0.0,15.0,15.0,15,15,15,1.0,1.0,147.93333333333334,123.0,298.69999999999993,361.0,101.74370227380638,113.86666666666666,9.59067006944522,126.6,533.2666666666667,4.8,-73.53333333333333,0.0,108.0,-77.0,0.0,50.0,41.0,41.0,0.82,15,0,17.0,15.0,15.0,0.8823529411764706,424144.0,149575856.0,150000000.0,0.0028276266666666665,85296.0,0.0085296,4
RX90_seed1009_600s,RX90,1009,320,330,benign,impairment,RX90,none,rx90,0,1,1.0,15.0,15.0,0.0,0.0,15.0,15.0,15,15,15,1.0,1.0,155.53333333333333,146.0,330.49999999999994,383.0,102.3578224149176,116.86666666666666,13.850562993542725,138.59999999999997,537.0666666666667,4.8,-73.53333333333333,0.0,114.0,-77.0,0.0,53.0,41.0,41.0,0.7735849056603774,15,0,20.0,15.0,15.0,0.75,480152.0,149519848.0,150000000.0,0.0032010133333333335,102576.0,0.0102576,4
RX90_seed1009_600s,RX90,1009,330,340,benign,impairment,RX90,none,rx90,0,1,1.0,15.0,14.0,0.0,0.0,14.0,14.0,14,14,14,1.0,1.0,149.21428571428572,144.0,288.0,314.0,90.68896851871793,116.6,12.68182050923965,137.29999999999998,536.7333333333333,4.8,-73.53333333333333,0.0,113.0,-77.0,0.0,44.0,37.0,37.0,0.8409090909090909,15,0,18.0,14.0,14.0,0.7777777777777778,361392.0,149638608.0,150000000.0,0.00240928,86040.0,0.008604,4
RX90_seed1009_600s,RX90,1009,340,350,benign,impairment,RX90,none,rx90,0,1,1.0,14.0,15.0,0.0,0.0,15.0,15.0,15,15,15,1.0,1.0,179.86666666666667,152.0,425.8999999999999,470.0,135.03960618313147,119.73333333333333,14.374912008012265,139.7,540.8,4.8,-73.53333333333333,0.0,113.0,-77.0,0.0,55.0,41.0,41.0,0.7454545454545455,15,0,19.0,15.0,15.0,0.7894736842105263,457232.0,149542768.0,150000000.0,0.0030482133333333333,94960.0,0.009496,4
RX90_seed1009_600s,RX90,1009,350,360,benign,impairment,RX90,none,rx90,0,1,1.0,15.0,15.0,0.0,0.0,15.0,15.0,15,15,15,1.0,1.0,147.2,153.0,267.4,273.0,86.70079913950374,113.33333333333333,10.526610271570036,130.29999999999998,532.7333333333333,4.8,-73.53333333333333,0.0,110.0,-77.0,0.0,41.0,41.0,41.0,1.0,15,0,18.0,15.0,15.0,0.8333333333333334,390440.0,149609560.0,150000000.0,0.002602933333333333,88248.0,0.0088248,4
RX90_seed1009_600s,RX90,1009,360,370,benign,impairment,RX90,none,rx90,0,1,1.0,15.0,15.0,0.0,0.0,15.0,15.0,15,15,15,1.0,1.0,136.33333333333334,121.0,273.29999999999995,309.0,86.56101618979253,111.46666666666667,8.895156520478407,127.0,530.0,4.8,-73.53333333333333,0.0,107.0,-77.0,0.0,44.0,41.0,41.0,0.9318181818181818,15,0,17.0,15.0,15.0,0.8823529411764706,436056.0,149563944.0,150000000.0,0.00290704,85296.0,0.0085296,4
RX90_seed1009_600s,RX90,1009,370,380,benign,impairment,RX90,none,rx90,0,1,1.0,16.0,15.0,0.0,0.0,16.0,16.0,15,14,15,0.9333333333333333,1.0,145.64285714285714,118.0,326.69999999999993,432.0,110.43174511738158,115.2,12.445308926889453,133.59999999999997,534.9333333333333,4.8,-73.53333333333333,0.0,112.0,-77.0,0.0,56.0,42.0,41.0,0.75,15,0,21.0,16.0,16.0,0.7619047619047619,467936.0,149532064.0,150000000.0,0.003119573333333333,107496.0,0.0107496,4
RX90_seed1009_600s,RX90,1009,380,390,benign,impairment,RX90,none,rx90,0,1,1.0,15.0,15.0,1.0,0.0,15.0,15.0,15,15,15,1.0,1.0,147.06666666666666,119.0,325.8,330.0,96.33310265254964,112.73333333333333,9.647106647418525,130.1,531.7333333333333,4.8,-73.53333333333333,0.0,111.0,-77.0,0.0,48.0,43.0,41.0,0.8958333333333334,15,0,19.0,15.0,15.0,0.7894736842105263,412256.0,149587744.0,150000000.0,0.0027483733333333333,93104.0,0.0093104,4
RX90_seed1009_600s,RX90,1009,390,400,benign,impairment,RX90,none,rx90,0,1,1.0,14.0,14.0,0.0,0.0,14.0,14.0,15,15,15,1.0,1.0,150.26666666666668,158.0,278.99999999999994,300.0,87.69302518824782,113.26666666666667,13.487913460717694,140.6,532.4666666666667,4.8,-73.53333333333333,0.0,106.0,-77.0,0.0,45.0,38.0,40.0,0.8444444444444444,15,0,14.0,14.0,14.0,1.0,385240.0,149614760.0,150000000.0,0.002568266666666667,72672.0,0.0072672,4
RX90_seed1009_600s,RX90,1009,400,410,benign,impairment,RX90,none,rx90,0,1,1.0,17.0,16.0,0.0,0.0,15.0,15.0,15,15,15,1.0,1.0,134.2,132.0,267.3999999999999,329.0,88.07480586735022,111.46666666666667,12.732784829871646,139.5,530.2,4.8,-73.53333333333333,0.0,104.0,-77.0,0.0,47.0,43.0,45.0,0.9148936170212766,15,0,15.0,15.0,15.0,1.0,398872.0,149601128.0,150000000.0,0.0026591466666666666,83112.0,0.0083112,4
RX90_seed1009_600s,RX90,1009,410,420,benign,impairment,RX90,none,rx90,0,1,1.0,15.0,16.0,0.0,0.0,16.0,16.0,16,16,16,1.0,1.0,162.0625,182.5,256.25,257.0,80.67338987134067,116.8,14.967584021096105,140.79999999999998,537.0666666666667,4.8,-73.53333333333333,0.0,113.0,-77.0,0.0,59.0,44.0,46.0,0.7457627118644068,15,0,24.0,16.0,16.0,0.6666666666666666,505840.0,149494160.0,150000000.0,0.003372266666666667,114664.0,0.0114664,4
RX90_seed1009_600s,RX90,1009,420,430,benign,impairment,RX90,none,rx90,0,1,1.0,14.0,14.0,0.0,0.0,15.0,15.0,15,15,15,1.0,1.0,155.6,156.0,286.5999999999999,337.0,100.13547965488698,116.06666666666666,10.746871083959187,134.3,536.2,4.8,-73.53333333333333,0.0,110.0,-77.0,0.0,47.0,40.0,40.0,0.851063829787234,15,0,17.0,15.0,15.0,0.8823529411764706,404520.0,149595480.0,150000000.0,0.0026968,86336.0,0.0086336,4
RX90_seed1009_600s,RX90,1009,430,440,benign,impairment,RX90,none,rx90,0,1,1.0,15.0,15.0,0.0,0.0,15.0,15.0,15,15,15,1.0,1.0,147.46666666666667,152.0,246.29999999999995,268.0,77.85046716684003,113.2,8.953849930137793,128.6,532.4,4.8,-73.53333333333333,0.0,110.0,-77.0,0.0,43.0,41.0,41.0,0.9534883720930233,15,0,18.0,15.0,15.0,0.8333333333333334,386152.0,149613848.0,150000000.0,0.0025743466666666667,89088.0,0.0089088,4
RX90_seed1009_600s,RX90,1009,440,450,benign,impairment,RX90,none,rx90,0,1,1.0,15.0,14.0,0.0,0.0,15.0,15.0,14,14,14,1.0,1.0,169.21428571428572,172.0,351.8,357.0,101.63749956921076,113.8,10.591101386136787,130.9,534.2,4.8,-73.53333333333333,0.0,111.0,-77.0,0.0,47.0,40.0,42.0,0.851063829787234,15,0,18.0,15.0,16.0,0.8333333333333334,401136.0,149598864.0,150000000.0,0.00267424,88544.0,0.0088544,4
RX90_seed1009_600s,RX90,1009,450,460,benign,impairment,RX90,none,rx90,0,1,1.0,14.0,15.0,0.0,0.0,14.0,14.0,15,15,15,1.0,1.0,129.0,118.0,238.49999999999994,284.0,74.70322234396204,114.26666666666667,9.996189750290334,129.1,534.6666666666666,4.8,-73.53333333333333,0.0,110.0,-77.0,0.0,48.0,39.0,39.0,0.8125,15,0,16.0,14.0,14.0,0.875,390816.0,149609184.0,150000000.0,0.00260544,82088.0,0.0082088,4
RX90_seed1009_600s,RX90,1009,460,470,benign,impairment,RX90,none,rx90,0,1,1.0,15.0,14.0,0.0,0.0,16.0,16.0,14,14,14,1.0,1.0,147.92857142857142,135.0,268.95,293.0,84.16327015958947,110.93333333333334,6.933012813104175,121.6,531.2,4.8,-73.53333333333333,0.0,109.0,-77.0,0.0,44.0,42.0,43.0,0.9545454545454546,15,0,17.0,16.0,17.0,0.9411764705882353,416784.0,149583216.0,150000000.0,0.00277856,85072.0,0.0085072,4
RX90_seed1009_600s,RX90,1009,470,480,benign,impairment,RX90,none,rx90,0,1,1.0,14.0,15.0,0.0,0.0,13.0,13.0,15,15,15,1.0,1.0,161.86666666666667,142.0,309.59999999999985,409.0,100.71945950912128,113.06666666666666,8.746155618055173,129.3,533.5333333333333,4.8,-73.53333333333333,0.0,108.0,-77.0,0.0,49.0,40.0,40.0,0.8163265306122449,15,0,14.0,13.0,14.0,0.9285714285714286,402184.0,149597816.0,150000000.0,0.002681226666666667,71280.0,0.007128,4
RX90_seed1009_600s,RX90,1009,480,490,benign,impairment,RX90,none,rx90,0,1,1.0,15.0,15.0,0.0,0.0,15.0,15.0,15,15,15,1.0,1.0,155.46666666666667,165.0,254.99999999999997,269.0,73.87621564546492,112.66666666666667,9.663382036375896,129.0,532.6,4.8,-73.53333333333333,0.0,116.0,-77.0,0.0,47.0,40.0,41.0,0.851063829787234,15,0,20.0,15.0,15.0,0.75,414288.0,149585712.0,150000000.0,0.00276192,96096.0,0.0096096,4
RX90_seed1009_600s,RX90,1009,490,500,benign,impairment,RX90,none,rx90,0,1,1.0,16.0,16.0,0.0,0.0,16.0,16.0,15,15,15,1.0,1.0,159.53333333333333,130.0,278.2,281.0,90.36897908548254,113.06666666666666,8.786895003897781,125.69999999999999,533.1333333333333,4.8,-73.53333333333333,0.0,114.0,-77.0,0.0,53.0,45.0,44.0,0.8490566037735849,15,0,20.0,16.0,16.0,0.8,471080.0,149528920.0,150000000.0,0.003140533333333333,98968.0,0.0098968,4
RX90_seed1009_600s,RX90,1009,500,510,benign,impairment,RX90,none,rx90,0,1,1.0,15.0,14.0,0.0,0.0,15.0,15.0,15,15,15,1.0,1.0,173.06666666666666,174.0,327.3,335.0,107.88516822904585,110.06666666666666,7.759479609453447,121.69999999999999,529.2666666666667,4.8,-73.53333333333333,0.0,113.0,-77.0,0.0,40.0,39.0,38.0,0.975,15,0,17.0,15.0,15.0,0.8823529411764706,367224.0,149632776.0,150000000.0,0.00244816,83432.0,0.0083432,4
RX90_seed1009_600s,RX90,1009,510,520,benign,impairment,RX90,none,rx90,0,1,1.0,15.0,16.0,0.0,0.0,16.0,16.0,15,15,15,1.0,1.0,177.26666666666668,147.0,359.29999999999984,444.0,114.75717634993256,112.86666666666666,8.96713576397301,125.89999999999999,531.1333333333333,4.8,-73.53333333333333,0.0,121.0,-77.0,0.0,55.0,43.0,45.0,0.7818181818181819,15,0,24.0,16.0,16.0,0.6666666666666666,469368.0,149530632.0,150000000.0,0.00312912,113856.0,0.0113856,4
RX90_seed1009_600s,RX90,1009,520,530,benign,impairment,RX90,none,rx90,0,1,1.0,16.0,14.0,0.0,0.0,14.0,14.0,15,15,15,1.0,1.0,148.6,141.0,291.59999999999997,328.0,87.02692522596506,110.73333333333333,8.721620644505624,124.39999999999999,532.0,4.8,-73.53333333333333,0.0,110.0,-77.0,0.0,44.0,40.0,41.0,0.9090909090909091,15,0,14.0,14.0,14.0,1.0,425240.0,149574760.0,150000000.0,0.002834933333333333,70480.0,0.007048,4
RX90_seed1010_600s,RX90,1010,190,200,benign,impairment,RX90,none,rx90,0,1,1.0,15.0,15.0,0.0,0.0,15.0,15.0,15,15,15,1.0,1.0,149.93333333333334,142.0,295.9999999999999,352.0,96.71937807512047,120.53333333333333,14.642729383879352,140.59999999999997,534.0666666666667,4.8,-71.73333333333333,0.0,120.0,-77.0,0.0,46.0,40.0,41.0,0.8695652173913043,15,0,20.0,15.0,15.0,0.75,396464.0,149603536.0,150000000.0,0.002643093333333333,99504.0,0.0099504,5
RX90_seed1010_600s,RX90,1010,200,210,benign,impairment,RX90,none,rx90,0,1,1.0,15.0,15.0,0.0,0.0,15.0,15.0,15,15,15,1.0,1.0,163.6,157.0,268.2,292.0,75.60876744323845,121.4,18.27488518627213,150.39999999999998,535.2,4.8,-71.73333333333333,0.0,114.0,-77.0,0.0,48.0,40.0,43.0,0.8333333333333334,15,0,16.0,15.0,15.0,0.9375,386576.0,149613424.0,150000000.0,0.0025771733333333335,88712.0,0.0088712,5
RX90_seed1010_600s,RX90,1010,210,220,benign,impairment,RX90,none,rx90,0,1,1.0,16.0,16.0,0.0,0.0,15.0,15.0,15,15,15,1.0,1.0,169.0,176.0,347.39999999999975,493.0,121.82891986012892,124.26666666666667,16.951471350663958,155.29999999999998,538.8,4.8,-71.73333333333333,0.0,127.0,-77.0,0.0,60.0,46.0,47.0,0.7666666666666667,15,0,24.0,15.0,15.0,0.625,486760.0,149513240.0,150000000.0,0.0032450666666666668,112200.0,0.01122,5
RX90_seed1010_600s,RX90,1010,220,230,benign,impairment,RX90,none,rx90,0,1,1.0,16.0,16.0,0.0,0.0,16.0,16.0,16,16,16,1.0,1.0,157.9375,141.5,280.5,288.0,97.15723939401873,121.8,14.55629466195688,144.79999999999998,535.6,4.8,-71.73333333333333,0.0,116.0,-77.0,0.0,48.0,42.0,43.0,0.875,15,0,16.0,16.0,16.0,1.0,419144.0,149580856.0,150000000.0,0.0027942933333333334,83232.0,0.0083232,5
RX90_seed1010_600s,RX90,1010,230,240,benign,impairment,RX90,none,rx90,0,1,1.0,15.0,15.0,0.0,0.0,16.0,16.0,16,16,16,1.0,1.0,147.9375,152.5,240.25,241.0,70.30739055509504,120.4,15.555430838502307,151.2,536.8666666666667,4.8,-71.73333333333333,0.0,110.0,-77.0,0.0,47.0,41.0,43.0,0.8723404255319149,15,0,16.0,16.0,18.0,1.0,422384.0,149577616.0,150000000.0,0.0028158933333333335,82928.0,0.0082928,5
RX90_seed1010_600s,RX90,1010,240,250,benign,impairment,RX90,none,rx90,0,1,1.0,14.0,14.0,0.0,0.0,13.0,13.0,13,13,13,1.0,1.0,140.0,130.0,295.39999999999986,359.0,91.63059896490182,122.13333333333334,19.212595075205467,153.7,538.9333333333333,4.8,-71.73333333333333,0.0,111.0,-77.0,0.0,50.0,40.0,40.0,0.8,15,0,14.0,13.0,13.0,0.9285714285714286,425784.0,149574216.0,150000000.0,0.00283856,71280.0,0.007128,5
RX90_seed1010_600s,RX90,1010,250,260,benign,impairment,RX90,none,rx90,0,1,1.0,15.0,15.0,0.0,0.0,15.0,15.0,15,15,15,1.0,1.0,144.8,142.0,256.29999999999995,292.0,80.96313093889448,119.93333333333334,13.899982870835625,143.79999999999998,536.8666666666667,4.8,-71.73333333333333,0.0,107.0,-77.0,0.0,44.0,38.0,39.0,0.8636363636363636,15,0,15.0,15.0,15.0,1.0,375328.0,149624672.0,150000000.0,0.0025021866666666667,79168.0,0.0079168,5
RX90_seed1010_600s,RX90,1010,260,270,benign,impairment,RX90,none,rx90,0,1,1.0,14.0,14.0,0.0,0.0,15.0,15.0,15,15,15,1.0,1.0,150.8,133.0,319.0,319.0,89.5976721636386,117.33333333333333,13.792682670100666,141.0,533.3333333333334,4.8,-71.73333333333333,0.0,107.0,-77.0,0.0,42.0,39.0,39.0,0.9285714285714286,15,0,16.0,15.0,15.0,0.9375,407736.0,149592264.0,150000000.0,0.00271824,82648.0,0.0082648,5
RX90_seed1010_600s,RX90,1010,270,280,benign,impairment,RX90,none,rx90,0,1,1.0,15.0,15.0,0.0,0.0,15.0,15.0,15,15,15,1.0,1.0,136.53333333333333,139.0,245.29999999999998,253.0,70.89213805560696,114.4,14.024468413658832,142.6,528.3333333333334,4.8,-71.73333333333333,0.0,104.0,-77.0,0.0,43.0,41.0,44.0,0.9534883720930233,15,0,15.0,15.0,17.0,1.0,378512.0,149621488.0,150000000.0,0.0025234133333333335,75880.0,0.007588,5
RX90_seed1010_600s,RX90,1010,280,290,benign,impairment,RX90,none,rx90,0,1,1.0,15.0,15.0,0.0,0.0,15.0,15.0,15,15,15,1.0,1.0,150.4,172.0,252.89999999999992,297.0,75.55679037272938,112.53333333333333,11.618130330692301,133.1,525.8666666666667,4.8,-71.73333333333333,0.0,106.0,-77.0,0.0,43.0,41.0,41.0,0.9534883720930233,15,0,17.0,15.0,15.0,0.8823529411764706,390296.0,149609704.0,150000000.0,0.002601973333333333,83144.0,0.0083144,5
RX90_seed1010_600s,RX90,1010,290,300,benign,impairment,RX90,none,rx90,0,1,1.0,16.0,16.0,0.0,0.0,15.0,15.0,15,15,15,1.0,1.0,131.93333333333334,146.0,247.69999999999993,296.0,72.91821903109447,110.53333333333333,9.876860885543593,127.69999999999999,526.8,4.8,-71.73333333333333,0.0,113.0,-77.0,0.0,45.0,43.0,46.0,0.9555555555555556,15,0,19.0,15.0,15.0,0.7894736842105263,424552.0,149575448.0,150000000.0,0.002830346666666667,92584.0,0.0092584,5
RX90_seed1010_600s,RX90,1010,300,310,benign,impairment,RX90,none,rx90,0,1,1.0,16.0,14.0,0.0,0.0,16.0,16.0,16,16,16,1.0,1.0,153.1875,171.0,262.5,282.0,85.73697665923768,112.26666666666667,8.198141485088179,124.39999999999999,529.0,4.8,-71.73333333333333,0.0,112.0,-77.0,0.0,53.0,45.0,43.0,0.8490566037735849,15,0,18.0,16.0,16.0,0.8888888888888888,454768.0,149545232.0,150000000.0,0.0030317866666666666,90328.0,0.0090328,5
RX90_seed1010_600s,RX90,1010,310,320,benign,impairment,RX90,none,rx90,0,1,1.0,14.0,16.0,0.0,0.0,15.0,15.0,15,15,15,1.0,1.0,151.53333333333333,107.0,380.09999999999997,399.0,112.32851480410145,116.6,9.977116674814278,130.29999999999998,534.6,4.8,-71.73333333333333,0.0,111.0,-77.0,0.0,50.0,38.0,40.0,0.76,15,0,16.0,15.0,15.0,0.9375,448320.0,149551680.0,150000000.0,0.0029888,82088.0,0.0082088,5
RX90_seed1010_600s,RX90,1010,320,330,benign,impairment,RX90,none,rx90,0,1,1.0,15.0,15.0,0.0,0.0,15.0,15.0,15,15,15,1.0,1.0,142.73333333333332,154.0,239.7,246.0,72.3399382545124,116.06666666666666,9.246363506548835,129.1,533.7333333333333,4.8,-71.73333333333333,0.0,111.0,-77.0,0.0,49.0,42.0,41.0,0.8571428571428571,15,0,17.0,15.0,15.0,0.8823529411764706,423648.0,149576352.0,150000000.0,0.00282432,84000.0,0.0084,5
RX90_seed1010_600s,RX90,1010,330,340,benign,impairment,RX90,none,rx90,0,1,1.0,16.0,16.0,0.0,0.0,16.0,16.0,16,16,16,1.0,1.0,174.8125,176.5,334.5,375.0,99.6194216338695,114.86666666666666,10.048927921970204,131.6,532.4,4.8,-71.73333333333333,0.0,111.0,-77.0,0.0,48.0,43.0,44.0,0.8958333333333334,15,0,18.0,16.0,16.0,0.8888888888888888,460624.0,149539376.0,150000000.0,0.0030708266666666668,90344.0,0.0090344,5
RX90_seed1010_600s,RX90,1010,340,350,benign,impairment,RX90,none,rx90,0,1,1.0,14.0,14.0,0.0,0.0,14.0,14.0,14,14,14,1.0,1.0,140.14285714285714,138.0,309.8,315.0,93.58900095043808,114.66666666666667,12.098799625622053,135.2,531.9333333333333,4.8,-71.73333333333333,0.0,110.0,-77.0,0.0,45.0,40.0,40.0,0.8888888888888888,15,0,15.0,14.0,14.0,0.9333333333333333,384656.0,149615344.0,150000000.0,0.002564373333333333,74240.0,0.007424,5
RX90_seed1010_600s,RX90,1010,350,360,benign,impairment,RX90,none,rx90,0,1,1.0,16.0,16.0,0.0,0.0,15.0,15.0,15,15,15,1.0,1.0,153.6,127.0,267.0,274.0,80.9821849897512,112.2,9.29054819234504,126.29999999999998,529.0666666666667,4.8,-71.73333333333333,0.0,114.0,-77.0,0.0,44.0,42.0,42.0,0.9545454545454546,15,0,20.0,15.0,15.0,0.75,391424.0,149608576.0,150000000.0,0.002609493333333333,96600.0,0.00966,5
RX90_seed1010_600s,RX90,1010,360,370,benign,impairment,RX90,none,rx90,0,1,1.0,15.0,15.0,0.0,0.0,15.0,15.0,15,15,15,1.0,1.0,152.53333333333333,140.0,309.4,322.0,98.18485966108351,111.73333333333333,9.160993915717308,127.89999999999999,528.2666666666667,4.8,-71.73333333333333,0.0,113.0,-77.0,0.0,44.0,41.0,41.0,0.9318181818181818,15,0,17.0,15.0,15.0,0.8823529411764706,392288.0,149607712.0,150000000.0,0.0026152533333333333,84528.0,0.0084528,5
RX90_seed1010_600s,RX90,1010,370,380,benign,impairment,RX90,none,rx90,0,1,1.0,15.0,15.0,0.0,0.0,15.0,15.0,15,15,15,1.0,1.0,158.2,128.0,355.3999999999999,417.0,115.26875428443614,111.93333333333334,8.688799577343126,127.3,528.4666666666667,4.8,-71.73333333333333,0.0,114.0,-77.0,0.0,45.0,41.0,41.0,0.9111111111111111,15,0,18.0,15.0,15.0,0.8333333333333334,401768.0,149598232.0,150000000.0,0.0026784533333333335,89376.0,0.0089376,5
RX90_seed1010_600s,RX90,1010,380,390,benign,impairment,RX90,none,rx90,0,1,1.0,15.0,15.0,0.0,0.0,15.0,15.0,15,15,15,1.0,1.0,146.4,149.0,283.99999999999994,326.0,82.42381763959804,111.8,12.60498767495289,132.59999999999997,528.4,4.8,-71.73333333333333,0.0,112.0,-77.0,0.0,46.0,41.0,41.0,0.8913043478260869,15,0,16.0,15.0,15.0,0.9375,382384.0,149617616.0,150000000.0,0.0025492266666666667,82576.0,0.0082576,5
RX90_seed1010_600s,RX90,1010,390,400,benign,impairment,RX90,none,rx90,0,1,1.0,15.0,15.0,0.0,0.0,15.0,15.0,15,15,15,1.0,1.0,161.4,140.0,315.4999999999999,410.0,104.6414285616771,118.13333333333334,17.041406157049476,146.99999999999997,536.5333333333333,4.8,-71.73333333333333,0.0,115.0,-77.0,0.0,56.0,41.0,41.0,0.7321428571428571,15,0,18.0,15.0,15.0,0.8333333333333334,449792.0,149550208.0,150000000.0,0.0029986133333333334,95216.0,0.0095216,5
RX90_seed1010_600s,RX90,1010,400,410,benign,impairment,RX90,none,rx90,0,1,1.0,15.0,15.0,0.0,0.0,16.0,16.0,15,15,15,1.0,1.0,141.33333333333334,154.0,245.99999999999997,267.0,81.63653477165607,114.66666666666667,13.610220249433704,144.6,532.1333333333333,4.8,-71.73333333333333,0.0,111.0,-77.0,0.0,44.0,41.0,41.0,0.9318181818181818,15,0,17.0,16.0,16.0,0.9411764705882353,442032.0,149557968.0,150000000.0,0.00294688,85880.0,0.008588,5
RX90_seed1010_600s,RX90,1010,410,420,benign,impairment,RX90,none,rx90,0,1,1.0,15.0,15.0,0.0,0.0,15.0,15.0,16,16,16,1.0,1.0,173.875,168.5,310.5,342.0,91.74956857300928,115.2,12.757070868457898,141.0,532.8,4.8,-71.73333333333333,0.0,111.0,-77.0,0.0,49.0,41.0,41.0,0.8367346938775511,15,0,17.0,15.0,15.0,0.8823529411764706,408688.0,149591312.0,150000000.0,0.0027245866666666665,85040.0,0.008504,5
RX90_seed1010_600s,RX90,1010,420,430,benign,impairment,RX90,none,rx90,0,1,1.0,15.0,15.0,0.0,0.0,14.0,14.0,14,14,14,1.0,1.0,155.5,138.5,282.3,307.0,90.65212458794163,113.26666666666667,10.680199748444158,131.39999999999998,529.2,4.8,-71.73333333333333,0.0,113.0,-77.0,0.0,44.0,41.0,46.0,0.9318181818181818,15,0,16.0,14.0,16.0,0.875,418416.0,149581584.0,150000000.0,0.00278944,83072.0,0.0083072,5
RX90_seed1010_600s,RX90,1010,430,440,benign,impairment,RX90,none,rx90,0,1,1.0,14.0,14.0,0.0,0.0,15.0,15.0,15,15,15,1.0,1.0,146.93333333333334,102.0,271.59999999999997,287.0,82.65545238835615,114.13333333333334,12.356991466179705,136.0,531.3333333333334,4.8,-71.73333333333333,0.0,110.0,-77.0,0.0,46.0,39.0,40.0,0.8478260869565217,15,0,15.0,15.0,15.0,1.0,404952.0,149595048.0,150000000.0,0.00269968,75880.0,0.007588,5
RX90_seed1010_600s,RX90,1010,440,450,benign,impairment,RX90,none,rx90,0,1,1.0,15.0,15.0,0.0,0.0,15.0,15.0,15,15,15,1.0,1.0,175.73333333333332,166.0,381.2,405.0,111.75704942077746,114.8,11.675370902643124,130.6,532.4,4.8,-71.73333333333333,0.0,114.0,-77.0,0.0,49.0,41.0,41.0,0.8367346938775511,15,0,18.0,15.0,15.0,0.8333333333333334,417688.0,149582312.0,150000000.0,0.0027845866666666667,90728.0,0.0090728,5
RX90_seed1010_600s,RX90,1010,450,460,benign,impairment,RX90,none,rx90,0,1,1.0,15.0,15.0,0.0,0.0,15.0,15.0,15,15,15,1.0,1.0,177.73333333333332,152.0,403.3999999999999,472.0,135.12875694085605,117.0,14.793821103999564,145.3,540.0666666666667,4.8,-71.73333333333333,0.0,159.0,-77.0,0.0,52.0,41.0,43.0,0.7884615384615384,15,0,23.0,14.0,15.0,0.6086956521739131,439824.0,149560176.0,150000000.0,0.00293216,105872.0,0.0105872,5
RX90_seed1010_600s,RX90,1010,460,470,benign,impairment,RX90,none,rx90,0,1,1.0,15.0,15.0,0.0,0.0,15.0,15.0,15,15,15,1.0,1.0,141.93333333333334,132.0,291.4,325.0,89.07498179035673,116.06666666666666,11.379597448734208,131.7,535.0666666666667,4.8,-71.73333333333333,0.0,144.0,-77.0,0.0,47.0,41.0,43.0,0.8723404255319149,15,0,16.0,15.0,15.0,0.9375,423032.0,149576968.0,150000000.0,0.0028202133333333334,79384.0,0.0079384,5
RX90_seed1010_600s,RX90,1010,470,480,benign,impairment,RX90,none,rx90,0,1,1.0,15.0,15.0,0.0,0.0,15.0,15.0,15,15,15,1.0,1.0,144.06666666666666,126.0,291.29999999999995,327.0,95.44143055647619,113.2,8.603985787329698,124.79999999999998,530.4666666666667,4.8,-71.73333333333333,0.0,135.0,-77.0,0.0,43.0,41.0,42.0,0.9534883720930233,15,0,16.0,15.0,15.0,0.9375,386472.0,149613528.0,150000000.0,0.00257648,79928.0,0.0079928,5
RX90_seed1010_600s,RX90,1010,480,490,benign,impairment,RX90,none,rx90,0,1,1.0,15.0,15.0,0.0,0.0,15.0,15.0,15,15,15,1.0,1.0,137.06666666666666,141.0,223.99999999999994,252.0,69.43698753614846,111.6,6.987744373442078,120.99999999999999,533.8,4.8,-71.73333333333333,0.0,135.0,-77.0,0.0,44.0,41.0,42.0,0.9318181818181818,15,0,19.0,15.0,15.0,0.7894736842105263,430528.0,149569472.0,150000000.0,0.0028701866666666666,91208.0,0.0091208,5
RX90_seed1010_600s,RX90,1010,490,500,benign,impairment,RX90,none,rx90,0,1,1.0,16.0,15.0,0.0,0.0,15.0,15.0,15,15,15,1.0,1.0,154.8,148.0,245.49999999999997,263.0,62.54735348974749,111.8,9.740929847078988,124.49999999999997,534.0666666666667,4.8,-71.73333333333333,0.0,129.0,-77.0,0.0,49.0,43.0,42.0,0.8775510204081632,15,0,17.0,15.0,15.0,0.8823529411764706,440480.0,149559520.0,150000000.0,0.0029365333333333334,83984.0,0.0083984,5
RX90_seed1010_600s,RX90,1010,500,510,benign,impairment,RX90,none,rx90,0,1,1.0,15.0,16.0,0.0,0.0,15.0,15.0,15,15,15,1.0,1.0,145.13333333333333,152.0,294.29999999999995,337.0,97.3196989798253,114.06666666666666,11.609519903120558,135.2,536.8666666666667,4.8,-71.73333333333333,0.0,121.0,-77.0,0.0,50.0,42.0,43.0,0.84,15,0,15.0,15.0,15.0,1.0,451320.0,149548680.0,150000000.0,0.0030088,76976.0,0.0076976,5
RX90_seed1010_600s,RX90,1010,510,520,benign,impairment,RX90,none,rx90,0,1,1.0,15.0,14.0,0.0,0.0,15.0,15.0,15,15,15,1.0,1.0,143.86666666666667,114.0,296.4,323.0,93.21010572638468,115.93333333333334,14.34008700245906,139.79999999999998,539.1333333333333,4.8,-71.73333333333333,0.0,125.0,-77.0,0.0,50.0,41.0,40.0,0.82,15,0,19.0,15.0,16.0,0.7894736842105263,430008.0,149569992.0,150000000.0,0.00286672,93872.0,0.0093872,5
RX90_seed1010_600s,RX90,1010,520,530,benign,impairment,RX90,none,rx90,0,1,1.0,15.0,16.0,0.0,0.0,16.0,16.0,16,16,16,1.0,1.0,159.625,146.5,275.0,302.0,86.75626778510012,114.46666666666667,12.39162543625254,137.6,537.4666666666667,4.8,-71.73333333333333,0.0,118.0,-77.0,0.0,46.0,41.0,42.0,0.8913043478260869,15,0,17.0,16.0,16.0,0.9411764705882353,380976.0,149619024.0,150000000.0,0.00253984,85880.0,0.008588,5
UDP_Flood_seed1001_600s,UDP_Flood,1001,190,200,attack,attack,UDP_Flood,udp_flood,none,1,0,1.0,13.0,13.0,0.0,0.0,15.0,15.0,13,13,13,1.0,1.0,170.69230769230768,181.0,301.9999999999999,356.0,93.43213634806871,110.6,8.31350020835302,125.19999999999999,496.93333333333334,4.8,-71.73333333333333,0.0,110.0,-77.0,0.0,149.0,137.0,37.0,0.9194630872483222,15,0,18.0,15.0,65.0,0.8333333333333334,851312.0,149148688.0,150000000.0,0.005675413333333333,150160.0,0.015016,1
UDP_Flood_seed1001_600s,UDP_Flood,1001,200,210,attack,attack,UDP_Flood,udp_flood,none,1,0,1.0,15.0,15.0,0.0,0.0,13.0,13.0,15,15,15,1.0,1.0,174.26666666666668,178.0,282.3,283.0,90.35048159146427,108.33333333333333,7.432233529572065,119.39999999999999,494.1333333333333,4.8,-71.73333333333333,0.0,108.0,-77.0,0.0,141.0,139.0,40.0,0.9858156028368794,15,0,13.0,13.0,62.0,1.0,822640.0,149177360.0,150000000.0,0.005484266666666667,122760.0,0.012276,1
UDP_Flood_seed1001_600s,UDP_Flood,1001,210,220,attack,attack,UDP_Flood,udp_flood,none,1,0,1.0,15.0,15.0,0.0,0.0,15.0,15.0,15,15,15,1.0,1.0,151.66666666666666,137.0,274.29999999999995,296.0,88.18703068451948,107.13333333333334,7.41491418567689,121.3,492.46666666666664,4.8,-71.73333333333333,0.0,108.0,-77.0,0.0,144.0,140.0,41.0,0.9722222222222222,15,0,16.0,15.0,65.0,0.9375,827088.0,149172912.0,150000000.0,0.00551392,135184.0,0.0135184,1
UDP_Flood_seed1001_600s,UDP_Flood,1001,220,230,attack,attack,UDP_Flood,udp_flood,none,1,0,1.0,15.0,15.0,0.0,0.0,15.0,15.0,16,16,16,1.0,1.0,162.9375,149.0,295.5,372.0,98.01664399478285,107.93333333333334,8.030892733391356,122.29999999999998,493.53333333333336,4.8,-71.73333333333333,0.0,115.0,-77.0,0.0,148.0,141.0,41.0,0.9527027027027027,15,0,19.0,15.0,65.0,0.7894736842105263,872752.0,149127248.0,150000000.0,0.005818346666666667,147936.0,0.0147936,1
UDP_Flood_seed1001_600s,UDP_Flood,1001,230,240,attack,attack,UDP_Flood,udp_flood,none,1,0,1.0,15.0,15.0,0.0,0.0,15.0,15.0,15,15,15,1.0,1.0,168.06666666666666,131.0,314.3,315.0,102.78442535344593,107.8,7.3698226379123755,119.29999999999998,493.3333333333333,4.8,-71.73333333333333,0.0,110.0,-77.0,0.0,147.0,141.0,41.0,0.9591836734693877,15,0,15.0,15.0,67.0,1.0,864744.0,149135256.0,150000000.0,0.00576496,134872.0,0.0134872,1
UDP_Flood_seed1001_600s,UDP_Flood,1001,240,250,attack,attack,UDP_Flood,udp_flood,none,1,0,1.0,15.0,15.0,0.0,0.0,15.0,15.0,15,15,15,1.0,1.0,185.2,218.0,370.3999999999999,425.0,126.70674804445106,107.13333333333334,7.881865865631662,123.3,492.6666666666667,4.8,-71.73333333333333,0.0,108.0,-77.0,0.0,146.0,140.0,46.0,0.958904109589041,15,0,15.0,15.0,65.0,1.0,894752.0,149105248.0,150000000.0,0.005965013333333333,140928.0,0.0140928,1
UDP_Flood_seed1001_600s,UDP_Flood,1001,250,260,attack,attack,UDP_Flood,udp_flood,none,1,0,1.0,15.0,15.0,0.0,0.0,15.0,15.0,15,15,15,1.0,1.0,138.06666666666666,139.0,303.0,310.0,92.4147998866807,106.66666666666667,7.470577207252718,121.0,492.4,4.8,-71.73333333333333,0.0,109.0,-77.0,0.0,144.0,141.0,42.0,0.9791666666666666,15,0,16.0,15.0,64.0,0.9375,860096.0,149139904.0,150000000.0,0.005733973333333333,136080.0,0.013608,1
UDP_Flood_seed1001_600s,UDP_Flood,1001,260,270,attack,attack,UDP_Flood,udp_flood,none,1,0,1.0,15.0,15.0,0.0,0.0,15.0,15.0,14,14,14,1.0,1.0,157.21428571428572,155.0,297.95,322.0,98.08095445280713,106.66666666666667,8.295150620062532,121.99999999999999,492.46666666666664,4.8,-71.73333333333333,0.0,113.0,-77.0,0.0,143.0,140.0,41.0,0.9790209790209791,15,0,18.0,15.0,65.0,0.8333333333333334,861912.0,149138088.0,150000000.0,0.00574608,142744.0,0.0142744,1
UDP_Flood_seed1001_600s,UDP_Flood,1001,270,280,attack,attack,UDP_Flood,udp_flood,none,1,0,1.0,14.0,14.0,0.0,0.0,15.0,15.0,15,15,15,1.0,1.0,167.26666666666668,171.0,318.9,342.0,102.44403814952312,106.46666666666667,7.059610133576446,118.99999999999999,491.46666666666664,4.8,-71.73333333333333,0.0,120.0,-77.0,0.0,145.0,139.0,43.0,0.9586206896551724,15,0,21.0,15.0,66.0,0.7142857142857143,874320.0,149125680.0,150000000.0,0.0058288,155192.0,0.0155192,1
UDP_Flood_seed1001_600s,UDP_Flood,1001,280,290,attack,attack,UDP_Flood,udp_flood,none,1,0,1.0,15.0,15.0,0.0,0.0,15.0,15.0,15,15,15,1.0,1.0,148.6,131.0,267.69999999999993,309.0,84.3892342490608,105.6,7.048809423279529,118.1,490.4,4.8,-71.73333333333333,0.0,117.0,-77.0,0.0,145.0,140.0,44.0,0.9655172413793104,15,0,17.0,15.0,65.0,0.8823529411764706,863936.0,149136064.0,150000000.0,0.005759573333333334,137792.0,0.0137792,1
UDP_Flood_seed1001_600s,UDP_Flood,1001,290,300,attack,attack,UDP_Flood,udp_flood,none,1,0,1.0,15.0,15.0,0.0,0.0,14.0,14.0,15,15,15,1.0,1.0,183.0,135.0,395.2999999999998,550.0,135.85233580199179,106.2,8.187097863624901,118.79999999999998,489.46666666666664,4.8,-71.73333333333333,0.0,116.0,-77.0,0.0,147.0,140.0,43.0,0.9523809523809523,15,0,17.0,14.0,64.0,0.8235294117647058,884760.0,149115240.0,150000000.0,0.0058984,138120.0,0.013812,1
UDP_Flood_seed1001_600s,UDP_Flood,1001,300,310,attack,attack,UDP_Flood,udp_flood,none,1,0,1.0,16.0,15.0,0.0,0.0,16.0,16.0,15,15,15,1.0,1.0,163.8,134.0,350.9999999999999,421.0,109.20635774270914,107.73333333333333,10.166237305531528,128.2,491.53333333333336,4.8,-71.73333333333333,0.0,110.0,-77.0,0.0,148.0,142.0,41.0,0.9594594594594594,15,0,16.0,16.0,66.0,1.0,839016.0,149160984.0,150000000.0,0.00559344,136632.0,0.0136632,1
UDP_Flood_seed1001_600s,UDP_Flood,1001,310,320,attack,attack,UDP_Flood,udp_flood,none,1,0,1.0,14.0,15.0,0.0,0.0,14.0,14.0,15,15,15,1.0,1.0,150.53333333333333,149.0,238.6,247.0,69.10640518863094,105.86666666666666,9.030635689273538,124.5,489.2,4.8,-71.73333333333333,0.0,110.0,-77.0,0.0,144.0,140.0,41.0,0.9722222222222222,15,0,15.0,14.0,64.0,0.9333333333333333,838264.0,149165880.0,150004144.0,0.005588272281331108,130968.0,0.0130968,1
UDP_Flood_seed1001_600s,UDP_Flood,1001,320,330,attack,attack,UDP_Flood,udp_flood,none,1,0,1.0,15.0,15.0,0.0,0.0,15.0,15.0,15,15,15,1.0,1.0,132.2,140.0,285.3999999999999,326.0,83.62689246203725,106.66666666666667,12.297889869326982,128.2,490.1333333333333,4.8,-71.73333333333333,0.0,108.0,-77.0,0.0,145.0,140.0,41.0,0.9655172413793104,15,0,16.0,15.0,65.0,0.9375,848408.0,149147448.0,149995856.0,0.005656209595550426,136080.0,0.013608,1
UDP_Flood_seed1001_600s,UDP_Flood,1001,330,340,attack,attack,UDP_Flood,udp_flood,none,1,0,1.0,15.0,15.0,0.0,0.0,15.0,15.0,15,15,15,1.0,1.0,153.66666666666666,133.0,325.6,327.0,95.09068353544471,107.0,11.084094137869043,125.59999999999998,490.53333333333336,4.8,-71.73333333333333,0.0,104.0,-77.0,0.0,145.0,140.0,41.0,0.9655172413793104,15,0,15.0,15.0,64.0,1.0,845752.0,149154248.0,150000000.0,0.005638346666666667,129584.0,0.0129584,1
UDP_Flood_seed1001_600s,UDP_Flood,1001,340,350,attack,attack,UDP_Flood,udp_flood,none,1,0,1.0,15.0,15.0,0.0,0.0,15.0,15.0,13,13,13,1.0,1.0,178.07692307692307,222.0,320.0,329.0,108.74163687265145,111.33333333333333,14.375905768565216,139.0,496.26666666666665,4.8,-71.73333333333333,0.0,109.0,-77.0,0.0,161.0,141.0,41.0,0.8757763975155279,15,0,18.0,15.0,65.0,0.8333333333333334,916808.0,149083192.0,150000000.0,0.006112053333333333,145928.0,0.0145928,1
UDP_Flood_seed1001_600s,UDP_Flood,1001,350,360,attack,attack,UDP_Flood,udp_flood,none,1,0,1.0,15.0,15.0,0.0,0.0,15.0,15.0,15,15,15,1.0,1.0,179.13333333333333,191.0,315.7,336.0,95.00967369293559,114.06666666666666,17.665408760248564,141.69999999999996,499.53333333333336,4.8,-71.73333333333333,0.0,105.0,-77.0,0.0,154.0,140.0,41.0,0.9090909090909091,15,0,15.0,15.0,65.0,1.0,895800.0,149104200.0,150000000.0,0.005972,131776.0,0.0131776,1
UDP_Flood_seed1001_600s,UDP_Flood,1001,360,370,attack,attack,UDP_Flood,udp_flood,none,1,0,1.0,15.0,15.0,0.0,0.0,16.0,16.0,16,16,16,1.0,1.0,150.5625,150.0,298.5,318.0,88.80688317917705,109.26666666666667,12.640449057725457,131.29999999999998,493.4,4.8,-71.73333333333333,0.0,105.0,-77.0,0.0,146.0,141.0,41.0,0.9657534246575342,15,0,17.0,16.0,66.0,0.9411764705882353,857048.0,149142952.0,150000000.0,0.005713653333333333,139584.0,0.0139584,1
UDP_Flood_seed1001_600s,UDP_Flood,1001,370,380,attack,attack,UDP_Flood,udp_flood,none,1,0,1.0,15.0,15.0,0.0,0.0,14.0,14.0,15,15,15,1.0,1.0,145.46666666666667,133.0,279.49999999999994,304.0,94.24274634206729,107.73333333333333,11.460906637451549,127.69999999999999,491.4,4.8,-71.73333333333333,0.0,105.0,-77.0,0.0,144.0,140.0,41.0,0.9722222222222222,15,0,15.0,14.0,63.0,0.9333333333333333,844232.0,149155768.0,150000000.0,0.005628213333333333,128048.0,0.0128048,1
UDP_Flood_seed1001_600s,UDP_Flood,1001,380,390,attack,attack,UDP_Flood,udp_flood,none,1,0,1.0,16.0,15.0,0.0,0.0,16.0,16.0,15,15,15,1.0,1.0,152.73333333333332,142.0,259.9,269.0,74.67784780228307,107.33333333333333,9.060642256222133,121.3,491.0,4.8,-71.73333333333333,0.0,104.0,-77.0,0.0,150.0,142.0,45.0,0.9466666666666667,15,0,17.0,16.0,66.0,0.9411764705882353,867024.0,149137576.0,150004600.0,0.005779982747195753,146680.0,0.014668,1
UDP_Flood_seed1001_600s,UDP_Flood,1001,390,400,attack,attack,UDP_Flood,udp_flood,none,1,0,1.0,14.0,15.0,0.0,0.0,14.0,14.0,16,16,16,1.0,1.0,152.6875,157.5,273.25,385.0,96.13165885041894,107.13333333333334,7.8090301818441175,121.19999999999999,490.73333333333335,4.8,-71.73333333333333,0.0,111.0,-77.0,0.0,147.0,139.0,41.0,0.9455782312925171,15,0,19.0,14.0,64.0,0.7368421052631579,867856.0,149127544.0,149995400.0,0.005785884100445747,151384.0,0.0151384,1
UDP_Flood_seed1001_600s,UDP_Flood,1001,400,410,attack,attack,UDP_Flood,udp_flood,none,1,0,1.0,15.0,15.0,0.0,0.0,15.0,15.0,14,14,14,1.0,1.0,171.0,189.5,295.9,318.0,94.35122599179009,108.0,9.739463170891035,122.99999999999997,491.8,4.8,-71.73333333333333,0.0,111.0,-77.0,0.0,152.0,140.0,40.0,0.9210526315789473,15,0,18.0,15.0,65.0,0.8333333333333334,882728.0,149117272.0,150000000.0,0.005884853333333333,148128.0,0.0148128,1
UDP_Flood_seed1001_600s,UDP_Flood,1001,410,420,attack,attack,UDP_Flood,udp_flood,none,1,0,1.0,15.0,15.0,0.0,0.0,16.0,16.0,15,15,15,1.0,1.0,160.93333333333334,138.0,323.6,325.0,104.03671513094835,108.46666666666667,11.897578785298334,132.2,492.53333333333336,4.8,-71.73333333333333,0.0,111.0,-77.0,0.0,157.0,142.0,42.0,0.9044585987261147,15,0,19.0,16.0,66.0,0.8421052631578947,907160.0,149092840.0,150000000.0,0.006047733333333334,146880.0,0.014688,1
UDP_Flood_seed1001_600s,UDP_Flood,1001,420,430,attack,attack,UDP_Flood,udp_flood,none,1,0,1.0,16.0,16.0,0.0,0.0,15.0,15.0,17,17,17,1.0,1.0,147.23529411764707,153.0,253.19999999999993,314.0,83.23800920535395,108.8,12.879662817236882,134.49999999999997,495.3333333333333,4.8,-71.73333333333333,0.0,107.0,-77.0,0.0,149.0,141.0,43.0,0.9463087248322147,15,0,16.0,15.0,65.0,0.9375,862880.0,149137120.0,150000000.0,0.005752533333333333,135280.0,0.013528,1
UDP_Flood_seed1001_600s,UDP_Flood,1001,430,440,attack,attack,UDP_Flood,udp_flood,none,1,0,1.0,15.0,14.0,0.0,0.0,15.0,15.0,15,15,15,1.0,1.0,168.0,168.0,297.29999999999995,347.0,91.34940769219189,107.33333333333333,10.004760771514633,128.3,493.4,4.8,-71.73333333333333,0.0,111.0,-77.0,0.0,147.0,140.0,40.0,0.9523809523809523,15,0,18.0,15.0,65.0,0.8333333333333334,848736.0,149151264.0,150000000.0,0.00565824,143136.0,0.0143136,1
UDP_Flood_seed1001_600s,UDP_Flood,1001,440,450,attack,attack,UDP_Flood,udp_flood,none,1,0,1.0,15.0,16.0,0.0,0.0,15.0,15.0,15,15,15,1.0,1.0,151.73333333333332,137.0,301.09999999999997,320.0,90.82201327452556,106.13333333333334,8.559595005995709,120.89999999999999,491.8,4.8,-71.73333333333333,0.0,107.0,-77.0,0.0,146.0,141.0,42.0,0.9657534246575342,15,0,15.0,15.0,65.0,1.0,858320.0,149141680.0,150000000.0,0.005722133333333333,131664.0,0.0131664,1
UDP_Flood_seed1001_600s,UDP_Flood,1001,450,460,attack,attack,UDP_Flood,udp_flood,none,1,0,1.0,15.0,15.0,0.0,0.0,15.0,15.0,14,14,14,1.0,1.0,178.85714285714286,157.5,399.69999999999993,492.0,133.82529204604333,107.0,7.464200272921789,122.19999999999999,491.8666666666667,4.8,-71.73333333333333,0.0,104.0,-77.0,0.0,146.0,140.0,44.0,0.958904109589041,15,0,15.0,15.0,65.0,1.0,879192.0,149120808.0,150000000.0,0.00586128,131776.0,0.0131776,1
UDP_Flood_seed1001_600s,UDP_Flood,1001,460,470,attack,attack,UDP_Flood,udp_flood,none,1,0,1.0,15.0,15.0,0.0,0.0,15.0,15.0,16,16,16,1.0,1.0,146.125,126.5,292.25,302.0,84.68913743804455,107.8,10.379925680989105,122.49999999999997,492.93333333333334,4.8,-71.73333333333333,0.0,105.0,-77.0,0.0,151.0,141.0,41.0,0.9337748344370861,15,0,16.0,15.0,65.0,0.9375,885504.0,149114496.0,150000000.0,0.00590336,138528.0,0.0138528,1
UDP_Flood_seed1001_600s,UDP_Flood,1001,470,480,attack,attack,UDP_Flood,udp_flood,none,1,0,1.0,15.0,15.0,0.0,0.0,15.0,15.0,14,14,14,1.0,1.0,158.0,147.5,327.3,339.0,105.5578587243107,106.86666666666666,9.37219799396573,124.49999999999999,491.73333333333335,4.8,-71.73333333333333,0.0,113.0,-77.0,0.0,147.0,141.0,41.0,0.9591836734693877,15,0,19.0,15.0,65.0,0.7894736842105263,876800.0,149123200.0,150000000.0,0.0058453333333333335,147112.0,0.0147112,1
UDP_Flood_seed1001_600s,UDP_Flood,1001,480,490,attack,attack,UDP_Flood,udp_flood,none,1,0,1.0,15.0,15.0,0.0,0.0,15.0,15.0,15,15,15,1.0,1.0,169.93333333333334,141.0,340.1999999999999,413.0,107.14107300101824,111.2,12.013088100662783,131.2,499.4,4.8,-71.73333333333333,0.0,113.0,-77.0,0.0,159.0,140.0,43.0,0.8805031446540881,15,0,17.0,15.0,65.0,0.8823529411764706,914512.0,149085488.0,150000000.0,0.006096746666666666,138784.0,0.013878155744458897,1
UDP_Flood_seed1001_600s,UDP_Flood,1001,490,500,attack,attack,UDP_Flood,udp_flood,none,1,0,1.0,15.0,15.0,0.0,0.0,15.0,15.0,16,16,16,1.0,1.0,170.5,126.5,392.25,393.0,125.47722236857705,111.46666666666667,12.235000535154793,134.9,505.6666666666667,4.8,-71.73333333333333,0.0,113.0,-77.0,0.0,152.0,140.0,43.0,0.9210526315789473,15,0,17.0,15.0,64.0,0.8823529411764706,915648.0,149084352.0,150000000.0,0.00610432,140872.0,0.014087447939083729,1
UDP_Flood_seed1001_600s,UDP_Flood,1001,500,510,attack,attack,UDP_Flood,udp_flood,none,1,0,1.0,15.0,15.0,0.0,0.0,15.0,15.0,15,15,15,1.0,1.0,170.86666666666667,138.0,333.2,350.0,97.61576765686011,109.33333333333333,10.118347314702751,125.99999999999999,503.93333333333334,4.8,-71.73333333333333,0.0,115.0,-77.0,0.0,148.0,141.0,42.0,0.9527027027027027,15,0,18.0,15.0,65.0,0.8333333333333334,867608.0,149132392.0,150000000.0,0.005784053333333333,142104.0,0.0142104,1
UDP_Flood_seed1001_600s,UDP_Flood,1001,510,520,attack,attack,UDP_Flood,udp_flood,none,1,0,1.0,15.0,15.0,0.0,0.0,15.0,15.0,15,15,15,1.0,1.0,171.33333333333334,187.0,321.49999999999994,367.0,98.69192083496621,109.46666666666667,10.72957639069733,129.3,504.0,4.8,-71.73333333333333,0.0,112.0,-77.0,0.0,147.0,141.0,41.0,0.9591836734693877,15,0,16.0,15.0,65.0,0.9375,858160.0,149141840.0,150000000.0,0.005721066666666667,137128.0,0.0137128,1
UDP_Flood_seed1001_600s,UDP_Flood,1001,520,530,attack,attack,UDP_Flood,udp_flood,none,1,0,1.0,15.0,15.0,0.0,0.0,15.0,15.0,15,15,15,1.0,1.0,184.8,146.0,343.6999999999999,420.0,111.2341160410266,111.6,16.469885939409018,140.89999999999998,506.6666666666667,4.8,-71.73333333333333,0.0,108.0,-77.0,0.0,157.0,140.0,41.0,0.89171974522293,15,0,15.0,15.0,66.0,1.0,912768.0,149087232.0,150000000.0,0.00608512,130680.0,0.013068,1
UDP_Flood_seed1002_600s,UDP_Flood,1002,190,200,attack,attack,UDP_Flood,udp_flood,none,1,0,1.0,14.0,14.0,0.0,0.0,14.0,14.0,14,14,14,1.0,1.0,145.0,166.5,225.15,231.0,73.54224322429617,107.2,7.747810750694123,121.5,489.26666666666665,4.8,-70.53333333333333,0.0,109.0,-77.0,0.0,141.0,138.0,37.0,0.9787234042553191,15,0,16.0,15.0,64.0,0.9375,809744.0,149190256.0,150000000.0,0.005398293333333333,133136.0,0.0133136,2
UDP_Flood_seed1002_600s,UDP_Flood,1002,200,210,attack,attack,UDP_Flood,udp_flood,none,1,0,1.0,16.0,15.0,0.0,0.0,16.0,16.0,15,15,15,1.0,1.0,151.86666666666667,135.0,267.79999999999995,307.0,86.34223156938296,106.33333333333333,6.332080076502357,117.89999999999999,488.26666666666665,4.8,-70.53333333333333,0.0,108.0,-77.0,0.0,143.0,142.0,46.0,0.993006993006993,15,0,16.0,15.0,66.0,0.9375,850120.0,149149880.0,150000000.0,0.005667466666666667,141632.0,0.0141632,2
UDP_Flood_seed1002_600s,UDP_Flood,1002,210,220,attack,attack,UDP_Flood,udp_flood,none,1,0,1.0,16.0,15.0,0.0,0.0,15.0,15.0,15,15,15,1.0,1.0,156.0,136.0,288.29999999999995,324.0,90.32085663265791,105.46666666666667,5.37011128731009,115.6,487.1333333333333,4.8,-70.53333333333333,0.0,106.0,-77.0,0.0,147.0,144.0,45.0,0.9795918367346939,15,0,17.0,16.0,66.0,0.9411764705882353,901024.0,149098976.0,150000000.0,0.006006826666666667,141808.0,0.0141808,2
UDP_Flood_seed1002_600s,UDP_Flood,1002,220,230,attack,attack,UDP_Flood,udp_flood,none,1,0,1.0,14.0,15.0,0.0,0.0,14.0,14.0,15,15,15,1.0,1.0,164.4,162.0,292.3,300.0,89.84415077550364,104.8,4.843257463437481,113.6,486.2,4.8,-70.53333333333333,0.0,105.0,-77.0,0.0,139.0,138.0,38.0,0.9928057553956835,15,0,14.0,14.0,63.0,1.0,803160.0,149196840.0,150000000.0,0.0053544,125024.0,0.0125024,2
UDP_Flood_seed1002_600s,UDP_Flood,1002,230,240,attack,attack,UDP_Flood,udp_flood,none,1,0,1.0,15.0,16.0,0.0,0.0,16.0,16.0,16,16,16,1.0,1.0,183.1875,178.0,380.75,440.0,127.99230120076233,110.13333333333334,11.500724614852173,132.1,492.93333333333334,4.8,-70.53333333333333,0.0,104.0,-77.0,0.0,157.0,141.0,43.0,0.8980891719745223,15,0,15.0,15.0,66.0,1.0,909968.0,149090032.0,150000000.0,0.0060664533333333335,139736.0,0.0139736,2
UDP_Flood_seed1002_600s,UDP_Flood,1002,240,250,attack,attack,UDP_Flood,udp_flood,none,1,0,1.0,14.0,14.0,0.0,0.0,14.0,14.0,15,15,15,1.0,1.0,170.46666666666667,151.0,300.9,331.0,91.4719837410549,107.8,10.441674742519584,125.09999999999998,491.46666666666664,4.8,-70.53333333333333,0.0,104.0,-77.0,0.0,144.0,139.0,40.0,0.9652777777777778,15,0,16.0,15.0,64.0,0.9375,835208.0,149167936.0,150003144.0,0.0055679366293815815,129840.0,0.012984,2
UDP_Flood_seed1002_600s,UDP_Flood,1002,250,260,attack,attack,UDP_Flood,udp_flood,none,1,0,1.0,16.0,14.0,0.0,0.0,15.0,15.0,14,14,14,1.0,1.0,175.64285714285714,129.0,365.29999999999995,403.0,124.07417579376096,112.6,13.335237959203107,133.49999999999997,497.4,4.8,-70.53333333333333,0.0,107.0,-77.0,0.0,160.0,141.0,42.0,0.88125,15,0,19.0,15.0,65.0,0.7894736842105263,912968.0,149083888.0,149996856.0,0.006086580908069166,146064.0,0.0146064,2
UDP_Flood_seed1002_600s,UDP_Flood,1002,260,270,attack,attack,UDP_Flood,udp_flood,none,1,0,1.0,13.0,15.0,0.0,0.0,14.0,14.0,15,15,15,1.0,1.0,154.26666666666668,139.0,319.9,329.0,106.53132783141216,109.73333333333333,12.138878900144814,130.79999999999998,499.3333333333333,4.8,-70.53333333333333,0.0,103.0,-77.0,0.0,134.0,134.0,41.0,1.0,15,0,14.0,14.0,65.0,1.0,795824.0,149204176.0,150000000.0,0.005305493333333334,125280.0,0.012528,2
UDP_Flood_seed1002_600s,UDP_Flood,1002,270,280,attack,attack,UDP_Flood,udp_flood,none,1,0,1.0,15.0,15.0,0.0,0.0,15.0,15.0,15,15,15,1.0,1.0,158.53333333333333,129.0,307.29999999999995,357.0,99.76033184349284,108.53333333333333,10.861903718085166,126.6,497.8,4.8,-70.53333333333333,0.0,104.0,-77.0,0.0,142.0,140.0,42.0,0.9859154929577465,15,0,16.0,15.0,66.0,0.9375,831656.0,149168344.0,150000000.0,0.005544373333333333,136472.0,0.0136472,2
UDP_Flood_seed1002_600s,UDP_Flood,1002,280,290,attack,attack,UDP_Flood,udp_flood,none,1,0,1.0,15.0,15.0,0.0,0.0,15.0,15.0,15,15,15,1.0,1.0,141.2,125.0,260.5,264.0,74.00694948063034,106.73333333333333,9.300281613759774,122.3,495.46666666666664,4.8,-70.53333333333333,0.0,102.0,-77.0,0.0,142.0,140.0,42.0,0.9859154929577465,15,0,15.0,15.0,65.0,1.0,853472.0,149146528.0,150000000.0,0.005689813333333333,131584.0,0.0131584,2
UDP_Flood_seed1002_600s,UDP_Flood,1002,290,300,attack,attack,UDP_Flood,udp_flood,none,1,0,1.0,15.0,15.0,0.0,0.0,15.0,15.0,15,15,15,1.0,1.0,155.13333333333333,133.0,295.3999999999999,357.0,99.50008375205856,105.6,7.790103612001209,120.0,495.46666666666664,4.8,-70.53333333333333,0.0,104.0,-77.0,0.0,146.0,144.0,45.0,0.9863013698630136,15,0,18.0,15.0,65.0,0.8333333333333334,869704.0,149132408.0,150002112.0,0.005797945031600622,143048.0,0.0143048,2
UDP_Flood_seed1002_600s,UDP_Flood,1002,300,310,attack,attack,UDP_Flood,udp_flood,none,1,0,1.0,16.0,15.0,0.0,0.0,16.0,16.0,15,15,15,1.0,1.0,151.06666666666666,114.0,302.79999999999995,349.0,99.78868148432944,105.06666666666666,7.666873703208654,118.8,494.8,4.8,-70.53333333333333,0.0,101.0,-77.0,0.0,145.0,142.0,42.0,0.9793103448275862,15,0,16.0,16.0,66.0,1.0,860040.0,149138792.0,149998832.0,0.0057336446459796435,136080.0,0.013608,2
UDP_Flood_seed1002_600s,UDP_Flood,1002,310,320,attack,attack,UDP_Flood,udp_flood,none,1,0,1.0,16.0,17.0,0.0,0.0,16.0,16.0,15,15,15,1.0,1.0,162.06666666666666,131.0,334.99999999999994,356.0,102.06613168968067,105.33333333333333,8.068162002292597,119.8,495.2,4.8,-70.53333333333333,0.0,103.0,-77.0,0.0,149.0,144.0,45.0,0.9664429530201343,15,0,18.0,16.0,65.0,0.8888888888888888,888952.0,149110104.0,149999056.0,0.005926383963376409,149616.0,0.0149616,2
UDP_Flood_seed1002_600s,UDP_Flood,1002,320,330,attack,attack,UDP_Flood,udp_flood,none,1,0,1.0,14.0,14.0,0.0,0.0,14.0,14.0,16,16,16,1.0,1.0,170.0625,177.0,323.75,347.0,105.15668864445412,106.13333333333334,8.708507061379422,118.49999999999999,496.2,4.8,-70.53333333333333,0.0,101.0,-77.0,0.0,145.0,137.0,37.0,0.9448275862068966,15,0,14.0,14.0,64.0,1.0,816696.0,149183304.0,150000000.0,0.00544464,127472.0,0.0127472,2
UDP_Flood_seed1002_600s,UDP_Flood,1002,330,340,attack,attack,UDP_Flood,udp_flood,none,1,0,1.0,14.0,14.0,0.0,0.0,14.0,14.0,13,13,13,1.0,1.0,153.23076923076923,126.0,295.9999999999999,344.0,97.06797776657505,104.73333333333333,6.064730198529229,113.89999999999999,494.26666666666665,4.8,-70.53333333333333,0.0,101.0,-77.0,0.0,138.0,137.0,37.0,0.9927536231884058,15,0,14.0,14.0,64.0,1.0,812720.0,149191392.0,150004112.0,0.005417984808309788,126896.0,0.0126896,2
UDP_Flood_seed1002_600s,UDP_Flood,1002,340,350,attack,attack,UDP_Flood,udp_flood,none,1,0,1.0,16.0,16.0,0.0,0.0,15.0,15.0,16,16,16,1.0,1.0,168.3125,170.5,336.0,363.0,99.33224971444739,103.2,4.126568965687043,109.6,492.4,4.8,-70.53333333333333,0.0,102.0,-77.0,0.0,146.0,144.0,45.0,0.9863013698630136,15,0,16.0,15.0,65.0,0.9375,862856.0,149133032.0,149995888.0,0.005752531029383952,135752.0,0.0135752,2
UDP_Flood_seed1002_600s,UDP_Flood,1002,350,360,attack,attack,UDP_Flood,udp_flood,none,1,0,1.0,15.0,15.0,0.0,0.0,16.0,16.0,15,15,15,1.0,1.0,140.13333333333333,136.0,292.9,302.0,76.1200805744888,103.06666666666666,4.5586129887228175,110.8,492.26666666666665,4.8,-70.53333333333333,0.0,100.0,-77.0,0.0,141.0,140.0,41.0,0.9929078014184397,15,0,15.0,15.0,65.0,1.0,829000.0,149171000.0,150000000.0,0.005526666666666667,130168.0,0.0130168,2
UDP_Flood_seed1002_600s,UDP_Flood,1002,360,370,attack,attack,UDP_Flood,udp_flood,none,1,0,1.0,15.0,15.0,0.0,0.0,15.0,15.0,15,15,15,1.0,1.0,204.46666666666667,171.0,460.9,477.0,141.09868211729724,104.46666666666667,6.468237413553651,115.69999999999999,494.0,4.8,-70.53333333333333,0.0,103.0,-77.0,0.0,155.0,142.0,42.0,0.9161290322580645,15,0,19.0,16.0,65.0,0.8421052631578947,899768.0,149105376.0,150005144.0,0.005998247633427824,154440.0,0.015444,2
UDP_Flood_seed1002_600s,UDP_Flood,1002,370,380,attack,attack,UDP_Flood,udp_flood,none,1,0,1.0,14.0,14.0,0.0,0.0,14.0,14.0,15,15,15,1.0,1.0,171.26666666666668,171.0,342.9,352.0,113.04390213330309,104.66666666666667,6.60807586719967,118.5,494.26666666666665,4.8,-70.53333333333333,0.0,103.0,-77.0,0.0,141.0,137.0,38.0,0.9716312056737588,15,0,15.0,14.0,64.0,0.9333333333333333,829128.0,149165728.0,149994856.0,0.0055277095635866335,132192.0,0.0132192,2
UDP_Flood_seed1002_600s,UDP_Flood,1002,380,390,attack,attack,UDP_Flood,udp_flood,none,1,0,1.0,16.0,15.0,0.0,0.0,15.0,15.0,15,15,15,1.0,1.0,168.13333333333333,173.0,290.5,301.0,79.43628773755613,104.2,5.954590066255011,115.1,493.6666666666667,4.8,-70.53333333333333,0.0,105.0,-77.0,0.0,147.0,143.0,43.0,0.9727891156462585,15,0,17.0,15.0,65.0,0.8823529411764706,847072.0,149152928.0,150000000.0,0.005647146666666667,139840.0,0.013984,2
UDP_Flood_seed1002_600s,UDP_Flood,1002,390,400,attack,attack,UDP_Flood,udp_flood,none,1,0,1.0,14.0,15.0,0.0,0.0,15.0,15.0,15,15,15,1.0,1.0,145.0,130.0,287.3,288.0,90.68469708674273,103.53333333333333,5.527420822805239,114.19999999999999,492.93333333333334,4.8,-70.53333333333333,0.0,102.0,-77.0,0.0,141.0,138.0,43.0,0.9787234042553191,15,0,15.0,15.0,64.0,1.0,813984.0,149186016.0,150000000.0,0.00542656,136816.0,0.0136816,2
UDP_Flood_seed1002_600s,UDP_Flood,1002,400,410,attack,attack,UDP_Flood,udp_flood,none,1,0,1.0,17.0,15.0,0.0,0.0,15.0,15.0,15,15,15,1.0,1.0,147.4,156.0,270.3,271.0,79.64008323164195,103.93333333333334,5.957788020334233,115.6,493.4,4.8,-70.53333333333333,0.0,102.0,-77.0,0.0,148.0,144.0,43.0,0.972972972972973,15,0,15.0,15.0,65.0,1.0,876072.0,149123928.0,150000000.0,0.00584048,130680.0,0.013068,2
UDP_Flood_seed1002_600s,UDP_Flood,1002,410,420,attack,attack,UDP_Flood,udp_flood,none,1,0,1.0,14.0,16.0,0.0,0.0,15.0,15.0,15,15,15,1.0,1.0,157.73333333333332,134.0,284.7999999999999,352.0,91.03097327414497,103.73333333333333,4.949266419908924,113.0,493.2,4.8,-70.53333333333333,0.0,102.0,-77.0,0.0,141.0,140.0,42.0,0.9929078014184397,15,0,15.0,15.0,65.0,1.0,812352.0,149187648.0,150000000.0,0.00541568,132872.0,0.0132872,2
UDP_Flood_seed1002_600s,UDP_Flood,1002,420,430,attack,attack,UDP_Flood,udp_flood,none,1,0,1.0,15.0,15.0,0.0,0.0,16.0,16.0,16,16,16,1.0,1.0,155.9375,147.0,277.0,283.0,86.50431106790766,105.06666666666666,7.977348885318682,117.39999999999998,495.46666666666664,4.8,-70.53333333333333,0.0,101.0,-77.0,0.0,146.0,141.0,42.0,0.9657534246575342,15,0,16.0,16.0,67.0,1.0,875464.0,149124536.0,150000000.0,0.005836426666666667,138016.0,0.0138016,2
UDP_Flood_seed1002_600s,UDP_Flood,1002,430,440,attack,attack,UDP_Flood,udp_flood,none,1,0,1.0,16.0,15.0,0.0,0.0,15.0,15.0,15,15,15,1.0,1.0,142.46666666666667,157.0,234.2,237.0,70.539620747762,104.6,6.832694511370628,116.29999999999998,494.93333333333334,4.8,-70.53333333333333,0.0,101.0,-77.0,0.0,145.0,143.0,43.0,0.9862068965517241,15,0,15.0,15.0,65.0,1.0,882664.0,149117336.0,150000000.0,0.005884426666666667,129584.0,0.0129584,2
UDP_Flood_seed1002_600s,UDP_Flood,1002,440,450,attack,attack,UDP_Flood,udp_flood,none,1,0,1.0,14.0,15.0,0.0,0.0,15.0,15.0,15,15,15,1.0,1.0,180.06666666666666,172.0,338.3999999999998,470.0,104.70875708136263,106.26666666666667,9.160993915717308,122.69999999999999,496.93333333333334,4.8,-70.53333333333333,0.0,111.0,-77.0,0.0,144.0,137.0,39.0,0.9513888888888888,15,0,20.0,15.0,65.0,0.75,868088.0,149131912.0,150000000.0,0.005787253333333333,150712.0,0.0150712,2
UDP_Flood_seed1002_600s,UDP_Flood,1002,450,460,attack,attack,UDP_Flood,udp_flood,none,1,0,1.0,15.0,15.0,0.0,0.0,15.0,15.0,15,15,15,1.0,1.0,170.13333333333333,158.0,296.5,307.0,86.70464369395239,105.93333333333334,7.185965157033203,118.1,496.4,4.8,-70.53333333333333,0.0,113.0,-77.0,0.0,145.0,140.0,41.0,0.9655172413793104,15,0,18.0,15.0,65.0,0.8333333333333334,841384.0,149158616.0,150000000.0,0.0056092266666666665,142280.0,0.014228,2
UDP_Flood_seed1002_600s,UDP_Flood,1002,460,470,attack,attack,UDP_Flood,udp_flood,none,1,0,1.0,16.0,15.0,0.0,0.0,16.0,16.0,14,14,14,1.0,1.0,184.42857142857142,153.5,390.6,401.0,119.1719599736282,103.66666666666667,5.407226205560041,114.5,493.4,4.8,-70.53333333333333,0.0,111.0,-77.0,0.0,149.0,145.0,45.0,0.9731543624161074,15,0,17.0,16.0,66.0,0.9411764705882353,926176.0,149073824.0,150000000.0,0.006174506666666667,141192.0,0.0141192,2
UDP_Flood_seed1002_600s,UDP_Flood,1002,470,480,attack,attack,UDP_Flood,udp_flood,none,1,0,1.0,16.0,17.0,0.0,0.0,16.0,16.0,16,16,16,1.0,1.0,178.8125,155.5,328.75,418.0,108.24491904934845,103.53333333333333,6.289068369192766,113.19999999999999,493.4,4.8,-70.53333333333333,0.0,107.0,-77.0,0.0,146.0,144.0,45.0,0.9863013698630136,15,0,16.0,16.0,66.0,1.0,870448.0,149129552.0,150000000.0,0.005802986666666667,136920.0,0.013692,2
UDP_Flood_seed1002_600s,UDP_Flood,1002,480,490,attack,attack,UDP_Flood,udp_flood,none,1,0,1.0,15.0,15.0,0.0,0.0,15.0,15.0,15,15,15,1.0,1.0,154.0,159.0,271.59999999999997,287.0,97.16848401469628,103.4,5.1102138618932305,110.99999999999999,491.93333333333334,4.8,-70.53333333333333,0.0,111.0,-77.0,0.0,144.0,141.0,44.0,0.9791666666666666,15,0,18.0,15.0,64.0,0.8333333333333334,852680.0,149147320.0,150000000.0,0.0056845333333333335,145792.0,0.0145792,2
UDP_Flood_seed1002_600s,UDP_Flood,1002,490,500,attack,attack,UDP_Flood,udp_flood,none,1,0,1.0,14.0,14.0,0.0,0.0,14.0,14.0,15,15,15,1.0,1.0,199.53333333333333,154.0,431.69999999999993,494.0,138.72731045712183,104.26666666666667,4.97804704487135,114.0,493.1333333333333,4.8,-70.53333333333333,0.0,109.0,-77.0,0.0,140.0,136.0,38.0,0.9714285714285714,15,0,15.0,14.0,65.0,0.9333333333333333,813176.0,149186824.0,150000000.0,0.005421173333333334,131648.0,0.0131648,2
UDP_Flood_seed1002_600s,UDP_Flood,1002,500,510,attack,attack,UDP_Flood,udp_flood,none,1,0,1.0,15.0,15.0,0.0,0.0,15.0,15.0,16,16,16,1.0,1.0,141.4375,121.5,259.0,286.0,76.71416101346608,104.4,6.695414208887411,119.6,493.2,4.8,-70.53333333333333,0.0,105.0,-77.0,0.0,146.0,141.0,41.0,0.9657534246575342,15,0,15.0,15.0,65.0,1.0,849384.0,149150616.0,150000000.0,0.00566256,135872.0,0.0135872,2
UDP_Flood_seed1002_600s,UDP_Flood,1002,510,520,attack,attack,UDP_Flood,udp_flood,none,1,0,1.0,15.0,15.0,0.0,0.0,15.0,15.0,15,15,15,1.0,1.0,143.93333333333334,162.0,241.2,258.0,82.92119035279106,102.66666666666667,5.023753102820166,113.89999999999999,491.06666666666666,4.8,-70.53333333333333,0.0,104.0,-77.0,0.0,142.0,141.0,41.0,0.9929577464788732,15,0,16.0,15.0,65.0,0.9375,844064.0,149155936.0,150000000.0,0.005627093333333334,134728.0,0.0134728,2
UDP_Flood_seed1002_600s,UDP_Flood,1002,520,530,attack,attack,UDP_Flood,udp_flood,none,1,0,1.0,15.0,15.0,0.0,0.0,15.0,15.0,14,14,14,1.0,1.0,170.14285714285714,149.5,358.5,365.0,108.79681637229673,106.8,12.201873392463728,123.49999999999996,500.6,4.8,-70.53333333333333,0.0,103.0,-77.0,0.0,159.0,141.0,45.0,0.8867924528301887,15,0,15.0,15.0,65.0,1.0,926112.0,149073888.0,150000000.0,0.00617408,132192.0,0.0132192,2
UDP_Flood_seed1003_600s,UDP_Flood,1003,190,200,attack,attack,UDP_Flood,udp_flood,none,1,0,1.0,14.0,14.0,0.0,0.0,14.0,14.0,14,14,14,1.0,1.0,170.5,182.5,312.45,343.0,102.3716832843025,107.53333333333333,5.6677870040968825,115.1,505.6666666666667,4.8,-73.6,0.0,110.0,-77.0,0.0,144.0,140.0,40.0,0.9722222222222222,15,0,16.0,15.0,64.0,0.9375,858072.0,149141928.0,150000000.0,0.00572048,140144.0,0.0140144,3
UDP_Flood_seed1003_600s,UDP_Flood,1003,200,210,attack,attack,UDP_Flood,udp_flood,none,1,0,1.0,16.0,15.0,0.0,0.0,15.0,15.0,16,16,16,1.0,1.0,164.3125,161.5,297.25,313.0,89.84558512618561,106.73333333333333,7.362711715769115,116.79999999999998,504.46666666666664,4.8,-73.6,0.0,109.0,-77.0,0.0,147.0,143.0,42.0,0.9727891156462585,15,0,16.0,15.0,65.0,0.9375,845424.0,149154576.0,150000000.0,0.00563616,136728.0,0.0136728,3
UDP_Flood_seed1003_600s,UDP_Flood,1003,210,220,attack,attack,UDP_Flood,udp_flood,none,1,0,1.0,14.0,15.0,0.0,0.0,15.0,15.0,15,15,15,1.0,1.0,165.93333333333334,147.0,310.0999999999998,462.0,106.94822957638807,107.46666666666667,9.326357937638486,125.19999999999999,505.46666666666664,4.8,-73.6,0.0,118.0,-77.0,0.0,149.0,138.0,43.0,0.9261744966442953,15,0,22.0,15.0,66.0,0.6818181818181818,902728.0,149097272.0,150000000.0,0.006018186666666666,168624.0,0.0168624,3
UDP_Flood_seed1003_600s,UDP_Flood,1003,220,230,attack,attack,UDP_Flood,udp_flood,none,1,0,1.0,16.0,16.0,0.0,0.0,17.0,17.0,15,15,15,1.0,1.0,171.86666666666667,185.0,270.8999999999999,322.0,78.75628470764971,111.8,14.143145740201204,138.2,510.8666666666667,4.8,-73.6,0.0,122.0,-77.0,0.0,163.0,143.0,42.0,0.8773006134969326,15,0,21.0,16.0,67.0,0.7619047619047619,911728.0,149091416.0,150003144.0,0.006078059270544356,160616.0,0.0160616,3
UDP_Flood_seed1003_600s,UDP_Flood,1003,230,240,attack,attack,UDP_Flood,udp_flood,none,1,0,1.0,15.0,14.0,0.0,0.0,12.0,12.0,14,14,14,1.0,1.0,146.35714285714286,116.5,298.0,311.0,84.44261332440479,109.0,11.40175425099138,130.79999999999998,511.46666666666664,4.8,-73.6,0.0,118.0,-77.0,0.0,146.0,139.0,42.0,0.952054794520548,15,0,14.0,13.0,62.0,0.9285714285714286,861736.0,149135120.0,149996856.0,0.005745027082434314,123088.0,0.0123088,3
UDP_Flood_seed1003_600s,UDP_Flood,1003,240,250,attack,attack,UDP_Flood,udp_flood,none,1,0,1.0,15.0,16.0,0.0,0.0,15.0,15.0,15,15,15,1.0,1.0,169.6,150.0,327.3999999999999,375.0,107.00320422438627,109.13333333333334,11.837390317287399,130.29999999999998,515.0666666666667,4.8,-73.6,0.0,113.0,-77.0,0.0,147.0,140.0,44.0,0.9523809523809523,15,0,16.0,15.0,65.0,0.9375,870296.0,149129704.0,150000000.0,0.005801973333333333,141592.0,0.0141592,3
UDP_Flood_seed1003_600s,UDP_Flood,1003,250,260,attack,attack,UDP_Flood,udp_flood,none,1,0,1.0,14.0,14.0,0.0,0.0,17.0,17.0,16,16,16,1.0,1.0,148.5625,122.5,303.25,340.0,97.247429271935,108.6,14.426166702013592,138.2,514.5333333333333,4.8,-73.6,0.0,108.0,-77.0,0.0,143.0,140.0,38.0,0.9790209790209791,15,0,17.0,17.0,67.0,1.0,815464.0,149186712.0,150002176.0,0.005436347803381199,141752.0,0.0141752,3
UDP_Flood_seed1003_600s,UDP_Flood,1003,260,270,attack,attack,UDP_Flood,udp_flood,none,1,0,1.0,17.0,17.0,0.0,0.0,14.0,14.0,15,15,15,1.0,1.0,163.86666666666667,140.0,317.7,324.0,86.80920512962952,110.93333333333334,13.429533906743785,133.89999999999998,517.4,4.8,-73.6,0.0,109.0,-77.0,0.0,154.0,142.0,44.0,0.922077922077922,15,0,15.0,14.0,64.0,0.9333333333333333,906720.0,149091104.0,149997824.0,0.006044887691170773,129840.0,0.012984,3
UDP_Flood_seed1003_600s,UDP_Flood,1003,270,280,attack,attack,UDP_Flood,udp_flood,none,1,0,1.0,15.0,15.0,0.0,0.0,17.0,17.0,15,15,15,1.0,1.0,180.46666666666667,162.0,368.39999999999986,465.0,125.28987341741703,113.46666666666667,18.25167963568859,145.59999999999997,522.4,4.8,-73.6,0.0,109.0,-77.0,0.0,155.0,141.0,43.0,0.9096774193548387,15,0,19.0,17.0,68.0,0.8947368421052632,937384.0,149062616.0,150000000.0,0.006249226666666666,151288.0,0.0151288,3
UDP_Flood_seed1003_600s,UDP_Flood,1003,280,290,attack,attack,UDP_Flood,udp_flood,none,1,0,1.0,14.0,14.0,0.0,0.0,13.0,13.0,14,14,14,1.0,1.0,155.14285714285714,141.0,305.45,323.0,91.9170672549296,111.6,15.637866131376658,136.09999999999997,518.2,4.8,-73.6,0.0,106.0,-77.0,0.0,146.0,139.0,40.0,0.952054794520548,15,0,13.0,13.0,62.0,1.0,876632.0,149123368.0,150000000.0,0.005844213333333333,121840.0,0.012184,3
UDP_Flood_seed1003_600s,UDP_Flood,1003,290,300,attack,attack,UDP_Flood,udp_flood,none,1,0,1.0,15.0,14.0,0.0,0.0,14.0,14.0,15,15,15,1.0,1.0,146.93333333333334,112.0,331.59999999999997,354.0,92.09193129435286,113.2,17.230371855700454,146.2,520.3333333333334,4.8,-73.6,0.0,108.0,-77.0,0.0,156.0,138.0,38.0,0.8846153846153846,15,0,16.0,14.0,64.0,0.875,906216.0,149096960.0,150003176.0,0.006041312085285447,134984.0,0.0134984,3
UDP_Flood_seed1003_600s,UDP_Flood,1003,300,310,attack,attack,UDP_Flood,udp_flood,none,1,0,1.0,14.0,15.0,0.0,0.0,16.0,16.0,15,15,15,1.0,1.0,162.86666666666667,142.0,320.2,323.0,86.39764106127193,110.6,13.516127932426294,132.79999999999998,514.5333333333333,4.8,-73.6,0.0,118.0,-77.0,0.0,148.0,139.0,42.0,0.9391891891891891,15,0,23.0,16.0,66.0,0.6956521739130435,866224.0,149130600.0,149996824.0,0.00577494894158559,166768.0,0.0166768,3
UDP_Flood_seed1003_600s,UDP_Flood,1003,310,320,attack,attack,UDP_Flood,udp_flood,none,1,0,1.0,15.0,15.0,0.0,0.0,14.0,14.0,14,14,14,1.0,1.0,144.71428571428572,135.0,285.09999999999997,341.0,94.4949559674838,108.53333333333333,11.716085808266628,129.2,512.0,4.8,-73.6,0.0,111.0,-77.0,0.0,147.0,140.0,40.0,0.9523809523809523,15,0,14.0,14.0,63.0,1.0,848992.0,149151008.0,150000000.0,0.005659946666666667,127192.0,0.0127192,3
UDP_Flood_seed1003_600s,UDP_Flood,1003,320,330,attack,attack,UDP_Flood,udp_flood,none,1,0,1.0,15.0,15.0,0.0,0.0,14.0,14.0,15,15,15,1.0,1.0,160.46666666666667,167.0,272.2,296.0,85.7486915074399,108.33333333333333,12.776466461353673,134.3,511.73333333333335,4.8,-73.6,0.0,109.0,-77.0,0.0,150.0,140.0,40.0,0.9333333333333333,15,0,15.0,14.0,64.0,0.9333333333333333,864248.0,149135752.0,150000000.0,0.005761653333333333,132520.0,0.013252,3
UDP_Flood_seed1003_600s,UDP_Flood,1003,330,340,attack,attack,UDP_Flood,udp_flood,none,1,0,1.0,14.0,14.0,0.0,0.0,16.0,16.0,16,16,16,1.0,1.0,145.125,108.5,317.75,335.0,100.0479051921295,108.4,10.22462014662927,125.39999999999999,511.8,4.8,-73.6,0.0,110.0,-77.0,0.0,149.0,139.0,40.0,0.9328859060402684,15,0,18.0,16.0,66.0,0.8888888888888888,858136.0,149141864.0,150000000.0,0.005720906666666667,148952.0,0.0148952,3
UDP_Flood_seed1003_600s,UDP_Flood,1003,340,350,attack,attack,UDP_Flood,udp_flood,none,1,0,1.0,15.0,15.0,0.0,0.0,15.0,15.0,15,15,15,1.0,1.0,174.4,147.0,328.5,339.0,106.66020813780554,106.93333333333334,8.859753839426808,120.29999999999998,510.0,4.8,-73.6,0.0,106.0,-77.0,0.0,141.0,140.0,41.0,0.9929078014184397,15,0,15.0,15.0,65.0,1.0,844928.0,149155072.0,150000000.0,0.005632853333333333,135536.0,0.0135536,3
UDP_Flood_seed1003_600s,UDP_Flood,1003,350,360,attack,attack,UDP_Flood,udp_flood,none,1,0,1.0,15.0,15.0,0.0,0.0,15.0,15.0,15,15,15,1.0,1.0,157.46666666666667,136.0,312.7,326.0,103.98479742365274,108.33333333333333,8.657504314314892,122.89999999999999,511.8,4.8,-73.6,0.0,104.0,-77.0,0.0,150.0,141.0,41.0,0.94,15,0,15.0,15.0,65.0,1.0,886128.0,149113872.0,150000000.0,0.00590752,132872.0,0.013287008667075195,3
UDP_Flood_seed1003_600s,UDP_Flood,1003,360,370,attack,attack,UDP_Flood,udp_flood,none,1,0,1.0,15.0,15.0,0.0,0.0,16.0,16.0,15,15,15,1.0,1.0,149.0,161.0,269.7999999999999,344.0,88.21159625744065,107.86666666666666,9.847890757972102,124.39999999999999,511.2,4.8,-73.6,0.0,103.0,-77.0,0.0,148.0,142.0,42.0,0.9594594594594594,15,0,16.0,16.0,65.0,1.0,852960.0,149152152.0,150005112.0,0.005686206214092224,134440.0,0.013444193596387788,3
UDP_Flood_seed1003_600s,UDP_Flood,1003,370,380,attack,attack,UDP_Flood,udp_flood,none,1,0,1.0,16.0,16.0,0.0,0.0,14.0,14.0,15,15,15,1.0,1.0,181.8,161.0,330.29999999999995,345.0,96.91984906538568,108.8,12.536802964529219,128.39999999999998,512.4,4.8,-73.6,0.0,102.0,-77.0,0.0,149.0,141.0,42.0,0.9463087248322147,15,0,14.0,14.0,64.0,1.0,861016.0,149133872.0,149994888.0,0.00574030229616892,127160.0,0.012716,3
UDP_Flood_seed1003_600s,UDP_Flood,1003,380,390,attack,attack,UDP_Flood,udp_flood,none,1,0,1.0,15.0,14.0,0.0,0.0,16.0,16.0,15,15,15,1.0,1.0,148.66666666666666,137.0,273.3,281.0,80.562013972083,107.6,8.192330908495196,120.89999999999999,510.8,4.8,-73.6,0.0,106.0,-77.0,0.0,145.0,140.0,40.0,0.9655172413793104,15,0,18.0,16.0,66.0,0.8888888888888888,849368.0,149150632.0,150000000.0,0.005662453333333334,144480.0,0.014448,3
UDP_Flood_seed1003_600s,UDP_Flood,1003,390,400,attack,attack,UDP_Flood,udp_flood,none,1,0,1.0,15.0,16.0,0.0,0.0,14.0,14.0,15,15,15,1.0,1.0,166.66666666666666,138.0,320.8999999999999,372.0,97.78377506860056,108.93333333333334,14.00238074995344,130.49999999999997,512.5333333333333,4.8,-73.6,0.0,105.0,-77.0,0.0,150.0,141.0,42.0,0.94,15,0,15.0,14.0,64.0,0.9333333333333333,886936.0,149113064.0,150000000.0,0.005912906666666667,132016.0,0.0132016,3
UDP_Flood_seed1003_600s,UDP_Flood,1003,400,410,attack,attack,UDP_Flood,udp_flood,none,1,0,1.0,14.0,14.0,0.0,0.0,15.0,15.0,15,15,15,1.0,1.0,158.26666666666668,152.0,359.79999999999995,399.0,109.92300335537902,114.13333333333334,22.56693746760217,160.39999999999998,519.2,4.8,-73.6,0.0,109.0,-77.0,0.0,164.0,138.0,42.0,0.8414634146341463,15,0,18.0,15.0,64.0,0.8333333333333334,911296.0,149088704.0,150000000.0,0.006075306666666666,152632.0,0.0152632,3
UDP_Flood_seed1003_600s,UDP_Flood,1003,410,420,attack,attack,UDP_Flood,udp_flood,none,1,0,1.0,15.0,15.0,0.0,0.0,15.0,15.0,15,15,15,1.0,1.0,144.33333333333334,135.0,285.4,291.0,95.04635460557928,110.26666666666667,17.152536949662107,146.39999999999998,514.3333333333334,4.8,-73.6,0.0,107.0,-77.0,0.0,145.0,140.0,41.0,0.9655172413793104,15,0,16.0,15.0,65.0,0.9375,878144.0,149121856.0,150000000.0,0.005854293333333333,138280.0,0.013828,3
UDP_Flood_seed1003_600s,UDP_Flood,1003,420,430,attack,attack,UDP_Flood,udp_flood,none,1,0,1.0,16.0,16.0,0.0,0.0,15.0,15.0,15,15,15,1.0,1.0,125.8,128.0,218.79999999999998,223.0,68.8478654093834,107.13333333333334,12.076344448470126,134.5,510.2,4.8,-73.6,0.0,104.0,-77.0,0.0,144.0,143.0,44.0,0.9930555555555556,15,0,15.0,15.0,65.0,1.0,857448.0,149142552.0,150000000.0,0.00571632,129768.0,0.0129768,3
UDP_Flood_seed1003_600s,UDP_Flood,1003,430,440,attack,attack,UDP_Flood,udp_flood,none,1,0,1.0,14.0,14.0,0.0,0.0,16.0,16.0,15,15,15,1.0,1.0,162.73333333333332,197.0,269.2,279.0,91.59184825445257,106.73333333333333,8.362045773840844,123.89999999999999,507.26666666666665,4.8,-73.6,0.0,102.0,-77.0,0.0,149.0,140.0,41.0,0.9395973154362416,15,0,16.0,16.0,66.0,1.0,876264.0,149123736.0,150000000.0,0.00584176,140208.0,0.0140208,3
UDP_Flood_seed1003_600s,UDP_Flood,1003,440,450,attack,attack,UDP_Flood,udp_flood,none,1,0,1.0,15.0,15.0,0.0,0.0,13.0,13.0,14,14,14,1.0,1.0,141.78571428571428,141.0,271.15,277.0,76.67130500382143,107.13333333333334,8.983052827142792,122.3,507.8,4.8,-73.6,0.0,105.0,-77.0,0.0,150.0,140.0,39.0,0.9333333333333333,15,0,15.0,13.0,63.0,0.8666666666666667,864832.0,149136312.0,150001144.0,0.0057655026950994455,130968.0,0.0130968,3
UDP_Flood_seed1003_600s,UDP_Flood,1003,450,460,attack,attack,UDP_Flood,udp_flood,none,1,0,1.0,16.0,15.0,0.0,0.0,16.0,16.0,15,15,15,1.0,1.0,163.0,151.0,313.09999999999997,339.0,100.71529888041553,108.46666666666667,10.702914600816966,127.19999999999999,509.53333333333336,4.8,-73.6,0.0,110.0,-77.0,0.0,156.0,142.0,43.0,0.9102564102564102,15,0,20.0,16.0,66.0,0.8,901832.0,149097024.0,149998856.0,0.006012259186830065,154480.0,0.015448,3
UDP_Flood_seed1003_600s,UDP_Flood,1003,460,470,attack,attack,UDP_Flood,udp_flood,none,1,0,1.0,14.0,15.0,0.0,0.0,15.0,15.0,16,16,16,1.0,1.0,173.4375,160.0,315.25,316.0,82.91680066990847,108.6,9.708611788363095,128.3,509.6666666666667,4.8,-73.6,0.0,112.0,-77.0,0.0,149.0,140.0,42.0,0.9395973154362416,15,0,18.0,15.0,65.0,0.8333333333333334,886856.0,149113144.0,150000000.0,0.0059123733333333334,142248.0,0.0142248,3
UDP_Flood_seed1003_600s,UDP_Flood,1003,470,480,attack,attack,UDP_Flood,udp_flood,none,1,0,1.0,17.0,16.0,0.0,0.0,15.0,15.0,15,15,15,1.0,1.0,171.73333333333332,140.0,408.2,411.0,126.4710394103085,112.2,12.734654631022728,135.79999999999998,511.1333333333333,4.8,-73.6,0.0,109.0,-77.0,0.0,164.0,143.0,44.0,0.8719512195121951,15,0,16.0,15.0,66.0,0.9375,945952.0,149054048.0,150000000.0,0.006306346666666666,134872.0,0.0134872,3
UDP_Flood_seed1003_600s,UDP_Flood,1003,480,490,attack,attack,UDP_Flood,udp_flood,none,1,0,1.0,14.0,15.0,0.0,0.0,15.0,15.0,15,15,15,1.0,1.0,177.4,187.0,328.89999999999975,478.0,116.59196247720386,107.73333333333333,8.77062195763844,125.39999999999999,504.26666666666665,4.8,-73.6,0.0,107.0,-77.0,0.0,144.0,141.0,43.0,0.9791666666666666,15,0,16.0,15.0,65.0,0.9375,898504.0,149101496.0,150000000.0,0.005990026666666667,136728.0,0.0136728,3
UDP_Flood_seed1003_600s,UDP_Flood,1003,490,500,attack,attack,UDP_Flood,udp_flood,none,1,0,1.0,15.0,15.0,0.0,0.0,15.0,15.0,15,15,15,1.0,1.0,145.4,139.0,264.5,282.0,77.45118278170911,105.0,6.98978847012861,117.29999999999998,499.53333333333336,4.8,-73.6,0.0,109.0,-77.0,0.0,142.0,140.0,43.0,0.9859154929577465,15,0,17.0,15.0,64.0,0.8823529411764706,838272.0,149161728.0,150000000.0,0.00558848,139792.0,0.0139792,3
UDP_Flood_seed1003_600s,UDP_Flood,1003,500,510,attack,attack,UDP_Flood,udp_flood,none,1,0,1.0,14.0,14.0,0.0,0.0,14.0,14.0,14,14,14,1.0,1.0,147.07142857142858,157.0,269.15,288.0,83.13146612048087,105.13333333333334,5.730453318725774,115.1,497.6666666666667,4.8,-73.6,0.0,106.0,-77.0,0.0,144.0,136.0,38.0,0.9444444444444444,15,0,14.0,14.0,64.0,1.0,814200.0,149185800.0,150000000.0,0.005428,127392.0,0.0127392,3
UDP_Flood_seed1003_600s,UDP_Flood,1003,510,520,attack,attack,UDP_Flood,udp_flood,none,1,0,1.0,16.0,16.0,0.0,0.0,16.0,16.0,15,15,15,1.0,1.0,165.0,179.0,302.99999999999994,331.0,95.32875446879304,109.13333333333334,11.867522708556121,126.79999999999997,502.6,4.8,-73.6,0.0,109.0,-77.0,0.0,156.0,144.0,44.0,0.9230769230769231,15,0,18.0,16.0,65.0,0.8888888888888888,931632.0,149068368.0,150000000.0,0.00621088,143232.0,0.0143232,3
UDP_Flood_seed1003_600s,UDP_Flood,1003,520,530,attack,attack,UDP_Flood,udp_flood,none,1,0,1.0,15.0,15.0,0.0,0.0,16.0,16.0,15,15,15,1.0,1.0,143.8,145.0,262.8,267.0,80.51282062947669,107.4,9.969954864491614,126.6,500.73333333333335,4.8,-73.6,0.0,107.0,-77.0,0.0,144.0,141.0,42.0,0.9791666666666666,15,0,17.0,16.0,66.0,0.9411764705882353,861280.0,149138720.0,150000000.0,0.005741866666666666,140392.0,0.0140392,3
UDP_Flood_seed1004_600s,UDP_Flood,1004,190,200,attack,attack,UDP_Flood,udp_flood,none,1,0,1.0,15.0,15.0,0.0,0.0,16.0,16.0,15,15,15,1.0,1.0,159.46666666666667,123.0,352.9999999999999,423.0,110.2962676914621,110.86666666666666,12.058587139856966,129.59999999999997,496.4,4.8,-72.33333333333333,0.0,106.0,-77.0,0.0,148.0,142.0,41.0,0.9594594594594594,15,0,16.0,16.0,66.0,1.0,837848.0,149162152.0,150000000.0,0.0055856533333333335,135536.0,0.0135536,4
UDP_Flood_seed1004_600s,UDP_Flood,1004,200,210,attack,attack,UDP_Flood,udp_flood,none,1,0,1.0,15.0,15.0,0.0,0.0,14.0,14.0,15,15,15,1.0,1.0,144.4,170.0,242.1,254.0,75.88035695375036,108.93333333333334,11.003029885748136,128.1,493.93333333333334,4.8,-72.33333333333333,0.0,104.0,-77.0,0.0,143.0,140.0,41.0,0.9790209790209791,15,0,14.0,14.0,63.0,1.0,860400.0,149139600.0,150000000.0,0.005736,124728.0,0.0124728,4
UDP_Flood_seed1004_600s,UDP_Flood,1004,210,220,attack,attack,UDP_Flood,udp_flood,none,1,0,1.0,13.0,13.0,0.0,0.0,14.0,14.0,13,13,13,1.0,1.0,136.46153846153845,121.0,275.79999999999995,295.0,90.96667465306125,109.0,12.31143487053514,135.9,493.8666666666667,4.8,-72.33333333333333,0.0,104.0,-77.0,0.0,138.0,134.0,36.0,0.9710144927536232,15,0,14.0,14.0,64.0,1.0,793800.0,149206200.0,150000000.0,0.005292,125568.0,0.0125568,4
UDP_Flood_seed1004_600s,UDP_Flood,1004,220,230,attack,attack,UDP_Flood,udp_flood,none,1,0,1.0,17.0,16.0,0.0,0.0,17.0,17.0,16,16,16,1.0,1.0,185.6875,172.5,346.0,439.0,111.24071122270539,106.86666666666666,9.657466886646139,128.2,491.26666666666665,4.8,-72.33333333333333,0.0,108.0,-77.0,0.0,150.0,146.0,46.0,0.9733333333333334,15,0,19.0,17.0,67.0,0.8947368421052632,891104.0,149108896.0,150000000.0,0.0059406933333333335,149768.0,0.0149768,4
UDP_Flood_seed1004_600s,UDP_Flood,1004,230,240,attack,attack,UDP_Flood,udp_flood,none,1,0,1.0,17.0,18.0,0.0,0.0,17.0,17.0,18,18,18,1.0,1.0,161.16666666666666,164.5,290.45,293.0,96.16300499366564,106.6,9.74532855123051,128.3,490.93333333333334,4.8,-72.33333333333333,0.0,109.0,-77.0,0.0,150.0,146.0,47.0,0.9733333333333334,15,0,18.0,17.0,67.0,0.9444444444444444,910568.0,149089432.0,150000000.0,0.006070453333333333,146792.0,0.0146792,4
UDP_Flood_seed1004_600s,UDP_Flood,1004,240,250,attack,attack,UDP_Flood,udp_flood,none,1,0,1.0,15.0,15.0,0.0,0.0,14.0,14.0,15,15,15,1.0,1.0,155.2,164.0,271.69999999999993,306.0,83.06641060879284,110.26666666666667,11.373318818725735,130.1,496.1333333333333,4.8,-72.33333333333333,0.0,112.0,-77.0,0.0,154.0,142.0,47.0,0.922077922077922,15,0,17.0,14.0,64.0,0.8235294117647058,913256.0,149086744.0,150000000.0,0.006088373333333333,146928.0,0.0146928,4
UDP_Flood_seed1004_600s,UDP_Flood,1004,250,260,attack,attack,UDP_Flood,udp_flood,none,1,0,1.0,13.0,12.0,0.0,0.0,12.0,12.0,11,11,11,1.0,1.0,116.0,112.0,245.0,250.0,83.71857619429514,108.6,10.231603700579607,126.8,497.1333333333333,4.8,-72.33333333333333,0.0,108.0,-77.0,0.0,137.0,131.0,38.0,0.9562043795620438,15,0,12.0,12.0,65.0,1.0,797616.0,149202384.0,150000000.0,0.00531744,114768.0,0.0114768,4
UDP_Flood_seed1004_600s,UDP_Flood,1004,260,270,attack,attack,UDP_Flood,udp_flood,none,1,0,1.0,16.0,16.0,0.0,0.0,17.0,17.0,16,16,16,1.0,1.0,152.4375,134.0,297.5,398.0,98.713706410677,108.33333333333333,7.138093649734567,120.0,496.73333333333335,4.8,-72.33333333333333,0.0,109.0,-77.0,0.0,156.0,147.0,48.0,0.9423076923076923,15,0,18.0,16.0,67.0,0.8888888888888888,951640.0,149048360.0,150000000.0,0.006344266666666667,151176.0,0.015114746335891783,4
UDP_Flood_seed1004_600s,UDP_Flood,1004,270,280,attack,attack,UDP_Flood,udp_flood,none,1,0,1.0,16.0,17.0,0.0,0.0,16.0,16.0,17,17,17,1.0,1.0,191.88235294117646,203.0,333.19999999999993,426.0,108.89322887176066,109.4,8.270429251254132,123.89999999999999,503.6,4.8,-72.33333333333333,0.0,108.0,-77.0,0.0,158.0,142.0,44.0,0.8987341772151899,15,0,19.0,17.0,66.0,0.8947368421052632,926184.0,149073816.0,150000000.0,0.00617456,147944.0,0.01479719371017248,4
UDP_Flood_seed1004_600s,UDP_Flood,1004,280,290,attack,attack,UDP_Flood,udp_flood,none,1,0,1.0,15.0,14.0,0.0,0.0,15.0,15.0,15,15,15,1.0,1.0,132.26666666666668,128.0,258.8,263.0,70.80603955945594,106.0,5.707138387268051,115.3,499.4,4.8,-72.33333333333333,0.0,107.0,-77.0,0.0,141.0,141.0,39.0,1.0,15,0,16.0,15.0,64.0,0.9375,833488.0,149168656.0,150002144.0,0.005556507245656436,133192.0,0.0133192,4
UDP_Flood_seed1004_600s,UDP_Flood,1004,290,300,attack,attack,UDP_Flood,udp_flood,none,1,0,1.0,15.0,16.0,0.0,0.0,16.0,16.0,16,16,16,1.0,1.0,149.3125,163.0,266.75,281.0,77.82606140190659,105.2,4.459340117743238,113.0,498.26666666666665,4.8,-72.33333333333333,0.0,106.0,-77.0,0.0,145.0,137.0,42.0,0.9448275862068966,15,0,17.0,16.0,66.0,0.9411764705882353,846128.0,149151728.0,149997856.0,0.005640933961082751,140760.0,0.014076,4
UDP_Flood_seed1004_600s,UDP_Flood,1004,300,310,attack,attack,UDP_Flood,udp_flood,none,1,0,1.0,14.0,14.0,0.0,0.0,14.0,14.0,14,14,14,1.0,1.0,169.64285714285714,161.5,342.19999999999993,441.0,119.88109951939056,104.73333333333333,5.885413769489383,114.29999999999998,497.6666666666667,4.8,-72.33333333333333,0.0,104.0,-77.0,0.0,144.0,137.0,37.0,0.9513888888888888,15,0,15.0,14.0,64.0,0.9333333333333333,825488.0,149174512.0,150000000.0,0.005503253333333334,135760.0,0.013576,4
UDP_Flood_seed1004_600s,UDP_Flood,1004,310,320,attack,attack,UDP_Flood,udp_flood,none,1,0,1.0,16.0,15.0,0.0,0.0,16.0,16.0,17,17,17,1.0,1.0,153.64705882352942,151.0,273.4,295.0,83.53812092128253,103.26666666666667,5.430951859042584,112.29999999999998,495.8,4.8,-72.33333333333333,0.0,105.0,-77.0,0.0,146.0,145.0,44.0,0.9931506849315068,15,0,18.0,16.0,66.0,0.8888888888888888,863424.0,149136576.0,150000000.0,0.00575616,144688.0,0.0144688,4
UDP_Flood_seed1004_600s,UDP_Flood,1004,320,330,attack,attack,UDP_Flood,udp_flood,none,1,0,1.0,16.0,17.0,0.0,0.0,16.0,16.0,15,15,15,1.0,1.0,139.8,133.0,248.1999999999999,307.0,76.91293779332578,102.73333333333333,4.712698145385912,110.69999999999999,495.2,4.8,-72.33333333333333,0.0,102.0,-77.0,0.0,147.0,145.0,46.0,0.9863945578231292,15,0,16.0,16.0,65.0,1.0,887616.0,149112384.0,150000000.0,0.00591744,137432.0,0.0137432,4
UDP_Flood_seed1004_600s,UDP_Flood,1004,330,340,attack,attack,UDP_Flood,udp_flood,none,1,0,1.0,14.0,13.0,0.0,0.0,13.0,13.0,14,14,14,1.0,1.0,133.85714285714286,144.0,230.39999999999998,259.0,70.29810933321163,102.73333333333333,4.350150517374028,109.39999999999999,495.2,4.8,-72.33333333333333,0.0,103.0,-77.0,0.0,141.0,137.0,35.0,0.9716312056737588,15,0,14.0,13.0,63.0,0.9285714285714286,789488.0,149215512.0,150005000.0,0.0052630778974034195,122888.0,0.0122888,4
UDP_Flood_seed1004_600s,UDP_Flood,1004,340,350,attack,attack,UDP_Flood,udp_flood,none,1,0,1.0,15.0,15.0,0.0,0.0,16.0,16.0,16,16,16,1.0,1.0,167.375,165.0,328.25,338.0,91.9622205038569,104.0,4.391550328268399,110.19999999999999,496.8,4.8,-72.33333333333333,0.0,107.0,-77.0,0.0,144.0,139.0,42.0,0.9652777777777778,15,0,19.0,16.0,66.0,0.8421052631578947,874960.0,149120040.0,149995000.0,0.0058332611087036235,153976.0,0.0153976,4
UDP_Flood_seed1004_600s,UDP_Flood,1004,350,360,attack,attack,UDP_Flood,udp_flood,none,1,0,1.0,15.0,16.0,0.0,0.0,14.0,14.0,14,14,14,1.0,1.0,160.92857142857142,141.0,312.0,351.0,99.58719742070208,103.13333333333334,3.8147583085145715,109.89999999999999,495.8,4.8,-72.33333333333333,0.0,106.0,-77.0,0.0,146.0,141.0,42.0,0.9657534246575342,15,0,16.0,14.0,64.0,0.875,867152.0,149132848.0,150000000.0,0.005781013333333333,135784.0,0.0135784,4
UDP_Flood_seed1004_600s,UDP_Flood,1004,360,370,attack,attack,UDP_Flood,udp_flood,none,1,0,1.0,15.0,15.0,0.0,0.0,15.0,15.0,15,15,15,1.0,1.0,182.0,175.0,338.19999999999993,369.0,102.03640806804486,104.66666666666667,6.148944934663492,116.89999999999999,497.53333333333336,4.8,-72.33333333333333,0.0,104.0,-77.0,0.0,149.0,141.0,41.0,0.9463087248322147,15,0,16.0,15.0,65.0,0.9375,860968.0,149139032.0,150000000.0,0.0057397866666666665,137432.0,0.0137432,4
UDP_Flood_seed1004_600s,UDP_Flood,1004,370,380,attack,attack,UDP_Flood,udp_flood,none,1,0,1.0,16.0,16.0,0.0,0.0,16.0,16.0,16,16,16,1.0,1.0,147.0,133.0,277.75,355.0,88.970407065121,107.26666666666667,7.8327760693371635,120.19999999999999,501.0,4.8,-72.33333333333333,0.0,101.0,-77.0,0.0,152.0,141.0,43.0,0.9276315789473685,15,0,16.0,16.0,65.0,1.0,890800.0,149109200.0,150000000.0,0.005938666666666667,136456.0,0.0136456,4
UDP_Flood_seed1004_600s,UDP_Flood,1004,380,390,attack,attack,UDP_Flood,udp_flood,none,1,0,1.0,14.0,14.0,0.0,0.0,15.0,15.0,13,13,13,1.0,1.0,230.84615384615384,170.0,507.9999999999998,610.0,164.59437320974158,106.86666666666666,7.059610133576445,119.99999999999999,500.46666666666664,4.8,-72.33333333333333,0.0,109.0,-77.0,0.0,149.0,139.0,39.0,0.9328859060402684,15,0,19.0,15.0,65.0,0.7894736842105263,848088.0,149151912.0,150000000.0,0.00565392,149256.0,0.0149256,4
UDP_Flood_seed1004_600s,UDP_Flood,1004,390,400,attack,attack,UDP_Flood,udp_flood,none,1,0,1.0,15.0,15.0,0.0,0.0,13.0,13.0,14,14,14,1.0,1.0,152.42857142857142,149.0,283.4,299.0,84.89968223707343,105.0,6.897204402613321,120.3,498.2,4.8,-72.33333333333333,0.0,104.0,-77.0,0.0,140.0,139.0,39.0,0.9928571428571429,15,0,13.0,13.0,63.0,1.0,814368.0,149185632.0,150000000.0,0.00542912,122680.0,0.012268,4
UDP_Flood_seed1004_600s,UDP_Flood,1004,400,410,attack,attack,UDP_Flood,udp_flood,none,1,0,1.0,13.0,13.0,0.0,0.0,15.0,15.0,16,16,16,1.0,1.0,175.0,143.5,389.25,405.0,113.44778534638743,104.33333333333333,6.852180744287249,115.49999999999999,497.26666666666665,4.8,-72.33333333333333,0.0,111.0,-77.0,0.0,147.0,139.0,39.0,0.9455782312925171,15,0,20.0,15.0,65.0,0.75,867936.0,149132064.0,150000000.0,0.00578624,155272.0,0.0155272,4
UDP_Flood_seed1004_600s,UDP_Flood,1004,410,420,attack,attack,UDP_Flood,udp_flood,none,1,0,1.0,16.0,15.0,0.0,0.0,14.0,14.0,14,14,14,1.0,1.0,157.71428571428572,166.0,350.3,362.0,105.11783027516427,111.2,15.372517221141296,134.09999999999997,506.0,4.8,-72.33333333333333,0.0,110.0,-77.0,0.0,157.0,141.0,41.0,0.8980891719745223,15,0,16.0,14.0,63.0,0.875,893832.0,149111312.0,150005144.0,0.005958675657149464,133048.0,0.0133048,4
UDP_Flood_seed1004_600s,UDP_Flood,1004,420,430,attack,attack,UDP_Flood,udp_flood,none,1,0,1.0,14.0,15.0,0.0,0.0,16.0,16.0,15,15,15,1.0,1.0,155.6,143.0,322.0999999999999,376.0,101.4866634447249,108.0,14.584727824484272,129.29999999999995,499.46666666666664,4.8,-72.33333333333333,0.0,109.0,-77.0,0.0,149.0,139.0,46.0,0.9328859060402684,15,0,18.0,16.0,67.0,0.8888888888888888,905568.0,149089288.0,149994856.0,0.0060373270400686276,145320.0,0.014532,4
UDP_Flood_seed1004_600s,UDP_Flood,1004,430,440,attack,attack,UDP_Flood,udp_flood,none,1,0,1.0,16.0,16.0,0.0,0.0,15.0,15.0,16,16,16,1.0,1.0,175.4375,173.0,326.0,386.0,115.27299119915297,107.2,11.754634344437456,122.89999999999996,497.6666666666667,4.8,-72.33333333333333,0.0,113.0,-77.0,0.0,149.0,143.0,44.0,0.959731543624161,15,0,18.0,15.0,65.0,0.8333333333333334,864944.0,149135056.0,150000000.0,0.005766293333333334,143920.0,0.014392,4
UDP_Flood_seed1004_600s,UDP_Flood,1004,440,450,attack,attack,UDP_Flood,udp_flood,none,1,0,1.0,14.0,14.0,0.0,0.0,15.0,15.0,15,15,15,1.0,1.0,170.06666666666666,133.0,347.39999999999986,444.0,116.85000560343936,108.93333333333334,10.374878083047301,125.79999999999998,500.06666666666666,4.8,-72.33333333333333,0.0,108.0,-77.0,0.0,153.0,140.0,40.0,0.9150326797385621,15,0,15.0,15.0,64.0,1.0,873984.0,149126016.0,150000000.0,0.00582656,132560.0,0.013256,4
UDP_Flood_seed1004_600s,UDP_Flood,1004,450,460,attack,attack,UDP_Flood,udp_flood,none,1,0,1.0,14.0,14.0,0.0,0.0,14.0,14.0,14,14,14,1.0,1.0,159.71428571428572,147.5,299.9,335.0,95.34506446943816,107.26666666666667,7.41105994604075,118.49999999999999,498.0,4.8,-72.33333333333333,0.0,107.0,-77.0,0.0,143.0,138.0,38.0,0.965034965034965,15,0,15.0,14.0,64.0,0.9333333333333333,828040.0,149171960.0,150000000.0,0.0055202666666666666,134032.0,0.0134032,4
UDP_Flood_seed1004_600s,UDP_Flood,1004,460,470,attack,attack,UDP_Flood,udp_flood,none,1,0,1.0,16.0,16.0,0.0,0.0,16.0,16.0,16,16,16,1.0,1.0,149.6875,141.0,263.5,304.0,72.6908694403912,106.8,8.410877311128557,124.5,497.3333333333333,4.8,-72.33333333333333,0.0,112.0,-77.0,0.0,149.0,142.0,44.0,0.9530201342281879,15,0,21.0,16.0,66.0,0.7619047619047619,921920.0,149078080.0,150000000.0,0.006146133333333333,155456.0,0.0155456,4
UDP_Flood_seed1004_600s,UDP_Flood,1004,470,480,attack,attack,UDP_Flood,udp_flood,none,1,0,1.0,15.0,15.0,0.0,0.0,15.0,15.0,15,15,15,1.0,1.0,170.0,175.0,359.3,360.0,98.65234773833673,105.53333333333333,6.209056365695271,118.6,495.53333333333336,4.8,-72.33333333333333,0.0,113.0,-77.0,0.0,147.0,141.0,41.0,0.9591836734693877,15,0,19.0,15.0,65.0,0.7894736842105263,874624.0,149125376.0,150000000.0,0.005830826666666667,147608.0,0.0147608,4
UDP_Flood_seed1004_600s,UDP_Flood,1004,480,490,attack,attack,UDP_Flood,udp_flood,none,1,0,1.0,15.0,15.0,0.0,0.0,14.0,14.0,14,14,14,1.0,1.0,143.14285714285714,133.5,261.34999999999997,327.0,82.79897541437533,104.0,4.59813626840888,113.3,493.8,4.8,-72.33333333333333,0.0,107.0,-77.0,0.0,140.0,139.0,39.0,0.9928571428571429,15,0,14.0,14.0,64.0,1.0,810856.0,149189144.0,150000000.0,0.005405706666666667,128360.0,0.012836,4
UDP_Flood_seed1004_600s,UDP_Flood,1004,490,500,attack,attack,UDP_Flood,udp_flood,none,1,0,1.0,15.0,15.0,0.0,0.0,16.0,16.0,15,15,15,1.0,1.0,150.53333333333333,147.0,260.9,270.0,77.14537914748702,103.86666666666666,3.9617216074881,110.3,493.6666666666667,4.8,-72.33333333333333,0.0,104.0,-77.0,0.0,145.0,141.0,41.0,0.9724137931034482,15,0,16.0,16.0,65.0,1.0,838576.0,149161424.0,150000000.0,0.005590506666666667,135280.0,0.013528,4
UDP_Flood_seed1004_600s,UDP_Flood,1004,500,510,attack,attack,UDP_Flood,udp_flood,none,1,0,1.0,15.0,15.0,0.0,0.0,15.0,15.0,15,15,15,1.0,1.0,171.33333333333334,160.0,377.5,388.0,123.94968257129105,104.46666666666667,6.3568485753181045,115.29999999999998,494.26666666666665,4.8,-72.33333333333333,0.0,108.0,-77.0,0.0,147.0,140.0,46.0,0.9523809523809523,15,0,19.0,15.0,65.0,0.7894736842105263,886288.0,149113712.0,150000000.0,0.005908586666666667,152192.0,0.0152192,4
UDP_Flood_seed1004_600s,UDP_Flood,1004,510,520,attack,attack,UDP_Flood,udp_flood,none,1,0,1.0,16.0,16.0,0.0,0.0,16.0,16.0,17,17,17,1.0,1.0,140.1764705882353,149.0,251.6,262.0,85.36629552560369,104.26666666666667,4.742914514856672,113.89999999999999,493.93333333333334,4.8,-72.33333333333333,0.0,106.0,-77.0,0.0,147.0,143.0,43.0,0.9727891156462585,15,0,17.0,16.0,66.0,0.9411764705882353,866392.0,149133608.0,150000000.0,0.005775946666666667,140424.0,0.0140424,4
UDP_Flood_seed1004_600s,UDP_Flood,1004,520,530,attack,attack,UDP_Flood,udp_flood,none,1,0,1.0,15.0,15.0,0.0,0.0,15.0,15.0,15,15,15,1.0,1.0,140.4,143.0,249.09999999999997,275.0,78.47274322063316,104.86666666666666,6.20905636569527,114.6,494.8666666666667,4.8,-72.33333333333333,0.0,107.0,-77.0,0.0,150.0,141.0,41.0,0.94,15,0,17.0,15.0,65.0,0.8823529411764706,895168.0,149104832.0,150000000.0,0.005967786666666666,142464.0,0.0142464,4
UDP_Flood_seed1005_600s,UDP_Flood,1005,190,200,attack,attack,UDP_Flood,udp_flood,none,1,0,1.0,15.0,15.0,0.0,0.0,15.0,15.0,15,15,15,1.0,1.0,195.4,179.0,355.29999999999984,461.0,108.36499171121378,112.06666666666666,7.968389931174182,126.5,495.3333333333333,4.8,-71.8,0.0,104.0,-77.0,0.0,161.0,141.0,41.0,0.8757763975155279,15,0,16.0,15.0,65.0,0.9375,944888.0,149055112.0,150000000.0,0.0062992533333333335,141696.0,0.0141696,5
UDP_Flood_seed1005_600s,UDP_Flood,1005,200,210,attack,attack,UDP_Flood,udp_flood,none,1,0,1.0,14.0,14.0,0.0,0.0,15.0,15.0,15,15,15,1.0,1.0,183.0,132.0,421.59999999999997,430.0,132.64076081119043,112.46666666666667,12.933161510886142,135.09999999999997,496.0,4.8,-71.8,0.0,108.0,-77.0,0.0,153.0,136.0,37.0,0.8888888888888888,15,0,18.0,15.0,65.0,0.8333333333333334,855736.0,149144264.0,150000000.0,0.005704906666666666,146528.0,0.0146528,5
UDP_Flood_seed1005_600s,UDP_Flood,1005,210,220,attack,attack,UDP_Flood,udp_flood,none,1,0,1.0,15.0,15.0,0.0,0.0,15.0,15.0,15,15,15,1.0,1.0,167.66666666666666,174.0,273.49999999999994,319.0,80.82314614255593,108.4,8.183607307992519,125.1,490.53333333333336,4.8,-71.8,0.0,108.0,-77.0,0.0,145.0,140.0,47.0,0.9655172413793104,15,0,17.0,15.0,67.0,0.8823529411764706,885632.0,149114368.0,150000000.0,0.005904213333333333,144912.0,0.0144912,5
UDP_Flood_seed1005_600s,UDP_Flood,1005,220,230,attack,attack,UDP_Flood,udp_flood,none,1,0,1.0,15.0,15.0,0.0,0.0,15.0,15.0,15,15,15,1.0,1.0,142.13333333333333,138.0,248.39999999999995,282.0,73.60887627634771,108.0,7.319250547113999,121.0,489.93333333333334,4.8,-71.8,0.0,114.0,-77.0,0.0,155.0,141.0,41.0,0.9096774193548387,15,0,21.0,15.0,65.0,0.7142857142857143,935824.0,149064176.0,150000000.0,0.006238826666666667,155008.0,0.0155008,5
UDP_Flood_seed1005_600s,UDP_Flood,1005,230,240,attack,attack,UDP_Flood,udp_flood,none,1,0,1.0,15.0,15.0,0.0,0.0,15.0,15.0,15,15,15,1.0,1.0,160.93333333333334,158.0,296.2,299.0,95.8216100489913,106.2,5.0878005351737485,114.8,487.6,4.8,-71.8,0.0,108.0,-77.0,0.0,145.0,142.0,41.0,0.9793103448275862,15,0,15.0,15.0,65.0,1.0,859936.0,149140064.0,150000000.0,0.005732906666666667,131680.0,0.013168,5
UDP_Flood_seed1005_600s,UDP_Flood,1005,240,250,attack,attack,UDP_Flood,udp_flood,none,1,0,1.0,16.0,15.0,0.0,0.0,15.0,15.0,15,15,15,1.0,1.0,160.4,156.0,310.0999999999999,350.0,99.10081446976825,105.8,5.5446241660600535,116.0,487.8666666666667,4.8,-71.8,0.0,106.0,-77.0,0.0,145.0,142.0,44.0,0.9793103448275862,15,0,16.0,15.0,65.0,0.9375,852776.0,149147224.0,150000000.0,0.005685173333333333,136256.0,0.0136256,5
UDP_Flood_seed1005_600s,UDP_Flood,1005,250,260,attack,attack,UDP_Flood,udp_flood,none,1,0,1.0,15.0,16.0,0.0,0.0,15.0,15.0,15,15,15,1.0,1.0,132.66666666666666,143.0,236.7999999999999,311.0,74.96538883918046,105.93333333333334,6.638272867747051,116.99999999999999,488.53333333333336,4.8,-71.8,0.0,104.0,-77.0,0.0,145.0,140.0,45.0,0.9655172413793104,15,0,16.0,15.0,66.0,0.9375,865160.0,149140528.0,150005688.0,0.005767514629178595,135536.0,0.0135536,5
UDP_Flood_seed1005_600s,UDP_Flood,1005,260,270,attack,attack,UDP_Flood,udp_flood,none,1,0,1.0,16.0,15.0,0.0,0.0,15.0,15.0,15,15,15,1.0,1.0,148.73333333333332,137.0,302.59999999999985,388.0,100.1302485099616,109.73333333333333,9.399594722772942,129.5,496.6,4.8,-71.8,0.0,104.0,-77.0,0.0,157.0,142.0,43.0,0.9044585987261147,15,0,16.0,15.0,64.0,0.9375,906560.0,149087752.0,149994312.0,0.006043962520392107,135240.0,0.013524,5
UDP_Flood_seed1005_600s,UDP_Flood,1005,270,280,attack,attack,UDP_Flood,udp_flood,none,1,0,1.0,13.0,14.0,0.0,0.0,15.0,15.0,15,15,15,1.0,1.0,145.06666666666666,117.0,307.7,321.0,87.46629282730794,108.8,11.477929131287453,132.6,495.8666666666667,4.8,-71.8,0.0,102.0,-77.0,0.0,148.0,137.0,40.0,0.9256756756756757,15,0,15.0,15.0,65.0,1.0,878184.0,149121816.0,150000000.0,0.00585456,132680.0,0.013268,5
UDP_Flood_seed1005_600s,UDP_Flood,1005,280,290,attack,attack,UDP_Flood,udp_flood,none,1,0,1.0,16.0,16.0,0.0,0.0,16.0,16.0,16,16,16,1.0,1.0,155.8125,152.0,336.25,340.0,105.16984279408871,110.13333333333334,10.432549795620208,128.7,502.06666666666666,4.8,-71.8,0.0,102.0,-77.0,0.0,156.0,142.0,43.0,0.9102564102564102,15,0,17.0,16.0,66.0,0.9411764705882353,926544.0,149073456.0,150000000.0,0.00617696,141424.0,0.0141424,5
UDP_Flood_seed1005_600s,UDP_Flood,1005,290,300,attack,attack,UDP_Flood,udp_flood,none,1,0,1.0,15.0,15.0,0.0,0.0,15.0,15.0,15,15,15,1.0,1.0,152.66666666666666,150.0,242.2,245.0,73.17070712349567,107.66666666666667,8.14745066759857,124.5,498.73333333333335,4.8,-71.8,0.0,101.0,-77.0,0.0,149.0,139.0,41.0,0.9328859060402684,15,0,15.0,15.0,65.0,1.0,888352.0,149111648.0,150000000.0,0.0059223466666666665,131096.0,0.0131096,5
UDP_Flood_seed1005_600s,UDP_Flood,1005,300,310,attack,attack,UDP_Flood,udp_flood,none,1,0,1.0,15.0,15.0,0.0,0.0,14.0,14.0,14,14,14,1.0,1.0,145.92857142857142,179.0,247.04999999999998,275.0,86.93628461360413,105.66666666666667,6.831300510639733,120.6,496.26666666666665,4.8,-71.8,0.0,100.0,-77.0,0.0,145.0,140.0,40.0,0.9655172413793104,15,0,14.0,14.0,63.0,1.0,854696.0,149145304.0,150000000.0,0.005697973333333333,124728.0,0.0124728,5
UDP_Flood_seed1005_600s,UDP_Flood,1005,310,320,attack,attack,UDP_Flood,udp_flood,none,1,0,1.0,15.0,15.0,0.0,0.0,16.0,16.0,16,16,16,1.0,1.0,136.8125,147.0,220.5,237.0,70.5768788863133,106.4,6.748544816688791,117.3,497.2,4.8,-71.8,0.0,103.0,-77.0,0.0,153.0,142.0,42.0,0.9281045751633987,15,0,18.0,16.0,66.0,0.8888888888888888,898784.0,149101216.0,150000000.0,0.005991893333333333,142904.0,0.0142904,5
UDP_Flood_seed1005_600s,UDP_Flood,1005,320,330,attack,attack,UDP_Flood,udp_flood,none,1,0,1.0,15.0,15.0,0.0,0.0,15.0,15.0,15,15,15,1.0,1.0,182.4,166.0,360.0999999999999,435.0,110.29363406056451,106.13333333333334,5.9505902068218255,114.6,496.93333333333334,4.8,-71.8,0.0,105.0,-77.0,0.0,150.0,140.0,41.0,0.9333333333333333,15,0,17.0,15.0,65.0,0.8823529411764706,907576.0,149092424.0,150000000.0,0.006050506666666667,141456.0,0.0141456,5
UDP_Flood_seed1005_600s,UDP_Flood,1005,330,340,attack,attack,UDP_Flood,udp_flood,none,1,0,1.0,15.0,15.0,0.0,0.0,15.0,15.0,15,15,15,1.0,1.0,205.33333333333334,197.0,378.0999999999999,418.0,106.23132889169389,107.13333333333334,7.605136109110425,120.89999999999999,498.1333333333333,4.8,-71.8,0.0,116.0,-77.0,0.0,153.0,141.0,41.0,0.9215686274509803,15,0,23.0,15.0,65.0,0.6521739130434783,894944.0,149110168.0,150005112.0,0.005966090008985827,163928.0,0.0163928,5
UDP_Flood_seed1005_600s,UDP_Flood,1005,340,350,attack,attack,UDP_Flood,udp_flood,none,1,0,1.0,15.0,15.0,0.0,0.0,14.0,14.0,14,14,14,1.0,1.0,133.5,157.0,208.0,221.0,66.49436066314193,105.4,6.115553940568262,116.1,495.8,4.8,-71.8,0.0,109.0,-77.0,0.0,145.0,140.0,40.0,0.9655172413793104,15,0,14.0,14.0,63.0,1.0,835232.0,149159656.0,149994888.0,0.005568403104511135,125824.0,0.0125824,5
UDP_Flood_seed1005_600s,UDP_Flood,1005,350,360,attack,attack,UDP_Flood,udp_flood,none,1,0,1.0,15.0,15.0,0.0,0.0,16.0,16.0,15,15,15,1.0,1.0,154.4,117.0,323.5,327.0,98.1280504530396,104.4,5.65432830417801,114.8,494.73333333333335,4.8,-71.8,0.0,104.0,-77.0,0.0,147.0,141.0,42.0,0.9591836734693877,15,0,15.0,15.0,66.0,1.0,862752.0,149137248.0,150000000.0,0.00575168,132776.0,0.0132776,5
UDP_Flood_seed1005_600s,UDP_Flood,1005,360,370,attack,attack,UDP_Flood,udp_flood,none,1,0,1.0,15.0,15.0,0.0,0.0,15.0,15.0,16,16,16,1.0,1.0,147.4375,134.5,275.0,293.0,88.96888501043496,106.86666666666666,8.82259005270534,122.69999999999999,497.8,4.8,-71.8,0.0,104.0,-77.0,0.0,151.0,141.0,41.0,0.9337748344370861,15,0,17.0,16.0,65.0,0.9411764705882353,871200.0,149128800.0,150000000.0,0.005808,137280.0,0.013728,5
UDP_Flood_seed1005_600s,UDP_Flood,1005,370,380,attack,attack,UDP_Flood,udp_flood,none,1,0,1.0,15.0,15.0,0.0,0.0,15.0,15.0,15,15,15,1.0,1.0,134.66666666666666,109.0,258.1999999999999,324.0,81.32093972707914,106.0,8.071112509614592,117.89999999999999,496.6666666666667,4.8,-71.8,0.0,102.0,-77.0,0.0,151.0,139.0,41.0,0.9205298013245033,15,0,15.0,15.0,65.0,1.0,874680.0,149125320.0,150000000.0,0.0058312,129856.0,0.0129856,5
UDP_Flood_seed1005_600s,UDP_Flood,1005,380,390,attack,attack,UDP_Flood,udp_flood,none,1,0,1.0,16.0,15.0,0.0,0.0,14.0,14.0,14,14,14,1.0,1.0,146.64285714285714,114.0,269.7,310.0,79.48933856219301,106.8,8.977750274985377,123.6,497.73333333333335,4.8,-71.8,0.0,103.0,-77.0,0.0,152.0,142.0,41.0,0.9342105263157895,15,0,15.0,14.0,63.0,0.9333333333333333,886712.0,149113288.0,150000000.0,0.005911413333333333,129784.0,0.0129784,5
UDP_Flood_seed1005_600s,UDP_Flood,1005,390,400,attack,attack,UDP_Flood,udp_flood,none,1,0,1.0,15.0,16.0,0.0,0.0,16.0,16.0,16,16,16,1.0,1.0,162.4375,127.5,350.75,374.0,99.95930421926715,110.6,13.553070290001239,136.6,502.6666666666667,4.8,-71.8,0.0,103.0,-77.0,0.0,155.0,141.0,42.0,0.9096774193548387,15,0,17.0,16.0,66.0,0.9411764705882353,920376.0,149079624.0,150000000.0,0.00613584,143128.0,0.0143128,5
UDP_Flood_seed1005_600s,UDP_Flood,1005,400,410,attack,attack,UDP_Flood,udp_flood,none,1,0,1.0,15.0,15.0,0.0,0.0,15.0,15.0,15,15,15,1.0,1.0,149.06666666666666,162.0,261.49999999999994,300.0,76.02299150977446,107.73333333333333,10.79329597922887,127.69999999999999,499.0,4.8,-71.8,0.0,103.0,-77.0,0.0,147.0,140.0,42.0,0.9523809523809523,15,0,16.0,15.0,66.0,0.9375,864152.0,149135848.0,150000000.0,0.005761013333333334,133232.0,0.0133232,5
UDP_Flood_seed1005_600s,UDP_Flood,1005,410,420,attack,attack,UDP_Flood,udp_flood,none,1,0,1.0,15.0,15.0,0.0,0.0,15.0,15.0,15,15,15,1.0,1.0,165.93333333333334,155.0,286.7999999999999,368.0,93.78049345349464,111.26666666666667,15.718354451616959,139.49999999999997,503.46666666666664,4.8,-71.8,0.0,104.0,-77.0,0.0,153.0,141.0,41.0,0.9215686274509803,15,0,16.0,15.0,65.0,0.9375,869904.0,149130096.0,150000000.0,0.00579936,135280.0,0.013528,5
UDP_Flood_seed1005_600s,UDP_Flood,1005,420,430,attack,attack,UDP_Flood,udp_flood,none,1,0,1.0,15.0,15.0,0.0,0.0,15.0,15.0,15,15,15,1.0,1.0,161.6,144.0,306.4,319.0,90.69950385751841,109.13333333333334,12.182344758277193,129.49999999999997,500.6,4.8,-71.8,0.0,104.0,-77.0,0.0,156.0,143.0,43.0,0.9166666666666666,15,0,15.0,15.0,65.0,1.0,916848.0,149083152.0,150000000.0,0.00611232,136360.0,0.013636,5
UDP_Flood_seed1005_600s,UDP_Flood,1005,430,440,attack,attack,UDP_Flood,udp_flood,none,1,0,1.0,14.0,13.0,0.0,0.0,14.0,14.0,14,14,14,1.0,1.0,164.57142857142858,118.5,348.24999999999994,436.0,126.2230713311308,111.53333333333333,15.914354107743948,136.79999999999995,503.6,4.8,-71.8,0.0,105.0,-77.0,0.0,147.0,134.0,35.0,0.9115646258503401,15,0,15.0,14.0,64.0,0.9333333333333333,857784.0,149142216.0,150000000.0,0.00571856,129072.0,0.0129072,5
UDP_Flood_seed1005_600s,UDP_Flood,1005,440,450,attack,attack,UDP_Flood,udp_flood,none,1,0,1.0,16.0,16.0,0.0,0.0,15.0,15.0,15,15,15,1.0,1.0,165.6,150.0,325.8,330.0,112.2845874171009,114.8,18.720500603807125,141.39999999999995,507.8,4.8,-71.8,0.0,106.0,-77.0,0.0,168.0,145.0,44.0,0.8630952380952381,15,0,16.0,15.0,65.0,0.9375,987712.0,149012288.0,150000000.0,0.006584746666666667,136632.0,0.0136632,5
UDP_Flood_seed1005_600s,UDP_Flood,1005,450,460,attack,attack,UDP_Flood,udp_flood,none,1,0,1.0,15.0,15.0,0.0,0.0,15.0,15.0,15,15,15,1.0,1.0,183.86666666666667,153.0,368.3999999999999,437.0,119.78067258038556,118.4,21.891942418550776,164.39999999999998,512.4666666666667,4.8,-71.8,0.0,105.0,-77.0,0.0,160.0,140.0,42.0,0.875,15,0,16.0,15.0,65.0,0.9375,917408.0,149082592.0,150000000.0,0.006116053333333333,136936.0,0.0136936,5
UDP_Flood_seed1005_600s,UDP_Flood,1005,460,470,attack,attack,UDP_Flood,udp_flood,none,1,0,1.0,14.0,15.0,0.0,0.0,15.0,15.0,15,15,15,1.0,1.0,184.8,146.0,422.1999999999999,509.0,127.8549401246808,116.93333333333334,17.14837212876682,144.79999999999995,510.46666666666664,4.8,-71.8,0.0,111.0,-77.0,0.0,155.0,136.0,38.0,0.8774193548387097,15,0,20.0,15.0,64.0,0.75,921176.0,149078824.0,150000000.0,0.006141173333333333,152176.0,0.0152176,5
UDP_Flood_seed1005_600s,UDP_Flood,1005,470,480,attack,attack,UDP_Flood,udp_flood,none,1,0,1.0,15.0,15.0,0.0,0.0,16.0,16.0,15,15,15,1.0,1.0,156.4,142.0,285.0,292.0,85.26077644497498,113.4,15.150671838002998,132.19999999999996,506.6666666666667,4.8,-71.8,0.0,109.0,-77.0,0.0,155.0,144.0,46.0,0.9290322580645162,15,0,18.0,16.0,67.0,0.8888888888888888,927896.0,149072104.0,150000000.0,0.006185973333333333,146488.0,0.0146488,5
UDP_Flood_seed1005_600s,UDP_Flood,1005,480,490,attack,attack,UDP_Flood,udp_flood,none,1,0,1.0,15.0,15.0,0.0,0.0,14.0,14.0,15,15,15,1.0,1.0,157.2,128.0,378.6,380.0,116.71161039074049,111.2,13.586758259423032,129.39999999999995,503.6666666666667,4.8,-71.8,0.0,107.0,-77.0,0.0,149.0,141.0,41.0,0.9463087248322147,15,0,15.0,14.0,64.0,0.9333333333333333,880904.0,149119096.0,150000000.0,0.005872693333333333,136456.0,0.0136456,5
UDP_Flood_seed1005_600s,UDP_Flood,1005,490,500,attack,attack,UDP_Flood,udp_flood,none,1,0,1.0,15.0,15.0,0.0,0.0,16.0,16.0,16,16,16,1.0,1.0,149.5625,142.0,255.25,289.0,73.25022753093216,112.8,15.857400255311171,141.79999999999998,507.2,4.8,-71.8,0.0,105.0,-77.0,0.0,156.0,140.0,43.0,0.8974358974358975,15,0,17.0,16.0,67.0,0.9411764705882353,913336.0,149086664.0,150000000.0,0.006088906666666667,140352.0,0.0140352,5
UDP_Flood_seed1005_600s,UDP_Flood,1005,500,510,attack,attack,UDP_Flood,udp_flood,none,1,0,1.0,15.0,14.0,0.0,0.0,14.0,14.0,14,14,14,1.0,1.0,153.85714285714286,126.5,263.9,273.0,85.6368514698569,109.26666666666667,13.817518211452066,129.49999999999997,507.06666666666666,4.8,-71.8,0.0,103.0,-77.0,0.0,143.0,139.0,41.0,0.972027972027972,15,0,14.0,14.0,64.0,1.0,834880.0,149165120.0,150000000.0,0.005565866666666666,125712.0,0.0125712,5
UDP_Flood_seed1005_600s,UDP_Flood,1005,510,520,attack,attack,UDP_Flood,udp_flood,none,1,0,1.0,15.0,15.0,0.0,0.0,15.0,15.0,15,14,15,0.9333333333333333,1.0,169.28571428571428,143.0,275.5,282.0,70.60009650399655,107.4,12.263767773404714,125.59999999999997,504.8666666666667,4.8,-71.8,0.0,104.0,-77.0,0.0,146.0,142.0,42.0,0.9726027397260274,15,0,15.0,14.0,64.0,0.9333333333333333,859960.0,149140040.0,150000000.0,0.0057330666666666665,131432.0,0.0131432,5
UDP_Flood_seed1005_600s,UDP_Flood,1005,520,530,attack,attack,UDP_Flood,udp_flood,none,1,0,1.0,15.0,15.0,1.0,0.0,16.0,16.0,16,16,16,1.0,1.0,148.75,164.5,263.5,289.0,92.71138009974827,107.93333333333334,11.504450484589908,125.49999999999997,506.8666666666667,4.8,-71.8,0.0,105.0,-77.0,0.0,148.0,141.0,42.0,0.9527027027027027,15,0,17.0,16.0,66.0,0.9411764705882353,868416.0,149131584.0,150000000.0,0.00578944,141744.0,0.0141744,5
UDP_Flood_seed1006_600s,UDP_Flood,1006,190,200,attack,attack,UDP_Flood,udp_flood,none,1,0,1.0,16.0,17.0,0.0,0.0,16.0,16.0,16,16,16,1.0,1.0,161.75,145.5,333.0,333.0,106.70551375944295,108.6,8.567379996241558,122.1,496.2,4.8,-68.93333333333334,0.0,111.0,-77.0,0.0,155.0,143.0,44.0,0.9225806451612903,15,0,19.0,16.0,65.0,0.8421052631578947,897184.0,149102816.0,150000000.0,0.005981226666666666,145240.0,0.014524,1
UDP_Flood_seed1006_600s,UDP_Flood,1006,200,210,attack,attack,UDP_Flood,udp_flood,none,1,0,1.0,15.0,14.0,0.0,0.0,15.0,15.0,15,15,15,1.0,1.0,119.73333333333333,112.0,252.89999999999998,269.0,74.56106477882662,107.86666666666666,6.875075757158365,119.1,495.26666666666665,4.8,-68.93333333333334,0.0,109.0,-77.0,0.0,145.0,140.0,39.0,0.9655172413793104,15,0,16.0,15.0,65.0,0.9375,817608.0,149183648.0,150001256.0,0.0054506743596866945,133712.0,0.0133712,1
UDP_Flood_seed1006_600s,UDP_Flood,1006,210,220,attack,attack,UDP_Flood,udp_flood,none,1,0,1.0,15.0,16.0,0.0,0.0,15.0,15.0,16,16,16,1.0,1.0,157.6875,146.0,280.25,290.0,88.94021868648626,106.26666666666667,7.10600014742739,118.69999999999999,493.06666666666666,4.8,-68.93333333333334,0.0,109.0,-77.0,0.0,142.0,140.0,43.0,0.9859154929577465,15,0,16.0,15.0,65.0,0.9375,862008.0,149136736.0,149998744.0,0.005746768119605055,134144.0,0.0134144,1
UDP_Flood_seed1006_600s,UDP_Flood,1006,220,230,attack,attack,UDP_Flood,udp_flood,none,1,0,1.0,15.0,15.0,0.0,0.0,15.0,15.0,15,15,15,1.0,1.0,147.26666666666668,138.0,281.69999999999993,337.0,84.24832907767936,107.8,8.11700155757742,122.3,495.06666666666666,4.8,-68.93333333333334,0.0,106.0,-77.0,0.0,149.0,141.0,41.0,0.9463087248322147,15,0,15.0,15.0,66.0,1.0,863072.0,149136928.0,150000000.0,0.005753813333333333,131776.0,0.0131776,1
UDP_Flood_seed1006_600s,UDP_Flood,1006,230,240,attack,attack,UDP_Flood,udp_flood,none,1,0,1.0,15.0,15.0,0.0,0.0,16.0,16.0,15,15,15,1.0,1.0,147.86666666666667,136.0,278.49999999999994,331.0,85.44410592952119,106.93333333333334,7.333549780355511,119.3,494.06666666666666,4.8,-68.93333333333334,0.0,108.0,-77.0,0.0,149.0,143.0,50.0,0.959731543624161,15,0,17.0,16.0,66.0,0.9411764705882353,889144.0,149110856.0,150000000.0,0.005927626666666666,145848.0,0.014577348059671896,1
UDP_Flood_seed1006_600s,UDP_Flood,1006,240,250,attack,attack,UDP_Flood,udp_flood,none,1,0,1.0,16.0,15.0,0.0,0.0,14.0,14.0,15,15,15,1.0,1.0,165.0,141.0,313.3999999999999,375.0,94.34511116109833,107.33333333333333,7.32575365861197,118.5,494.6,4.8,-68.93333333333334,0.0,109.0,-77.0,0.0,143.0,140.0,39.0,0.9790209790209791,15,0,15.0,14.0,64.0,0.9333333333333333,833008.0,149166992.0,150000000.0,0.005553386666666667,129616.0,0.012968229358848244,1
UDP_Flood_seed1006_600s,UDP_Flood,1006,250,260,attack,attack,UDP_Flood,udp_flood,none,1,0,1.0,14.0,15.0,0.0,0.0,15.0,15.0,15,15,15,1.0,1.0,127.33333333333333,117.0,240.39999999999998,260.0,71.7024274012958,107.66666666666667,9.0527554342521,120.99999999999997,494.4,4.8,-68.93333333333334,0.0,106.0,-77.0,0.0,142.0,138.0,42.0,0.971830985915493,15,0,15.0,15.0,67.0,1.0,838120.0,149161880.0,150000000.0,0.0055874666666666664,132872.0,0.0132872,1
UDP_Flood_seed1006_600s,UDP_Flood,1006,260,270,attack,attack,UDP_Flood,udp_flood,none,1,0,1.0,15.0,15.0,0.0,0.0,15.0,15.0,15,15,15,1.0,1.0,147.13333333333333,155.0,265.49999999999994,297.0,77.93574887290782,106.46666666666667,8.749421749600424,119.29999999999998,493.3333333333333,4.8,-68.93333333333334,0.0,107.0,-77.0,0.0,144.0,141.0,42.0,0.9791666666666666,15,0,17.0,15.0,65.0,0.8823529411764706,840368.0,149159632.0,150000000.0,0.0056024533333333335,139544.0,0.0139544,1
UDP_Flood_seed1006_600s,UDP_Flood,1006,270,280,attack,attack,UDP_Flood,udp_flood,none,1,0,1.0,15.0,15.0,0.0,0.0,15.0,15.0,15,15,15,1.0,1.0,166.93333333333334,149.0,313.4,319.0,91.34351698526883,105.26666666666667,8.506020276979179,118.29999999999998,490.8,4.8,-68.93333333333334,0.0,112.0,-77.0,0.0,145.0,141.0,42.0,0.9724137931034482,15,0,19.0,15.0,64.0,0.7894736842105263,903648.0,149096352.0,150000000.0,0.00602432,144512.0,0.0144512,1
UDP_Flood_seed1006_600s,UDP_Flood,1006,280,290,attack,attack,UDP_Flood,udp_flood,none,1,0,1.0,16.0,16.0,0.0,0.0,16.0,16.0,15,15,15,1.0,1.0,153.66666666666666,135.0,321.3,322.0,99.61473404118107,104.46666666666667,6.6854497302154705,116.69999999999999,488.53333333333336,4.8,-68.93333333333334,0.0,108.0,-77.0,0.0,144.0,142.0,44.0,0.9861111111111112,15,0,17.0,16.0,66.0,0.9411764705882353,833856.0,149166144.0,150000000.0,0.00555904,144240.0,0.014424,1
UDP_Flood_seed1006_600s,UDP_Flood,1006,290,300,attack,attack,UDP_Flood,udp_flood,none,1,0,1.0,15.0,15.0,0.0,0.0,15.0,15.0,16,16,16,1.0,1.0,166.6875,158.5,299.25,300.0,89.62493607622082,103.26666666666667,5.00666222813829,112.5,487.0,4.8,-68.93333333333334,0.0,106.0,-77.0,0.0,142.0,141.0,43.0,0.9929577464788732,15,0,16.0,15.0,65.0,0.9375,844288.0,149156712.0,150001000.0,0.005628549143005713,135240.0,0.013524,1
UDP_Flood_seed1006_600s,UDP_Flood,1006,300,310,attack,attack,UDP_Flood,udp_flood,none,1,0,1.0,15.0,15.0,0.0,0.0,15.0,15.0,15,15,15,1.0,1.0,160.13333333333333,175.0,298.49999999999983,421.0,105.17323577702419,102.4,3.601586951807296,108.89999999999999,485.8,4.8,-68.93333333333334,0.0,105.0,-77.0,0.0,143.0,141.0,43.0,0.986013986013986,15,0,16.0,15.0,65.0,0.9375,847752.0,149151248.0,149999000.0,0.005651717678117854,138336.0,0.0138336,1
UDP_Flood_seed1006_600s,UDP_Flood,1006,310,320,attack,attack,UDP_Flood,udp_flood,none,1,0,1.0,15.0,15.0,0.0,0.0,15.0,15.0,15,15,15,1.0,1.0,149.0,157.0,275.99999999999994,311.0,88.21159625744063,103.4,6.620315055083967,113.09999999999998,485.6,4.8,-68.93333333333334,0.0,105.0,-77.0,0.0,147.0,141.0,42.0,0.9591836734693877,15,0,16.0,15.0,65.0,0.9375,870080.0,149129920.0,150000000.0,0.005800533333333333,137176.0,0.0137176,1
UDP_Flood_seed1006_600s,UDP_Flood,1006,320,330,attack,attack,UDP_Flood,udp_flood,none,1,0,1.0,15.0,15.0,0.0,0.0,16.0,16.0,15,15,15,1.0,1.0,138.0,134.0,279.3,280.0,76.65320792839846,103.93333333333334,5.560918046852473,115.6,486.3333333333333,4.8,-68.93333333333334,0.0,103.0,-77.0,0.0,146.0,141.0,41.0,0.9657534246575342,15,0,16.0,16.0,65.0,1.0,852880.0,149147120.0,150000000.0,0.005685866666666667,134184.0,0.0134184,1
UDP_Flood_seed1006_600s,UDP_Flood,1006,330,340,attack,attack,UDP_Flood,udp_flood,none,1,0,1.0,16.0,15.0,0.0,0.0,15.0,15.0,14,14,14,1.0,1.0,163.92857142857142,169.0,315.65,328.0,101.17043067989798,104.46666666666667,6.738658902891866,116.5,486.93333333333334,4.8,-68.93333333333334,0.0,102.0,-77.0,0.0,145.0,139.0,41.0,0.9586206896551724,15,0,15.0,15.0,65.0,1.0,825440.0,149174560.0,150000000.0,0.005502933333333333,131776.0,0.0131776,1
UDP_Flood_seed1006_600s,UDP_Flood,1006,340,350,attack,attack,UDP_Flood,udp_flood,none,1,0,1.0,15.0,16.0,0.0,0.0,15.0,15.0,16,16,16,1.0,1.0,169.6875,161.5,377.75,443.0,113.32414791208447,105.46666666666667,9.022722638401548,124.19999999999999,488.3333333333333,4.8,-68.93333333333334,0.0,101.0,-77.0,0.0,147.0,142.0,42.0,0.9659863945578231,15,0,15.0,15.0,65.0,1.0,852384.0,149147616.0,150000000.0,0.00568256,132552.0,0.0132552,1
UDP_Flood_seed1006_600s,UDP_Flood,1006,350,360,attack,attack,UDP_Flood,udp_flood,none,1,0,1.0,15.0,15.0,0.0,0.0,15.0,15.0,14,14,14,1.0,1.0,153.14285714285714,139.0,282.7,284.0,87.21490446270958,104.93333333333334,7.2256158083255295,120.3,487.6,4.8,-68.93333333333334,0.0,102.0,-77.0,0.0,144.0,141.0,41.0,0.9791666666666666,15,0,16.0,15.0,65.0,0.9375,822680.0,149177320.0,150000000.0,0.005484533333333333,135808.0,0.0135808,1
UDP_Flood_seed1006_600s,UDP_Flood,1006,360,370,attack,attack,UDP_Flood,udp_flood,none,1,0,1.0,14.0,14.0,0.0,0.0,14.0,14.0,15,15,15,1.0,1.0,155.2,118.0,286.69999999999993,314.0,97.89805192867001,105.06666666666666,7.7225705071624455,120.39999999999999,487.8,4.8,-68.93333333333334,0.0,107.0,-77.0,0.0,147.0,140.0,40.0,0.9523809523809523,15,0,17.0,14.0,64.0,0.8235294117647058,858088.0,149141912.0,150000000.0,0.005720586666666667,137944.0,0.0137944,1
UDP_Flood_seed1006_600s,UDP_Flood,1006,370,380,attack,attack,UDP_Flood,udp_flood,none,1,0,1.0,15.0,15.0,0.0,0.0,15.0,15.0,15,15,15,1.0,1.0,151.6,126.0,269.99999999999994,291.0,90.6301747291076,103.93333333333334,6.352352395166766,117.19999999999999,486.3333333333333,4.8,-68.93333333333334,0.0,106.0,-77.0,0.0,140.0,139.0,41.0,0.9928571428571429,15,0,16.0,15.0,64.0,0.9375,827096.0,149172904.0,150000000.0,0.005513973333333333,133888.0,0.0133888,1
UDP_Flood_seed1006_600s,UDP_Flood,1006,380,390,attack,attack,UDP_Flood,udp_flood,none,1,0,1.0,15.0,15.0,0.0,0.0,14.0,14.0,15,15,15,1.0,1.0,166.06666666666666,121.0,320.9999999999999,377.0,108.29158169805568,106.2,10.698464509318281,128.39999999999998,489.1333333333333,4.8,-68.93333333333334,0.0,111.0,-77.0,0.0,151.0,140.0,40.0,0.9271523178807947,15,0,18.0,14.0,64.0,0.7777777777777778,899224.0,149100776.0,150000000.0,0.005994826666666666,143472.0,0.0143472,1
UDP_Flood_seed1006_600s,UDP_Flood,1006,390,400,attack,attack,UDP_Flood,udp_flood,none,1,0,1.0,13.0,13.0,0.0,0.0,15.0,15.0,14,14,14,1.0,1.0,169.85714285714286,176.5,295.54999999999995,330.0,96.63002968726978,106.73333333333333,8.955976987996554,121.6,489.8666666666667,4.8,-68.93333333333334,0.0,108.0,-77.0,0.0,146.0,139.0,39.0,0.952054794520548,15,0,15.0,14.0,65.0,0.9333333333333333,852456.0,149147544.0,150000000.0,0.00568304,132032.0,0.0132032,1
UDP_Flood_seed1006_600s,UDP_Flood,1006,400,410,attack,attack,UDP_Flood,udp_flood,none,1,0,1.0,17.0,16.0,0.0,0.0,16.0,16.0,16,16,16,1.0,1.0,151.0,129.0,280.5,351.0,99.52621095302818,107.4,8.990471146084138,122.1,490.73333333333335,4.8,-68.93333333333334,0.0,106.0,-77.0,0.0,153.0,144.0,43.0,0.9411764705882353,15,0,18.0,17.0,65.0,0.9444444444444444,896000.0,149106688.0,150002688.0,0.005973226293118161,140496.0,0.0140496,1
UDP_Flood_seed1006_600s,UDP_Flood,1006,410,420,attack,attack,UDP_Flood,udp_flood,none,1,0,1.0,14.0,14.0,0.0,0.0,15.0,15.0,14,13,14,0.9285714285714286,1.0,159.92307692307693,138.0,299.9999999999998,399.0,92.96456452009151,106.66666666666667,7.659416862050705,118.1,489.73333333333335,4.8,-68.93333333333334,0.0,104.0,-77.0,0.0,140.0,138.0,39.0,0.9857142857142858,15,0,15.0,15.0,65.0,1.0,815384.0,149181928.0,149997312.0,0.0054359907462875065,131776.0,0.0131776,1
UDP_Flood_seed1006_600s,UDP_Flood,1006,420,430,attack,attack,UDP_Flood,udp_flood,none,1,0,1.0,16.0,16.0,1.0,0.0,15.0,15.0,16,16,16,1.0,1.0,154.0,134.0,294.0,444.0,110.59957805826687,107.06666666666666,7.56369776032357,121.0,490.3333333333333,4.8,-68.93333333333334,0.0,104.0,-77.0,0.0,148.0,142.0,42.0,0.9594594594594594,15,0,16.0,15.0,65.0,0.9375,859632.0,149140368.0,150000000.0,0.00573088,137432.0,0.0137432,1
UDP_Flood_seed1006_600s,UDP_Flood,1006,430,440,attack,attack,UDP_Flood,udp_flood,none,1,0,1.0,14.0,14.0,0.0,0.0,15.0,15.0,15,15,15,1.0,1.0,155.86666666666667,138.0,272.29999999999995,308.0,87.03518719186975,106.53333333333333,7.539104405570681,120.5,489.6666666666667,4.8,-68.93333333333334,0.0,104.0,-77.0,0.0,145.0,138.0,38.0,0.9517241379310345,15,0,16.0,15.0,65.0,0.9375,832984.0,149167016.0,150000000.0,0.005553226666666667,136632.0,0.0136632,1
UDP_Flood_seed1006_600s,UDP_Flood,1006,440,450,attack,attack,UDP_Flood,udp_flood,none,1,0,1.0,15.0,15.0,0.0,0.0,14.0,14.0,14,14,14,1.0,1.0,187.78571428571428,184.0,349.7,403.0,111.0891385478198,107.53333333333333,9.833373688375628,122.29999999999998,492.4,4.8,-68.93333333333334,0.0,107.0,-77.0,0.0,147.0,140.0,43.0,0.9523809523809523,15,0,16.0,14.0,64.0,0.875,877824.0,149122176.0,150000000.0,0.00585216,133360.0,0.013336,1
UDP_Flood_seed1006_600s,UDP_Flood,1006,450,460,attack,attack,UDP_Flood,udp_flood,none,1,0,1.0,15.0,14.0,0.0,0.0,14.0,14.0,15,15,15,1.0,1.0,164.26666666666668,174.0,294.99999999999994,337.0,97.22320906528637,107.13333333333334,10.6426813663976,128.2,491.46666666666664,4.8,-68.93333333333334,0.0,105.0,-77.0,0.0,140.0,137.0,44.0,0.9785714285714285,15,0,14.0,14.0,64.0,1.0,840072.0,149159928.0,150000000.0,0.00560048,133512.0,0.0133512,1
UDP_Flood_seed1006_600s,UDP_Flood,1006,460,470,attack,attack,UDP_Flood,udp_flood,none,1,0,1.0,14.0,15.0,0.0,0.0,15.0,15.0,15,15,15,1.0,1.0,154.4,145.0,287.59999999999997,324.0,86.63123817983573,106.13333333333334,11.057425860780919,126.99999999999997,490.2,4.8,-68.93333333333334,0.0,106.0,-77.0,0.0,143.0,141.0,41.0,0.986013986013986,15,0,16.0,15.0,66.0,0.9375,830360.0,149169640.0,150000000.0,0.005535733333333333,134184.0,0.0134184,1
UDP_Flood_seed1006_600s,UDP_Flood,1006,470,480,attack,attack,UDP_Flood,udp_flood,none,1,0,1.0,15.0,15.0,0.0,0.0,15.0,15.0,15,15,15,1.0,1.0,151.93333333333334,157.0,294.7,315.0,90.46583148717899,105.4,11.018166816671457,125.59999999999998,489.2,4.8,-68.93333333333334,0.0,104.0,-77.0,0.0,143.0,141.0,44.0,0.986013986013986,15,0,15.0,15.0,66.0,1.0,853640.0,149146360.0,150000000.0,0.005690933333333334,134040.0,0.013404,1
UDP_Flood_seed1006_600s,UDP_Flood,1006,480,490,attack,attack,UDP_Flood,udp_flood,none,1,0,1.0,17.0,17.0,0.0,0.0,17.0,17.0,15,15,15,1.0,1.0,130.8,126.0,222.49999999999997,240.0,65.07599952582915,105.26666666666667,9.011632693886487,121.09999999999998,489.1333333333333,4.8,-68.93333333333334,0.0,108.0,-77.0,0.0,148.0,145.0,45.0,0.9797297297297297,15,0,20.0,17.0,66.0,0.85,887048.0,149112952.0,150000000.0,0.005913653333333334,156568.0,0.0156568,1
UDP_Flood_seed1006_600s,UDP_Flood,1006,490,500,attack,attack,UDP_Flood,udp_flood,none,1,0,1.0,15.0,15.0,0.0,0.0,15.0,15.0,15,15,15,1.0,1.0,175.2,150.0,360.7,374.0,106.89928504371365,105.26666666666667,8.547904226573124,124.6,489.1333333333333,4.8,-68.93333333333334,0.0,108.0,-77.0,0.0,146.0,140.0,41.0,0.958904109589041,15,0,17.0,15.0,65.0,0.8823529411764706,863016.0,149136984.0,150000000.0,0.00575344,139032.0,0.0139032,1
UDP_Flood_seed1006_600s,UDP_Flood,1006,500,510,attack,attack,UDP_Flood,udp_flood,none,1,0,1.0,16.0,16.0,0.0,0.0,16.0,16.0,16,16,16,1.0,1.0,170.4375,160.5,316.75,364.0,103.61079013950881,105.33333333333333,8.829064557040057,122.19999999999999,491.0,4.8,-68.93333333333334,0.0,106.0,-77.0,0.0,150.0,144.0,46.0,0.96,15,0,18.0,16.0,66.0,0.8888888888888888,898232.0,149101768.0,150000000.0,0.005988213333333333,148432.0,0.0148432,1
UDP_Flood_seed1006_600s,UDP_Flood,1006,510,520,attack,attack,UDP_Flood,udp_flood,none,1,0,1.0,15.0,15.0,0.0,0.0,15.0,15.0,17,17,17,1.0,1.0,139.35294117647058,105.0,325.4,327.0,97.95913763941995,105.66666666666667,7.006799418795867,116.89999999999999,491.8666666666667,4.8,-68.93333333333334,0.0,104.0,-77.0,0.0,146.0,141.0,42.0,0.9657534246575342,15,0,16.0,15.0,65.0,0.9375,855328.0,149144672.0,150000000.0,0.005702186666666667,137128.0,0.0137128,1
UDP_Flood_seed1006_600s,UDP_Flood,1006,520,530,attack,attack,UDP_Flood,udp_flood,none,1,0,1.0,14.0,13.0,0.0,0.0,14.0,14.0,12,12,12,1.0,1.0,168.33333333333334,166.5,306.15,321.0,95.52280387743055,104.46666666666667,7.567474259399015,117.19999999999999,490.4,4.8,-68.93333333333334,0.0,101.0,-77.0,0.0,140.0,139.0,38.0,0.9928571428571429,15,0,13.0,13.0,64.0,1.0,819704.0,149180296.0,150000000.0,0.005464693333333334,123320.0,0.012332,1
UDP_Flood_seed1007_600s,UDP_Flood,1007,190,200,attack,attack,UDP_Flood,udp_flood,none,1,0,1.0,15.0,15.0,0.0,0.0,15.0,15.0,15,14,15,0.9333333333333333,1.0,161.35714285714286,153.0,320.5,340.0,94.1640198662028,107.86666666666666,9.508392283110947,123.09999999999998,489.8666666666667,4.8,-71.2,0.0,105.0,-77.0,0.0,145.0,141.0,42.0,0.9724137931034482,15,0,15.0,15.0,65.0,1.0,849056.0,149150944.0,150000000.0,0.005660373333333333,132904.0,0.0132904,2
UDP_Flood_seed1007_600s,UDP_Flood,1007,200,210,attack,attack,UDP_Flood,udp_flood,none,1,0,1.0,15.0,15.0,1.0,0.0,16.0,16.0,16,16,16,1.0,1.0,141.9375,128.0,240.5,266.0,71.14442470543048,107.8,13.197402341803048,125.39999999999996,489.73333333333335,4.8,-71.2,0.0,104.0,-77.0,0.0,144.0,140.0,45.0,0.9722222222222222,15,0,15.0,15.0,66.0,1.0,850872.0,149149128.0,150000000.0,0.00567248,138440.0,0.013844,2
UDP_Flood_seed1007_600s,UDP_Flood,1007,210,220,attack,attack,UDP_Flood,udp_flood,none,1,0,1.0,15.0,14.0,0.0,0.0,15.0,15.0,14,14,14,1.0,1.0,148.14285714285714,112.5,291.15,297.0,99.90830961271604,108.8,15.223102743621524,137.79999999999998,491.1333333333333,4.8,-71.2,0.0,106.0,-77.0,0.0,151.0,140.0,40.0,0.9271523178807947,15,0,18.0,16.0,66.0,0.8888888888888888,910280.0,149092152.0,150002432.0,0.006068434943774778,140240.0,0.014024,2
UDP_Flood_seed1007_600s,UDP_Flood,1007,220,230,attack,attack,UDP_Flood,udp_flood,none,1,0,1.0,15.0,16.0,0.0,0.0,14.0,14.0,16,16,16,1.0,1.0,158.25,155.0,314.75,332.0,91.38891252954778,107.66666666666667,13.199927849730665,131.09999999999997,489.8,4.8,-71.2,0.0,104.0,-77.0,0.0,142.0,141.0,44.0,0.9929577464788732,15,0,14.0,14.0,65.0,1.0,835088.0,149162480.0,149997568.0,0.005567343598530877,125824.0,0.0125824,2
UDP_Flood_seed1007_600s,UDP_Flood,1007,230,240,attack,attack,UDP_Flood,udp_flood,none,1,0,1.0,14.0,14.0,0.0,0.0,15.0,15.0,14,14,14,1.0,1.0,150.5,143.0,273.15,279.0,74.87502407858865,106.33333333333333,11.848246806213668,126.79999999999997,487.8666666666667,4.8,-71.2,0.0,104.0,-77.0,0.0,140.0,140.0,40.0,1.0,15,0,16.0,15.0,65.0,0.9375,800816.0,149199184.0,150000000.0,0.005338773333333333,135440.0,0.013542450743634929,2
UDP_Flood_seed1007_600s,UDP_Flood,1007,240,250,attack,attack,UDP_Flood,udp_flood,none,1,0,1.0,16.0,16.0,0.0,0.0,15.0,15.0,16,16,16,1.0,1.0,166.625,143.5,387.25,436.0,112.48636954464008,107.66666666666667,12.998168369134973,133.7,494.6,4.8,-71.2,0.0,107.0,-77.0,0.0,151.0,142.0,46.0,0.9403973509933775,15,0,19.0,15.0,65.0,0.7894736842105263,885104.0,149114896.0,150000000.0,0.005900693333333333,149160.0,0.014917706585633397,2
UDP_Flood_seed1007_600s,UDP_Flood,1007,250,260,attack,attack,UDP_Flood,udp_flood,none,1,0,1.0,15.0,15.0,0.0,0.0,15.0,15.0,15,15,15,1.0,1.0,159.66666666666666,138.0,323.79999999999995,349.0,103.11620813893605,106.2,11.05311849983653,127.99999999999999,493.8666666666667,4.8,-71.2,0.0,104.0,-77.0,0.0,143.0,140.0,44.0,0.9790209790209791,15,0,15.0,15.0,65.0,1.0,840640.0,149159360.0,150000000.0,0.005604266666666666,132920.0,0.013292,2
UDP_Flood_seed1007_600s,UDP_Flood,1007,260,270,attack,attack,UDP_Flood,udp_flood,none,1,0,1.0,15.0,15.0,0.0,0.0,16.0,16.0,15,15,15,1.0,1.0,150.06666666666666,99.0,320.29999999999995,335.0,102.95038102105768,105.86666666666666,9.664860258147753,126.1,493.46666666666664,4.8,-71.2,0.0,102.0,-77.0,0.0,146.0,140.0,41.0,0.958904109589041,15,0,16.0,16.0,66.0,1.0,850160.0,149149840.0,150000000.0,0.0056677333333333335,138648.0,0.0138648,2
UDP_Flood_seed1007_600s,UDP_Flood,1007,270,280,attack,attack,UDP_Flood,udp_flood,none,1,0,1.0,15.0,15.0,0.0,0.0,14.0,14.0,15,15,15,1.0,1.0,146.66666666666666,132.0,264.2999999999999,342.0,92.15489031800652,107.06666666666666,9.815924864850023,128.3,494.93333333333334,4.8,-71.2,0.0,102.0,-77.0,0.0,149.0,141.0,41.0,0.9463087248322147,15,0,15.0,14.0,64.0,0.9333333333333333,883416.0,149116584.0,150000000.0,0.00588944,132320.0,0.013232,2
UDP_Flood_seed1007_600s,UDP_Flood,1007,280,290,attack,attack,UDP_Flood,udp_flood,none,1,0,1.0,15.0,15.0,0.0,0.0,15.0,15.0,15,15,15,1.0,1.0,158.93333333333334,170.0,284.8999999999999,336.0,86.23428773378012,107.73333333333333,10.298867251628533,126.6,500.4,4.8,-71.2,0.0,102.0,-77.0,0.0,149.0,141.0,43.0,0.9463087248322147,15,0,16.0,15.0,65.0,0.9375,883632.0,149116368.0,150000000.0,0.00589088,136080.0,0.013608,2
UDP_Flood_seed1007_600s,UDP_Flood,1007,290,300,attack,attack,UDP_Flood,udp_flood,none,1,0,1.0,15.0,14.0,0.0,0.0,16.0,16.0,15,14,15,0.9333333333333333,1.0,165.5,185.5,298.75,328.0,97.76561453095553,107.8,10.462176774321051,128.9,500.53333333333336,4.8,-71.2,0.0,102.0,-77.0,0.0,147.0,140.0,40.0,0.9523809523809523,15,0,17.0,16.0,65.0,0.9411764705882353,845256.0,149154744.0,150000000.0,0.00563504,138744.0,0.0138744,2
UDP_Flood_seed1007_600s,UDP_Flood,1007,300,310,attack,attack,UDP_Flood,udp_flood,none,1,0,1.0,16.0,16.0,1.0,0.0,16.0,16.0,16,16,16,1.0,1.0,157.0625,142.5,319.25,377.0,99.88758264502484,108.93333333333334,12.179999218078011,133.79999999999998,502.0,4.8,-71.2,0.0,101.0,-77.0,0.0,149.0,142.0,43.0,0.9530201342281879,15,0,16.0,16.0,66.0,1.0,876704.0,149123296.0,150000000.0,0.005844693333333333,136376.0,0.0136376,2
UDP_Flood_seed1007_600s,UDP_Flood,1007,310,320,attack,attack,UDP_Flood,udp_flood,none,1,0,1.0,15.0,15.0,0.0,0.0,14.0,14.0,15,15,15,1.0,1.0,151.2,134.0,275.59999999999997,312.0,94.59855027581402,110.4,11.885164822464303,128.39999999999998,503.73333333333335,4.8,-71.2,0.0,101.0,-77.0,0.0,150.0,141.0,41.0,0.94,15,0,15.0,14.0,64.0,0.9333333333333333,887800.0,149112200.0,150000000.0,0.005918666666666667,131912.0,0.0131912,2
UDP_Flood_seed1007_600s,UDP_Flood,1007,320,330,attack,attack,UDP_Flood,udp_flood,none,1,0,1.0,15.0,15.0,0.0,0.0,15.0,15.0,15,15,15,1.0,1.0,139.46666666666667,158.0,230.59999999999997,253.0,77.50748043775855,108.4,9.507891459203769,125.1,501.26666666666665,4.8,-71.2,0.0,102.0,-77.0,0.0,143.0,140.0,40.0,0.9790209790209791,15,0,17.0,15.0,65.0,0.8823529411764706,810576.0,149189424.0,150000000.0,0.00540384,140128.0,0.0140128,2
UDP_Flood_seed1007_600s,UDP_Flood,1007,330,340,attack,attack,UDP_Flood,udp_flood,none,1,0,1.0,16.0,16.0,0.0,0.0,16.0,16.0,16,16,16,1.0,1.0,150.25,167.0,258.5,278.0,75.9723633961719,107.33333333333333,9.446591726019243,124.89999999999999,499.8666666666667,4.8,-71.2,0.0,100.0,-77.0,0.0,146.0,142.0,43.0,0.9726027397260274,15,0,16.0,16.0,65.0,1.0,848168.0,149151832.0,150000000.0,0.005654453333333333,137896.0,0.0137896,2
UDP_Flood_seed1007_600s,UDP_Flood,1007,340,350,attack,attack,UDP_Flood,udp_flood,none,1,0,1.0,14.0,14.0,0.0,0.0,14.0,14.0,14,14,14,1.0,1.0,148.78571428571428,138.0,316.75,320.0,99.28759979235812,106.66666666666667,9.536895771286428,124.5,499.1333333333333,4.8,-71.2,0.0,100.0,-77.0,0.0,141.0,138.0,39.0,0.9787234042553191,15,0,14.0,14.0,64.0,1.0,825104.0,149174896.0,150000000.0,0.005500693333333333,125824.0,0.0125824,2
UDP_Flood_seed1007_600s,UDP_Flood,1007,350,360,attack,attack,UDP_Flood,udp_flood,none,1,0,1.0,15.0,15.0,0.0,0.0,15.0,15.0,15,15,15,1.0,1.0,186.4,158.0,355.79999999999984,444.0,110.07062667734229,108.66666666666667,11.222850838908133,126.6,501.6,4.8,-71.2,0.0,105.0,-77.0,0.0,148.0,141.0,41.0,0.9527027027027027,15,0,18.0,15.0,65.0,0.8333333333333334,889904.0,149110096.0,150000000.0,0.005932693333333333,142280.0,0.014228,2
UDP_Flood_seed1007_600s,UDP_Flood,1007,360,370,attack,attack,UDP_Flood,udp_flood,none,1,0,1.0,15.0,15.0,0.0,0.0,15.0,15.0,15,15,15,1.0,1.0,155.06666666666666,155.0,285.5,296.0,90.14390611418949,107.33333333333333,9.37067360489756,122.6,499.93333333333334,4.8,-71.2,0.0,103.0,-77.0,0.0,145.0,141.0,41.0,0.9724137931034482,15,0,15.0,15.0,65.0,1.0,845944.0,149154056.0,150000000.0,0.005639626666666666,133440.0,0.013344,2
UDP_Flood_seed1007_600s,UDP_Flood,1007,370,380,attack,attack,UDP_Flood,udp_flood,none,1,0,1.0,15.0,15.0,0.0,0.0,15.0,15.0,15,15,15,1.0,1.0,163.4,140.0,373.09999999999997,385.0,110.25088273051213,107.46666666666667,9.171903266160712,123.8,500.06666666666666,4.8,-71.2,0.0,102.0,-77.0,0.0,148.0,140.0,41.0,0.9459459459459459,15,0,15.0,15.0,64.0,1.0,862864.0,149142280.0,150005144.0,0.005752229403546321,132776.0,0.0132776,2
UDP_Flood_seed1007_600s,UDP_Flood,1007,380,390,attack,attack,UDP_Flood,udp_flood,none,1,0,1.0,15.0,15.0,0.0,0.0,15.0,15.0,15,15,15,1.0,1.0,147.0,178.0,261.2,264.0,79.5370533596943,108.8,9.056962593969981,125.0,501.8,4.8,-71.2,0.0,102.0,-77.0,0.0,147.0,140.0,41.0,0.9523809523809523,15,0,15.0,15.0,65.0,1.0,859184.0,149135672.0,149994856.0,0.005728089768625132,133328.0,0.0133328,2
UDP_Flood_seed1007_600s,UDP_Flood,1007,390,400,attack,attack,UDP_Flood,udp_flood,none,1,0,1.0,15.0,15.0,0.0,0.0,15.0,15.0,15,15,15,1.0,1.0,141.86666666666667,145.0,259.79999999999995,278.0,80.68445297813547,107.46666666666667,7.529624034122693,118.5,500.0,4.8,-71.2,0.0,101.0,-77.0,0.0,143.0,141.0,41.0,0.986013986013986,15,0,15.0,15.0,65.0,1.0,828384.0,149171616.0,150000000.0,0.00552256,131776.0,0.0131776,2
UDP_Flood_seed1007_600s,UDP_Flood,1007,400,410,attack,attack,UDP_Flood,udp_flood,none,1,0,1.0,15.0,15.0,0.0,0.0,15.0,15.0,15,15,15,1.0,1.0,153.4,160.0,241.89999999999995,272.0,64.4125098763542,107.13333333333334,8.043335010755058,120.3,499.6,4.8,-71.2,0.0,101.0,-77.0,0.0,146.0,141.0,41.0,0.9657534246575342,15,0,15.0,15.0,65.0,1.0,855952.0,149144048.0,150000000.0,0.0057063466666666665,133968.0,0.0133968,2
UDP_Flood_seed1007_600s,UDP_Flood,1007,410,420,attack,attack,UDP_Flood,udp_flood,none,1,0,1.0,15.0,15.0,0.0,0.0,15.0,15.0,15,15,15,1.0,1.0,149.4,145.0,296.2,320.0,86.16247111458345,107.33333333333333,8.893550365025101,122.3,499.93333333333334,4.8,-71.2,0.0,101.0,-77.0,0.0,147.0,141.0,41.0,0.9591836734693877,15,0,15.0,15.0,65.0,1.0,857936.0,149145208.0,150003144.0,0.005719453453588946,130680.0,0.013068,2
UDP_Flood_seed1007_600s,UDP_Flood,1007,420,430,attack,attack,UDP_Flood,udp_flood,none,1,0,1.0,15.0,15.0,0.0,0.0,15.0,15.0,15,15,15,1.0,1.0,136.73333333333332,110.0,249.39999999999992,304.0,73.7597128390237,106.4,8.218446151363233,118.69999999999999,498.73333333333335,4.8,-71.2,0.0,102.0,-77.0,0.0,141.0,139.0,41.0,0.9858156028368794,15,0,16.0,15.0,64.0,0.9375,820664.0,149176192.0,149996856.0,0.00547120800985322,134984.0,0.0134984,2
UDP_Flood_seed1007_600s,UDP_Flood,1007,430,440,attack,attack,UDP_Flood,udp_flood,none,1,0,1.0,15.0,15.0,0.0,0.0,15.0,15.0,15,15,15,1.0,1.0,135.26666666666668,117.0,261.59999999999997,270.0,82.28822747484833,105.66666666666667,7.668736780560655,119.1,497.8,4.8,-71.2,0.0,101.0,-77.0,0.0,147.0,142.0,41.0,0.9659863945578231,15,0,15.0,15.0,65.0,1.0,852392.0,149147608.0,150000000.0,0.005682613333333334,133968.0,0.0133968,2
UDP_Flood_seed1007_600s,UDP_Flood,1007,440,450,attack,attack,UDP_Flood,udp_flood,none,1,0,1.0,16.0,15.0,0.0,0.0,16.0,16.0,15,15,15,1.0,1.0,185.06666666666666,208.0,322.79999999999995,362.0,100.18088402389711,107.93333333333334,14.088833808915417,130.59999999999997,501.06666666666666,4.8,-71.2,0.0,101.0,-77.0,0.0,157.0,143.0,44.0,0.910828025477707,15,0,17.0,16.0,67.0,0.9411764705882353,930656.0,149069344.0,150000000.0,0.006204373333333333,143576.0,0.0143576,2
UDP_Flood_seed1007_600s,UDP_Flood,1007,450,460,attack,attack,UDP_Flood,udp_flood,none,1,0,1.0,16.0,16.0,0.0,0.0,15.0,15.0,15,15,15,1.0,1.0,142.66666666666666,125.0,278.29999999999995,293.0,89.10641043691739,107.26666666666667,10.839522041826296,125.39999999999998,499.0,4.8,-71.2,0.0,101.0,-77.0,0.0,144.0,140.0,46.0,0.9722222222222222,15,0,16.0,15.0,64.0,0.9375,852120.0,149147880.0,150000000.0,0.0056808,138232.0,0.0138232,2
UDP_Flood_seed1007_600s,UDP_Flood,1007,460,470,attack,attack,UDP_Flood,udp_flood,none,1,0,1.0,15.0,16.0,0.0,0.0,16.0,16.0,16,16,16,1.0,1.0,176.75,194.5,316.75,331.0,105.26189560646658,111.53333333333333,10.828973481667903,130.1,505.0,4.8,-71.2,0.0,102.0,-77.0,0.0,156.0,141.0,44.0,0.9038461538461539,15,0,17.0,16.0,66.0,0.9411764705882353,911848.0,149088152.0,150000000.0,0.006078986666666667,140936.0,0.0140936,2
UDP_Flood_seed1007_600s,UDP_Flood,1007,470,480,attack,attack,UDP_Flood,udp_flood,none,1,0,1.0,15.0,15.0,0.0,0.0,15.0,15.0,15,15,15,1.0,1.0,145.06666666666666,119.0,298.79999999999995,310.0,87.82081323977386,109.13333333333334,10.888176199546963,127.99999999999999,501.8666666666667,4.8,-71.2,0.0,100.0,-77.0,0.0,144.0,142.0,41.0,0.9861111111111112,15,0,15.0,15.0,65.0,1.0,850424.0,149149576.0,150000000.0,0.005669493333333333,131680.0,0.013168,2
UDP_Flood_seed1007_600s,UDP_Flood,1007,480,490,attack,attack,UDP_Flood,udp_flood,none,1,0,1.0,16.0,16.0,0.0,0.0,16.0,16.0,16,16,16,1.0,1.0,160.375,185.0,263.75,317.0,85.64490644515878,107.93333333333334,8.189424074174365,122.89999999999999,500.3333333333333,4.8,-71.2,0.0,106.0,-77.0,0.0,152.0,144.0,45.0,0.9473684210526315,15,0,19.0,16.0,66.0,0.8421052631578947,904512.0,149095488.0,150000000.0,0.00603008,150496.0,0.0150496,2
UDP_Flood_seed1007_600s,UDP_Flood,1007,490,500,attack,attack,UDP_Flood,udp_flood,none,1,0,1.0,15.0,15.0,0.0,0.0,15.0,15.0,16,16,16,1.0,1.0,139.25,141.5,257.0,287.0,79.52316224430045,107.06666666666666,6.8813066311842945,117.89999999999999,499.4,4.8,-71.2,0.0,105.0,-77.0,0.0,146.0,141.0,42.0,0.9657534246575342,15,0,16.0,15.0,66.0,0.9375,856128.0,149143872.0,150000000.0,0.00570752,134328.0,0.0134328,2
UDP_Flood_seed1007_600s,UDP_Flood,1007,500,510,attack,attack,UDP_Flood,udp_flood,none,1,0,1.0,15.0,15.0,0.0,0.0,15.0,15.0,14,14,14,1.0,1.0,165.42857142857142,167.0,313.95,338.0,99.87046555468685,106.2,6.836874808189568,117.89999999999999,502.3333333333333,4.8,-71.2,0.0,103.0,-77.0,0.0,144.0,140.0,45.0,0.9722222222222222,15,0,15.0,15.0,65.0,1.0,856968.0,149143032.0,150000000.0,0.00571312,132680.0,0.013268,2
UDP_Flood_seed1007_600s,UDP_Flood,1007,510,520,attack,attack,UDP_Flood,udp_flood,none,1,0,1.0,15.0,15.0,0.0,0.0,15.0,15.0,16,16,16,1.0,1.0,177.1875,152.0,528.5,584.0,158.79933616569897,110.0,11.357816691600547,131.5,507.4,4.8,-71.2,0.0,111.0,-77.0,0.0,152.0,140.0,41.0,0.9210526315789473,15,0,20.0,15.0,65.0,0.75,907368.0,149092632.0,150000000.0,0.00604912,153208.0,0.0153208,2
UDP_Flood_seed1007_600s,UDP_Flood,1007,520,530,attack,attack,UDP_Flood,udp_flood,none,1,0,1.0,15.0,15.0,0.0,0.0,15.0,15.0,15,15,15,1.0,1.0,152.33333333333334,112.0,298.29999999999995,327.0,95.08767883730607,106.73333333333333,7.439918074305721,120.89999999999999,503.8,4.8,-71.2,0.0,104.0,-77.0,0.0,141.0,141.0,43.0,1.0,15,0,15.0,15.0,65.0,1.0,840664.0,149159336.0,150000000.0,0.005604426666666666,130680.0,0.013068,2
UDP_Flood_seed1008_600s,UDP_Flood,1008,190,200,attack,attack,UDP_Flood,udp_flood,none,1,0,1.0,16.0,15.0,0.0,0.0,15.0,15.0,15,15,15,1.0,1.0,152.4,146.0,260.49999999999994,292.0,71.99682532683548,105.6,6.727342926976657,115.6,503.93333333333334,4.8,-70.86666666666666,0.0,105.0,-77.0,0.0,142.0,141.0,40.0,0.9929577464788732,15,0,16.0,15.0,65.0,0.9375,829656.0,149170344.0,150000000.0,0.00553104,136280.0,0.013628,3
UDP_Flood_seed1008_600s,UDP_Flood,1008,200,210,attack,attack,UDP_Flood,udp_flood,none,1,0,1.0,15.0,15.0,0.0,0.0,17.0,17.0,15,15,15,1.0,1.0,148.46666666666667,156.0,268.4,281.0,89.26114709632843,107.0,9.188502131934857,119.29999999999998,505.6666666666667,4.8,-70.86666666666666,0.0,112.0,-77.0,0.0,153.0,142.0,46.0,0.9281045751633987,15,0,21.0,17.0,66.0,0.8095238095238095,887960.0,149112040.0,150000000.0,0.005919733333333333,163520.0,0.016352,3
UDP_Flood_seed1008_600s,UDP_Flood,1008,210,220,attack,attack,UDP_Flood,udp_flood,none,1,0,1.0,15.0,16.0,0.0,0.0,14.0,14.0,16,16,16,1.0,1.0,165.125,124.5,331.25,416.0,99.0265116016918,109.86666666666666,12.760803079669213,129.79999999999998,509.46666666666664,4.8,-70.86666666666666,0.0,114.0,-77.0,0.0,160.0,139.0,41.0,0.86875,15,0,17.0,14.0,65.0,0.8235294117647058,933456.0,149066544.0,150000000.0,0.00622304,138304.0,0.0138304,3
UDP_Flood_seed1008_600s,UDP_Flood,1008,220,230,attack,attack,UDP_Flood,udp_flood,none,1,0,1.0,14.0,13.0,0.0,0.0,16.0,16.0,14,14,14,1.0,1.0,153.07142857142858,138.5,255.74999999999997,285.0,70.47909050067402,109.33333333333333,10.553717467364397,124.79999999999998,508.73333333333335,4.8,-70.86666666666666,0.0,108.0,-77.0,0.0,148.0,140.0,40.0,0.9459459459459459,15,0,16.0,16.0,66.0,1.0,864200.0,149135800.0,150000000.0,0.005761333333333334,135904.0,0.0135904,3
UDP_Flood_seed1008_600s,UDP_Flood,1008,230,240,attack,attack,UDP_Flood,udp_flood,none,1,0,1.0,15.0,16.0,0.0,0.0,14.0,14.0,15,15,15,1.0,1.0,184.93333333333334,189.0,339.9,356.0,109.53177403753455,107.4,9.272077899339962,121.49999999999999,506.3333333333333,4.8,-70.86666666666666,0.0,108.0,-77.0,0.0,149.0,141.0,42.0,0.9463087248322147,15,0,16.0,14.0,64.0,0.875,894120.0,149105880.0,150000000.0,0.0059608,138872.0,0.0138872,3
UDP_Flood_seed1008_600s,UDP_Flood,1008,240,250,attack,attack,UDP_Flood,udp_flood,none,1,0,1.0,15.0,15.0,0.0,0.0,16.0,16.0,16,16,16,1.0,1.0,141.0,155.5,253.5,288.0,79.90327485987875,106.86666666666666,8.757581749275202,118.89999999999999,505.93333333333334,4.8,-70.86666666666666,0.0,105.0,-77.0,0.0,149.0,142.0,45.0,0.9530201342281879,15,0,16.0,16.0,66.0,1.0,890656.0,149109344.0,150000000.0,0.005937706666666666,136376.0,0.0136376,3
UDP_Flood_seed1008_600s,UDP_Flood,1008,250,260,attack,attack,UDP_Flood,udp_flood,none,1,0,1.0,16.0,16.0,0.0,0.0,14.0,14.0,16,16,16,1.0,1.0,178.4375,163.5,363.5,410.0,111.02130050880626,112.4,11.274497137978514,129.2,513.0,4.8,-70.86666666666666,0.0,106.0,-77.0,0.0,162.0,140.0,42.0,0.8641975308641975,15,0,15.0,14.0,64.0,0.9333333333333333,924256.0,149075888.0,150000144.0,0.0061617007514339454,135224.0,0.0135224,3
UDP_Flood_seed1008_600s,UDP_Flood,1008,260,270,attack,attack,UDP_Flood,udp_flood,none,1,0,1.0,16.0,16.0,0.0,0.0,17.0,17.0,16,16,16,1.0,1.0,166.5,165.5,321.25,364.0,98.65360273874103,108.53333333333333,8.441958698469609,120.6,508.73333333333335,4.8,-70.86666666666666,0.0,105.0,-77.0,0.0,146.0,143.0,46.0,0.9794520547945206,15,0,18.0,17.0,69.0,0.9444444444444444,880568.0,149119288.0,149999856.0,0.005870458968973944,146744.0,0.0146744,3
UDP_Flood_seed1008_600s,UDP_Flood,1008,270,280,attack,attack,UDP_Flood,udp_flood,none,1,0,1.0,16.0,16.0,0.0,0.0,15.0,15.0,15,15,15,1.0,1.0,157.93333333333334,139.0,281.5999999999999,325.0,84.77151363405945,106.66666666666667,6.488084316286133,118.6,506.2,4.8,-70.86666666666666,0.0,105.0,-77.0,0.0,147.0,141.0,42.0,0.9591836734693877,15,0,16.0,15.0,65.0,0.9375,863728.0,149140704.0,150004432.0,0.005758016536471402,134696.0,0.0134696,3
UDP_Flood_seed1008_600s,UDP_Flood,1008,280,290,attack,attack,UDP_Flood,udp_flood,none,1,0,1.0,15.0,15.0,0.0,0.0,15.0,15.0,15,15,15,1.0,1.0,142.93333333333334,128.0,251.39999999999998,257.0,89.45107734451966,105.4,5.6035702904487605,116.3,504.53333333333336,4.8,-70.86666666666666,0.0,104.0,-77.0,0.0,144.0,141.0,41.0,0.9791666666666666,15,0,15.0,15.0,64.0,1.0,851232.0,149144336.0,149995568.0,0.0056750476787420815,130936.0,0.0130936,3
UDP_Flood_seed1008_600s,UDP_Flood,1008,290,300,attack,attack,UDP_Flood,udp_flood,none,1,0,1.0,15.0,14.0,0.0,0.0,15.0,15.0,14,14,14,1.0,1.0,165.21428571428572,147.5,321.3,333.0,94.64604390239259,104.86666666666666,5.514483095406478,114.3,500.53333333333336,4.8,-70.86666666666666,0.0,104.0,-77.0,0.0,143.0,138.0,42.0,0.965034965034965,15,0,16.0,15.0,65.0,0.9375,850400.0,149149600.0,150000000.0,0.0056693333333333335,135824.0,0.0135824,3
UDP_Flood_seed1008_600s,UDP_Flood,1008,300,310,attack,attack,UDP_Flood,udp_flood,none,1,0,1.0,13.0,14.0,0.0,0.0,13.0,13.0,15,15,15,1.0,1.0,149.4,154.0,279.79999999999995,312.0,87.30881153370817,104.06666666666666,4.651676605063516,113.0,499.6666666666667,4.8,-70.86666666666666,0.0,103.0,-77.0,0.0,141.0,137.0,38.0,0.9716312056737588,15,0,13.0,13.0,63.0,1.0,827816.0,149172184.0,150000000.0,0.005518773333333333,120712.0,0.0120712,3
UDP_Flood_seed1008_600s,UDP_Flood,1008,310,320,attack,attack,UDP_Flood,udp_flood,none,1,0,1.0,15.0,15.0,0.0,0.0,16.0,16.0,15,15,15,1.0,1.0,157.93333333333334,127.0,295.9999999999999,380.0,103.52395627974002,103.66666666666667,4.047338925881101,111.3,499.06666666666666,4.8,-70.86666666666666,0.0,108.0,-77.0,0.0,146.0,142.0,41.0,0.9726027397260274,15,0,19.0,16.0,66.0,0.8421052631578947,874920.0,149125080.0,150000000.0,0.0058328,149648.0,0.0149648,3
UDP_Flood_seed1008_600s,UDP_Flood,1008,320,330,attack,attack,UDP_Flood,udp_flood,none,1,0,1.0,15.0,15.0,0.0,0.0,14.0,14.0,15,15,15,1.0,1.0,166.93333333333334,155.0,342.69999999999993,398.0,119.51895645620804,105.66666666666667,11.159023681479017,126.29999999999998,501.6666666666667,4.8,-70.86666666666666,0.0,104.0,-77.0,0.0,154.0,140.0,41.0,0.9090909090909091,15,0,14.0,14.0,63.0,1.0,907680.0,149092320.0,150000000.0,0.0060512,129192.0,0.0129192,3
UDP_Flood_seed1008_600s,UDP_Flood,1008,330,340,attack,attack,UDP_Flood,udp_flood,none,1,0,1.0,15.0,15.0,0.0,0.0,16.0,16.0,14,14,14,1.0,1.0,182.64285714285714,192.0,313.2,334.0,94.32970585448365,106.13333333333334,9.984750277059415,126.6,502.1333333333333,4.8,-70.86666666666666,0.0,102.0,-77.0,0.0,154.0,142.0,43.0,0.922077922077922,15,0,16.0,16.0,66.0,1.0,894944.0,149105056.0,150000000.0,0.005966293333333333,139000.0,0.0139,3
UDP_Flood_seed1008_600s,UDP_Flood,1008,340,350,attack,attack,UDP_Flood,udp_flood,none,1,0,1.0,13.0,13.0,0.0,0.0,15.0,15.0,14,14,14,1.0,1.0,168.0,166.0,296.5,329.0,90.67609302431289,106.06666666666666,8.31063575586529,122.19999999999999,502.2,4.8,-70.86666666666666,0.0,101.0,-77.0,0.0,145.0,138.0,39.0,0.9517241379310345,15,0,14.0,14.0,65.0,1.0,839560.0,149160440.0,150000000.0,0.005597066666666667,131056.0,0.0131056,3
UDP_Flood_seed1008_600s,UDP_Flood,1008,350,360,attack,attack,UDP_Flood,udp_flood,none,1,0,1.0,16.0,15.0,0.0,0.0,15.0,15.0,15,15,15,1.0,1.0,181.53333333333333,176.0,340.29999999999995,362.0,109.94925236325209,106.4,8.042742957829391,122.89999999999999,502.6666666666667,4.8,-70.86666666666666,0.0,104.0,-77.0,0.0,154.0,141.0,41.0,0.9155844155844156,15,0,18.0,16.0,65.0,0.8888888888888888,879240.0,149120760.0,150000000.0,0.0058616,141264.0,0.0141264,3
UDP_Flood_seed1008_600s,UDP_Flood,1008,360,370,attack,attack,UDP_Flood,udp_flood,none,1,0,1.0,16.0,17.0,0.0,0.0,14.0,14.0,17,17,17,1.0,1.0,134.58823529411765,119.0,261.79999999999995,313.0,79.93986710610154,106.06666666666666,8.075241408745859,118.79999999999998,502.26666666666665,4.8,-70.86666666666666,0.0,103.0,-77.0,0.0,150.0,142.0,42.0,0.9466666666666667,15,0,14.0,14.0,63.0,1.0,849464.0,149150536.0,150000000.0,0.005663093333333333,124728.0,0.0124728,3
UDP_Flood_seed1008_600s,UDP_Flood,1008,370,380,attack,attack,UDP_Flood,udp_flood,none,1,0,1.0,15.0,15.0,0.0,0.0,16.0,16.0,15,15,15,1.0,1.0,186.93333333333334,209.0,425.19999999999993,477.0,142.12492827824133,106.86666666666666,7.8090301818441175,119.29999999999998,503.1333333333333,4.8,-70.86666666666666,0.0,105.0,-77.0,0.0,157.0,142.0,42.0,0.9044585987261147,15,0,18.0,16.0,66.0,0.8888888888888888,932752.0,149067248.0,150000000.0,0.006218346666666667,145224.0,0.0145224,3
UDP_Flood_seed1008_600s,UDP_Flood,1008,380,390,attack,attack,UDP_Flood,udp_flood,none,1,0,1.0,17.0,17.0,0.0,0.0,16.0,16.0,16,16,16,1.0,1.0,140.5,126.0,258.75,270.0,77.01947805587882,110.8,15.933791585360789,138.09999999999997,508.2,4.8,-70.86666666666666,0.0,109.0,-77.0,0.0,159.0,145.0,47.0,0.9119496855345912,15,0,19.0,16.0,66.0,0.8421052631578947,936960.0,149063040.0,150000000.0,0.0062464,151736.0,0.0151736,3
UDP_Flood_seed1008_600s,UDP_Flood,1008,390,400,attack,attack,UDP_Flood,udp_flood,none,1,0,1.0,16.0,14.0,0.0,0.0,16.0,16.0,15,15,15,1.0,1.0,157.13333333333333,163.0,271.59999999999997,301.0,80.22011385348856,107.46666666666667,12.374320568168967,127.09999999999997,504.0,4.8,-70.86666666666666,0.0,107.0,-77.0,0.0,150.0,142.0,40.0,0.9466666666666667,15,0,17.0,16.0,66.0,0.9411764705882353,887920.0,149116968.0,150004888.0,0.0059192737772651785,140128.0,0.0140128,3
UDP_Flood_seed1008_600s,UDP_Flood,1008,400,410,attack,attack,UDP_Flood,udp_flood,none,1,0,1.0,14.0,15.0,0.0,0.0,14.0,14.0,15,15,15,1.0,1.0,165.66666666666666,164.0,312.5999999999999,363.0,115.51849985835086,107.4,8.76519089515861,122.69999999999999,503.93333333333334,4.8,-70.86666666666666,0.0,104.0,-77.0,0.0,147.0,138.0,40.0,0.9387755102040817,15,0,14.0,14.0,63.0,1.0,855528.0,149139584.0,149995112.0,0.005703705864761779,126632.0,0.0126632,3
UDP_Flood_seed1008_600s,UDP_Flood,1008,410,420,attack,attack,UDP_Flood,udp_flood,none,1,0,1.0,16.0,17.0,0.0,0.0,16.0,16.0,16,16,16,1.0,1.0,164.75,174.0,294.75,309.0,89.35733508410674,109.13333333333334,8.192912151598449,121.3,506.0,4.8,-70.86666666666666,0.0,105.0,-77.0,0.0,159.0,146.0,45.0,0.9182389937106918,15,0,18.0,16.0,66.0,0.8888888888888888,953384.0,149046616.0,150000000.0,0.006355893333333334,142832.0,0.0142832,3
UDP_Flood_seed1008_600s,UDP_Flood,1008,420,430,attack,attack,UDP_Flood,udp_flood,none,1,0,1.0,13.0,13.0,0.0,0.0,14.0,14.0,13,13,13,1.0,1.0,142.76923076923077,120.0,285.3999999999999,319.0,91.81698630623298,106.73333333333333,7.666873703208653,118.1,503.06666666666666,4.8,-70.86666666666666,0.0,102.0,-77.0,0.0,140.0,133.0,35.0,0.95,15,0,14.0,14.0,65.0,1.0,806240.0,149193760.0,150000000.0,0.005374933333333333,125024.0,0.0125024,3
UDP_Flood_seed1008_600s,UDP_Flood,1008,430,440,attack,attack,UDP_Flood,udp_flood,none,1,0,1.0,14.0,13.0,0.0,0.0,14.0,14.0,14,14,14,1.0,1.0,167.5,162.0,294.7,335.0,89.70785918747588,106.06666666666666,6.881306631184294,117.8,499.53333333333336,4.8,-70.86666666666666,0.0,103.0,-77.0,0.0,140.0,137.0,39.0,0.9785714285714285,15,0,15.0,14.0,65.0,0.9333333333333333,811840.0,149188160.0,150000000.0,0.005412266666666667,129880.0,0.012988,3
UDP_Flood_seed1008_600s,UDP_Flood,1008,440,450,attack,attack,UDP_Flood,udp_flood,none,1,0,1.0,15.0,15.0,0.0,0.0,15.0,15.0,15,15,15,1.0,1.0,140.53333333333333,110.0,281.6,283.0,96.56963931844851,104.13333333333334,5.742904524798613,112.29999999999998,497.1333333333333,4.8,-70.86666666666666,0.0,101.0,-77.0,0.0,145.0,140.0,39.0,0.9655172413793104,15,0,15.0,15.0,64.0,1.0,848312.0,149151688.0,150000000.0,0.005655413333333333,129840.0,0.012984,3
UDP_Flood_seed1008_600s,UDP_Flood,1008,450,460,attack,attack,UDP_Flood,udp_flood,none,1,0,1.0,16.0,17.0,0.0,0.0,15.0,15.0,17,17,17,1.0,1.0,184.47058823529412,176.0,352.59999999999997,391.0,100.9313613595019,105.53333333333333,5.629852404391974,115.6,499.1333333333333,4.8,-70.86666666666666,0.0,100.0,-77.0,0.0,155.0,144.0,51.0,0.9290322580645162,15,0,15.0,15.0,65.0,1.0,927072.0,149077104.0,150004176.0,0.006180307940226944,135224.0,0.0135224,3
UDP_Flood_seed1008_600s,UDP_Flood,1008,460,470,attack,attack,UDP_Flood,udp_flood,none,1,0,1.0,14.0,14.0,0.0,0.0,16.0,16.0,14,14,14,1.0,1.0,147.14285714285714,123.5,286.44999999999993,369.0,89.67192952677523,104.93333333333334,6.670475102662335,117.39999999999999,498.4,4.8,-70.86666666666666,0.0,107.0,-77.0,0.0,147.0,139.0,40.0,0.9455782312925171,15,0,18.0,15.0,66.0,0.8333333333333334,886784.0,149109040.0,149995824.0,0.005912057925025966,142648.0,0.0142648,3
UDP_Flood_seed1008_600s,UDP_Flood,1008,470,480,attack,attack,UDP_Flood,udp_flood,none,1,0,1.0,16.0,16.0,0.0,0.0,15.0,15.0,15,15,15,1.0,1.0,161.93333333333334,169.0,321.4999999999999,381.0,101.53779498060713,104.6,6.957010852370435,116.69999999999999,497.8666666666667,4.8,-70.86666666666666,0.0,103.0,-77.0,0.0,149.0,142.0,42.0,0.9530201342281879,15,0,16.0,16.0,65.0,1.0,861064.0,149138936.0,150000000.0,0.005740426666666667,134440.0,0.013444,3
UDP_Flood_seed1008_600s,UDP_Flood,1008,480,490,attack,attack,UDP_Flood,udp_flood,none,1,0,1.0,15.0,14.0,0.0,0.0,16.0,16.0,15,15,15,1.0,1.0,182.86666666666667,168.0,314.2,324.0,89.54477464747266,104.26666666666667,5.957788020334233,115.19999999999999,497.46666666666664,4.8,-70.86666666666666,0.0,108.0,-77.0,0.0,148.0,142.0,41.0,0.9594594594594594,15,0,20.0,16.0,65.0,0.8,876688.0,149123312.0,150000000.0,0.005844586666666667,152712.0,0.0152712,3
UDP_Flood_seed1008_600s,UDP_Flood,1008,490,500,attack,attack,UDP_Flood,udp_flood,none,1,0,1.0,16.0,17.0,0.0,0.0,14.0,14.0,17,17,17,1.0,1.0,174.94117647058823,174.0,306.3999999999999,380.0,97.76468597366541,106.93333333333334,10.726913193769521,127.39999999999999,500.8,4.8,-70.86666666666666,0.0,104.0,-77.0,0.0,151.0,142.0,43.0,0.9403973509933775,15,0,14.0,14.0,64.0,1.0,883368.0,149116632.0,150000000.0,0.00588912,125536.0,0.0125536,3
UDP_Flood_seed1008_600s,UDP_Flood,1008,500,510,attack,attack,UDP_Flood,udp_flood,none,1,0,1.0,14.0,14.0,0.0,0.0,15.0,15.0,14,14,14,1.0,1.0,140.71428571428572,112.5,290.15,322.0,89.37942335169386,108.46666666666667,12.017051377502046,132.7,502.8,4.8,-70.86666666666666,0.0,104.0,-77.0,0.0,149.0,138.0,39.0,0.9261744966442953,15,0,16.0,15.0,65.0,0.9375,852704.0,149158160.0,150010864.0,0.005684281639761771,136920.0,0.013692,3
UDP_Flood_seed1008_600s,UDP_Flood,1008,510,520,attack,attack,UDP_Flood,udp_flood,none,1,0,1.0,15.0,15.0,0.0,0.0,16.0,16.0,15,15,15,1.0,1.0,157.06666666666666,173.0,278.79999999999995,304.0,90.37972802622964,108.6,11.764352935882194,134.3,503.06666666666666,4.8,-70.86666666666666,0.0,104.0,-77.0,0.0,153.0,142.0,47.0,0.9281045751633987,15,0,17.0,16.0,66.0,0.9411764705882353,899584.0,149089552.0,149989136.0,0.005997661057264841,149200.0,0.01492,3
UDP_Flood_seed1008_600s,UDP_Flood,1008,520,530,attack,attack,UDP_Flood,udp_flood,none,1,0,1.0,17.0,15.0,0.0,0.0,15.0,15.0,16,16,16,1.0,1.0,181.3125,179.0,340.25,362.0,95.08502773833534,107.46666666666667,10.453069724567357,129.6,501.6666666666667,4.8,-70.86666666666666,0.0,102.0,-77.0,0.0,151.0,144.0,42.0,0.9536423841059603,15,0,15.0,15.0,65.0,1.0,886056.0,149113944.0,150000000.0,0.00590704,129712.0,0.0129712,3
UDP_Flood_seed1009_600s,UDP_Flood,1009,190,200,attack,attack,UDP_Flood,udp_flood,none,1,0,1.0,14.0,15.0,0.0,0.0,15.0,15.0,15,15,15,1.0,1.0,170.13333333333333,181.0,288.5999999999999,332.0,85.62615310311503,105.8,4.2627958632133165,111.19999999999999,489.6,4.8,-70.46666666666667,0.0,113.0,-77.0,0.0,150.0,141.0,43.0,0.94,15,0,17.0,15.0,66.0,0.8823529411764706,884880.0,149114176.0,149999056.0,0.005899237125865645,141176.0,0.0141176,4
UDP_Flood_seed1009_600s,UDP_Flood,1009,200,210,attack,attack,UDP_Flood,udp_flood,none,1,0,1.0,15.0,15.0,0.0,0.0,15.0,15.0,16,16,16,1.0,1.0,163.8125,163.0,314.0,377.0,102.86574988790001,107.33333333333333,6.332080076502357,117.8,491.53333333333336,4.8,-70.46666666666667,0.0,111.0,-77.0,0.0,151.0,142.0,42.0,0.9403973509933775,15,0,16.0,15.0,65.0,0.9375,899128.0,149098928.0,149998056.0,0.005994264352332673,135824.0,0.0135824,4
UDP_Flood_seed1009_600s,UDP_Flood,1009,210,220,attack,attack,UDP_Flood,udp_flood,none,1,0,1.0,15.0,15.0,0.0,0.0,15.0,15.0,15,15,15,1.0,1.0,158.6,158.0,300.5,311.0,103.10452394120666,107.26666666666667,6.90203558655671,119.1,491.53333333333336,4.8,-70.46666666666667,0.0,112.0,-77.0,0.0,149.0,141.0,41.0,0.9463087248322147,15,0,17.0,15.0,64.0,0.8823529411764706,854944.0,149145056.0,150000000.0,0.0056996266666666665,142480.0,0.014248,4
UDP_Flood_seed1009_600s,UDP_Flood,1009,220,230,attack,attack,UDP_Flood,udp_flood,none,1,0,1.0,15.0,15.0,0.0,0.0,15.0,15.0,14,14,14,1.0,1.0,170.71428571428572,141.0,275.4,317.0,77.45909945198233,106.46666666666667,5.7800972145391984,115.3,490.46666666666664,4.8,-70.46666666666667,0.0,115.0,-77.0,0.0,145.0,139.0,41.0,0.9586206896551724,15,0,18.0,15.0,65.0,0.8333333333333334,842688.0,149157312.0,150000000.0,0.00561792,142208.0,0.0142208,4
UDP_Flood_seed1009_600s,UDP_Flood,1009,230,240,attack,attack,UDP_Flood,udp_flood,none,1,0,1.0,15.0,15.0,0.0,0.0,15.0,15.0,16,16,16,1.0,1.0,149.3125,113.5,338.0,371.0,112.90097061879791,105.86666666666666,5.370111287310091,113.6,489.6,4.8,-70.46666666666667,0.0,115.0,-77.0,0.0,149.0,141.0,41.0,0.9463087248322147,15,0,17.0,15.0,65.0,0.8823529411764706,876024.0,149123976.0,150000000.0,0.00584016,139288.0,0.0139288,4
UDP_Flood_seed1009_600s,UDP_Flood,1009,240,250,attack,attack,UDP_Flood,udp_flood,none,1,0,1.0,15.0,15.0,0.0,0.0,15.0,15.0,15,15,15,1.0,1.0,174.6,193.0,284.3,285.0,79.96677881649175,106.73333333333333,6.818741679755737,116.69999999999999,489.3333333333333,4.8,-70.46666666666667,0.0,115.0,-77.0,0.0,146.0,141.0,42.0,0.9657534246575342,15,0,16.0,15.0,66.0,0.9375,894360.0,149105640.0,150000000.0,0.0059624,136904.0,0.0136904,4
UDP_Flood_seed1009_600s,UDP_Flood,1009,250,260,attack,attack,UDP_Flood,udp_flood,none,1,0,1.0,15.0,15.0,0.0,0.0,15.0,15.0,13,13,13,1.0,1.0,149.23076923076923,127.0,249.19999999999996,266.0,69.95493054597587,106.2,5.9425824112321495,115.1,488.73333333333335,4.8,-70.46666666666667,0.0,112.0,-77.0,0.0,140.0,139.0,42.0,0.9928571428571429,15,0,15.0,15.0,64.0,1.0,803120.0,149198824.0,150001944.0,0.0053540639446646105,135720.0,0.013572,4
UDP_Flood_seed1009_600s,UDP_Flood,1009,260,270,attack,attack,UDP_Flood,udp_flood,none,1,0,1.0,15.0,14.0,0.0,0.0,15.0,15.0,15,15,15,1.0,1.0,155.53333333333333,110.0,272.2,289.0,92.3408798703916,105.93333333333334,5.483308003994183,114.5,487.8,4.8,-70.46666666666667,0.0,113.0,-77.0,0.0,142.0,138.0,44.0,0.971830985915493,15,0,16.0,14.0,65.0,0.875,846448.0,149151608.0,149998056.0,0.005643059800721684,136088.0,0.0136088,4
UDP_Flood_seed1009_600s,UDP_Flood,1009,270,280,attack,attack,UDP_Flood,udp_flood,none,1,0,1.0,15.0,16.0,0.0,0.0,15.0,15.0,17,17,17,1.0,1.0,171.1764705882353,173.0,348.79999999999995,404.0,117.49852940256191,107.4,7.917431040793112,120.69999999999999,490.53333333333336,4.8,-70.46666666666667,0.0,113.0,-77.0,0.0,155.0,144.0,48.0,0.9290322580645162,15,0,19.0,16.0,67.0,0.8421052631578947,934584.0,149065416.0,150000000.0,0.00623056,152344.0,0.0152344,4
UDP_Flood_seed1009_600s,UDP_Flood,1009,280,290,attack,attack,UDP_Flood,udp_flood,none,1,0,1.0,15.0,15.0,0.0,0.0,15.0,15.0,15,15,15,1.0,1.0,152.86666666666667,159.0,311.0999999999999,365.0,101.18149652033834,105.86666666666666,6.577740240133131,116.69999999999999,487.6,4.8,-70.46666666666667,0.0,110.0,-77.0,0.0,144.0,141.0,43.0,0.9791666666666666,15,0,16.0,15.0,66.0,0.9375,846712.0,149153288.0,150000000.0,0.005644746666666666,134064.0,0.0134064,4
UDP_Flood_seed1009_600s,UDP_Flood,1009,290,300,attack,attack,UDP_Flood,udp_flood,none,1,0,1.0,15.0,15.0,0.0,0.0,15.0,15.0,15,15,15,1.0,1.0,157.06666666666666,136.0,318.09999999999985,414.0,100.22151655683713,108.53333333333333,7.989874544577983,120.3,490.93333333333334,4.8,-70.46666666666667,0.0,108.0,-77.0,0.0,149.0,141.0,42.0,0.9463087248322147,15,0,16.0,15.0,64.0,0.9375,871888.0,149129544.0,150001432.0,0.005812531176369037,136080.0,0.013608,4
UDP_Flood_seed1009_600s,UDP_Flood,1009,300,310,attack,attack,UDP_Flood,udp_flood,none,1,0,1.0,16.0,16.0,0.0,0.0,16.0,16.0,16,16,16,1.0,1.0,158.375,155.5,278.5,379.0,90.55670415086155,108.4,8.296298658351894,121.69999999999999,490.8666666666667,4.8,-70.46666666666667,0.0,112.0,-77.0,0.0,151.0,143.0,43.0,0.9470198675496688,15,0,19.0,16.0,66.0,0.8421052631578947,897984.0,149100584.0,149998568.0,0.005986617152238413,148784.0,0.0148784,4
UDP_Flood_seed1009_600s,UDP_Flood,1009,310,320,attack,attack,UDP_Flood,udp_flood,none,1,0,1.0,15.0,15.0,0.0,0.0,15.0,15.0,15,15,15,1.0,1.0,161.13333333333333,158.0,312.8999999999999,364.0,98.23431657206636,106.66666666666667,7.3646517390909425,118.69999999999999,488.6,4.8,-70.46666666666667,0.0,111.0,-77.0,0.0,142.0,140.0,41.0,0.9859154929577465,15,0,17.0,15.0,65.0,0.8823529411764706,824360.0,149175640.0,150000000.0,0.005495733333333333,138232.0,0.0138232,4
UDP_Flood_seed1009_600s,UDP_Flood,1009,320,330,attack,attack,UDP_Flood,udp_flood,none,1,0,1.0,15.0,15.0,0.0,0.0,15.0,15.0,15,15,15,1.0,1.0,149.33333333333334,146.0,289.9,299.0,92.70126109996461,107.06666666666666,8.688799577343126,120.79999999999998,489.0,4.8,-70.46666666666667,0.0,108.0,-77.0,0.0,146.0,141.0,41.0,0.9657534246575342,15,0,16.0,15.0,64.0,0.9375,848760.0,149151240.0,150000000.0,0.0056584,133344.0,0.0133344,4
UDP_Flood_seed1009_600s,UDP_Flood,1009,330,340,attack,attack,UDP_Flood,udp_flood,none,1,0,1.0,15.0,15.0,0.0,0.0,15.0,15.0,14,14,14,1.0,1.0,155.5,160.5,307.8499999999999,432.0,104.08483965570512,105.93333333333334,7.620148729957091,117.49999999999999,487.73333333333335,4.8,-70.46666666666667,0.0,105.0,-77.0,0.0,144.0,139.0,39.0,0.9652777777777778,15,0,15.0,15.0,65.0,1.0,841496.0,149158504.0,150000000.0,0.005609973333333333,130680.0,0.013068,4
UDP_Flood_seed1009_600s,UDP_Flood,1009,340,350,attack,attack,UDP_Flood,udp_flood,none,1,0,1.0,15.0,15.0,0.0,0.0,15.0,15.0,15,15,15,1.0,1.0,173.93333333333334,166.0,306.99999999999994,335.0,93.55706178329785,106.46666666666667,6.967953856935402,119.39999999999999,488.3333333333333,4.8,-70.46666666666667,0.0,106.0,-77.0,0.0,147.0,140.0,42.0,0.9523809523809523,15,0,16.0,15.0,65.0,0.9375,874248.0,149125752.0,150000000.0,0.00582832,138680.0,0.013868,4
UDP_Flood_seed1009_600s,UDP_Flood,1009,350,360,attack,attack,UDP_Flood,udp_flood,none,1,0,1.0,15.0,15.0,0.0,0.0,15.0,15.0,15,15,15,1.0,1.0,171.46666666666667,177.0,296.0,303.0,85.38138528028783,106.53333333333333,10.676186228281725,122.39999999999998,488.46666666666664,4.8,-70.46666666666667,0.0,107.0,-77.0,0.0,145.0,141.0,41.0,0.9724137931034482,15,0,17.0,15.0,65.0,0.8823529411764706,850192.0,149149808.0,150000000.0,0.005667946666666666,139152.0,0.0139152,4
UDP_Flood_seed1009_600s,UDP_Flood,1009,360,370,attack,attack,UDP_Flood,udp_flood,none,1,0,1.0,15.0,15.0,0.0,0.0,15.0,15.0,15,15,15,1.0,1.0,181.66666666666666,185.0,369.0999999999999,430.0,115.52468299438169,106.53333333333333,12.356991466179707,124.89999999999996,488.3333333333333,4.8,-70.46666666666667,0.0,104.0,-77.0,0.0,145.0,142.0,42.0,0.9793103448275862,15,0,15.0,15.0,64.0,1.0,862472.0,149137528.0,150000000.0,0.0057498133333333335,130600.0,0.01306,4
UDP_Flood_seed1009_600s,UDP_Flood,1009,370,380,attack,attack,UDP_Flood,udp_flood,none,1,0,1.0,15.0,15.0,0.0,0.0,15.0,15.0,15,15,15,1.0,1.0,149.73333333333332,126.0,269.2,272.0,95.68733806866332,107.46666666666667,11.224123679867056,126.59999999999998,489.6666666666667,4.8,-70.46666666666667,0.0,102.0,-77.0,0.0,148.0,140.0,41.0,0.9459459459459459,15,0,15.0,15.0,65.0,1.0,865016.0,149134984.0,150000000.0,0.005766773333333333,135288.0,0.0135288,4
UDP_Flood_seed1009_600s,UDP_Flood,1009,380,390,attack,attack,UDP_Flood,udp_flood,none,1,0,1.0,14.0,14.0,0.0,0.0,14.0,14.0,15,15,15,1.0,1.0,156.8,138.0,339.0,346.0,95.4240161444846,106.8,9.864800338287933,122.59999999999998,488.73333333333335,4.8,-70.46666666666667,0.0,101.0,-77.0,0.0,142.0,140.0,39.0,0.9859154929577465,15,0,14.0,14.0,64.0,1.0,831576.0,149168424.0,150000000.0,0.00554384,127176.0,0.0127176,4
UDP_Flood_seed1009_600s,UDP_Flood,1009,390,400,attack,attack,UDP_Flood,udp_flood,none,1,0,1.0,16.0,16.0,0.0,0.0,16.0,16.0,15,15,15,1.0,1.0,146.06666666666666,126.0,305.1999999999999,392.0,92.38465137415311,110.46666666666667,10.6426813663976,127.69999999999999,493.46666666666664,4.8,-70.46666666666667,0.0,106.0,-77.0,0.0,151.0,140.0,42.0,0.9271523178807947,15,0,19.0,16.0,66.0,0.8421052631578947,871464.0,149128536.0,150000000.0,0.00580976,147024.0,0.0147024,4
UDP_Flood_seed1009_600s,UDP_Flood,1009,400,410,attack,attack,UDP_Flood,udp_flood,none,1,0,1.0,13.0,13.0,0.0,0.0,13.0,13.0,13,13,13,1.0,1.0,169.07692307692307,144.0,338.79999999999995,349.0,104.92176572607288,107.86666666666666,9.775089818123462,127.89999999999999,490.0,4.8,-70.46666666666667,0.0,104.0,-77.0,1.0,138.0,136.0,38.0,0.9855072463768116,15,0,13.0,13.0,62.0,1.0,809440.0,149190560.0,150000000.0,0.005396266666666667,120272.0,0.0120272,4
UDP_Flood_seed1009_600s,UDP_Flood,1009,410,420,attack,attack,UDP_Flood,udp_flood,none,1,0,1.0,16.0,16.0,0.0,0.0,15.0,15.0,16,16,16,1.0,1.0,201.4375,162.5,435.5,446.0,122.48209052755428,113.06666666666666,14.078690415288056,133.89999999999998,496.8,4.8,-70.46666666666667,0.0,104.0,-77.0,0.0,161.0,142.0,43.0,0.8819875776397516,15,0,16.0,15.0,64.0,0.9375,933664.0,149066336.0,150000000.0,0.006224426666666667,135552.0,0.0135552,4
UDP_Flood_seed1009_600s,UDP_Flood,1009,420,430,attack,attack,UDP_Flood,udp_flood,none,1,0,1.0,14.0,14.0,0.0,0.0,15.0,15.0,14,14,14,1.0,1.0,140.92857142857142,143.5,258.09999999999997,275.0,82.46627682384364,111.0,11.205865810879075,128.7,494.2,4.8,-70.46666666666667,0.0,102.0,-77.0,0.0,142.0,138.0,39.0,0.971830985915493,15,0,15.0,15.0,65.0,1.0,817792.0,149182208.0,150000000.0,0.005451946666666666,132328.0,0.0132328,4
UDP_Flood_seed1009_600s,UDP_Flood,1009,430,440,attack,attack,UDP_Flood,udp_flood,none,1,0,1.0,15.0,15.0,0.0,0.0,15.0,15.0,16,16,16,1.0,1.0,136.25,134.5,248.0,326.0,81.49969325095647,109.53333333333333,8.895156520478407,123.0,492.2,4.8,-70.46666666666667,0.0,104.0,-77.0,0.0,147.0,142.0,42.0,0.9659863945578231,15,0,16.0,15.0,65.0,0.9375,856344.0,149143656.0,150000000.0,0.00570896,135280.0,0.013528,4
UDP_Flood_seed1009_600s,UDP_Flood,1009,440,450,attack,attack,UDP_Flood,udp_flood,none,1,0,1.0,16.0,15.0,0.0,0.0,16.0,16.0,15,14,15,0.9333333333333333,1.0,163.21428571428572,151.5,307.05,322.0,102.66238811787856,111.66666666666667,13.232355727353998,139.2,495.06666666666666,4.8,-70.46666666666667,0.0,108.0,-77.0,0.0,153.0,142.0,41.0,0.9281045751633987,15,0,19.0,16.0,67.0,0.8421052631578947,861528.0,149138472.0,150000000.0,0.00574352,146888.0,0.0146888,4
UDP_Flood_seed1009_600s,UDP_Flood,1009,450,460,attack,attack,UDP_Flood,udp_flood,none,1,0,1.0,15.0,14.0,1.0,0.0,14.0,14.0,15,15,15,1.0,1.0,130.53333333333333,87.0,318.4,331.0,104.67082187687718,109.13333333333334,11.425952080784382,134.0,491.73333333333335,4.8,-70.46666666666667,0.0,104.0,-77.0,0.0,136.0,136.0,41.0,1.0,15,0,14.0,14.0,64.0,1.0,798704.0,149201296.0,150000000.0,0.005324693333333333,129968.0,0.0129968,4
UDP_Flood_seed1009_600s,UDP_Flood,1009,460,470,attack,attack,UDP_Flood,udp_flood,none,1,0,1.0,14.0,15.0,0.0,0.0,15.0,15.0,15,15,15,1.0,1.0,152.13333333333333,148.0,309.6999999999998,442.0,106.9912323955744,107.4,9.140178178944716,125.1,489.6666666666667,4.8,-70.46666666666667,0.0,114.0,-77.0,0.0,144.0,140.0,41.0,0.9722222222222222,15,0,20.0,15.0,65.0,0.75,872504.0,149127496.0,150000000.0,0.0058166933333333335,152448.0,0.0152448,4
UDP_Flood_seed1009_600s,UDP_Flood,1009,470,480,attack,attack,UDP_Flood,udp_flood,none,1,0,1.0,16.0,15.0,0.0,0.0,15.0,15.0,15,15,15,1.0,1.0,153.06666666666666,144.0,254.99999999999994,290.0,82.69692226667782,109.13333333333334,12.058587139856966,134.9,492.93333333333334,4.8,-70.46666666666667,0.0,111.0,-77.0,0.0,154.0,141.0,42.0,0.9155844155844156,15,0,16.0,15.0,65.0,0.9375,887288.0,149112712.0,150000000.0,0.005915253333333334,137728.0,0.0137728,4
UDP_Flood_seed1009_600s,UDP_Flood,1009,480,490,attack,attack,UDP_Flood,udp_flood,none,1,0,1.0,14.0,15.0,0.0,0.0,15.0,15.0,15,15,15,1.0,1.0,149.06666666666666,143.0,307.0,314.0,80.65487910727734,108.73333333333333,11.492026221109429,133.3,493.1333333333333,4.8,-70.46666666666667,0.0,110.0,-77.0,0.0,145.0,140.0,43.0,0.9655172413793104,15,0,16.0,15.0,66.0,0.9375,880240.0,149119760.0,150000000.0,0.005868266666666667,139240.0,0.013924,4
UDP_Flood_seed1009_600s,UDP_Flood,1009,490,500,attack,attack,UDP_Flood,udp_flood,none,1,0,1.0,15.0,15.0,0.0,0.0,15.0,15.0,15,15,15,1.0,1.0,137.8,127.0,252.3,253.0,79.49321624246579,107.6,10.83512805646523,130.5,491.6666666666667,4.8,-70.46666666666667,0.0,108.0,-77.0,0.0,142.0,140.0,41.0,0.9859154929577465,15,0,15.0,15.0,64.0,1.0,829808.0,149170192.0,150000000.0,0.0055320533333333335,130680.0,0.013068,4
UDP_Flood_seed1009_600s,UDP_Flood,1009,500,510,attack,attack,UDP_Flood,udp_flood,none,1,0,1.0,15.0,15.0,0.0,0.0,15.0,15.0,15,15,15,1.0,1.0,162.93333333333334,157.0,279.9,303.0,96.27747597933995,107.13333333333334,9.241727317418741,124.6,491.06666666666666,4.8,-70.46666666666667,0.0,111.0,-77.0,0.0,147.0,141.0,41.0,0.9591836734693877,15,0,17.0,15.0,65.0,0.8823529411764706,847696.0,149152304.0,150000000.0,0.005651306666666666,138600.0,0.01386,4
UDP_Flood_seed1009_600s,UDP_Flood,1009,510,520,attack,attack,UDP_Flood,udp_flood,none,1,0,1.0,17.0,16.0,0.0,0.0,15.0,15.0,15,15,15,1.0,1.0,161.4,135.0,308.9,339.0,94.23966407895502,106.6,7.707139547199077,118.1,490.46666666666664,4.8,-70.46666666666667,0.0,108.0,-77.0,0.0,146.0,142.0,42.0,0.9726027397260274,15,0,15.0,15.0,65.0,1.0,867296.0,149132704.0,150000000.0,0.005781973333333333,130680.0,0.013068,4
UDP_Flood_seed1009_600s,UDP_Flood,1009,520,530,attack,attack,UDP_Flood,udp_flood,none,1,0,1.0,15.0,15.0,0.0,0.0,16.0,16.0,16,16,16,1.0,1.0,159.9375,128.5,322.25,449.0,105.15922451216535,108.8,8.55402996086807,120.0,501.1333333333333,4.8,-70.46666666666667,0.0,107.0,-77.0,0.0,150.0,141.0,47.0,0.94,15,0,16.0,16.0,67.0,1.0,891592.0,149108408.0,150000000.0,0.005943946666666667,140824.0,0.0140824,4
UDP_Flood_seed1010_600s,UDP_Flood,1010,190,200,attack,attack,UDP_Flood,udp_flood,none,1,0,1.0,14.0,15.0,0.0,0.0,15.0,15.0,15,15,15,1.0,1.0,164.86666666666667,192.0,249.1,261.0,75.98107533803275,106.06666666666666,7.353003921300917,117.89999999999999,489.2,4.8,-71.73333333333333,0.0,108.0,-77.0,0.0,144.0,140.0,40.0,0.9722222222222222,15,0,16.0,15.0,64.0,0.9375,838192.0,149161808.0,150000000.0,0.005587946666666667,135280.0,0.013528,5
UDP_Flood_seed1010_600s,UDP_Flood,1010,200,210,attack,attack,UDP_Flood,udp_flood,none,1,0,1.0,16.0,16.0,0.0,0.0,16.0,16.0,15,15,15,1.0,1.0,148.26666666666668,155.0,242.69999999999993,284.0,66.29960856021772,105.86666666666666,6.3568485753181045,115.89999999999999,488.8,4.8,-71.73333333333333,0.0,108.0,-77.0,0.0,150.0,145.0,45.0,0.9666666666666667,15,0,16.0,15.0,66.0,0.9375,891032.0,149108968.0,150000000.0,0.005940213333333333,142112.0,0.0142112,5
UDP_Flood_seed1010_600s,UDP_Flood,1010,210,220,attack,attack,UDP_Flood,udp_flood,none,1,0,1.0,15.0,15.0,0.0,0.0,14.0,14.0,15,15,15,1.0,1.0,140.13333333333333,127.0,259.0,266.0,77.22496512200726,106.06666666666666,7.535313688291442,118.1,489.0,4.8,-71.73333333333333,0.0,105.0,-77.0,0.0,143.0,140.0,41.0,0.9790209790209791,15,0,15.0,15.0,64.0,1.0,827520.0,149172480.0,150000000.0,0.0055168,130096.0,0.0130096,5
UDP_Flood_seed1010_600s,UDP_Flood,1010,220,230,attack,attack,UDP_Flood,udp_flood,none,1,0,1.0,14.0,14.0,0.0,0.0,15.0,15.0,15,15,15,1.0,1.0,170.4,162.0,342.4,376.0,111.36991129949392,108.06666666666666,9.62486858289999,124.49999999999999,491.6,4.8,-71.73333333333333,0.0,104.0,-77.0,0.0,151.0,139.0,40.0,0.9205298013245033,15,0,15.0,15.0,65.0,1.0,883312.0,149116688.0,150000000.0,0.005888746666666667,130680.0,0.013068,5
UDP_Flood_seed1010_600s,UDP_Flood,1010,230,240,attack,attack,UDP_Flood,udp_flood,none,1,0,1.0,15.0,15.0,0.0,0.0,15.0,15.0,15,15,15,1.0,1.0,149.86666666666667,124.0,304.09999999999997,323.0,91.09247002490434,107.4,10.377172750114275,123.69999999999997,490.73333333333335,4.8,-71.73333333333333,0.0,104.0,-77.0,0.0,143.0,140.0,46.0,0.9790209790209791,15,0,15.0,15.0,65.0,1.0,842648.0,149157352.0,150000000.0,0.005617653333333333,136208.0,0.0136208,5
UDP_Flood_seed1010_600s,UDP_Flood,1010,240,250,attack,attack,UDP_Flood,udp_flood,none,1,0,1.0,15.0,14.0,0.0,0.0,14.0,14.0,14,14,14,1.0,1.0,151.5,158.5,300.75,317.0,94.16903786440473,109.6,8.2010452295511,123.39999999999999,494.8666666666667,4.8,-71.73333333333333,0.0,103.0,-77.0,0.0,147.0,140.0,42.0,0.9523809523809523,15,0,14.0,14.0,64.0,1.0,862168.0,149138944.0,150001112.0,0.005747744056724059,124472.0,0.0124472,5
UDP_Flood_seed1010_600s,UDP_Flood,1010,250,260,attack,attack,UDP_Flood,udp_flood,none,1,0,1.0,16.0,16.0,0.0,0.0,16.0,16.0,16,16,16,1.0,1.0,144.375,146.0,274.0,331.0,80.83140891180028,107.33333333333333,8.032671381539862,120.89999999999999,492.06666666666666,4.8,-71.73333333333333,0.0,103.0,-77.0,0.0,144.0,142.0,42.0,0.9861111111111112,15,0,16.0,16.0,66.0,1.0,851824.0,149148176.0,150000000.0,0.005678826666666667,136792.0,0.0136792,5
UDP_Flood_seed1010_600s,UDP_Flood,1010,260,270,attack,attack,UDP_Flood,udp_flood,none,1,0,1.0,14.0,15.0,0.0,0.0,14.0,14.0,14,14,14,1.0,1.0,187.71428571428572,151.0,406.7,434.0,127.20995883331473,108.4,9.45515732285825,122.49999999999999,496.73333333333335,4.8,-71.73333333333333,0.0,104.0,-77.0,0.0,146.0,139.0,45.0,0.952054794520548,15,0,15.0,14.0,64.0,0.9333333333333333,899608.0,149099280.0,149998888.0,0.00599743112762276,128344.0,0.012832274975264096,5
UDP_Flood_seed1010_600s,UDP_Flood,1010,270,280,attack,attack,UDP_Flood,udp_flood,none,1,0,1.0,15.0,15.0,0.0,0.0,15.0,15.0,15,15,15,1.0,1.0,144.26666666666668,161.0,241.49999999999997,266.0,81.08766566999893,108.93333333333334,9.346249566129773,127.5,495.93333333333334,4.8,-71.73333333333333,0.0,102.0,-77.0,0.0,145.0,140.0,43.0,0.9655172413793104,15,0,15.0,15.0,66.0,1.0,861480.0,149138520.0,150000000.0,0.0057432,129328.0,0.012934942026399571,5
UDP_Flood_seed1010_600s,UDP_Flood,1010,280,290,attack,attack,UDP_Flood,udp_flood,none,1,0,1.0,14.0,14.0,0.0,0.0,15.0,15.0,15,15,15,1.0,1.0,161.8,157.0,317.5,328.0,96.47220176965857,108.93333333333334,10.284986746756283,125.39999999999998,495.8,4.8,-71.73333333333333,0.0,102.0,-77.0,0.0,145.0,141.0,41.0,0.9724137931034482,15,0,15.0,15.0,65.0,1.0,848112.0,149151888.0,150000000.0,0.00565408,132872.0,0.0132872,5
UDP_Flood_seed1010_600s,UDP_Flood,1010,290,300,attack,attack,UDP_Flood,udp_flood,none,1,0,1.0,17.0,16.0,0.0,0.0,16.0,16.0,15,15,15,1.0,1.0,172.2,145.0,359.3,367.0,101.42569412417855,110.33333333333333,11.775681155103795,134.3,497.6,4.8,-71.73333333333333,0.0,103.0,-77.0,0.0,157.0,141.0,41.0,0.8980891719745223,15,0,17.0,15.0,66.0,0.8823529411764706,909856.0,149090144.0,150000000.0,0.006065706666666667,141992.0,0.0141992,5
UDP_Flood_seed1010_600s,UDP_Flood,1010,300,310,attack,attack,UDP_Flood,udp_flood,none,1,0,1.0,14.0,15.0,0.0,0.0,15.0,15.0,16,16,16,1.0,1.0,154.9375,159.5,285.75,303.0,93.3298585662702,110.13333333333334,10.68955876856789,128.6,497.2,4.8,-71.73333333333333,0.0,101.0,-77.0,0.0,144.0,140.0,41.0,0.9722222222222222,15,0,16.0,16.0,65.0,1.0,861960.0,149138040.0,150000000.0,0.0057464,137064.0,0.0137064,5
UDP_Flood_seed1010_600s,UDP_Flood,1010,310,320,attack,attack,UDP_Flood,udp_flood,none,1,0,1.0,15.0,15.0,0.0,0.0,15.0,15.0,15,15,15,1.0,1.0,141.8,130.0,251.1,263.0,81.32931293732379,108.93333333333334,12.325737686800313,130.1,495.73333333333335,4.8,-71.73333333333333,0.0,103.0,-77.0,0.0,145.0,142.0,42.0,0.9793103448275862,15,0,17.0,15.0,65.0,0.8823529411764706,875032.0,149126112.0,150001144.0,0.005833502176490067,137792.0,0.0137792,5
UDP_Flood_seed1010_600s,UDP_Flood,1010,320,330,attack,attack,UDP_Flood,udp_flood,none,1,0,1.0,17.0,17.0,0.0,0.0,16.0,16.0,16,16,16,1.0,1.0,158.75,173.0,309.75,324.0,89.59501474226491,108.73333333333333,11.828939492778275,131.6,495.46666666666664,4.8,-71.73333333333333,0.0,102.0,-77.0,0.0,153.0,145.0,46.0,0.9477124183006536,15,0,17.0,16.0,65.0,0.9411764705882353,907072.0,149091784.0,149998856.0,0.006047192786590319,140640.0,0.014064,5
UDP_Flood_seed1010_600s,UDP_Flood,1010,330,340,attack,attack,UDP_Flood,udp_flood,none,1,0,1.0,15.0,15.0,0.0,0.0,17.0,17.0,17,17,17,1.0,1.0,148.0,105.0,320.0,320.0,104.36354727585682,110.73333333333333,11.498240030957946,128.7,498.1333333333333,4.8,-71.73333333333333,0.0,103.0,-77.0,0.0,151.0,140.0,40.0,0.9271523178807947,15,0,17.0,16.0,67.0,0.9411764705882353,875112.0,149124888.0,150000000.0,0.00583408,144752.0,0.0144752,5
UDP_Flood_seed1010_600s,UDP_Flood,1010,340,350,attack,attack,UDP_Flood,udp_flood,none,1,0,1.0,14.0,14.0,0.0,0.0,12.0,12.0,12,12,12,1.0,1.0,156.25,148.5,345.0,345.0,106.15608148553542,109.0,9.710083124552245,123.29999999999998,495.8666666666667,4.8,-71.73333333333333,0.0,104.0,-77.0,0.0,140.0,136.0,37.0,0.9714285714285714,15,0,14.0,13.0,62.0,0.9285714285714286,804824.0,149195176.0,150000000.0,0.005365493333333333,126624.0,0.0126624,5
UDP_Flood_seed1010_600s,UDP_Flood,1010,350,360,attack,attack,UDP_Flood,udp_flood,none,1,0,1.0,15.0,15.0,0.0,0.0,16.0,16.0,17,17,17,1.0,1.0,152.0,129.0,299.4,345.0,91.43987095353974,112.93333333333334,17.449791921259063,152.0,500.8,4.8,-71.73333333333333,0.0,104.0,-77.0,0.0,154.0,140.0,40.0,0.9090909090909091,15,0,17.0,16.0,66.0,0.9411764705882353,887784.0,149112216.0,150000000.0,0.00591856,141976.0,0.0141976,5
UDP_Flood_seed1010_600s,UDP_Flood,1010,360,370,attack,attack,UDP_Flood,udp_flood,none,1,0,1.0,17.0,16.0,0.0,0.0,16.0,16.0,15,15,15,1.0,1.0,155.2,133.0,355.4,361.0,97.83601440311085,111.66666666666667,16.47364417428495,147.5,499.2,4.8,-71.73333333333333,0.0,104.0,-77.0,0.0,155.0,147.0,48.0,0.9483870967741935,15,0,17.0,16.0,65.0,0.9411764705882353,923312.0,149076688.0,150000000.0,0.006155413333333333,142584.0,0.0142584,5
UDP_Flood_seed1010_600s,UDP_Flood,1010,370,380,attack,attack,UDP_Flood,udp_flood,none,1,0,1.0,14.0,15.0,0.0,0.0,15.0,15.0,15,15,15,1.0,1.0,160.33333333333334,175.0,341.1999999999997,547.0,131.4733360618726,110.53333333333333,13.809244660561202,141.0,497.8,4.8,-71.73333333333333,0.0,104.0,-77.0,0.0,141.0,138.0,38.0,0.9787234042553191,15,0,16.0,15.0,65.0,0.9375,817592.0,149182408.0,150000000.0,0.005450613333333333,136920.0,0.013692,5
UDP_Flood_seed1010_600s,UDP_Flood,1010,380,390,attack,attack,UDP_Flood,udp_flood,none,1,0,1.0,14.0,13.0,0.0,0.0,14.0,14.0,14,14,14,1.0,1.0,140.78571428571428,132.0,226.54999999999998,235.0,61.31404478512316,109.4,11.660678735452263,133.5,496.3333333333333,4.8,-71.73333333333333,0.0,102.0,-77.0,0.0,141.0,136.0,36.0,0.9645390070921985,15,0,14.0,14.0,64.0,1.0,824232.0,149175768.0,150000000.0,0.00549488,127176.0,0.0127176,5
UDP_Flood_seed1010_600s,UDP_Flood,1010,390,400,attack,attack,UDP_Flood,udp_flood,none,1,0,1.0,14.0,15.0,0.0,0.0,15.0,15.0,15,15,15,1.0,1.0,161.26666666666668,194.0,279.09999999999997,284.0,93.81552313424672,107.26666666666667,10.12399318921334,127.39999999999999,493.6,4.8,-71.73333333333333,0.0,102.0,-77.0,0.0,140.0,140.0,42.0,1.0,15,0,15.0,15.0,64.0,1.0,812720.0,149187280.0,150000000.0,0.0054181333333333335,129584.0,0.0129584,5
UDP_Flood_seed1010_600s,UDP_Flood,1010,400,410,attack,attack,UDP_Flood,udp_flood,none,1,0,1.0,17.0,16.0,0.0,0.0,16.0,16.0,16,16,16,1.0,1.0,186.5,161.0,400.75,427.0,116.40217638286093,109.13333333333334,8.373996030797336,122.69999999999999,496.0,4.8,-71.73333333333333,0.0,105.0,-77.0,0.0,153.0,142.0,42.0,0.9281045751633987,15,0,19.0,16.0,66.0,0.8421052631578947,937136.0,149062864.0,150000000.0,0.006247573333333333,152872.0,0.0152872,5
UDP_Flood_seed1010_600s,UDP_Flood,1010,410,420,attack,attack,UDP_Flood,udp_flood,none,1,0,1.0,15.0,15.0,0.0,0.0,15.0,15.0,15,15,15,1.0,1.0,138.26666666666668,116.0,254.29999999999995,283.0,80.62121899587574,107.4,8.095854318282731,120.39999999999999,493.73333333333335,4.8,-71.73333333333333,0.0,104.0,-77.0,0.0,146.0,143.0,43.0,0.9794520547945206,15,0,16.0,15.0,65.0,0.9375,860080.0,149139920.0,150000000.0,0.005733866666666667,134440.0,0.013444,5
UDP_Flood_seed1010_600s,UDP_Flood,1010,420,430,attack,attack,UDP_Flood,udp_flood,none,1,0,1.0,16.0,17.0,0.0,0.0,16.0,16.0,16,16,16,1.0,1.0,135.6875,134.5,288.25,346.0,89.11768904095302,105.86666666666666,7.150091574505149,116.69999999999999,491.73333333333335,4.8,-71.73333333333333,0.0,103.0,-77.0,0.0,144.0,141.0,42.0,0.9791666666666666,15,0,17.0,16.0,67.0,0.9411764705882353,841944.0,149158056.0,150000000.0,0.00561296,139880.0,0.013988,5
UDP_Flood_seed1010_600s,UDP_Flood,1010,430,440,attack,attack,UDP_Flood,udp_flood,none,1,0,1.0,14.0,14.0,0.0,0.0,14.0,14.0,14,14,14,1.0,1.0,157.21428571428572,176.5,262.45,267.0,90.10180444827488,107.0,8.044518985886334,120.3,493.26666666666665,4.8,-71.73333333333333,0.0,104.0,-77.0,0.0,145.0,138.0,41.0,0.9517241379310345,15,0,16.0,14.0,63.0,0.875,844528.0,149157328.0,150001856.0,0.005630117003352278,136552.0,0.0136552,5
UDP_Flood_seed1010_600s,UDP_Flood,1010,440,450,attack,attack,UDP_Flood,udp_flood,none,1,0,1.0,16.0,16.0,0.0,0.0,16.0,16.0,16,16,16,1.0,1.0,154.875,145.0,298.0,340.0,90.9570411421421,105.93333333333334,6.829208976015834,118.3,491.8666666666667,4.8,-71.73333333333333,0.0,105.0,-77.0,0.0,147.0,143.0,43.0,0.9727891156462585,15,0,18.0,16.0,66.0,0.8888888888888888,873792.0,149124352.0,149998144.0,0.005825352079023058,143600.0,0.01436,5
UDP_Flood_seed1010_600s,UDP_Flood,1010,450,460,attack,attack,UDP_Flood,udp_flood,none,1,0,1.0,14.0,14.0,0.0,0.0,15.0,15.0,15,15,15,1.0,1.0,166.8,204.0,279.0999999999999,326.0,95.070800684843,107.46666666666667,8.559595005995709,123.89999999999999,495.0,4.8,-71.73333333333333,0.0,102.0,-77.0,0.0,146.0,138.0,40.0,0.9452054794520548,15,0,15.0,15.0,66.0,1.0,865808.0,149134192.0,150000000.0,0.005772053333333333,132680.0,0.013268,5
UDP_Flood_seed1010_600s,UDP_Flood,1010,460,470,attack,attack,UDP_Flood,udp_flood,none,1,0,1.0,15.0,15.0,0.0,0.0,15.0,15.0,15,15,15,1.0,1.0,143.6,123.0,259.19999999999993,311.0,77.37182949885572,106.53333333333333,7.347173087722406,120.19999999999999,493.53333333333336,4.8,-71.73333333333333,0.0,102.0,-77.0,0.0,146.0,141.0,46.0,0.9657534246575342,15,0,15.0,15.0,65.0,1.0,853072.0,149146928.0,150000000.0,0.005687146666666667,142104.0,0.0142104,5
UDP_Flood_seed1010_600s,UDP_Flood,1010,470,480,attack,attack,UDP_Flood,udp_flood,none,1,0,1.0,15.0,15.0,0.0,0.0,15.0,15.0,15,15,15,1.0,1.0,145.4,135.0,267.5999999999999,318.0,82.76023890043541,106.26666666666667,7.731814300728671,120.89999999999999,494.6,4.8,-71.73333333333333,0.0,102.0,-77.0,0.0,145.0,142.0,45.0,0.9793103448275862,15,0,16.0,15.0,65.0,0.9375,878552.0,149121448.0,150000000.0,0.0058570133333333335,135736.0,0.0135736,5
UDP_Flood_seed1010_600s,UDP_Flood,1010,480,490,attack,attack,UDP_Flood,udp_flood,none,1,0,1.0,14.0,14.0,0.0,0.0,14.0,14.0,14,14,14,1.0,1.0,153.92857142857142,148.0,270.2,304.0,77.30704444537459,106.0,6.222080497252162,118.6,494.4,4.8,-71.73333333333333,0.0,102.0,-77.0,0.0,146.0,141.0,42.0,0.9657534246575342,15,0,14.0,14.0,64.0,1.0,863336.0,149136664.0,150000000.0,0.005755573333333333,128080.0,0.012808,5
UDP_Flood_seed1010_600s,UDP_Flood,1010,490,500,attack,attack,UDP_Flood,udp_flood,none,1,0,1.0,15.0,15.0,0.0,0.0,15.0,15.0,14,14,14,1.0,1.0,182.35714285714286,165.0,322.2,382.0,96.57488695933738,106.93333333333334,6.713171133426189,118.89999999999999,496.6,4.8,-71.73333333333333,0.0,105.0,-77.0,0.0,149.0,139.0,41.0,0.9328859060402684,15,0,17.0,15.0,66.0,0.8823529411764706,875840.0,149124160.0,150000000.0,0.005838933333333333,146128.0,0.0146128,5
UDP_Flood_seed1010_600s,UDP_Flood,1010,500,510,attack,attack,UDP_Flood,udp_flood,none,1,0,1.0,14.0,14.0,0.0,0.0,14.0,14.0,15,15,15,1.0,1.0,143.66666666666666,137.0,296.9,306.0,91.28265886532782,106.93333333333334,8.89997324768585,121.39999999999998,496.6,4.8,-71.73333333333333,0.0,107.0,-77.0,0.0,143.0,138.0,39.0,0.965034965034965,15,0,16.0,14.0,64.0,0.875,821896.0,149181280.0,150003176.0,0.005479190653936554,136080.0,0.013608,5
UDP_Flood_seed1010_600s,UDP_Flood,1010,510,520,attack,attack,UDP_Flood,udp_flood,none,1,0,1.0,15.0,15.0,0.0,0.0,15.0,15.0,15,15,15,1.0,1.0,167.0,196.0,260.5999999999999,304.0,73.94109624752471,108.53333333333333,10.22508586528157,127.6,499.6,4.8,-71.73333333333333,0.0,111.0,-77.0,0.0,152.0,140.0,42.0,0.9210526315789473,15,0,18.0,15.0,65.0,0.8333333333333334,895544.0,149101280.0,149996824.0,0.005970419747020777,149232.0,0.0149232,5
UDP_Flood_seed1010_600s,UDP_Flood,1010,520,530,attack,attack,UDP_Flood,udp_flood,none,1,0,1.0,15.0,14.0,0.0,0.0,14.0,14.0,14,14,14,1.0,1.0,151.5,160.5,264.15,270.0,85.50371112053918,106.6,7.944449994448056,119.6,497.2,4.8,-71.73333333333333,0.0,108.0,-77.0,0.0,146.0,143.0,41.0,0.9794520547945206,15,0,14.0,14.0,63.0,1.0,849856.0,149150144.0,150000000.0,0.005665706666666667,125824.0,0.0125824,5
