feature,importance,task,feature_set,model,fold
numeric__mean_rtt_ms,0.19479106644208924,binary_attack,application_qos,extra_trees,1
numeric__p95_rtt_ms,0.14459946151006037,binary_attack,application_qos,extra_trees,1
numeric__median_rtt_ms,0.13372747429811402,binary_attack,application_qos,extra_trees,1
numeric__max_rtt_ms,0.13132500651497733,binary_attack,application_qos,extra_trees,1
numeric__std_rtt_ms,0.13050471501080477,binary_attack,application_qos,extra_trees,1
numeric__app_tx_delta,0.0553043066247433,binary_attack,application_qos,extra_trees,1
numeric__app_rx_delta,0.05390643177385169,binary_attack,application_qos,extra_trees,1
numeric__root_server_tx_delta,0.03806271498505073,binary_attack,application_qos,extra_trees,1
numeric__root_server_rx_delta,0.03795751446809882,binary_attack,application_qos,extra_trees,1
numeric__transaction_success_count,0.024728021826049065,binary_attack,application_qos,extra_trees,1
numeric__uplink_success_count,0.02429068948878977,binary_attack,application_qos,extra_trees,1
numeric__transaction_count,0.024254958265942542,binary_attack,application_qos,extra_trees,1
numeric__app_timeouts_delta,0.0032037427474771877,binary_attack,application_qos,extra_trees,1
numeric__app_delivery_ratio,0.0026844534164899817,binary_attack,application_qos,extra_trees,1
numeric__uplink_delivery_ratio,0.0006594426274611841,binary_attack,application_qos,extra_trees,1
numeric__reachable_fraction,0.0,binary_attack,application_qos,extra_trees,1
numeric__route_miss_delta,0.0,binary_attack,application_qos,extra_trees,1
numeric__mean_rtt_ms,0.1882403651020271,binary_attack,application_qos,extra_trees,2
numeric__p95_rtt_ms,0.14596218911261732,binary_attack,application_qos,extra_trees,2
numeric__max_rtt_ms,0.1330398336792125,binary_attack,application_qos,extra_trees,2
numeric__std_rtt_ms,0.13141329363329285,binary_attack,application_qos,extra_trees,2
numeric__median_rtt_ms,0.13046533463178972,binary_attack,application_qos,extra_trees,2
numeric__app_rx_delta,0.056317285722263785,binary_attack,application_qos,extra_trees,2
numeric__app_tx_delta,0.05567158982469975,binary_attack,application_qos,extra_trees,2
numeric__root_server_rx_delta,0.03842255091879917,binary_attack,application_qos,extra_trees,2
numeric__root_server_tx_delta,0.03764611506369162,binary_attack,application_qos,extra_trees,2
numeric__transaction_success_count,0.025743626352775537,binary_attack,application_qos,extra_trees,2
numeric__uplink_success_count,0.02515729201154201,binary_attack,application_qos,extra_trees,2
numeric__transaction_count,0.02509946016978186,binary_attack,application_qos,extra_trees,2
numeric__app_timeouts_delta,0.0035710140423772436,binary_attack,application_qos,extra_trees,2
numeric__app_delivery_ratio,0.0026529912091104867,binary_attack,application_qos,extra_trees,2
numeric__uplink_delivery_ratio,0.0005970585260189978,binary_attack,application_qos,extra_trees,2
numeric__reachable_fraction,0.0,binary_attack,application_qos,extra_trees,2
numeric__route_miss_delta,0.0,binary_attack,application_qos,extra_trees,2
numeric__mean_rtt_ms,0.1962497794137228,binary_attack,application_qos,extra_trees,3
numeric__p95_rtt_ms,0.14729113512453051,binary_attack,application_qos,extra_trees,3
numeric__median_rtt_ms,0.1369951003662587,binary_attack,application_qos,extra_trees,3
numeric__max_rtt_ms,0.13252894081261637,binary_attack,application_qos,extra_trees,3
numeric__std_rtt_ms,0.13111108030052349,binary_attack,application_qos,extra_trees,3
numeric__app_tx_delta,0.05386666104892881,binary_attack,application_qos,extra_trees,3
numeric__app_rx_delta,0.05201321182965862,binary_attack,application_qos,extra_trees,3
numeric__root_server_tx_delta,0.03392068111795153,binary_attack,application_qos,extra_trees,3
numeric__root_server_rx_delta,0.03328677238730437,binary_attack,application_qos,extra_trees,3
numeric__transaction_success_count,0.025213670167022556,binary_attack,application_qos,extra_trees,3
numeric__transaction_count,0.02507422676937998,binary_attack,application_qos,extra_trees,3
numeric__uplink_success_count,0.02475498748170725,binary_attack,application_qos,extra_trees,3
numeric__app_timeouts_delta,0.003820436319109685,binary_attack,application_qos,extra_trees,3
numeric__app_delivery_ratio,0.0033670197401723025,binary_attack,application_qos,extra_trees,3
numeric__uplink_delivery_ratio,0.0005062971211130308,binary_attack,application_qos,extra_trees,3
numeric__reachable_fraction,0.0,binary_attack,application_qos,extra_trees,3
numeric__route_miss_delta,0.0,binary_attack,application_qos,extra_trees,3
numeric__mean_rtt_ms,0.1905200879539782,binary_attack,application_qos,extra_trees,4
numeric__p95_rtt_ms,0.1474292583509535,binary_attack,application_qos,extra_trees,4
numeric__median_rtt_ms,0.13365821487356924,binary_attack,application_qos,extra_trees,4
numeric__max_rtt_ms,0.13048194582865005,binary_attack,application_qos,extra_trees,4
numeric__std_rtt_ms,0.1296318958883854,binary_attack,application_qos,extra_trees,4
numeric__app_tx_delta,0.056986357923989095,binary_attack,application_qos,extra_trees,4
numeric__app_rx_delta,0.05432976087630521,binary_attack,application_qos,extra_trees,4
numeric__root_server_rx_delta,0.03864662989451147,binary_attack,application_qos,extra_trees,4
numeric__root_server_tx_delta,0.03856548397023501,binary_attack,application_qos,extra_trees,4
numeric__uplink_success_count,0.024629641909818728,binary_attack,application_qos,extra_trees,4
numeric__transaction_success_count,0.024587506822317334,binary_attack,application_qos,extra_trees,4
numeric__transaction_count,0.024362409384012344,binary_attack,application_qos,extra_trees,4
numeric__app_timeouts_delta,0.003226864878015077,binary_attack,application_qos,extra_trees,4
numeric__app_delivery_ratio,0.002449251662723988,binary_attack,application_qos,extra_trees,4
numeric__uplink_delivery_ratio,0.0004946897825354477,binary_attack,application_qos,extra_trees,4
numeric__reachable_fraction,0.0,binary_attack,application_qos,extra_trees,4
numeric__route_miss_delta,0.0,binary_attack,application_qos,extra_trees,4
numeric__mean_rtt_ms,0.18864614974260524,binary_attack,application_qos,extra_trees,5
numeric__p95_rtt_ms,0.14912086260559948,binary_attack,application_qos,extra_trees,5
numeric__std_rtt_ms,0.13136947204176974,binary_attack,application_qos,extra_trees,5
numeric__median_rtt_ms,0.13081378927077,binary_attack,application_qos,extra_trees,5
numeric__max_rtt_ms,0.1278422232423973,binary_attack,application_qos,extra_trees,5
numeric__app_rx_delta,0.055211688396831396,binary_attack,application_qos,extra_trees,5
numeric__app_tx_delta,0.05422918344083933,binary_attack,application_qos,extra_trees,5
numeric__root_server_tx_delta,0.040747735474524864,binary_attack,application_qos,extra_trees,5
numeric__root_server_rx_delta,0.0404236099079429,binary_attack,application_qos,extra_trees,5
numeric__uplink_success_count,0.025179248689951878,binary_attack,application_qos,extra_trees,5
numeric__transaction_count,0.025138257005435805,binary_attack,application_qos,extra_trees,5
numeric__transaction_success_count,0.025033723596571147,binary_attack,application_qos,extra_trees,5
numeric__app_timeouts_delta,0.003280225181841006,binary_attack,application_qos,extra_trees,5
numeric__app_delivery_ratio,0.002467787946589047,binary_attack,application_qos,extra_trees,5
numeric__uplink_delivery_ratio,0.0004960434563308938,binary_attack,application_qos,extra_trees,5
numeric__reachable_fraction,0.0,binary_attack,application_qos,extra_trees,5
numeric__route_miss_delta,0.0,binary_attack,application_qos,extra_trees,5
numeric__mean_rank,0.29745150841855966,binary_attack,routing,extra_trees,1
numeric__mean_etx_x100,0.21070641242860438,binary_attack,routing,extra_trees,1
numeric__root_mean_etx_x100,0.14488942268795116,binary_attack,routing,extra_trees,1
numeric__p95_etx_x100,0.13902817072500323,binary_attack,routing,extra_trees,1
numeric__std_etx_x100,0.11413723732248152,binary_attack,routing,extra_trees,1
numeric__mean_rssi,0.09343240965443325,binary_attack,routing,extra_trees,1
numeric__parent_changes_delta,0.0003548387629669493,binary_attack,routing,extra_trees,1
numeric__mean_neighbors,0.0,binary_attack,routing,extra_trees,1
numeric__root_mean_rssi,0.0,binary_attack,routing,extra_trees,1
numeric__mean_rank,0.3156886012089133,binary_attack,routing,extra_trees,2
numeric__mean_etx_x100,0.21676260722578594,binary_attack,routing,extra_trees,2
numeric__root_mean_etx_x100,0.13787419670927417,binary_attack,routing,extra_trees,2
numeric__p95_etx_x100,0.13777912513646887,binary_attack,routing,extra_trees,2
numeric__std_etx_x100,0.12192638040761154,binary_attack,routing,extra_trees,2
numeric__mean_rssi,0.0694663986983279,binary_attack,routing,extra_trees,2
numeric__parent_changes_delta,0.0005026906136183664,binary_attack,routing,extra_trees,2
numeric__mean_neighbors,0.0,binary_attack,routing,extra_trees,2
numeric__root_mean_rssi,0.0,binary_attack,routing,extra_trees,2
numeric__mean_rank,0.30875350879861996,binary_attack,routing,extra_trees,3
numeric__mean_etx_x100,0.20249299728487472,binary_attack,routing,extra_trees,3
numeric__root_mean_etx_x100,0.14518600885939698,binary_attack,routing,extra_trees,3
numeric__p95_etx_x100,0.14087665416550235,binary_attack,routing,extra_trees,3
numeric__std_etx_x100,0.12103331678719273,binary_attack,routing,extra_trees,3
numeric__mean_rssi,0.08120686763930436,binary_attack,routing,extra_trees,3
numeric__parent_changes_delta,0.0004506464651089524,binary_attack,routing,extra_trees,3
numeric__mean_neighbors,0.0,binary_attack,routing,extra_trees,3
numeric__root_mean_rssi,0.0,binary_attack,routing,extra_trees,3
numeric__mean_rank,0.29793202384025397,binary_attack,routing,extra_trees,4
numeric__mean_etx_x100,0.21650039265426446,binary_attack,routing,extra_trees,4
numeric__root_mean_etx_x100,0.15251009700648155,binary_attack,routing,extra_trees,4
numeric__p95_etx_x100,0.13960596894980618,binary_attack,routing,extra_trees,4
numeric__std_etx_x100,0.12029499645416265,binary_attack,routing,extra_trees,4
numeric__mean_rssi,0.07267986261017495,binary_attack,routing,extra_trees,4
numeric__parent_changes_delta,0.0004766584848561383,binary_attack,routing,extra_trees,4
numeric__mean_neighbors,0.0,binary_attack,routing,extra_trees,4
numeric__root_mean_rssi,0.0,binary_attack,routing,extra_trees,4
numeric__mean_rank,0.28210958154512444,binary_attack,routing,extra_trees,5
numeric__mean_etx_x100,0.22012849767953027,binary_attack,routing,extra_trees,5
numeric__root_mean_etx_x100,0.152291019247803,binary_attack,routing,extra_trees,5
numeric__p95_etx_x100,0.14328969384202142,binary_attack,routing,extra_trees,5
numeric__std_etx_x100,0.1256613091085191,binary_attack,routing,extra_trees,5
numeric__mean_rssi,0.07607777109396767,binary_attack,routing,extra_trees,5
numeric__parent_changes_delta,0.0004421274830341583,binary_attack,routing,extra_trees,5
numeric__mean_neighbors,0.0,binary_attack,routing,extra_trees,5
numeric__root_mean_rssi,0.0,binary_attack,routing,extra_trees,5
numeric__client_mac_rx_delta,0.4463874594054809,binary_attack,mac,extra_trees,1
numeric__root_mac_rx_delta,0.1609605791948187,binary_attack,mac,extra_trees,1
numeric__client_mac_ack_ratio,0.11495282940522801,binary_attack,mac,extra_trees,1
numeric__root_mac_ack_ratio,0.08422211311235228,binary_attack,mac,extra_trees,1
numeric__client_mac_acked_delta,0.08152308441059489,binary_attack,mac,extra_trees,1
numeric__client_mac_tx_attempts_delta,0.072336756131462,binary_attack,mac,extra_trees,1
numeric__root_mac_tx_attempts_delta,0.03424957338853123,binary_attack,mac,extra_trees,1
numeric__root_mac_acked_delta,0.004075086596635706,binary_attack,mac,extra_trees,1
numeric__client_mac_reset_nodes,0.0006676262840737391,binary_attack,mac,extra_trees,1
numeric__client_mac_valid_nodes,0.0004472527576158005,binary_attack,mac,extra_trees,1
numeric__queue_drops_delta,0.00017763931320690258,binary_attack,mac,extra_trees,1
numeric__client_mac_rx_delta,0.45897904933939804,binary_attack,mac,extra_trees,2
numeric__root_mac_rx_delta,0.15344516426736637,binary_attack,mac,extra_trees,2
numeric__client_mac_ack_ratio,0.10964508113102357,binary_attack,mac,extra_trees,2
numeric__root_mac_ack_ratio,0.08293272865781186,binary_attack,mac,extra_trees,2
numeric__client_mac_acked_delta,0.08124430711044793,binary_attack,mac,extra_trees,2
numeric__client_mac_tx_attempts_delta,0.07587503059904067,binary_attack,mac,extra_trees,2
numeric__root_mac_tx_attempts_delta,0.03239659106457839,binary_attack,mac,extra_trees,2
numeric__root_mac_acked_delta,0.0035986982942314465,binary_attack,mac,extra_trees,2
numeric__client_mac_reset_nodes,0.000974534082831349,binary_attack,mac,extra_trees,2
numeric__client_mac_valid_nodes,0.0007625231212781127,binary_attack,mac,extra_trees,2
numeric__queue_drops_delta,0.0001462923319923547,binary_attack,mac,extra_trees,2
numeric__client_mac_rx_delta,0.45289989880268267,binary_attack,mac,extra_trees,3
numeric__root_mac_rx_delta,0.1573496045593927,binary_attack,mac,extra_trees,3
numeric__client_mac_ack_ratio,0.11812598916321235,binary_attack,mac,extra_trees,3
numeric__root_mac_ack_ratio,0.08176388122526312,binary_attack,mac,extra_trees,3
numeric__client_mac_tx_attempts_delta,0.0782753333399835,binary_attack,mac,extra_trees,3
numeric__client_mac_acked_delta,0.07359560175363306,binary_attack,mac,extra_trees,3
numeric__root_mac_tx_attempts_delta,0.0321903886191361,binary_attack,mac,extra_trees,3
numeric__root_mac_acked_delta,0.004052387357994901,binary_attack,mac,extra_trees,3
numeric__client_mac_reset_nodes,0.00086080033753221,binary_attack,mac,extra_trees,3
numeric__client_mac_valid_nodes,0.0007128221631797394,binary_attack,mac,extra_trees,3
numeric__queue_drops_delta,0.00017329267798976328,binary_attack,mac,extra_trees,3
numeric__client_mac_rx_delta,0.4389324399566021,binary_attack,mac,extra_trees,4
numeric__root_mac_rx_delta,0.1617092122534707,binary_attack,mac,extra_trees,4
numeric__client_mac_ack_ratio,0.11990258129170912,binary_attack,mac,extra_trees,4
numeric__root_mac_ack_ratio,0.08497658890549514,binary_attack,mac,extra_trees,4
numeric__client_mac_acked_delta,0.08062066368436506,binary_attack,mac,extra_trees,4
numeric__client_mac_tx_attempts_delta,0.07350830714300974,binary_attack,mac,extra_trees,4
numeric__root_mac_tx_attempts_delta,0.03457508000842967,binary_attack,mac,extra_trees,4
numeric__root_mac_acked_delta,0.0041172023409925835,binary_attack,mac,extra_trees,4
numeric__client_mac_reset_nodes,0.0008537682038060794,binary_attack,mac,extra_trees,4
numeric__client_mac_valid_nodes,0.0006431755435708115,binary_attack,mac,extra_trees,4
numeric__queue_drops_delta,0.00016098066854910298,binary_attack,mac,extra_trees,4
numeric__client_mac_rx_delta,0.4525492084003969,binary_attack,mac,extra_trees,5
numeric__root_mac_rx_delta,0.14525074629817356,binary_attack,mac,extra_trees,5
numeric__client_mac_ack_ratio,0.11718219051834784,binary_attack,mac,extra_trees,5
numeric__root_mac_ack_ratio,0.09128194933634037,binary_attack,mac,extra_trees,5
numeric__client_mac_acked_delta,0.07967811001194737,binary_attack,mac,extra_trees,5
numeric__client_mac_tx_attempts_delta,0.07254023571744088,binary_attack,mac,extra_trees,5
numeric__root_mac_tx_attempts_delta,0.036630272860447774,binary_attack,mac,extra_trees,5
numeric__root_mac_acked_delta,0.003444646308197434,binary_attack,mac,extra_trees,5
numeric__client_mac_reset_nodes,0.0007230922724369332,binary_attack,mac,extra_trees,5
numeric__client_mac_valid_nodes,0.0005627708742069652,binary_attack,mac,extra_trees,5
numeric__queue_drops_delta,0.00015677740206401948,binary_attack,mac,extra_trees,5
numeric__client_energest_listen_delta,0.2264768816194657,binary_attack,radio,extra_trees,1
numeric__client_radio_tx_fraction,0.20313288861711928,binary_attack,radio,extra_trees,1
numeric__client_energest_tx_delta,0.20061147972074062,binary_attack,radio,extra_trees,1
numeric__root_radio_tx_fraction,0.1798657610795425,binary_attack,radio,extra_trees,1
numeric__root_energest_tx_delta,0.17900274558543733,binary_attack,radio,extra_trees,1
numeric__client_energest_total_delta,0.01091024337769459,binary_attack,radio,extra_trees,1
numeric__client_energest_listen_delta,0.2195137113618478,binary_attack,radio,extra_trees,2
numeric__client_radio_tx_fraction,0.20741388827121357,binary_attack,radio,extra_trees,2
numeric__client_energest_tx_delta,0.2034174389847144,binary_attack,radio,extra_trees,2
numeric__root_energest_tx_delta,0.182117603635228,binary_attack,radio,extra_trees,2
numeric__root_radio_tx_fraction,0.17638467816453615,binary_attack,radio,extra_trees,2
numeric__client_energest_total_delta,0.011152679582460093,binary_attack,radio,extra_trees,2
numeric__client_radio_tx_fraction,0.21597498458212638,binary_attack,radio,extra_trees,3
numeric__client_energest_tx_delta,0.21499184808537858,binary_attack,radio,extra_trees,3
numeric__client_energest_listen_delta,0.20463763900430088,binary_attack,radio,extra_trees,3
numeric__root_energest_tx_delta,0.1790963065571709,binary_attack,radio,extra_trees,3
numeric__root_radio_tx_fraction,0.17800655661726267,binary_attack,radio,extra_trees,3
numeric__client_energest_total_delta,0.007292665153760635,binary_attack,radio,extra_trees,3
numeric__client_energest_listen_delta,0.21931700635962206,binary_attack,radio,extra_trees,4
numeric__client_energest_tx_delta,0.21144067793822346,binary_attack,radio,extra_trees,4
numeric__client_radio_tx_fraction,0.20698334658484568,binary_attack,radio,extra_trees,4
numeric__root_energest_tx_delta,0.17949718474192905,binary_attack,radio,extra_trees,4
numeric__root_radio_tx_fraction,0.17407973552419856,binary_attack,radio,extra_trees,4
numeric__client_energest_total_delta,0.008682048851181219,binary_attack,radio,extra_trees,4
numeric__client_energest_listen_delta,0.21738577861396638,binary_attack,radio,extra_trees,5
numeric__client_radio_tx_fraction,0.2073441989502545,binary_attack,radio,extra_trees,5
numeric__client_energest_tx_delta,0.2032836391683225,binary_attack,radio,extra_trees,5
numeric__root_energest_tx_delta,0.18684317653307925,binary_attack,radio,extra_trees,5
numeric__root_radio_tx_fraction,0.1759831298101272,binary_attack,radio,extra_trees,5
numeric__client_energest_total_delta,0.00916007692425031,binary_attack,radio,extra_trees,5
numeric__client_mac_rx_delta,0.16887691619624448,binary_attack,all,extra_trees,1
numeric__client_energest_tx_delta,0.09351491445582905,binary_attack,all,extra_trees,1
numeric__client_energest_listen_delta,0.0919273280010988,binary_attack,all,extra_trees,1
numeric__mean_rank,0.08097079935699002,binary_attack,all,extra_trees,1
numeric__client_radio_tx_fraction,0.07766948565229445,binary_attack,all,extra_trees,1
numeric__root_mac_rx_delta,0.07202149000307977,binary_attack,all,extra_trees,1
numeric__client_mac_ack_ratio,0.05617438923245879,binary_attack,all,extra_trees,1
numeric__mean_etx_x100,0.05461692976258548,binary_attack,all,extra_trees,1
numeric__p95_etx_x100,0.04490134128654275,binary_attack,all,extra_trees,1
numeric__client_mac_acked_delta,0.043201966708192666,binary_attack,all,extra_trees,1
numeric__client_mac_tx_attempts_delta,0.04038261731911804,binary_attack,all,extra_trees,1
numeric__root_mean_etx_x100,0.033939004713325144,binary_attack,all,extra_trees,1
numeric__std_etx_x100,0.02910858723454115,binary_attack,all,extra_trees,1
numeric__root_mac_ack_ratio,0.02862157237753803,binary_attack,all,extra_trees,1
numeric__root_mac_tx_attempts_delta,0.015425434305425624,binary_attack,all,extra_trees,1
numeric__mean_rssi,0.014733728376849161,binary_attack,all,extra_trees,1
numeric__root_energest_tx_delta,0.010988358508371904,binary_attack,all,extra_trees,1
numeric__root_radio_tx_fraction,0.010695797633160217,binary_attack,all,extra_trees,1
numeric__mean_rtt_ms,0.0085240424788652,binary_attack,all,extra_trees,1
numeric__p95_rtt_ms,0.0032771339754736864,binary_attack,all,extra_trees,1
numeric__median_rtt_ms,0.002862132893912255,binary_attack,all,extra_trees,1
numeric__std_rtt_ms,0.002524580586293507,binary_attack,all,extra_trees,1
numeric__max_rtt_ms,0.002517947532246459,binary_attack,all,extra_trees,1
numeric__app_tx_delta,0.001992137255856597,binary_attack,all,extra_trees,1
numeric__app_rx_delta,0.0015709135589000427,binary_attack,all,extra_trees,1
numeric__root_server_rx_delta,0.0013645689743420665,binary_attack,all,extra_trees,1
numeric__root_server_tx_delta,0.001319974115330176,binary_attack,all,extra_trees,1
numeric__root_mac_acked_delta,0.0012852571309506665,binary_attack,all,extra_trees,1
numeric__transaction_success_count,0.0011826835617373918,binary_attack,all,extra_trees,1
numeric__uplink_success_count,0.0011057658639482702,binary_attack,all,extra_trees,1
numeric__transaction_count,0.0010353432706085726,binary_attack,all,extra_trees,1
numeric__client_energest_total_delta,0.0007160946701560425,binary_attack,all,extra_trees,1
numeric__client_mac_reset_nodes,0.00020213083344408056,binary_attack,all,extra_trees,1
numeric__app_timeouts_delta,0.00019992270224200104,binary_attack,all,extra_trees,1
numeric__parent_changes_delta,0.00017256636671090546,binary_attack,all,extra_trees,1
numeric__app_delivery_ratio,0.00015612871167917025,binary_attack,all,extra_trees,1
numeric__client_mac_valid_nodes,0.00012318727387335512,binary_attack,all,extra_trees,1
numeric__queue_drops_delta,4.850082153326394e-05,binary_attack,all,extra_trees,1
numeric__uplink_delivery_ratio,4.832629825091692e-05,binary_attack,all,extra_trees,1
numeric__route_miss_delta,0.0,binary_attack,all,extra_trees,1
numeric__reachable_fraction,0.0,binary_attack,all,extra_trees,1
numeric__root_mean_rssi,0.0,binary_attack,all,extra_trees,1
numeric__mean_neighbors,0.0,binary_attack,all,extra_trees,1
numeric__client_mac_rx_delta,0.1789561721622733,binary_attack,all,extra_trees,2
numeric__client_energest_tx_delta,0.09109797808714565,binary_attack,all,extra_trees,2
numeric__client_radio_tx_fraction,0.08495873192913381,binary_attack,all,extra_trees,2
numeric__client_energest_listen_delta,0.08190121755762045,binary_attack,all,extra_trees,2
numeric__mean_rank,0.07106004965087707,binary_attack,all,extra_trees,2
numeric__root_mac_rx_delta,0.0670149018501367,binary_attack,all,extra_trees,2
numeric__mean_etx_x100,0.06308347844515473,binary_attack,all,extra_trees,2
numeric__client_mac_ack_ratio,0.05216952782427503,binary_attack,all,extra_trees,2
numeric__client_mac_acked_delta,0.04883024327024604,binary_attack,all,extra_trees,2
numeric__p95_etx_x100,0.044370539011112126,binary_attack,all,extra_trees,2
numeric__client_mac_tx_attempts_delta,0.038055311565872815,binary_attack,all,extra_trees,2
numeric__root_mac_ack_ratio,0.035653447034459704,binary_attack,all,extra_trees,2
numeric__root_mean_etx_x100,0.034617332709203696,binary_attack,all,extra_trees,2
numeric__std_etx_x100,0.029710128975803222,binary_attack,all,extra_trees,2
numeric__root_mac_tx_attempts_delta,0.016742997447683268,binary_attack,all,extra_trees,2
numeric__root_energest_tx_delta,0.011584177626208182,binary_attack,all,extra_trees,2
numeric__root_radio_tx_fraction,0.01119034645236455,binary_attack,all,extra_trees,2
numeric__mean_rtt_ms,0.008077849075322833,binary_attack,all,extra_trees,2
numeric__mean_rssi,0.007530812336151319,binary_attack,all,extra_trees,2
numeric__p95_rtt_ms,0.0035269735173446637,binary_attack,all,extra_trees,2
numeric__std_rtt_ms,0.002900356531712223,binary_attack,all,extra_trees,2
numeric__median_rtt_ms,0.0025698573527406,binary_attack,all,extra_trees,2
numeric__max_rtt_ms,0.0023900184181060097,binary_attack,all,extra_trees,2
numeric__app_tx_delta,0.0016447605698763385,binary_attack,all,extra_trees,2
numeric__app_rx_delta,0.0016281490967276152,binary_attack,all,extra_trees,2
numeric__root_server_tx_delta,0.001294003770592712,binary_attack,all,extra_trees,2
numeric__root_mac_acked_delta,0.0012683424984205856,binary_attack,all,extra_trees,2
numeric__root_server_rx_delta,0.0011906671200905947,binary_attack,all,extra_trees,2
numeric__transaction_success_count,0.001179315817652786,binary_attack,all,extra_trees,2
numeric__uplink_success_count,0.0011790402952579437,binary_attack,all,extra_trees,2
numeric__transaction_count,0.0010535319464112904,binary_attack,all,extra_trees,2
numeric__client_energest_total_delta,0.0005798183765496423,binary_attack,all,extra_trees,2
numeric__client_mac_reset_nodes,0.000363735975232298,binary_attack,all,extra_trees,2
numeric__client_mac_valid_nodes,0.00026224557169930463,binary_attack,all,extra_trees,2
numeric__parent_changes_delta,0.0002167015668304589,binary_attack,all,extra_trees,2
numeric__app_timeouts_delta,7.569690279156017e-05,binary_attack,all,extra_trees,2
numeric__app_delivery_ratio,4.5974027105480435e-05,binary_attack,all,extra_trees,2
numeric__queue_drops_delta,1.4587912365270849e-05,binary_attack,all,extra_trees,2
numeric__uplink_delivery_ratio,1.0979721448177259e-05,binary_attack,all,extra_trees,2
numeric__route_miss_delta,0.0,binary_attack,all,extra_trees,2
numeric__reachable_fraction,0.0,binary_attack,all,extra_trees,2
numeric__root_mean_rssi,0.0,binary_attack,all,extra_trees,2
numeric__mean_neighbors,0.0,binary_attack,all,extra_trees,2
numeric__client_mac_rx_delta,0.1628567092258924,binary_attack,all,extra_trees,3
numeric__client_energest_tx_delta,0.09283053613306769,binary_attack,all,extra_trees,3
numeric__client_radio_tx_fraction,0.08632246322673377,binary_attack,all,extra_trees,3
numeric__client_energest_listen_delta,0.08578066035844442,binary_attack,all,extra_trees,3
numeric__mean_rank,0.07088584212197377,binary_attack,all,extra_trees,3
numeric__root_mac_rx_delta,0.07067610073976346,binary_attack,all,extra_trees,3
numeric__mean_etx_x100,0.05880917376331975,binary_attack,all,extra_trees,3
numeric__client_mac_ack_ratio,0.05669907022206457,binary_attack,all,extra_trees,3
numeric__p95_etx_x100,0.046339656623650444,binary_attack,all,extra_trees,3
numeric__client_mac_acked_delta,0.043525615544835375,binary_attack,all,extra_trees,3
numeric__root_mean_etx_x100,0.04100068480746998,binary_attack,all,extra_trees,3
numeric__client_mac_tx_attempts_delta,0.03897575903886402,binary_attack,all,extra_trees,3
numeric__root_mac_ack_ratio,0.030874016668462553,binary_attack,all,extra_trees,3
numeric__std_etx_x100,0.029563503537828106,binary_attack,all,extra_trees,3
numeric__root_mac_tx_attempts_delta,0.017160438482330297,binary_attack,all,extra_trees,3
numeric__root_radio_tx_fraction,0.012188821758626367,binary_attack,all,extra_trees,3
numeric__root_energest_tx_delta,0.011849283667242576,binary_attack,all,extra_trees,3
numeric__mean_rssi,0.009911764236328417,binary_attack,all,extra_trees,3
numeric__mean_rtt_ms,0.008427089468842497,binary_attack,all,extra_trees,3
numeric__p95_rtt_ms,0.003744662360093988,binary_attack,all,extra_trees,3
numeric__median_rtt_ms,0.0033398235957439325,binary_attack,all,extra_trees,3
numeric__std_rtt_ms,0.0032496966170196184,binary_attack,all,extra_trees,3
numeric__max_rtt_ms,0.0028281864197457138,binary_attack,all,extra_trees,3
numeric__app_rx_delta,0.001660883488225042,binary_attack,all,extra_trees,3
numeric__app_tx_delta,0.0016605655020076955,binary_attack,all,extra_trees,3
numeric__root_server_rx_delta,0.001465261678766422,binary_attack,all,extra_trees,3
numeric__root_mac_acked_delta,0.0013689898190239747,binary_attack,all,extra_trees,3
numeric__root_server_tx_delta,0.0012401039102960902,binary_attack,all,extra_trees,3
numeric__uplink_success_count,0.001179528165514493,binary_attack,all,extra_trees,3
numeric__transaction_success_count,0.001168925691277743,binary_attack,all,extra_trees,3
numeric__transaction_count,0.0010218104716578687,binary_attack,all,extra_trees,3
numeric__client_energest_total_delta,0.0005273859479087345,binary_attack,all,extra_trees,3
numeric__client_mac_reset_nodes,0.00031002909773378,binary_attack,all,extra_trees,3
numeric__client_mac_valid_nodes,0.0002241771151583653,binary_attack,all,extra_trees,3
numeric__parent_changes_delta,0.0001242419006988526,binary_attack,all,extra_trees,3
numeric__app_timeouts_delta,9.536248946296332e-05,binary_attack,all,extra_trees,3
numeric__app_delivery_ratio,6.61949075855662e-05,binary_attack,all,extra_trees,3
numeric__queue_drops_delta,2.434958148713347e-05,binary_attack,all,extra_trees,3
numeric__uplink_delivery_ratio,2.263161485157494e-05,binary_attack,all,extra_trees,3
numeric__route_miss_delta,0.0,binary_attack,all,extra_trees,3
numeric__reachable_fraction,0.0,binary_attack,all,extra_trees,3
numeric__root_mean_rssi,0.0,binary_attack,all,extra_trees,3
numeric__mean_neighbors,0.0,binary_attack,all,extra_trees,3
numeric__client_mac_rx_delta,0.17010647030188292,binary_attack,all,extra_trees,4
numeric__client_radio_tx_fraction,0.08848801724301425,binary_attack,all,extra_trees,4
numeric__client_energest_tx_delta,0.08765722129466798,binary_attack,all,extra_trees,4
numeric__client_energest_listen_delta,0.08684813694387823,binary_attack,all,extra_trees,4
numeric__root_mac_rx_delta,0.07199005943515384,binary_attack,all,extra_trees,4
numeric__mean_rank,0.06658284040372872,binary_attack,all,extra_trees,4
numeric__mean_etx_x100,0.06354817691743929,binary_attack,all,extra_trees,4
numeric__client_mac_ack_ratio,0.05183645237797563,binary_attack,all,extra_trees,4
numeric__client_mac_acked_delta,0.04302299040297823,binary_attack,all,extra_trees,4
numeric__p95_etx_x100,0.04273350268706135,binary_attack,all,extra_trees,4
numeric__root_mean_etx_x100,0.03997618186968854,binary_attack,all,extra_trees,4
numeric__client_mac_tx_attempts_delta,0.03899177977167201,binary_attack,all,extra_trees,4
numeric__root_mac_ack_ratio,0.03341472974259731,binary_attack,all,extra_trees,4
numeric__std_etx_x100,0.02835987819203319,binary_attack,all,extra_trees,4
numeric__root_mac_tx_attempts_delta,0.01905427413774269,binary_attack,all,extra_trees,4
numeric__root_energest_tx_delta,0.01322348533921027,binary_attack,all,extra_trees,4
numeric__root_radio_tx_fraction,0.013036854879935484,binary_attack,all,extra_trees,4
numeric__mean_rtt_ms,0.010201038319074677,binary_attack,all,extra_trees,4
numeric__mean_rssi,0.006205396475288248,binary_attack,all,extra_trees,4
numeric__p95_rtt_ms,0.0034984620730784907,binary_attack,all,extra_trees,4
numeric__median_rtt_ms,0.0033015471833574956,binary_attack,all,extra_trees,4
numeric__max_rtt_ms,0.0032145547149563356,binary_attack,all,extra_trees,4
numeric__std_rtt_ms,0.0028735932915323376,binary_attack,all,extra_trees,4
numeric__app_rx_delta,0.0018094259303986322,binary_attack,all,extra_trees,4
numeric__app_tx_delta,0.0016289070606116706,binary_attack,all,extra_trees,4
numeric__root_server_tx_delta,0.0012279769451745486,binary_attack,all,extra_trees,4
numeric__root_server_rx_delta,0.0012186692261178013,binary_attack,all,extra_trees,4
numeric__root_mac_acked_delta,0.0012028053959245737,binary_attack,all,extra_trees,4
numeric__transaction_success_count,0.001046566731987253,binary_attack,all,extra_trees,4
numeric__uplink_success_count,0.0010271587889987882,binary_attack,all,extra_trees,4
numeric__transaction_count,0.0010101329916701255,binary_attack,all,extra_trees,4
numeric__client_energest_total_delta,0.0006429445235964695,binary_attack,all,extra_trees,4
numeric__client_mac_reset_nodes,0.00037460478413509746,binary_attack,all,extra_trees,4
numeric__client_mac_valid_nodes,0.0002894680478544104,binary_attack,all,extra_trees,4
numeric__parent_changes_delta,0.00018005869907044653,binary_attack,all,extra_trees,4
numeric__app_delivery_ratio,8.34593042984201e-05,binary_attack,all,extra_trees,4
numeric__app_timeouts_delta,5.308901541679044e-05,binary_attack,all,extra_trees,4
numeric__uplink_delivery_ratio,2.207402547790474e-05,binary_attack,all,extra_trees,4
numeric__queue_drops_delta,1.7014531319449493e-05,binary_attack,all,extra_trees,4
numeric__route_miss_delta,0.0,binary_attack,all,extra_trees,4
numeric__reachable_fraction,0.0,binary_attack,all,extra_trees,4
numeric__root_mean_rssi,0.0,binary_attack,all,extra_trees,4
numeric__mean_neighbors,0.0,binary_attack,all,extra_trees,4
numeric__client_mac_rx_delta,0.17920241748766086,binary_attack,all,extra_trees,5
numeric__client_energest_tx_delta,0.09065080298018544,binary_attack,all,extra_trees,5
numeric__client_energest_listen_delta,0.0816057871126011,binary_attack,all,extra_trees,5
numeric__client_radio_tx_fraction,0.08092255813062064,binary_attack,all,extra_trees,5
numeric__mean_rank,0.07030080977388259,binary_attack,all,extra_trees,5
numeric__root_mac_rx_delta,0.06811911629759204,binary_attack,all,extra_trees,5
numeric__mean_etx_x100,0.064789659175097,binary_attack,all,extra_trees,5
numeric__client_mac_ack_ratio,0.05276372039146185,binary_attack,all,extra_trees,5
numeric__client_mac_acked_delta,0.04162148001431079,binary_attack,all,extra_trees,5
numeric__p95_etx_x100,0.040141639021433875,binary_attack,all,extra_trees,5
numeric__client_mac_tx_attempts_delta,0.038976026803111234,binary_attack,all,extra_trees,5
numeric__root_mean_etx_x100,0.03897031892273913,binary_attack,all,extra_trees,5
numeric__root_mac_ack_ratio,0.03561490867461399,binary_attack,all,extra_trees,5
numeric__std_etx_x100,0.02717790146485281,binary_attack,all,extra_trees,5
numeric__root_mac_tx_attempts_delta,0.017981755300537344,binary_attack,all,extra_trees,5
numeric__root_radio_tx_fraction,0.014327161438916084,binary_attack,all,extra_trees,5
numeric__root_energest_tx_delta,0.013615966898523967,binary_attack,all,extra_trees,5
numeric__mean_rtt_ms,0.008868806651330816,binary_attack,all,extra_trees,5
numeric__mean_rssi,0.008514767705530989,binary_attack,all,extra_trees,5
numeric__p95_rtt_ms,0.003927322100283717,binary_attack,all,extra_trees,5
numeric__median_rtt_ms,0.0035108634634858395,binary_attack,all,extra_trees,5
numeric__std_rtt_ms,0.0031942132603612135,binary_attack,all,extra_trees,5
numeric__max_rtt_ms,0.0028648775314889007,binary_attack,all,extra_trees,5
numeric__app_rx_delta,0.0018636864389521641,binary_attack,all,extra_trees,5
numeric__app_tx_delta,0.001677215299761446,binary_attack,all,extra_trees,5
numeric__root_server_rx_delta,0.001528948614227572,binary_attack,all,extra_trees,5
numeric__root_mac_acked_delta,0.0013165483019417922,binary_attack,all,extra_trees,5
numeric__root_server_tx_delta,0.0013013942279955263,binary_attack,all,extra_trees,5
numeric__transaction_success_count,0.0011356557920360055,binary_attack,all,extra_trees,5
numeric__transaction_count,0.0010964419235075175,binary_attack,all,extra_trees,5
numeric__uplink_success_count,0.0010676986667124356,binary_attack,all,extra_trees,5
numeric__client_energest_total_delta,0.0006556924358633124,binary_attack,all,extra_trees,5
numeric__client_mac_valid_nodes,0.0002281609913081424,binary_attack,all,extra_trees,5
numeric__client_mac_reset_nodes,0.00016932861644634729,binary_attack,all,extra_trees,5
numeric__parent_changes_delta,0.00014677524656848674,binary_attack,all,extra_trees,5
numeric__app_timeouts_delta,5.264717248792701e-05,binary_attack,all,extra_trees,5
numeric__queue_drops_delta,3.779877202958595e-05,binary_attack,all,extra_trees,5
numeric__app_delivery_ratio,3.003833088901831e-05,binary_attack,all,extra_trees,5
numeric__uplink_delivery_ratio,2.908856865049766e-05,binary_attack,all,extra_trees,5
numeric__route_miss_delta,0.0,binary_attack,all,extra_trees,5
numeric__reachable_fraction,0.0,binary_attack,all,extra_trees,5
numeric__root_mean_rssi,0.0,binary_attack,all,extra_trees,5
numeric__mean_neighbors,0.0,binary_attack,all,extra_trees,5
numeric__mean_rtt_ms,0.2012782368920917,cause_family,application_qos,extra_trees,1
numeric__p95_rtt_ms,0.14182927023362002,cause_family,application_qos,extra_trees,1
numeric__median_rtt_ms,0.1366112850911586,cause_family,application_qos,extra_trees,1
numeric__std_rtt_ms,0.12888028135342552,cause_family,application_qos,extra_trees,1
numeric__max_rtt_ms,0.12652912110047837,cause_family,application_qos,extra_trees,1
numeric__app_tx_delta,0.053748386416501585,cause_family,application_qos,extra_trees,1
numeric__app_rx_delta,0.05292155917517145,cause_family,application_qos,extra_trees,1
numeric__root_server_tx_delta,0.03816883975599831,cause_family,application_qos,extra_trees,1
numeric__root_server_rx_delta,0.03799572177751838,cause_family,application_qos,extra_trees,1
numeric__transaction_count,0.025133658207515515,cause_family,application_qos,extra_trees,1
numeric__transaction_success_count,0.02503622758527997,cause_family,application_qos,extra_trees,1
numeric__uplink_success_count,0.02488827687105996,cause_family,application_qos,extra_trees,1
numeric__app_timeouts_delta,0.003681044536695391,cause_family,application_qos,extra_trees,1
numeric__app_delivery_ratio,0.0025899628175525126,cause_family,application_qos,extra_trees,1
numeric__uplink_delivery_ratio,0.0007081281859326917,cause_family,application_qos,extra_trees,1
numeric__reachable_fraction,0.0,cause_family,application_qos,extra_trees,1
numeric__route_miss_delta,0.0,cause_family,application_qos,extra_trees,1
numeric__mean_rtt_ms,0.19866040159446618,cause_family,application_qos,extra_trees,2
numeric__p95_rtt_ms,0.14246875750887514,cause_family,application_qos,extra_trees,2
numeric__median_rtt_ms,0.13317802276654248,cause_family,application_qos,extra_trees,2
numeric__std_rtt_ms,0.13110590050463128,cause_family,application_qos,extra_trees,2
numeric__max_rtt_ms,0.1225155575300005,cause_family,application_qos,extra_trees,2
numeric__app_tx_delta,0.05572807208640786,cause_family,application_qos,extra_trees,2
numeric__app_rx_delta,0.05462636112648919,cause_family,application_qos,extra_trees,2
numeric__root_server_rx_delta,0.038700931869720276,cause_family,application_qos,extra_trees,2
numeric__root_server_tx_delta,0.03822344678270602,cause_family,application_qos,extra_trees,2
numeric__transaction_success_count,0.02646599328583055,cause_family,application_qos,extra_trees,2
numeric__uplink_success_count,0.02627829281306087,cause_family,application_qos,extra_trees,2
numeric__transaction_count,0.02619606313195437,cause_family,application_qos,extra_trees,2
numeric__app_timeouts_delta,0.0030884396417403585,cause_family,application_qos,extra_trees,2
numeric__app_delivery_ratio,0.002134213113902683,cause_family,application_qos,extra_trees,2
numeric__uplink_delivery_ratio,0.0006295462436721455,cause_family,application_qos,extra_trees,2
numeric__reachable_fraction,0.0,cause_family,application_qos,extra_trees,2
numeric__route_miss_delta,0.0,cause_family,application_qos,extra_trees,2
numeric__mean_rtt_ms,0.20105074062254705,cause_family,application_qos,extra_trees,3
numeric__p95_rtt_ms,0.14539075396018317,cause_family,application_qos,extra_trees,3
numeric__median_rtt_ms,0.1340980261578305,cause_family,application_qos,extra_trees,3
numeric__std_rtt_ms,0.12823019493639082,cause_family,application_qos,extra_trees,3
numeric__max_rtt_ms,0.12655214897929062,cause_family,application_qos,extra_trees,3
numeric__app_tx_delta,0.05468140179545836,cause_family,application_qos,extra_trees,3
numeric__app_rx_delta,0.05186249271967133,cause_family,application_qos,extra_trees,3
numeric__root_server_tx_delta,0.03734846377589182,cause_family,application_qos,extra_trees,3
numeric__root_server_rx_delta,0.03677364405347978,cause_family,application_qos,extra_trees,3
numeric__uplink_success_count,0.025463134644704594,cause_family,application_qos,extra_trees,3
numeric__transaction_success_count,0.025313750462633434,cause_family,application_qos,extra_trees,3
numeric__transaction_count,0.0251684970771435,cause_family,application_qos,extra_trees,3
numeric__app_timeouts_delta,0.004404529508173027,cause_family,application_qos,extra_trees,3
numeric__app_delivery_ratio,0.003087648964553793,cause_family,application_qos,extra_trees,3
numeric__uplink_delivery_ratio,0.0005745723420481375,cause_family,application_qos,extra_trees,3
numeric__reachable_fraction,0.0,cause_family,application_qos,extra_trees,3
numeric__route_miss_delta,0.0,cause_family,application_qos,extra_trees,3
numeric__mean_rtt_ms,0.20035932680758556,cause_family,application_qos,extra_trees,4
numeric__p95_rtt_ms,0.1424479162744391,cause_family,application_qos,extra_trees,4
numeric__median_rtt_ms,0.13901434111861713,cause_family,application_qos,extra_trees,4
numeric__std_rtt_ms,0.12832006561179493,cause_family,application_qos,extra_trees,4
numeric__max_rtt_ms,0.12412681614010192,cause_family,application_qos,extra_trees,4
numeric__app_tx_delta,0.05598064406389817,cause_family,application_qos,extra_trees,4
numeric__app_rx_delta,0.05405037366052673,cause_family,application_qos,extra_trees,4
numeric__root_server_rx_delta,0.03808270675272843,cause_family,application_qos,extra_trees,4
numeric__root_server_tx_delta,0.03695757528299428,cause_family,application_qos,extra_trees,4
numeric__transaction_count,0.02470226334861929,cause_family,application_qos,extra_trees,4
numeric__transaction_success_count,0.024685747133205486,cause_family,application_qos,extra_trees,4
numeric__uplink_success_count,0.024106924571242364,cause_family,application_qos,extra_trees,4
numeric__app_timeouts_delta,0.004044886793304013,cause_family,application_qos,extra_trees,4
numeric__app_delivery_ratio,0.0025481718460700054,cause_family,application_qos,extra_trees,4
numeric__uplink_delivery_ratio,0.0005722405948727209,cause_family,application_qos,extra_trees,4
numeric__reachable_fraction,0.0,cause_family,application_qos,extra_trees,4
numeric__route_miss_delta,0.0,cause_family,application_qos,extra_trees,4
numeric__mean_rtt_ms,0.19531992498580786,cause_family,application_qos,extra_trees,5
numeric__p95_rtt_ms,0.1501347594106466,cause_family,application_qos,extra_trees,5
numeric__median_rtt_ms,0.12797003001022508,cause_family,application_qos,extra_trees,5
numeric__std_rtt_ms,0.12608437321030921,cause_family,application_qos,extra_trees,5
numeric__max_rtt_ms,0.12463697181840167,cause_family,application_qos,extra_trees,5
numeric__app_tx_delta,0.05330508562726077,cause_family,application_qos,extra_trees,5
numeric__app_rx_delta,0.05228014475792967,cause_family,application_qos,extra_trees,5
numeric__root_server_rx_delta,0.04062408761223831,cause_family,application_qos,extra_trees,5
numeric__root_server_tx_delta,0.03995761499776458,cause_family,application_qos,extra_trees,5
numeric__transaction_success_count,0.028362791418545953,cause_family,application_qos,extra_trees,5
numeric__transaction_count,0.028000914270269163,cause_family,application_qos,extra_trees,5
numeric__uplink_success_count,0.02746459459899158,cause_family,application_qos,extra_trees,5
numeric__app_timeouts_delta,0.00308499420713583,cause_family,application_qos,extra_trees,5
numeric__app_delivery_ratio,0.002506697694242399,cause_family,application_qos,extra_trees,5
numeric__uplink_delivery_ratio,0.0002670153802312424,cause_family,application_qos,extra_trees,5
numeric__reachable_fraction,0.0,cause_family,application_qos,extra_trees,5
numeric__route_miss_delta,0.0,cause_family,application_qos,extra_trees,5
numeric__mean_rank,0.26831317045122144,cause_family,routing,extra_trees,1
numeric__mean_etx_x100,0.209786374294642,cause_family,routing,extra_trees,1
numeric__root_mean_etx_x100,0.15604200128485107,cause_family,routing,extra_trees,1
numeric__p95_etx_x100,0.14528905151996038,cause_family,routing,extra_trees,1
numeric__std_etx_x100,0.12588904224458497,cause_family,routing,extra_trees,1
numeric__mean_rssi,0.09441818328372918,cause_family,routing,extra_trees,1
numeric__parent_changes_delta,0.0002621769210108867,cause_family,routing,extra_trees,1
numeric__mean_neighbors,0.0,cause_family,routing,extra_trees,1
numeric__root_mean_rssi,0.0,cause_family,routing,extra_trees,1
numeric__mean_rank,0.278457152981017,cause_family,routing,extra_trees,2
numeric__mean_etx_x100,0.2167440661142287,cause_family,routing,extra_trees,2
numeric__p95_etx_x100,0.15227605359173663,cause_family,routing,extra_trees,2
numeric__root_mean_etx_x100,0.14102287276357592,cause_family,routing,extra_trees,2
numeric__std_etx_x100,0.13414725319126664,cause_family,routing,extra_trees,2
numeric__mean_rssi,0.07696175197081637,cause_family,routing,extra_trees,2
numeric__parent_changes_delta,0.0003908493873588129,cause_family,routing,extra_trees,2
numeric__mean_neighbors,0.0,cause_family,routing,extra_trees,2
numeric__root_mean_rssi,0.0,cause_family,routing,extra_trees,2
numeric__mean_rank,0.2837023827845792,cause_family,routing,extra_trees,3
numeric__mean_etx_x100,0.20679582801613125,cause_family,routing,extra_trees,3
numeric__root_mean_etx_x100,0.14870456421755343,cause_family,routing,extra_trees,3
numeric__p95_etx_x100,0.1413871311354684,cause_family,routing,extra_trees,3
numeric__std_etx_x100,0.13051455396769418,cause_family,routing,extra_trees,3
numeric__mean_rssi,0.08859276024301546,cause_family,routing,extra_trees,3
numeric__parent_changes_delta,0.00030277963555803197,cause_family,routing,extra_trees,3
numeric__mean_neighbors,0.0,cause_family,routing,extra_trees,3
numeric__root_mean_rssi,0.0,cause_family,routing,extra_trees,3
numeric__mean_rank,0.2793961497355845,cause_family,routing,extra_trees,4
numeric__mean_etx_x100,0.2152131986936008,cause_family,routing,extra_trees,4
numeric__root_mean_etx_x100,0.15278947415547117,cause_family,routing,extra_trees,4
numeric__p95_etx_x100,0.14608919576362062,cause_family,routing,extra_trees,4
numeric__std_etx_x100,0.13319293438132046,cause_family,routing,extra_trees,4
numeric__mean_rssi,0.07301416290949078,cause_family,routing,extra_trees,4
numeric__parent_changes_delta,0.00030488436091158046,cause_family,routing,extra_trees,4
numeric__mean_neighbors,0.0,cause_family,routing,extra_trees,4
numeric__root_mean_rssi,0.0,cause_family,routing,extra_trees,4
numeric__mean_rank,0.2542972798835346,cause_family,routing,extra_trees,5
numeric__mean_etx_x100,0.21935315011936882,cause_family,routing,extra_trees,5
numeric__root_mean_etx_x100,0.1602873489170486,cause_family,routing,extra_trees,5
numeric__p95_etx_x100,0.1499073244907999,cause_family,routing,extra_trees,5
numeric__std_etx_x100,0.13678066988695142,cause_family,routing,extra_trees,5
numeric__mean_rssi,0.07903243691628536,cause_family,routing,extra_trees,5
numeric__parent_changes_delta,0.000341789786011229,cause_family,routing,extra_trees,5
numeric__mean_neighbors,0.0,cause_family,routing,extra_trees,5
numeric__root_mean_rssi,0.0,cause_family,routing,extra_trees,5
numeric__client_mac_rx_delta,0.3204269620412133,cause_family,mac,extra_trees,1
numeric__client_mac_ack_ratio,0.18102235041584708,cause_family,mac,extra_trees,1
numeric__root_mac_ack_ratio,0.13321784818728993,cause_family,mac,extra_trees,1
numeric__root_mac_rx_delta,0.1130179441057466,cause_family,mac,extra_trees,1
numeric__client_mac_tx_attempts_delta,0.10737600931882939,cause_family,mac,extra_trees,1
numeric__client_mac_acked_delta,0.07013051745682258,cause_family,mac,extra_trees,1
numeric__root_mac_tx_attempts_delta,0.06262382952157011,cause_family,mac,extra_trees,1
numeric__root_mac_acked_delta,0.01073079895121331,cause_family,mac,extra_trees,1
numeric__client_mac_valid_nodes,0.0006059148425001318,cause_family,mac,extra_trees,1
numeric__client_mac_reset_nodes,0.0006023746062560047,cause_family,mac,extra_trees,1
numeric__queue_drops_delta,0.0002454505527114637,cause_family,mac,extra_trees,1
numeric__client_mac_rx_delta,0.32306384332850235,cause_family,mac,extra_trees,2
numeric__client_mac_ack_ratio,0.18434465128317712,cause_family,mac,extra_trees,2
numeric__root_mac_ack_ratio,0.13002791540123776,cause_family,mac,extra_trees,2
numeric__root_mac_rx_delta,0.11191466071165294,cause_family,mac,extra_trees,2
numeric__client_mac_tx_attempts_delta,0.10813942218108114,cause_family,mac,extra_trees,2
numeric__client_mac_acked_delta,0.06990053892971664,cause_family,mac,extra_trees,2
numeric__root_mac_tx_attempts_delta,0.06016367583473228,cause_family,mac,extra_trees,2
numeric__root_mac_acked_delta,0.01004400388979037,cause_family,mac,extra_trees,2
numeric__client_mac_reset_nodes,0.0010734957869572616,cause_family,mac,extra_trees,2
numeric__client_mac_valid_nodes,0.0010102841321383885,cause_family,mac,extra_trees,2
numeric__queue_drops_delta,0.0003175085210136913,cause_family,mac,extra_trees,2
numeric__client_mac_rx_delta,0.3185556541113247,cause_family,mac,extra_trees,3
numeric__client_mac_ack_ratio,0.180653045225021,cause_family,mac,extra_trees,3
numeric__root_mac_ack_ratio,0.134491624962611,cause_family,mac,extra_trees,3
numeric__client_mac_tx_attempts_delta,0.11414090818276112,cause_family,mac,extra_trees,3
numeric__root_mac_rx_delta,0.11203321927604223,cause_family,mac,extra_trees,3
numeric__client_mac_acked_delta,0.06753533058783186,cause_family,mac,extra_trees,3
numeric__root_mac_tx_attempts_delta,0.05996361174943911,cause_family,mac,extra_trees,3
numeric__root_mac_acked_delta,0.010431906752507927,cause_family,mac,extra_trees,3
numeric__client_mac_reset_nodes,0.001032449124613793,cause_family,mac,extra_trees,3
numeric__client_mac_valid_nodes,0.000878570188414839,cause_family,mac,extra_trees,3
numeric__queue_drops_delta,0.00028367983943244907,cause_family,mac,extra_trees,3
numeric__client_mac_rx_delta,0.3107754024718776,cause_family,mac,extra_trees,4
numeric__client_mac_ack_ratio,0.18166575663444864,cause_family,mac,extra_trees,4
numeric__root_mac_ack_ratio,0.1366893809287306,cause_family,mac,extra_trees,4
numeric__root_mac_rx_delta,0.1147541348186721,cause_family,mac,extra_trees,4
numeric__client_mac_tx_attempts_delta,0.10623096437092816,cause_family,mac,extra_trees,4
numeric__client_mac_acked_delta,0.07228314585172625,cause_family,mac,extra_trees,4
numeric__root_mac_tx_attempts_delta,0.0641449460920463,cause_family,mac,extra_trees,4
numeric__root_mac_acked_delta,0.011448169917194502,cause_family,mac,extra_trees,4
numeric__client_mac_reset_nodes,0.0009079680797715216,cause_family,mac,extra_trees,4
numeric__client_mac_valid_nodes,0.0007171575514876223,cause_family,mac,extra_trees,4
numeric__queue_drops_delta,0.00038297328311657564,cause_family,mac,extra_trees,4
numeric__client_mac_rx_delta,0.31979538591195283,cause_family,mac,extra_trees,5
numeric__client_mac_ack_ratio,0.1779712849207107,cause_family,mac,extra_trees,5
numeric__root_mac_ack_ratio,0.14864197848590488,cause_family,mac,extra_trees,5
numeric__root_mac_rx_delta,0.10613174969981866,cause_family,mac,extra_trees,5
numeric__client_mac_tx_attempts_delta,0.1020867319527186,cause_family,mac,extra_trees,5
numeric__client_mac_acked_delta,0.07095146189950778,cause_family,mac,extra_trees,5
numeric__root_mac_tx_attempts_delta,0.06277804073040753,cause_family,mac,extra_trees,5
numeric__root_mac_acked_delta,0.009923947873439967,cause_family,mac,extra_trees,5
numeric__client_mac_reset_nodes,0.0008287400536921997,cause_family,mac,extra_trees,5
numeric__client_mac_valid_nodes,0.0007278827503140431,cause_family,mac,extra_trees,5
numeric__queue_drops_delta,0.00016279572153283606,cause_family,mac,extra_trees,5
numeric__client_radio_tx_fraction,0.22388304083325722,cause_family,radio,extra_trees,1
numeric__client_energest_tx_delta,0.22272987100072833,cause_family,radio,extra_trees,1
numeric__client_energest_listen_delta,0.21546994313368426,cause_family,radio,extra_trees,1
numeric__root_energest_tx_delta,0.16773779089253768,cause_family,radio,extra_trees,1
numeric__root_radio_tx_fraction,0.16146501266332963,cause_family,radio,extra_trees,1
numeric__client_energest_total_delta,0.008714341476462915,cause_family,radio,extra_trees,1
numeric__client_energest_listen_delta,0.22715643186389053,cause_family,radio,extra_trees,2
numeric__client_energest_tx_delta,0.22015870752876077,cause_family,radio,extra_trees,2
numeric__client_radio_tx_fraction,0.21619132918437142,cause_family,radio,extra_trees,2
numeric__root_energest_tx_delta,0.16345099223454937,cause_family,radio,extra_trees,2
numeric__root_radio_tx_fraction,0.16240684906454309,cause_family,radio,extra_trees,2
numeric__client_energest_total_delta,0.01063569012388486,cause_family,radio,extra_trees,2
numeric__client_energest_tx_delta,0.2212670681005143,cause_family,radio,extra_trees,3
numeric__client_radio_tx_fraction,0.22125636658586287,cause_family,radio,extra_trees,3
numeric__client_energest_listen_delta,0.22033153068729175,cause_family,radio,extra_trees,3
numeric__root_energest_tx_delta,0.16844367255248566,cause_family,radio,extra_trees,3
numeric__root_radio_tx_fraction,0.16036804535075827,cause_family,radio,extra_trees,3
numeric__client_energest_total_delta,0.008333316723087177,cause_family,radio,extra_trees,3
numeric__client_energest_tx_delta,0.22560062329764888,cause_family,radio,extra_trees,4
numeric__client_radio_tx_fraction,0.2240748687359593,cause_family,radio,extra_trees,4
numeric__client_energest_listen_delta,0.2177546262785233,cause_family,radio,extra_trees,4
numeric__root_energest_tx_delta,0.16497524786226356,cause_family,radio,extra_trees,4
numeric__root_radio_tx_fraction,0.1576513354559317,cause_family,radio,extra_trees,4
numeric__client_energest_total_delta,0.009943298369673092,cause_family,radio,extra_trees,4
numeric__client_energest_tx_delta,0.22465006380237185,cause_family,radio,extra_trees,5
numeric__client_energest_listen_delta,0.21288278433477756,cause_family,radio,extra_trees,5
numeric__client_radio_tx_fraction,0.21266165925603492,cause_family,radio,extra_trees,5
numeric__root_energest_tx_delta,0.17381463621716967,cause_family,radio,extra_trees,5
numeric__root_radio_tx_fraction,0.16714463282369973,cause_family,radio,extra_trees,5
numeric__client_energest_total_delta,0.008846223565946172,cause_family,radio,extra_trees,5
numeric__client_mac_rx_delta,0.11432422091674735,cause_family,all,extra_trees,1
numeric__mean_rank,0.09646846182389811,cause_family,all,extra_trees,1
numeric__client_energest_tx_delta,0.09362103434977202,cause_family,all,extra_trees,1
numeric__client_radio_tx_fraction,0.09314325487047688,cause_family,all,extra_trees,1
numeric__client_energest_listen_delta,0.08598916199325567,cause_family,all,extra_trees,1
numeric__mean_etx_x100,0.0777946698860131,cause_family,all,extra_trees,1
numeric__client_mac_ack_ratio,0.05458515036666532,cause_family,all,extra_trees,1
numeric__p95_etx_x100,0.05153206327963219,cause_family,all,extra_trees,1
numeric__root_mean_etx_x100,0.045120099621098496,cause_family,all,extra_trees,1
numeric__root_mac_rx_delta,0.0440444280814894,cause_family,all,extra_trees,1
numeric__root_mac_ack_ratio,0.037502513612340777,cause_family,all,extra_trees,1
numeric__client_mac_tx_attempts_delta,0.03365729421750165,cause_family,all,extra_trees,1
numeric__client_mac_acked_delta,0.0327808348177572,cause_family,all,extra_trees,1
numeric__std_etx_x100,0.029540731721539978,cause_family,all,extra_trees,1
numeric__root_energest_tx_delta,0.01874123407494532,cause_family,all,extra_trees,1
numeric__root_radio_tx_fraction,0.0187060922603086,cause_family,all,extra_trees,1
numeric__root_mac_tx_attempts_delta,0.016195773199305007,cause_family,all,extra_trees,1
numeric__mean_rssi,0.013119883502007866,cause_family,all,extra_trees,1
numeric__mean_rtt_ms,0.012373699029399539,cause_family,all,extra_trees,1
numeric__median_rtt_ms,0.0047584380925247485,cause_family,all,extra_trees,1
numeric__max_rtt_ms,0.0033287476313110884,cause_family,all,extra_trees,1
numeric__p95_rtt_ms,0.003242936144303316,cause_family,all,extra_trees,1
numeric__std_rtt_ms,0.0029602078812169257,cause_family,all,extra_trees,1
numeric__app_tx_delta,0.0024777336635682552,cause_family,all,extra_trees,1
numeric__root_server_rx_delta,0.0021093366583115796,cause_family,all,extra_trees,1
numeric__app_rx_delta,0.002081950706573962,cause_family,all,extra_trees,1
numeric__root_server_tx_delta,0.0019595292479226735,cause_family,all,extra_trees,1
numeric__root_mac_acked_delta,0.0019277772021144193,cause_family,all,extra_trees,1
numeric__transaction_success_count,0.0014724842288289799,cause_family,all,extra_trees,1
numeric__uplink_success_count,0.0013878166692223189,cause_family,all,extra_trees,1
numeric__transaction_count,0.0013587070747754061,cause_family,all,extra_trees,1
numeric__client_energest_total_delta,0.0008037424932063074,cause_family,all,extra_trees,1
numeric__app_timeouts_delta,0.0002904496706289856,cause_family,all,extra_trees,1
numeric__app_delivery_ratio,0.00016894433591424672,cause_family,all,extra_trees,1
numeric__client_mac_valid_nodes,0.00012340448100158855,cause_family,all,extra_trees,1
numeric__client_mac_reset_nodes,0.00011282464179248922,cause_family,all,extra_trees,1
numeric__queue_drops_delta,7.471622931459781e-05,cause_family,all,extra_trees,1
numeric__uplink_delivery_ratio,6.965618722344092e-05,cause_family,all,extra_trees,1
numeric__parent_changes_delta,4.999513609016248e-05,cause_family,all,extra_trees,1
numeric__route_miss_delta,0.0,cause_family,all,extra_trees,1
numeric__reachable_fraction,0.0,cause_family,all,extra_trees,1
numeric__root_mean_rssi,0.0,cause_family,all,extra_trees,1
numeric__mean_neighbors,0.0,cause_family,all,extra_trees,1
numeric__client_mac_rx_delta,0.11715680806680556,cause_family,all,extra_trees,2
numeric__client_radio_tx_fraction,0.09525230151255316,cause_family,all,extra_trees,2
numeric__client_energest_tx_delta,0.09076058442087234,cause_family,all,extra_trees,2
numeric__client_energest_listen_delta,0.08699850978928513,cause_family,all,extra_trees,2
numeric__mean_etx_x100,0.08442209675392438,cause_family,all,extra_trees,2
numeric__mean_rank,0.07848187005514483,cause_family,all,extra_trees,2
numeric__p95_etx_x100,0.05730587101165276,cause_family,all,extra_trees,2
numeric__client_mac_ack_ratio,0.05575963592214479,cause_family,all,extra_trees,2
numeric__root_mac_rx_delta,0.04462240012893159,cause_family,all,extra_trees,2
numeric__root_mean_etx_x100,0.04287558420743068,cause_family,all,extra_trees,2
numeric__std_etx_x100,0.03827833917921801,cause_family,all,extra_trees,2
numeric__root_mac_ack_ratio,0.03716233617533868,cause_family,all,extra_trees,2
numeric__client_mac_tx_attempts_delta,0.036157439598324737,cause_family,all,extra_trees,2
numeric__client_mac_acked_delta,0.030999861769978692,cause_family,all,extra_trees,2
numeric__root_radio_tx_fraction,0.017897236096512757,cause_family,all,extra_trees,2
numeric__root_energest_tx_delta,0.01771850379689848,cause_family,all,extra_trees,2
numeric__root_mac_tx_attempts_delta,0.01686944148788226,cause_family,all,extra_trees,2
numeric__mean_rtt_ms,0.013083317014027101,cause_family,all,extra_trees,2
numeric__mean_rssi,0.008013249207447334,cause_family,all,extra_trees,2
numeric__median_rtt_ms,0.004161967511418964,cause_family,all,extra_trees,2
numeric__p95_rtt_ms,0.0037692509718964527,cause_family,all,extra_trees,2
numeric__std_rtt_ms,0.003189877266399071,cause_family,all,extra_trees,2
numeric__max_rtt_ms,0.0029219399182124736,cause_family,all,extra_trees,2
numeric__app_rx_delta,0.0022368450444086524,cause_family,all,extra_trees,2
numeric__app_tx_delta,0.002160042747293176,cause_family,all,extra_trees,2
numeric__root_server_tx_delta,0.0019590744350691937,cause_family,all,extra_trees,2
numeric__root_mac_acked_delta,0.0018802856847847669,cause_family,all,extra_trees,2
numeric__root_server_rx_delta,0.0018590555849016138,cause_family,all,extra_trees,2
numeric__transaction_success_count,0.0015840805573217934,cause_family,all,extra_trees,2
numeric__transaction_count,0.0014766923782833844,cause_family,all,extra_trees,2
numeric__uplink_success_count,0.001433823304957209,cause_family,all,extra_trees,2
numeric__client_energest_total_delta,0.0006170122570510669,cause_family,all,extra_trees,2
numeric__client_mac_reset_nodes,0.00023534839699791528,cause_family,all,extra_trees,2
numeric__client_mac_valid_nodes,0.00019731653545712114,cause_family,all,extra_trees,2
numeric__app_timeouts_delta,0.00018446726813315428,cause_family,all,extra_trees,2
numeric__parent_changes_delta,0.00011163863862829783,cause_family,all,extra_trees,2
numeric__uplink_delivery_ratio,8.706414365467348e-05,cause_family,all,extra_trees,2
numeric__queue_drops_delta,6.097574764724122e-05,cause_family,all,extra_trees,2
numeric__app_delivery_ratio,5.785541311053799e-05,cause_family,all,extra_trees,2
numeric__route_miss_delta,0.0,cause_family,all,extra_trees,2
numeric__reachable_fraction,0.0,cause_family,all,extra_trees,2
numeric__root_mean_rssi,0.0,cause_family,all,extra_trees,2
numeric__mean_neighbors,0.0,cause_family,all,extra_trees,2
numeric__client_mac_rx_delta,0.12057542930461664,cause_family,all,extra_trees,3
numeric__client_energest_tx_delta,0.09474281993628077,cause_family,all,extra_trees,3
numeric__mean_rank,0.09360894461384064,cause_family,all,extra_trees,3
numeric__client_radio_tx_fraction,0.08284433300487552,cause_family,all,extra_trees,3
numeric__client_energest_listen_delta,0.08250596887018091,cause_family,all,extra_trees,3
numeric__mean_etx_x100,0.07489016700837964,cause_family,all,extra_trees,3
numeric__client_mac_ack_ratio,0.05915988880948558,cause_family,all,extra_trees,3
numeric__p95_etx_x100,0.0479704917033672,cause_family,all,extra_trees,3
numeric__root_mac_rx_delta,0.046855323180496546,cause_family,all,extra_trees,3
numeric__root_mean_etx_x100,0.04646140116793836,cause_family,all,extra_trees,3
numeric__client_mac_tx_attempts_delta,0.03763425193106581,cause_family,all,extra_trees,3
numeric__root_mac_ack_ratio,0.03600911935533473,cause_family,all,extra_trees,3
numeric__std_etx_x100,0.03414613405782378,cause_family,all,extra_trees,3
numeric__client_mac_acked_delta,0.03116967224888829,cause_family,all,extra_trees,3
numeric__root_energest_tx_delta,0.019641932288877,cause_family,all,extra_trees,3
numeric__root_radio_tx_fraction,0.01884983001791672,cause_family,all,extra_trees,3
numeric__root_mac_tx_attempts_delta,0.017317994076787923,cause_family,all,extra_trees,3
numeric__mean_rtt_ms,0.012782794004693131,cause_family,all,extra_trees,3
numeric__mean_rssi,0.010226383481950053,cause_family,all,extra_trees,3
numeric__median_rtt_ms,0.004332367216401085,cause_family,all,extra_trees,3
numeric__p95_rtt_ms,0.004207317882113782,cause_family,all,extra_trees,3
numeric__max_rtt_ms,0.0035588828307953515,cause_family,all,extra_trees,3
numeric__std_rtt_ms,0.003455775809879813,cause_family,all,extra_trees,3
numeric__app_tx_delta,0.002315353450920752,cause_family,all,extra_trees,3
numeric__root_server_rx_delta,0.0022616173815959424,cause_family,all,extra_trees,3
numeric__app_rx_delta,0.0021095510391699866,cause_family,all,extra_trees,3
numeric__root_server_tx_delta,0.0020572273841296634,cause_family,all,extra_trees,3
numeric__root_mac_acked_delta,0.0019940464384051323,cause_family,all,extra_trees,3
numeric__transaction_count,0.0015930807691401797,cause_family,all,extra_trees,3
numeric__transaction_success_count,0.0015910875708263236,cause_family,all,extra_trees,3
numeric__uplink_success_count,0.0015293193810934276,cause_family,all,extra_trees,3
numeric__client_energest_total_delta,0.0005535850910224138,cause_family,all,extra_trees,3
numeric__app_timeouts_delta,0.0002693943624262129,cause_family,all,extra_trees,3
numeric__client_mac_reset_nodes,0.00024548626126933776,cause_family,all,extra_trees,3
numeric__app_delivery_ratio,0.00018694592113588268,cause_family,all,extra_trees,3
numeric__client_mac_valid_nodes,0.00018021873153924083,cause_family,all,extra_trees,3
numeric__parent_changes_delta,5.916862300421348e-05,cause_family,all,extra_trees,3
numeric__queue_drops_delta,5.469794477284548e-05,cause_family,all,extra_trees,3
numeric__uplink_delivery_ratio,5.199684755919563e-05,cause_family,all,extra_trees,3
numeric__route_miss_delta,0.0,cause_family,all,extra_trees,3
numeric__reachable_fraction,0.0,cause_family,all,extra_trees,3
numeric__root_mean_rssi,0.0,cause_family,all,extra_trees,3
numeric__mean_neighbors,0.0,cause_family,all,extra_trees,3
numeric__client_mac_rx_delta,0.11521124074079354,cause_family,all,extra_trees,4
numeric__client_radio_tx_fraction,0.09266652968712186,cause_family,all,extra_trees,4
numeric__client_energest_tx_delta,0.09115454511701301,cause_family,all,extra_trees,4
numeric__client_energest_listen_delta,0.08908208417625667,cause_family,all,extra_trees,4
numeric__mean_rank,0.08625821044637011,cause_family,all,extra_trees,4
numeric__mean_etx_x100,0.07837782883804283,cause_family,all,extra_trees,4
numeric__client_mac_ack_ratio,0.05712890082159366,cause_family,all,extra_trees,4
numeric__p95_etx_x100,0.048253040731544045,cause_family,all,extra_trees,4
numeric__root_mean_etx_x100,0.04635739166851879,cause_family,all,extra_trees,4
numeric__root_mac_rx_delta,0.04561749059096899,cause_family,all,extra_trees,4
numeric__root_mac_ack_ratio,0.04081803173897102,cause_family,all,extra_trees,4
numeric__client_mac_tx_attempts_delta,0.03737150099341664,cause_family,all,extra_trees,4
numeric__std_etx_x100,0.03502445210617545,cause_family,all,extra_trees,4
numeric__client_mac_acked_delta,0.028424882950030383,cause_family,all,extra_trees,4
numeric__root_radio_tx_fraction,0.019804918267590017,cause_family,all,extra_trees,4
numeric__root_energest_tx_delta,0.01900826631045652,cause_family,all,extra_trees,4
numeric__root_mac_tx_attempts_delta,0.017013197677309536,cause_family,all,extra_trees,4
numeric__mean_rtt_ms,0.013060693399275602,cause_family,all,extra_trees,4
numeric__mean_rssi,0.005918788335955986,cause_family,all,extra_trees,4
numeric__median_rtt_ms,0.005378830281265753,cause_family,all,extra_trees,4
numeric__p95_rtt_ms,0.004199842646345358,cause_family,all,extra_trees,4
numeric__std_rtt_ms,0.003563819700079531,cause_family,all,extra_trees,4
numeric__max_rtt_ms,0.003376752968741646,cause_family,all,extra_trees,4
numeric__app_tx_delta,0.0025432323239981385,cause_family,all,extra_trees,4
numeric__app_rx_delta,0.002208966174234266,cause_family,all,extra_trees,4
numeric__root_server_rx_delta,0.0021351379356150542,cause_family,all,extra_trees,4
numeric__root_server_tx_delta,0.001910655318495988,cause_family,all,extra_trees,4
numeric__root_mac_acked_delta,0.0018941508739262214,cause_family,all,extra_trees,4
numeric__transaction_success_count,0.0015183225447149146,cause_family,all,extra_trees,4
numeric__transaction_count,0.0014426850317819616,cause_family,all,extra_trees,4
numeric__uplink_success_count,0.0014356883883201385,cause_family,all,extra_trees,4
numeric__client_energest_total_delta,0.0007591421376873648,cause_family,all,extra_trees,4
numeric__app_timeouts_delta,0.00028867535059233957,cause_family,all,extra_trees,4
numeric__client_mac_valid_nodes,0.00023038256382345242,cause_family,all,extra_trees,4
numeric__client_mac_reset_nodes,0.0001813672582795129,cause_family,all,extra_trees,4
numeric__app_delivery_ratio,0.00016896630676510572,cause_family,all,extra_trees,4
numeric__uplink_delivery_ratio,7.25316490188287e-05,cause_family,all,extra_trees,4
numeric__queue_drops_delta,6.944506477995937e-05,cause_family,all,extra_trees,4
numeric__parent_changes_delta,6.941088412991801e-05,cause_family,all,extra_trees,4
numeric__route_miss_delta,0.0,cause_family,all,extra_trees,4
numeric__reachable_fraction,0.0,cause_family,all,extra_trees,4
numeric__root_mean_rssi,0.0,cause_family,all,extra_trees,4
numeric__mean_neighbors,0.0,cause_family,all,extra_trees,4
numeric__client_mac_rx_delta,0.12354825485805523,cause_family,all,extra_trees,5
numeric__client_radio_tx_fraction,0.08817915227325318,cause_family,all,extra_trees,5
numeric__client_energest_tx_delta,0.08722980343531832,cause_family,all,extra_trees,5
numeric__client_energest_listen_delta,0.08541953830275723,cause_family,all,extra_trees,5
numeric__mean_rank,0.07706346687267131,cause_family,all,extra_trees,5
numeric__mean_etx_x100,0.07633441285104431,cause_family,all,extra_trees,5
numeric__client_mac_ack_ratio,0.056667369610507556,cause_family,all,extra_trees,5
numeric__p95_etx_x100,0.04996675549265735,cause_family,all,extra_trees,5
numeric__root_mean_etx_x100,0.04796416363459217,cause_family,all,extra_trees,5
numeric__root_mac_rx_delta,0.044632432605111995,cause_family,all,extra_trees,5
numeric__root_mac_ack_ratio,0.044278298793074204,cause_family,all,extra_trees,5
numeric__client_mac_tx_attempts_delta,0.03524659557031382,cause_family,all,extra_trees,5
numeric__std_etx_x100,0.035066973115457076,cause_family,all,extra_trees,5
numeric__client_mac_acked_delta,0.02958519868886458,cause_family,all,extra_trees,5
numeric__root_radio_tx_fraction,0.021183293358027353,cause_family,all,extra_trees,5
numeric__root_energest_tx_delta,0.01905284231202926,cause_family,all,extra_trees,5
numeric__root_mac_tx_attempts_delta,0.019022118668219647,cause_family,all,extra_trees,5
numeric__mean_rtt_ms,0.014036874287318951,cause_family,all,extra_trees,5
numeric__mean_rssi,0.008419391866786672,cause_family,all,extra_trees,5
numeric__p95_rtt_ms,0.006755860959981788,cause_family,all,extra_trees,5
numeric__median_rtt_ms,0.004733866760788338,cause_family,all,extra_trees,5
numeric__std_rtt_ms,0.0037958033774770023,cause_family,all,extra_trees,5
numeric__max_rtt_ms,0.003776198680532804,cause_family,all,extra_trees,5
numeric__app_rx_delta,0.0026727858405862937,cause_family,all,extra_trees,5
numeric__app_tx_delta,0.00249419823067955,cause_family,all,extra_trees,5
numeric__root_mac_acked_delta,0.002411657082074451,cause_family,all,extra_trees,5
numeric__root_server_rx_delta,0.002385229996322591,cause_family,all,extra_trees,5
numeric__root_server_tx_delta,0.002252960141753756,cause_family,all,extra_trees,5
numeric__transaction_count,0.0014842590039930758,cause_family,all,extra_trees,5
numeric__uplink_success_count,0.0014606247915728305,cause_family,all,extra_trees,5
numeric__transaction_success_count,0.0014258858699997617,cause_family,all,extra_trees,5
numeric__client_energest_total_delta,0.0007080504151489366,cause_family,all,extra_trees,5
numeric__client_mac_valid_nodes,0.00018430431627763417,cause_family,all,extra_trees,5
numeric__client_mac_reset_nodes,0.00014799320211581106,cause_family,all,extra_trees,5
numeric__app_timeouts_delta,0.00012290064095169396,cause_family,all,extra_trees,5
numeric__app_delivery_ratio,0.0001206743491273213,cause_family,all,extra_trees,5
numeric__parent_changes_delta,9.398146226242875e-05,cause_family,all,extra_trees,5
numeric__queue_drops_delta,4.93281876258199e-05,cause_family,all,extra_trees,5
numeric__uplink_delivery_ratio,2.6500094667862468e-05,cause_family,all,extra_trees,5
numeric__route_miss_delta,0.0,cause_family,all,extra_trees,5
numeric__reachable_fraction,0.0,cause_family,all,extra_trees,5
numeric__root_mean_rssi,0.0,cause_family,all,extra_trees,5
numeric__mean_neighbors,0.0,cause_family,all,extra_trees,5
numeric__mean_rtt_ms,0.18618107093978514,seven_class,application_qos,extra_trees,1
numeric__p95_rtt_ms,0.13677284862020003,seven_class,application_qos,extra_trees,1
numeric__median_rtt_ms,0.1327177368705517,seven_class,application_qos,extra_trees,1
numeric__std_rtt_ms,0.12588554844339553,seven_class,application_qos,extra_trees,1
numeric__max_rtt_ms,0.1258487340389027,seven_class,application_qos,extra_trees,1
numeric__app_tx_delta,0.058860554131321456,seven_class,application_qos,extra_trees,1
numeric__app_rx_delta,0.05711351217518679,seven_class,application_qos,extra_trees,1
numeric__root_server_tx_delta,0.04130279848142067,seven_class,application_qos,extra_trees,1
numeric__root_server_rx_delta,0.04046562838783636,seven_class,application_qos,extra_trees,1
numeric__transaction_success_count,0.02935055308501043,seven_class,application_qos,extra_trees,1
numeric__transaction_count,0.029287319148831717,seven_class,application_qos,extra_trees,1
numeric__uplink_success_count,0.029027668393904818,seven_class,application_qos,extra_trees,1
numeric__app_timeouts_delta,0.0034273728706361506,seven_class,application_qos,extra_trees,1
numeric__app_delivery_ratio,0.00317115277923088,seven_class,application_qos,extra_trees,1
numeric__uplink_delivery_ratio,0.0005875016337855458,seven_class,application_qos,extra_trees,1
numeric__reachable_fraction,0.0,seven_class,application_qos,extra_trees,1
numeric__route_miss_delta,0.0,seven_class,application_qos,extra_trees,1
numeric__mean_rtt_ms,0.18529872827609634,seven_class,application_qos,extra_trees,2
numeric__p95_rtt_ms,0.13758757427374324,seven_class,application_qos,extra_trees,2
numeric__median_rtt_ms,0.12798755719841476,seven_class,application_qos,extra_trees,2
numeric__std_rtt_ms,0.12627432116275328,seven_class,application_qos,extra_trees,2
numeric__max_rtt_ms,0.1254564594179379,seven_class,application_qos,extra_trees,2
numeric__app_tx_delta,0.05975182791724353,seven_class,application_qos,extra_trees,2
numeric__app_rx_delta,0.05720040105837086,seven_class,application_qos,extra_trees,2
numeric__root_server_tx_delta,0.04307202870123909,seven_class,application_qos,extra_trees,2
numeric__root_server_rx_delta,0.04275944301317872,seven_class,application_qos,extra_trees,2
numeric__transaction_count,0.029274210319474976,seven_class,application_qos,extra_trees,2
numeric__transaction_success_count,0.029179179305522638,seven_class,application_qos,extra_trees,2
numeric__uplink_success_count,0.02905883811504752,seven_class,application_qos,extra_trees,2
numeric__app_timeouts_delta,0.0032926681733102202,seven_class,application_qos,extra_trees,2
numeric__app_delivery_ratio,0.002788783702922041,seven_class,application_qos,extra_trees,2
numeric__uplink_delivery_ratio,0.0010179793647448962,seven_class,application_qos,extra_trees,2
numeric__reachable_fraction,0.0,seven_class,application_qos,extra_trees,2
numeric__route_miss_delta,0.0,seven_class,application_qos,extra_trees,2
numeric__mean_rtt_ms,0.18832820711763812,seven_class,application_qos,extra_trees,3
numeric__p95_rtt_ms,0.1408498542242358,seven_class,application_qos,extra_trees,3
numeric__median_rtt_ms,0.1330098687734488,seven_class,application_qos,extra_trees,3
numeric__std_rtt_ms,0.12799221443030673,seven_class,application_qos,extra_trees,3
numeric__max_rtt_ms,0.12482536117852328,seven_class,application_qos,extra_trees,3
numeric__app_rx_delta,0.057403160298665844,seven_class,application_qos,extra_trees,3
numeric__app_tx_delta,0.05674638909838783,seven_class,application_qos,extra_trees,3
numeric__root_server_rx_delta,0.04100102438927581,seven_class,application_qos,extra_trees,3
numeric__root_server_tx_delta,0.04062211351315316,seven_class,application_qos,extra_trees,3
numeric__uplink_success_count,0.027140595142082023,seven_class,application_qos,extra_trees,3
numeric__transaction_success_count,0.02702529150888779,seven_class,application_qos,extra_trees,3
numeric__transaction_count,0.02687323411612742,seven_class,application_qos,extra_trees,3
numeric__app_timeouts_delta,0.004044843588981494,seven_class,application_qos,extra_trees,3
numeric__app_delivery_ratio,0.003394206744181246,seven_class,application_qos,extra_trees,3
numeric__uplink_delivery_ratio,0.0007436358761046861,seven_class,application_qos,extra_trees,3
numeric__reachable_fraction,0.0,seven_class,application_qos,extra_trees,3
numeric__route_miss_delta,0.0,seven_class,application_qos,extra_trees,3
numeric__mean_rtt_ms,0.18534837241099025,seven_class,application_qos,extra_trees,4
numeric__p95_rtt_ms,0.13627322343506176,seven_class,application_qos,extra_trees,4
numeric__median_rtt_ms,0.13089337732051848,seven_class,application_qos,extra_trees,4
numeric__max_rtt_ms,0.12686491927724877,seven_class,application_qos,extra_trees,4
numeric__std_rtt_ms,0.1261589039076225,seven_class,application_qos,extra_trees,4
numeric__app_tx_delta,0.060596917203372375,seven_class,application_qos,extra_trees,4
numeric__app_rx_delta,0.059406034399917956,seven_class,application_qos,extra_trees,4
numeric__root_server_rx_delta,0.04384910779420855,seven_class,application_qos,extra_trees,4
numeric__root_server_tx_delta,0.043248798915424,seven_class,application_qos,extra_trees,4
numeric__uplink_success_count,0.026623413498391382,seven_class,application_qos,extra_trees,4
numeric__transaction_success_count,0.026607682778547654,seven_class,application_qos,extra_trees,4
numeric__transaction_count,0.02658041037238777,seven_class,application_qos,extra_trees,4
numeric__app_timeouts_delta,0.0036358448369767106,seven_class,application_qos,extra_trees,4
numeric__app_delivery_ratio,0.0028981468278812287,seven_class,application_qos,extra_trees,4
numeric__uplink_delivery_ratio,0.0010148470214504594,seven_class,application_qos,extra_trees,4
numeric__reachable_fraction,0.0,seven_class,application_qos,extra_trees,4
numeric__route_miss_delta,0.0,seven_class,application_qos,extra_trees,4
numeric__mean_rtt_ms,0.1807506329300799,seven_class,application_qos,extra_trees,5
numeric__p95_rtt_ms,0.13952174609344736,seven_class,application_qos,extra_trees,5
numeric__median_rtt_ms,0.1265957790309639,seven_class,application_qos,extra_trees,5
numeric__std_rtt_ms,0.12552414674677767,seven_class,application_qos,extra_trees,5
numeric__max_rtt_ms,0.12441511462962021,seven_class,application_qos,extra_trees,5
numeric__app_tx_delta,0.05855541447799081,seven_class,application_qos,extra_trees,5
numeric__app_rx_delta,0.0571980058237197,seven_class,application_qos,extra_trees,5
numeric__root_server_tx_delta,0.04481927111076825,seven_class,application_qos,extra_trees,5
numeric__root_server_rx_delta,0.04472846651426176,seven_class,application_qos,extra_trees,5
numeric__transaction_success_count,0.030281108384741656,seven_class,application_qos,extra_trees,5
numeric__uplink_success_count,0.03013143465337657,seven_class,application_qos,extra_trees,5
numeric__transaction_count,0.02965685090414936,seven_class,application_qos,extra_trees,5
numeric__app_timeouts_delta,0.0037118855018870175,seven_class,application_qos,extra_trees,5
numeric__app_delivery_ratio,0.003220893644401802,seven_class,application_qos,extra_trees,5
numeric__uplink_delivery_ratio,0.0008892495538138418,seven_class,application_qos,extra_trees,5
numeric__reachable_fraction,0.0,seven_class,application_qos,extra_trees,5
numeric__route_miss_delta,0.0,seven_class,application_qos,extra_trees,5
numeric__mean_rank,0.27729881499067516,seven_class,routing,extra_trees,1
numeric__mean_etx_x100,0.2201525815955326,seven_class,routing,extra_trees,1
numeric__root_mean_etx_x100,0.15206609584986971,seven_class,routing,extra_trees,1
numeric__p95_etx_x100,0.13765950408344932,seven_class,routing,extra_trees,1
numeric__std_etx_x100,0.11305815781925634,seven_class,routing,extra_trees,1
numeric__mean_rssi,0.09927121618539256,seven_class,routing,extra_trees,1
numeric__parent_changes_delta,0.000493629475824202,seven_class,routing,extra_trees,1
numeric__mean_neighbors,0.0,seven_class,routing,extra_trees,1
numeric__root_mean_rssi,0.0,seven_class,routing,extra_trees,1
numeric__mean_rank,0.2645894861918783,seven_class,routing,extra_trees,2
numeric__mean_etx_x100,0.22697063009901886,seven_class,routing,extra_trees,2
numeric__root_mean_etx_x100,0.15641511668902536,seven_class,routing,extra_trees,2
numeric__p95_etx_x100,0.14122325602024755,seven_class,routing,extra_trees,2
numeric__std_etx_x100,0.1223805021005884,seven_class,routing,extra_trees,2
numeric__mean_rssi,0.08739128115907405,seven_class,routing,extra_trees,2
numeric__parent_changes_delta,0.001029727740167513,seven_class,routing,extra_trees,2
numeric__mean_neighbors,0.0,seven_class,routing,extra_trees,2
numeric__root_mean_rssi,0.0,seven_class,routing,extra_trees,2
numeric__mean_rank,0.2620506321047029,seven_class,routing,extra_trees,3
numeric__mean_etx_x100,0.21738078438475913,seven_class,routing,extra_trees,3
numeric__root_mean_etx_x100,0.1571284330241292,seven_class,routing,extra_trees,3
numeric__p95_etx_x100,0.1422855893281918,seven_class,routing,extra_trees,3
numeric__std_etx_x100,0.12063386955102756,seven_class,routing,extra_trees,3
numeric__mean_rssi,0.09964215432512948,seven_class,routing,extra_trees,3
numeric__parent_changes_delta,0.000878537282059998,seven_class,routing,extra_trees,3
numeric__mean_neighbors,0.0,seven_class,routing,extra_trees,3
numeric__root_mean_rssi,0.0,seven_class,routing,extra_trees,3
numeric__mean_rank,0.2813335081577895,seven_class,routing,extra_trees,4
numeric__mean_etx_x100,0.20926615862720196,seven_class,routing,extra_trees,4
numeric__root_mean_etx_x100,0.15934488688056947,seven_class,routing,extra_trees,4
numeric__p95_etx_x100,0.13570435342089707,seven_class,routing,extra_trees,4
numeric__std_etx_x100,0.11556709503381875,seven_class,routing,extra_trees,4
numeric__mean_rssi,0.09764234277905534,seven_class,routing,extra_trees,4
numeric__parent_changes_delta,0.0011416551006679645,seven_class,routing,extra_trees,4
numeric__mean_neighbors,0.0,seven_class,routing,extra_trees,4
numeric__root_mean_rssi,0.0,seven_class,routing,extra_trees,4
numeric__mean_rank,0.24875041762061526,seven_class,routing,extra_trees,5
numeric__mean_etx_x100,0.21860467146598778,seven_class,routing,extra_trees,5
numeric__root_mean_etx_x100,0.16503774051490921,seven_class,routing,extra_trees,5
numeric__p95_etx_x100,0.13965800610157314,seven_class,routing,extra_trees,5
numeric__std_etx_x100,0.11754749717032924,seven_class,routing,extra_trees,5
numeric__mean_rssi,0.109440240478147,seven_class,routing,extra_trees,5
numeric__parent_changes_delta,0.0009614266484385087,seven_class,routing,extra_trees,5
numeric__mean_neighbors,0.0,seven_class,routing,extra_trees,5
numeric__root_mean_rssi,0.0,seven_class,routing,extra_trees,5
numeric__client_mac_rx_delta,0.22976267756287339,seven_class,mac,extra_trees,1
numeric__root_mac_rx_delta,0.19660932426031963,seven_class,mac,extra_trees,1
numeric__client_mac_ack_ratio,0.15316053851071715,seven_class,mac,extra_trees,1
numeric__client_mac_tx_attempts_delta,0.1366906961906027,seven_class,mac,extra_trees,1
numeric__root_mac_ack_ratio,0.09836448719064002,seven_class,mac,extra_trees,1
numeric__client_mac_acked_delta,0.09504933194394063,seven_class,mac,extra_trees,1
numeric__root_mac_tx_attempts_delta,0.06244742683881645,seven_class,mac,extra_trees,1
numeric__root_mac_acked_delta,0.02277866352830524,seven_class,mac,extra_trees,1
numeric__client_mac_reset_nodes,0.00215822883946568,seven_class,mac,extra_trees,1
numeric__client_mac_valid_nodes,0.0021520186488636493,seven_class,mac,extra_trees,1
numeric__queue_drops_delta,0.0008266064854555063,seven_class,mac,extra_trees,1
numeric__client_mac_rx_delta,0.2258754311599472,seven_class,mac,extra_trees,2
numeric__root_mac_rx_delta,0.19618177520612012,seven_class,mac,extra_trees,2
numeric__client_mac_ack_ratio,0.14945185423925428,seven_class,mac,extra_trees,2
numeric__client_mac_tx_attempts_delta,0.13767389570423702,seven_class,mac,extra_trees,2
numeric__root_mac_ack_ratio,0.09795049989424853,seven_class,mac,extra_trees,2
numeric__client_mac_acked_delta,0.09746607472385367,seven_class,mac,extra_trees,2
numeric__root_mac_tx_attempts_delta,0.06577737704219261,seven_class,mac,extra_trees,2
numeric__root_mac_acked_delta,0.02377780140355577,seven_class,mac,extra_trees,2
numeric__client_mac_valid_nodes,0.0022356263441303775,seven_class,mac,extra_trees,2
numeric__client_mac_reset_nodes,0.0021986194471711375,seven_class,mac,extra_trees,2
numeric__queue_drops_delta,0.0014110448352892477,seven_class,mac,extra_trees,2
numeric__client_mac_rx_delta,0.23088772955297177,seven_class,mac,extra_trees,3
numeric__root_mac_rx_delta,0.1956969154138275,seven_class,mac,extra_trees,3
numeric__client_mac_ack_ratio,0.145891707079133,seven_class,mac,extra_trees,3
numeric__client_mac_tx_attempts_delta,0.14149403735504823,seven_class,mac,extra_trees,3
numeric__client_mac_acked_delta,0.10118455177467674,seven_class,mac,extra_trees,3
numeric__root_mac_ack_ratio,0.09475309165175058,seven_class,mac,extra_trees,3
numeric__root_mac_tx_attempts_delta,0.06171444586166183,seven_class,mac,extra_trees,3
numeric__root_mac_acked_delta,0.023637329832385447,seven_class,mac,extra_trees,3
numeric__client_mac_valid_nodes,0.0019665449754910163,seven_class,mac,extra_trees,3
numeric__client_mac_reset_nodes,0.0019008092593736869,seven_class,mac,extra_trees,3
numeric__queue_drops_delta,0.0008728372436803319,seven_class,mac,extra_trees,3
numeric__client_mac_rx_delta,0.22474548614892145,seven_class,mac,extra_trees,4
numeric__root_mac_rx_delta,0.19937483492190342,seven_class,mac,extra_trees,4
numeric__client_mac_ack_ratio,0.14800539724290135,seven_class,mac,extra_trees,4
numeric__client_mac_tx_attempts_delta,0.1374927694820814,seven_class,mac,extra_trees,4
numeric__client_mac_acked_delta,0.10105226105373613,seven_class,mac,extra_trees,4
numeric__root_mac_ack_ratio,0.09592372782782435,seven_class,mac,extra_trees,4
numeric__root_mac_tx_attempts_delta,0.06316757233200823,seven_class,mac,extra_trees,4
numeric__root_mac_acked_delta,0.02384534180417393,seven_class,mac,extra_trees,4
numeric__client_mac_reset_nodes,0.002645679871243365,seven_class,mac,extra_trees,4
numeric__client_mac_valid_nodes,0.0024149441459824002,seven_class,mac,extra_trees,4
numeric__queue_drops_delta,0.0013319851692239412,seven_class,mac,extra_trees,4
numeric__client_mac_rx_delta,0.22795738344637578,seven_class,mac,extra_trees,5
numeric__root_mac_rx_delta,0.19370950248349528,seven_class,mac,extra_trees,5
numeric__client_mac_ack_ratio,0.14272353628317913,seven_class,mac,extra_trees,5
numeric__client_mac_tx_attempts_delta,0.13788228929517146,seven_class,mac,extra_trees,5
numeric__root_mac_ack_ratio,0.10588882765708224,seven_class,mac,extra_trees,5
numeric__client_mac_acked_delta,0.09987552805093493,seven_class,mac,extra_trees,5
numeric__root_mac_tx_attempts_delta,0.06544924599382701,seven_class,mac,extra_trees,5
numeric__root_mac_acked_delta,0.02172377178398059,seven_class,mac,extra_trees,5
numeric__client_mac_reset_nodes,0.0019502570266283876,seven_class,mac,extra_trees,5
numeric__client_mac_valid_nodes,0.0018765764014734897,seven_class,mac,extra_trees,5
numeric__queue_drops_delta,0.0009630815778518332,seven_class,mac,extra_trees,5
numeric__client_energest_listen_delta,0.2186017449243621,seven_class,radio,extra_trees,1
numeric__client_radio_tx_fraction,0.21613548485682804,seven_class,radio,extra_trees,1
numeric__client_energest_tx_delta,0.2160236888977045,seven_class,radio,extra_trees,1
numeric__root_energest_tx_delta,0.16470041714787176,seven_class,radio,extra_trees,1
numeric__root_radio_tx_fraction,0.15994778191679843,seven_class,radio,extra_trees,1
numeric__client_energest_total_delta,0.024590882256435125,seven_class,radio,extra_trees,1
numeric__client_energest_tx_delta,0.21531861601005275,seven_class,radio,extra_trees,2
numeric__client_radio_tx_fraction,0.21375207705830446,seven_class,radio,extra_trees,2
numeric__client_energest_listen_delta,0.21255548195973176,seven_class,radio,extra_trees,2
numeric__root_radio_tx_fraction,0.16723251241622206,seven_class,radio,extra_trees,2
numeric__root_energest_tx_delta,0.16650815011195325,seven_class,radio,extra_trees,2
numeric__client_energest_total_delta,0.02463316244373573,seven_class,radio,extra_trees,2
numeric__client_radio_tx_fraction,0.21853749224833463,seven_class,radio,extra_trees,3
numeric__client_energest_tx_delta,0.21722915888981056,seven_class,radio,extra_trees,3
numeric__client_energest_listen_delta,0.21545908280146303,seven_class,radio,extra_trees,3
numeric__root_radio_tx_fraction,0.16386394866213394,seven_class,radio,extra_trees,3
numeric__root_energest_tx_delta,0.16214109870605162,seven_class,radio,extra_trees,3
numeric__client_energest_total_delta,0.022769218692206186,seven_class,radio,extra_trees,3
numeric__client_energest_listen_delta,0.2194035996660675,seven_class,radio,extra_trees,4
numeric__client_energest_tx_delta,0.21850247831383765,seven_class,radio,extra_trees,4
numeric__client_radio_tx_fraction,0.2137795184549694,seven_class,radio,extra_trees,4
numeric__root_energest_tx_delta,0.1642367916330879,seven_class,radio,extra_trees,4
numeric__root_radio_tx_fraction,0.16156023741186878,seven_class,radio,extra_trees,4
numeric__client_energest_total_delta,0.022517374520168724,seven_class,radio,extra_trees,4
numeric__client_energest_listen_delta,0.21496740437176215,seven_class,radio,extra_trees,5
numeric__client_radio_tx_fraction,0.21236544662854787,seven_class,radio,extra_trees,5
numeric__client_energest_tx_delta,0.209606686469341,seven_class,radio,extra_trees,5
numeric__root_energest_tx_delta,0.16837411872448796,seven_class,radio,extra_trees,5
numeric__root_radio_tx_fraction,0.16832944591749532,seven_class,radio,extra_trees,5
numeric__client_energest_total_delta,0.026356897888365698,seven_class,radio,extra_trees,5
numeric__root_mac_rx_delta,0.11769102650099302,seven_class,all,extra_trees,1
numeric__mean_rank,0.09717388616759484,seven_class,all,extra_trees,1
numeric__mean_etx_x100,0.08588612538326067,seven_class,all,extra_trees,1
numeric__client_mac_rx_delta,0.08025745573341636,seven_class,all,extra_trees,1
numeric__client_energest_listen_delta,0.06527067637192205,seven_class,all,extra_trees,1
numeric__root_mean_etx_x100,0.06134373554348843,seven_class,all,extra_trees,1
numeric__client_radio_tx_fraction,0.060046109312745635,seven_class,all,extra_trees,1
numeric__p95_etx_x100,0.05890119637602752,seven_class,all,extra_trees,1
numeric__client_energest_tx_delta,0.05819706917364708,seven_class,all,extra_trees,1
numeric__client_mac_acked_delta,0.04775265897033633,seven_class,all,extra_trees,1
numeric__client_mac_tx_attempts_delta,0.039929764740666604,seven_class,all,extra_trees,1
numeric__std_etx_x100,0.03477381727702049,seven_class,all,extra_trees,1
numeric__client_mac_ack_ratio,0.03368162952900275,seven_class,all,extra_trees,1
numeric__root_energest_tx_delta,0.02106306620826586,seven_class,all,extra_trees,1
numeric__mean_rssi,0.020761932478851084,seven_class,all,extra_trees,1
numeric__root_radio_tx_fraction,0.020493794034831782,seven_class,all,extra_trees,1
numeric__root_mac_ack_ratio,0.02029401213984944,seven_class,all,extra_trees,1
numeric__root_mac_tx_attempts_delta,0.012189191766637918,seven_class,all,extra_trees,1
numeric__mean_rtt_ms,0.01051931751888931,seven_class,all,extra_trees,1
numeric__median_rtt_ms,0.005759577094414488,seven_class,all,extra_trees,1
numeric__p95_rtt_ms,0.0050681116047693485,seven_class,all,extra_trees,1
numeric__max_rtt_ms,0.005003124684894459,seven_class,all,extra_trees,1
numeric__std_rtt_ms,0.0046175792745590605,seven_class,all,extra_trees,1
numeric__root_server_tx_delta,0.004237353062122187,seven_class,all,extra_trees,1
numeric__root_mac_acked_delta,0.004211535737421091,seven_class,all,extra_trees,1
numeric__app_tx_delta,0.0041741271901333645,seven_class,all,extra_trees,1
numeric__root_server_rx_delta,0.004046583237487705,seven_class,all,extra_trees,1
numeric__app_rx_delta,0.0038799968185152483,seven_class,all,extra_trees,1
numeric__transaction_count,0.0029803579554353306,seven_class,all,extra_trees,1
numeric__transaction_success_count,0.002880095623664936,seven_class,all,extra_trees,1
numeric__uplink_success_count,0.0027802356123959268,seven_class,all,extra_trees,1
numeric__client_energest_total_delta,0.002301707156012838,seven_class,all,extra_trees,1
numeric__app_delivery_ratio,0.00047620285178866673,seven_class,all,extra_trees,1
numeric__app_timeouts_delta,0.00035472935009635503,seven_class,all,extra_trees,1
numeric__client_mac_reset_nodes,0.0003057083051691967,seven_class,all,extra_trees,1
numeric__client_mac_valid_nodes,0.0002622683979286948,seven_class,all,extra_trees,1
numeric__parent_changes_delta,0.00018345813200127726,seven_class,all,extra_trees,1
numeric__queue_drops_delta,0.00013400725147400344,seven_class,all,extra_trees,1
numeric__uplink_delivery_ratio,0.00011677543226884043,seven_class,all,extra_trees,1
numeric__route_miss_delta,0.0,seven_class,all,extra_trees,1
numeric__reachable_fraction,0.0,seven_class,all,extra_trees,1
numeric__root_mean_rssi,0.0,seven_class,all,extra_trees,1
numeric__mean_neighbors,0.0,seven_class,all,extra_trees,1
numeric__root_mac_rx_delta,0.11783591749243252,seven_class,all,extra_trees,2
numeric__mean_rank,0.08846004772727863,seven_class,all,extra_trees,2
numeric__mean_etx_x100,0.08804343003477985,seven_class,all,extra_trees,2
numeric__client_mac_rx_delta,0.07750467722202879,seven_class,all,extra_trees,2
numeric__root_mean_etx_x100,0.06766231789928298,seven_class,all,extra_trees,2
numeric__client_energest_tx_delta,0.06056956485854117,seven_class,all,extra_trees,2
numeric__client_radio_tx_fraction,0.05944890592167129,seven_class,all,extra_trees,2
numeric__client_energest_listen_delta,0.05888605726945938,seven_class,all,extra_trees,2
numeric__p95_etx_x100,0.05331435624537449,seven_class,all,extra_trees,2
numeric__client_mac_acked_delta,0.04817790353557033,seven_class,all,extra_trees,2
numeric__client_mac_tx_attempts_delta,0.04632995899963118,seven_class,all,extra_trees,2
numeric__std_etx_x100,0.03621743936453279,seven_class,all,extra_trees,2
numeric__client_mac_ack_ratio,0.03262601770003858,seven_class,all,extra_trees,2
numeric__root_mac_ack_ratio,0.02175213757621352,seven_class,all,extra_trees,2
numeric__root_radio_tx_fraction,0.021441153754562858,seven_class,all,extra_trees,2
numeric__root_energest_tx_delta,0.01941324078213241,seven_class,all,extra_trees,2
numeric__mean_rssi,0.018207736753604233,seven_class,all,extra_trees,2
numeric__root_mac_tx_attempts_delta,0.012274957328812567,seven_class,all,extra_trees,2
numeric__mean_rtt_ms,0.011454821674375825,seven_class,all,extra_trees,2
numeric__p95_rtt_ms,0.006444995422259222,seven_class,all,extra_trees,2
numeric__std_rtt_ms,0.006055882371892455,seven_class,all,extra_trees,2
numeric__median_rtt_ms,0.005643746738936987,seven_class,all,extra_trees,2
numeric__max_rtt_ms,0.005561857210687877,seven_class,all,extra_trees,2
numeric__root_server_tx_delta,0.004662942877795682,seven_class,all,extra_trees,2
numeric__root_server_rx_delta,0.00449956004012717,seven_class,all,extra_trees,2
numeric__root_mac_acked_delta,0.004148368377931843,seven_class,all,extra_trees,2
numeric__app_rx_delta,0.004146763979440702,seven_class,all,extra_trees,2
numeric__app_tx_delta,0.003982963809675293,seven_class,all,extra_trees,2
numeric__transaction_success_count,0.003303480786058987,seven_class,all,extra_trees,2
numeric__uplink_success_count,0.0032525162731307008,seven_class,all,extra_trees,2
numeric__transaction_count,0.003164317374711033,seven_class,all,extra_trees,2
numeric__client_energest_total_delta,0.0023003400831021134,seven_class,all,extra_trees,2
numeric__client_mac_valid_nodes,0.0006079175930604973,seven_class,all,extra_trees,2
numeric__client_mac_reset_nodes,0.000569030456149887,seven_class,all,extra_trees,2
numeric__app_delivery_ratio,0.0005085128716345715,seven_class,all,extra_trees,2
numeric__parent_changes_delta,0.0004924025476694285,seven_class,all,extra_trees,2
numeric__app_timeouts_delta,0.0004123839016864369,seven_class,all,extra_trees,2
numeric__uplink_delivery_ratio,0.0003107108146988571,seven_class,all,extra_trees,2
numeric__queue_drops_delta,0.0003106643290268664,seven_class,all,extra_trees,2
numeric__route_miss_delta,0.0,seven_class,all,extra_trees,2
numeric__reachable_fraction,0.0,seven_class,all,extra_trees,2
numeric__root_mean_rssi,0.0,seven_class,all,extra_trees,2
numeric__mean_neighbors,0.0,seven_class,all,extra_trees,2
numeric__root_mac_rx_delta,0.11799303973184855,seven_class,all,extra_trees,3
numeric__mean_rank,0.08907288675823831,seven_class,all,extra_trees,3
numeric__mean_etx_x100,0.0853337040885929,seven_class,all,extra_trees,3
numeric__client_mac_rx_delta,0.0848359130951092,seven_class,all,extra_trees,3
numeric__root_mean_etx_x100,0.06880182011033353,seven_class,all,extra_trees,3
numeric__client_energest_tx_delta,0.06048870353948059,seven_class,all,extra_trees,3
numeric__client_energest_listen_delta,0.06033538977079983,seven_class,all,extra_trees,3
numeric__client_radio_tx_fraction,0.058298018776719654,seven_class,all,extra_trees,3
numeric__p95_etx_x100,0.05074331875169232,seven_class,all,extra_trees,3
numeric__client_mac_acked_delta,0.0494737579201478,seven_class,all,extra_trees,3
numeric__client_mac_tx_attempts_delta,0.046843808143632724,seven_class,all,extra_trees,3
numeric__std_etx_x100,0.03533429704562669,seven_class,all,extra_trees,3
numeric__client_mac_ack_ratio,0.03378823068887268,seven_class,all,extra_trees,3
numeric__root_mac_ack_ratio,0.021091463677980416,seven_class,all,extra_trees,3
numeric__root_radio_tx_fraction,0.019596906317984303,seven_class,all,extra_trees,3
numeric__mean_rssi,0.019133280543264714,seven_class,all,extra_trees,3
numeric__root_energest_tx_delta,0.017823449789762257,seven_class,all,extra_trees,3
numeric__root_mac_tx_attempts_delta,0.012405606061505618,seven_class,all,extra_trees,3
numeric__mean_rtt_ms,0.011139007702946815,seven_class,all,extra_trees,3
numeric__p95_rtt_ms,0.005783851869831757,seven_class,all,extra_trees,3
numeric__max_rtt_ms,0.005438341376654465,seven_class,all,extra_trees,3
numeric__std_rtt_ms,0.0053317143006429875,seven_class,all,extra_trees,3
numeric__median_rtt_ms,0.005277716891441387,seven_class,all,extra_trees,3
numeric__root_server_rx_delta,0.004318941766579789,seven_class,all,extra_trees,3
numeric__root_server_tx_delta,0.0043102910890142855,seven_class,all,extra_trees,3
numeric__root_mac_acked_delta,0.004217588295222157,seven_class,all,extra_trees,3
numeric__app_tx_delta,0.0040738192169942015,seven_class,all,extra_trees,3
numeric__app_rx_delta,0.003952179232411465,seven_class,all,extra_trees,3
numeric__transaction_success_count,0.0033285772889010564,seven_class,all,extra_trees,3
numeric__uplink_success_count,0.003069458461237502,seven_class,all,extra_trees,3
numeric__transaction_count,0.0030625683986375417,seven_class,all,extra_trees,3
numeric__client_energest_total_delta,0.002185507674057749,seven_class,all,extra_trees,3
numeric__app_delivery_ratio,0.0006540573148428961,seven_class,all,extra_trees,3
numeric__app_timeouts_delta,0.0005449934770479956,seven_class,all,extra_trees,3
numeric__client_mac_valid_nodes,0.0005394307392316214,seven_class,all,extra_trees,3
numeric__client_mac_reset_nodes,0.0004974861677403431,seven_class,all,extra_trees,3
numeric__parent_changes_delta,0.0003952379539290666,seven_class,all,extra_trees,3
numeric__queue_drops_delta,0.00025749817687361156,seven_class,all,extra_trees,3
numeric__uplink_delivery_ratio,0.00022813779416941198,seven_class,all,extra_trees,3
numeric__route_miss_delta,0.0,seven_class,all,extra_trees,3
numeric__reachable_fraction,0.0,seven_class,all,extra_trees,3
numeric__root_mean_rssi,0.0,seven_class,all,extra_trees,3
numeric__mean_neighbors,0.0,seven_class,all,extra_trees,3
numeric__root_mac_rx_delta,0.12432662644808973,seven_class,all,extra_trees,4
numeric__mean_rank,0.09356437084702139,seven_class,all,extra_trees,4
numeric__client_mac_rx_delta,0.08150365653080946,seven_class,all,extra_trees,4
numeric__mean_etx_x100,0.08070035450897335,seven_class,all,extra_trees,4
numeric__root_mean_etx_x100,0.07133487712284627,seven_class,all,extra_trees,4
numeric__client_energest_tx_delta,0.05839490945881523,seven_class,all,extra_trees,4
numeric__client_radio_tx_fraction,0.05754097351984223,seven_class,all,extra_trees,4
numeric__client_energest_listen_delta,0.0573093054418921,seven_class,all,extra_trees,4
numeric__p95_etx_x100,0.05011362502588224,seven_class,all,extra_trees,4
numeric__client_mac_acked_delta,0.04864342373614222,seven_class,all,extra_trees,4
numeric__client_mac_tx_attempts_delta,0.043892432175486565,seven_class,all,extra_trees,4
numeric__std_etx_x100,0.03341201805825691,seven_class,all,extra_trees,4
numeric__client_mac_ack_ratio,0.03169166890169567,seven_class,all,extra_trees,4
numeric__mean_rssi,0.024769208623124324,seven_class,all,extra_trees,4
numeric__root_mac_ack_ratio,0.022062674967385013,seven_class,all,extra_trees,4
numeric__root_radio_tx_fraction,0.02151843054227506,seven_class,all,extra_trees,4
numeric__root_energest_tx_delta,0.017379283474722864,seven_class,all,extra_trees,4
numeric__root_mac_tx_attempts_delta,0.01279614662152173,seven_class,all,extra_trees,4
numeric__mean_rtt_ms,0.012010130106768236,seven_class,all,extra_trees,4
numeric__median_rtt_ms,0.0061019670929773435,seven_class,all,extra_trees,4
numeric__p95_rtt_ms,0.006018569094850013,seven_class,all,extra_trees,4
numeric__std_rtt_ms,0.005532282901545127,seven_class,all,extra_trees,4
numeric__max_rtt_ms,0.004979330433895651,seven_class,all,extra_trees,4
numeric__root_server_tx_delta,0.004381259049030699,seven_class,all,extra_trees,4
numeric__root_server_rx_delta,0.004315422466281328,seven_class,all,extra_trees,4
numeric__root_mac_acked_delta,0.003892744721715957,seven_class,all,extra_trees,4
numeric__app_tx_delta,0.003776252042214642,seven_class,all,extra_trees,4
numeric__app_rx_delta,0.0036443071809587556,seven_class,all,extra_trees,4
numeric__transaction_success_count,0.0031305483332050485,seven_class,all,extra_trees,4
numeric__uplink_success_count,0.002921316976395246,seven_class,all,extra_trees,4
numeric__transaction_count,0.0029153102468296535,seven_class,all,extra_trees,4
numeric__client_energest_total_delta,0.002063834412789997,seven_class,all,extra_trees,4
numeric__client_mac_reset_nodes,0.0006064565555870519,seven_class,all,extra_trees,4
numeric__parent_changes_delta,0.0005432377810002529,seven_class,all,extra_trees,4
numeric__client_mac_valid_nodes,0.0005389289051906832,seven_class,all,extra_trees,4
numeric__app_delivery_ratio,0.0005368552645110751,seven_class,all,extra_trees,4
numeric__app_timeouts_delta,0.0004919526929488253,seven_class,all,extra_trees,4
numeric__uplink_delivery_ratio,0.0003374181726193974,seven_class,all,extra_trees,4
numeric__queue_drops_delta,0.0003078895639027359,seven_class,all,extra_trees,4
numeric__route_miss_delta,0.0,seven_class,all,extra_trees,4
numeric__reachable_fraction,0.0,seven_class,all,extra_trees,4
numeric__root_mean_rssi,0.0,seven_class,all,extra_trees,4
numeric__mean_neighbors,0.0,seven_class,all,extra_trees,4
numeric__root_mac_rx_delta,0.11861198074107016,seven_class,all,extra_trees,5
numeric__mean_etx_x100,0.08394254042511196,seven_class,all,extra_trees,5
numeric__client_mac_rx_delta,0.08370685629103332,seven_class,all,extra_trees,5
numeric__mean_rank,0.07922395536207019,seven_class,all,extra_trees,5
numeric__root_mean_etx_x100,0.0707255740400563,seven_class,all,extra_trees,5
numeric__client_energest_listen_delta,0.059029346890753044,seven_class,all,extra_trees,5
numeric__client_energest_tx_delta,0.05805504809022913,seven_class,all,extra_trees,5
numeric__client_radio_tx_fraction,0.05484630912319704,seven_class,all,extra_trees,5
numeric__p95_etx_x100,0.053339443743647,seven_class,all,extra_trees,5
numeric__client_mac_acked_delta,0.04942201388180236,seven_class,all,extra_trees,5
numeric__client_mac_tx_attempts_delta,0.045649796878783955,seven_class,all,extra_trees,5
numeric__std_etx_x100,0.032363443192273675,seven_class,all,extra_trees,5
numeric__client_mac_ack_ratio,0.03166306545852901,seven_class,all,extra_trees,5
numeric__mean_rssi,0.027003631789657173,seven_class,all,extra_trees,5
numeric__root_mac_ack_ratio,0.025350586240236558,seven_class,all,extra_trees,5
numeric__root_radio_tx_fraction,0.02141645744577227,seven_class,all,extra_trees,5
numeric__root_energest_tx_delta,0.019123971880283034,seven_class,all,extra_trees,5
numeric__root_mac_tx_attempts_delta,0.013531469779615023,seven_class,all,extra_trees,5
numeric__mean_rtt_ms,0.011604763049695443,seven_class,all,extra_trees,5
numeric__p95_rtt_ms,0.006648689069807595,seven_class,all,extra_trees,5
numeric__median_rtt_ms,0.006153819111665528,seven_class,all,extra_trees,5
numeric__std_rtt_ms,0.005959231259228641,seven_class,all,extra_trees,5
numeric__max_rtt_ms,0.0054631341663963495,seven_class,all,extra_trees,5
numeric__root_server_tx_delta,0.004840372686847105,seven_class,all,extra_trees,5
numeric__root_server_rx_delta,0.00435661494675805,seven_class,all,extra_trees,5
numeric__root_mac_acked_delta,0.004266135406210006,seven_class,all,extra_trees,5
numeric__app_tx_delta,0.004135145953884538,seven_class,all,extra_trees,5
numeric__app_rx_delta,0.004051341676008477,seven_class,all,extra_trees,5
numeric__transaction_count,0.0033474158546215813,seven_class,all,extra_trees,5
numeric__transaction_success_count,0.0032014531059446293,seven_class,all,extra_trees,5
numeric__uplink_success_count,0.003176298679729511,seven_class,all,extra_trees,5
numeric__client_energest_total_delta,0.002593045033573187,seven_class,all,extra_trees,5
numeric__app_delivery_ratio,0.0006288319599044299,seven_class,all,extra_trees,5
numeric__client_mac_valid_nodes,0.0005877958133634018,seven_class,all,extra_trees,5
numeric__app_timeouts_delta,0.0005799787632735532,seven_class,all,extra_trees,5
numeric__client_mac_reset_nodes,0.00047235306657950987,seven_class,all,extra_trees,5
numeric__parent_changes_delta,0.00043252013395187394,seven_class,all,extra_trees,5
numeric__uplink_delivery_ratio,0.0002601782579299544,seven_class,all,extra_trees,5
numeric__queue_drops_delta,0.00023539075050560307,seven_class,all,extra_trees,5
numeric__route_miss_delta,0.0,seven_class,all,extra_trees,5
numeric__reachable_fraction,0.0,seven_class,all,extra_trees,5
numeric__root_mean_rssi,0.0,seven_class,all,extra_trees,5
numeric__mean_neighbors,0.0,seven_class,all,extra_trees,5
numeric__mean_rtt_ms,0.15881139478598486,attack_subtype,application_qos,extra_trees,1
numeric__p95_rtt_ms,0.13374238374980693,attack_subtype,application_qos,extra_trees,1
numeric__median_rtt_ms,0.1329093468828452,attack_subtype,application_qos,extra_trees,1
numeric__std_rtt_ms,0.12916262281215027,attack_subtype,application_qos,extra_trees,1
numeric__max_rtt_ms,0.12726720407431702,attack_subtype,application_qos,extra_trees,1
numeric__app_rx_delta,0.06114289018438947,attack_subtype,application_qos,extra_trees,1
numeric__app_tx_delta,0.060850423058611595,attack_subtype,application_qos,extra_trees,1
numeric__root_server_rx_delta,0.04553069796578341,attack_subtype,application_qos,extra_trees,1
numeric__root_server_tx_delta,0.04423567746175649,attack_subtype,application_qos,extra_trees,1
numeric__transaction_count,0.03349076229477467,attack_subtype,application_qos,extra_trees,1
numeric__uplink_success_count,0.033296906666473176,attack_subtype,application_qos,extra_trees,1
numeric__transaction_success_count,0.03239389278403991,attack_subtype,application_qos,extra_trees,1
numeric__app_timeouts_delta,0.003962289049113955,attack_subtype,application_qos,extra_trees,1
numeric__app_delivery_ratio,0.0032035082299530612,attack_subtype,application_qos,extra_trees,1
numeric__reachable_fraction,0.0,attack_subtype,application_qos,extra_trees,1
numeric__route_miss_delta,0.0,attack_subtype,application_qos,extra_trees,1
numeric__uplink_delivery_ratio,0.0,attack_subtype,application_qos,extra_trees,1
numeric__mean_rtt_ms,0.16223411031733545,attack_subtype,application_qos,extra_trees,2
numeric__p95_rtt_ms,0.13330917190162453,attack_subtype,application_qos,extra_trees,2
numeric__std_rtt_ms,0.13063493615879346,attack_subtype,application_qos,extra_trees,2
numeric__max_rtt_ms,0.12942417335334086,attack_subtype,application_qos,extra_trees,2
numeric__median_rtt_ms,0.1247491352037658,attack_subtype,application_qos,extra_trees,2
numeric__app_tx_delta,0.0608434781594157,attack_subtype,application_qos,extra_trees,2
numeric__app_rx_delta,0.05917460088828019,attack_subtype,application_qos,extra_trees,2
numeric__root_server_tx_delta,0.046105653254965386,attack_subtype,application_qos,extra_trees,2
numeric__root_server_rx_delta,0.0454663971806576,attack_subtype,application_qos,extra_trees,2
numeric__uplink_success_count,0.03380680174503595,attack_subtype,application_qos,extra_trees,2
numeric__transaction_count,0.033798429718225324,attack_subtype,application_qos,extra_trees,2
numeric__transaction_success_count,0.033380989208213085,attack_subtype,application_qos,extra_trees,2
numeric__app_timeouts_delta,0.0030014169719302596,attack_subtype,application_qos,extra_trees,2
numeric__app_delivery_ratio,0.0021351266443081153,attack_subtype,application_qos,extra_trees,2
numeric__uplink_delivery_ratio,0.0019355792941082733,attack_subtype,application_qos,extra_trees,2
numeric__reachable_fraction,0.0,attack_subtype,application_qos,extra_trees,2
numeric__route_miss_delta,0.0,attack_subtype,application_qos,extra_trees,2
numeric__mean_rtt_ms,0.16533398514489145,attack_subtype,application_qos,extra_trees,3
numeric__std_rtt_ms,0.13528205908495441,attack_subtype,application_qos,extra_trees,3
numeric__p95_rtt_ms,0.13439788534362723,attack_subtype,application_qos,extra_trees,3
numeric__median_rtt_ms,0.12962081229702713,attack_subtype,application_qos,extra_trees,3
numeric__max_rtt_ms,0.1284967423094094,attack_subtype,application_qos,extra_trees,3
numeric__app_tx_delta,0.05680622269723017,attack_subtype,application_qos,extra_trees,3
numeric__app_rx_delta,0.05659916310543496,attack_subtype,application_qos,extra_trees,3
numeric__root_server_rx_delta,0.04320400035693693,attack_subtype,application_qos,extra_trees,3
numeric__root_server_tx_delta,0.04255344260490958,attack_subtype,application_qos,extra_trees,3
numeric__uplink_success_count,0.033248785953472776,attack_subtype,application_qos,extra_trees,3
numeric__transaction_count,0.03253701495258037,attack_subtype,application_qos,extra_trees,3
numeric__transaction_success_count,0.03207556929287483,attack_subtype,application_qos,extra_trees,3
numeric__app_timeouts_delta,0.004435595505403319,attack_subtype,application_qos,extra_trees,3
numeric__app_delivery_ratio,0.003407325905522361,attack_subtype,application_qos,extra_trees,3
numeric__uplink_delivery_ratio,0.00200139544572507,attack_subtype,application_qos,extra_trees,3
numeric__reachable_fraction,0.0,attack_subtype,application_qos,extra_trees,3
numeric__route_miss_delta,0.0,attack_subtype,application_qos,extra_trees,3
numeric__mean_rtt_ms,0.16547098219290643,attack_subtype,application_qos,extra_trees,4
numeric__p95_rtt_ms,0.13312615004919867,attack_subtype,application_qos,extra_trees,4
numeric__max_rtt_ms,0.13047322333568995,attack_subtype,application_qos,extra_trees,4
numeric__std_rtt_ms,0.12974396018791082,attack_subtype,application_qos,extra_trees,4
numeric__median_rtt_ms,0.126469675064729,attack_subtype,application_qos,extra_trees,4
numeric__app_rx_delta,0.06185135370455353,attack_subtype,application_qos,extra_trees,4
numeric__app_tx_delta,0.061365742526987004,attack_subtype,application_qos,extra_trees,4
numeric__root_server_rx_delta,0.0464536778007452,attack_subtype,application_qos,extra_trees,4
numeric__root_server_tx_delta,0.046327133716800556,attack_subtype,application_qos,extra_trees,4
numeric__uplink_success_count,0.02998762532461364,attack_subtype,application_qos,extra_trees,4
numeric__transaction_count,0.02990278030894703,attack_subtype,application_qos,extra_trees,4
numeric__transaction_success_count,0.029509549502497654,attack_subtype,application_qos,extra_trees,4
numeric__app_timeouts_delta,0.004782161826870965,attack_subtype,application_qos,extra_trees,4
numeric__app_delivery_ratio,0.002517763686965652,attack_subtype,application_qos,extra_trees,4
numeric__uplink_delivery_ratio,0.002018220770584009,attack_subtype,application_qos,extra_trees,4
numeric__reachable_fraction,0.0,attack_subtype,application_qos,extra_trees,4
numeric__route_miss_delta,0.0,attack_subtype,application_qos,extra_trees,4
numeric__mean_rtt_ms,0.16033613779102793,attack_subtype,application_qos,extra_trees,5
numeric__std_rtt_ms,0.13322420701812573,attack_subtype,application_qos,extra_trees,5
numeric__p95_rtt_ms,0.13294001439002961,attack_subtype,application_qos,extra_trees,5
numeric__max_rtt_ms,0.12919234278709468,attack_subtype,application_qos,extra_trees,5
numeric__median_rtt_ms,0.12395933268437398,attack_subtype,application_qos,extra_trees,5
numeric__app_rx_delta,0.060744481226352585,attack_subtype,application_qos,extra_trees,5
numeric__app_tx_delta,0.059228808871416246,attack_subtype,application_qos,extra_trees,5
numeric__root_server_rx_delta,0.04837541481442709,attack_subtype,application_qos,extra_trees,5
numeric__root_server_tx_delta,0.04771374489003625,attack_subtype,application_qos,extra_trees,5
numeric__uplink_success_count,0.03194861370124599,attack_subtype,application_qos,extra_trees,5
numeric__transaction_success_count,0.0317673410131803,attack_subtype,application_qos,extra_trees,5
numeric__transaction_count,0.03175918292893388,attack_subtype,application_qos,extra_trees,5
numeric__app_timeouts_delta,0.004548854892637955,attack_subtype,application_qos,extra_trees,5
numeric__app_delivery_ratio,0.002436759469810281,attack_subtype,application_qos,extra_trees,5
numeric__uplink_delivery_ratio,0.0018247635213075278,attack_subtype,application_qos,extra_trees,5
numeric__reachable_fraction,0.0,attack_subtype,application_qos,extra_trees,5
numeric__route_miss_delta,0.0,attack_subtype,application_qos,extra_trees,5
numeric__mean_rank,0.25600187403327657,attack_subtype,routing,extra_trees,1
numeric__mean_etx_x100,0.19442050029392757,attack_subtype,routing,extra_trees,1
numeric__p95_etx_x100,0.1528757742815946,attack_subtype,routing,extra_trees,1
numeric__std_etx_x100,0.14984878761351086,attack_subtype,routing,extra_trees,1
numeric__mean_rssi,0.1282440781378973,attack_subtype,routing,extra_trees,1
numeric__root_mean_etx_x100,0.11860898563979327,attack_subtype,routing,extra_trees,1
numeric__mean_neighbors,0.0,attack_subtype,routing,extra_trees,1
numeric__parent_changes_delta,0.0,attack_subtype,routing,extra_trees,1
numeric__root_mean_rssi,0.0,attack_subtype,routing,extra_trees,1
numeric__mean_etx_x100,0.20682530742141422,attack_subtype,routing,extra_trees,2
numeric__mean_rank,0.20213080403726508,attack_subtype,routing,extra_trees,2
numeric__p95_etx_x100,0.17044555559665533,attack_subtype,routing,extra_trees,2
numeric__std_etx_x100,0.16457322165311927,attack_subtype,routing,extra_trees,2
numeric__mean_rssi,0.1330169127495983,attack_subtype,routing,extra_trees,2
numeric__root_mean_etx_x100,0.12300819854194793,attack_subtype,routing,extra_trees,2
numeric__mean_neighbors,0.0,attack_subtype,routing,extra_trees,2
numeric__parent_changes_delta,0.0,attack_subtype,routing,extra_trees,2
numeric__root_mean_rssi,0.0,attack_subtype,routing,extra_trees,2
numeric__mean_rank,0.2381764811833221,attack_subtype,routing,extra_trees,3
numeric__mean_etx_x100,0.19148957211598946,attack_subtype,routing,extra_trees,3
numeric__p95_etx_x100,0.156953519469452,attack_subtype,routing,extra_trees,3
numeric__std_etx_x100,0.1529630648735413,attack_subtype,routing,extra_trees,3
numeric__mean_rssi,0.14025007621019187,attack_subtype,routing,extra_trees,3
numeric__root_mean_etx_x100,0.12016728614750324,attack_subtype,routing,extra_trees,3
numeric__mean_neighbors,0.0,attack_subtype,routing,extra_trees,3
numeric__parent_changes_delta,0.0,attack_subtype,routing,extra_trees,3
numeric__root_mean_rssi,0.0,attack_subtype,routing,extra_trees,3
numeric__mean_rank,0.2245653957026656,attack_subtype,routing,extra_trees,4
numeric__mean_etx_x100,0.20473994161044817,attack_subtype,routing,extra_trees,4
numeric__p95_etx_x100,0.16540679811680947,attack_subtype,routing,extra_trees,4
numeric__std_etx_x100,0.16156535991086532,attack_subtype,routing,extra_trees,4
numeric__mean_rssi,0.13043080607203522,attack_subtype,routing,extra_trees,4
numeric__root_mean_etx_x100,0.11329169858717625,attack_subtype,routing,extra_trees,4
numeric__mean_neighbors,0.0,attack_subtype,routing,extra_trees,4
numeric__parent_changes_delta,0.0,attack_subtype,routing,extra_trees,4
numeric__root_mean_rssi,0.0,attack_subtype,routing,extra_trees,4
numeric__mean_rank,0.20585502170719258,attack_subtype,routing,extra_trees,5
numeric__mean_etx_x100,0.19885705631886644,attack_subtype,routing,extra_trees,5
numeric__p95_etx_x100,0.16037005183526334,attack_subtype,routing,extra_trees,5
numeric__std_etx_x100,0.15776928781808164,attack_subtype,routing,extra_trees,5
numeric__mean_rssi,0.15005318199001114,attack_subtype,routing,extra_trees,5
numeric__root_mean_etx_x100,0.12709540033058495,attack_subtype,routing,extra_trees,5
numeric__mean_neighbors,0.0,attack_subtype,routing,extra_trees,5
numeric__parent_changes_delta,0.0,attack_subtype,routing,extra_trees,5
numeric__root_mean_rssi,0.0,attack_subtype,routing,extra_trees,5
numeric__root_mac_rx_delta,0.47128047470746776,attack_subtype,mac,extra_trees,1
numeric__client_mac_rx_delta,0.17313439392072077,attack_subtype,mac,extra_trees,1
numeric__client_mac_acked_delta,0.15946541874084896,attack_subtype,mac,extra_trees,1
numeric__client_mac_tx_attempts_delta,0.14964199210151244,attack_subtype,mac,extra_trees,1
numeric__root_mac_acked_delta,0.015764070562402917,attack_subtype,mac,extra_trees,1
numeric__root_mac_tx_attempts_delta,0.012180629957472603,attack_subtype,mac,extra_trees,1
numeric__client_mac_ack_ratio,0.010996364181868053,attack_subtype,mac,extra_trees,1
numeric__root_mac_ack_ratio,0.007473368696531034,attack_subtype,mac,extra_trees,1
numeric__queue_drops_delta,6.328713117522282e-05,attack_subtype,mac,extra_trees,1
numeric__client_mac_reset_nodes,0.0,attack_subtype,mac,extra_trees,1
numeric__client_mac_valid_nodes,0.0,attack_subtype,mac,extra_trees,1
numeric__root_mac_rx_delta,0.4842772878904732,attack_subtype,mac,extra_trees,2
numeric__client_mac_acked_delta,0.16191053674596545,attack_subtype,mac,extra_trees,2
numeric__client_mac_rx_delta,0.15550710539632764,attack_subtype,mac,extra_trees,2
numeric__client_mac_tx_attempts_delta,0.14926438212194845,attack_subtype,mac,extra_trees,2
numeric__root_mac_acked_delta,0.015882537694132167,attack_subtype,mac,extra_trees,2
numeric__root_mac_tx_attempts_delta,0.012252226646206392,attack_subtype,mac,extra_trees,2
numeric__client_mac_ack_ratio,0.011185906211588964,attack_subtype,mac,extra_trees,2
numeric__root_mac_ack_ratio,0.008313985923717689,attack_subtype,mac,extra_trees,2
numeric__queue_drops_delta,0.001406031369640012,attack_subtype,mac,extra_trees,2
numeric__client_mac_reset_nodes,0.0,attack_subtype,mac,extra_trees,2
numeric__client_mac_valid_nodes,0.0,attack_subtype,mac,extra_trees,2
numeric__root_mac_rx_delta,0.47403215210339666,attack_subtype,mac,extra_trees,3
numeric__client_mac_rx_delta,0.1762464593946296,attack_subtype,mac,extra_trees,3
numeric__client_mac_acked_delta,0.15845319883495282,attack_subtype,mac,extra_trees,3
numeric__client_mac_tx_attempts_delta,0.1454001049982613,attack_subtype,mac,extra_trees,3
numeric__root_mac_acked_delta,0.015164719682360854,attack_subtype,mac,extra_trees,3
numeric__root_mac_tx_attempts_delta,0.01199968690532987,attack_subtype,mac,extra_trees,3
numeric__client_mac_ack_ratio,0.010210329464042595,attack_subtype,mac,extra_trees,3
numeric__root_mac_ack_ratio,0.006888187112353412,attack_subtype,mac,extra_trees,3
numeric__queue_drops_delta,0.001605161504672868,attack_subtype,mac,extra_trees,3
numeric__client_mac_reset_nodes,0.0,attack_subtype,mac,extra_trees,3
numeric__client_mac_valid_nodes,0.0,attack_subtype,mac,extra_trees,3
numeric__root_mac_rx_delta,0.48257201865419735,attack_subtype,mac,extra_trees,4
numeric__client_mac_rx_delta,0.16486399057207593,attack_subtype,mac,extra_trees,4
numeric__client_mac_acked_delta,0.16021299145549936,attack_subtype,mac,extra_trees,4
numeric__client_mac_tx_attempts_delta,0.1458460588023373,attack_subtype,mac,extra_trees,4
numeric__root_mac_acked_delta,0.015486114654713305,attack_subtype,mac,extra_trees,4
numeric__root_mac_tx_attempts_delta,0.012794930747735618,attack_subtype,mac,extra_trees,4
numeric__client_mac_ack_ratio,0.009537595070008113,attack_subtype,mac,extra_trees,4
numeric__root_mac_ack_ratio,0.006945711391091393,attack_subtype,mac,extra_trees,4
numeric__queue_drops_delta,0.001740588652341589,attack_subtype,mac,extra_trees,4
numeric__client_mac_reset_nodes,0.0,attack_subtype,mac,extra_trees,4
numeric__client_mac_valid_nodes,0.0,attack_subtype,mac,extra_trees,4
numeric__root_mac_rx_delta,0.4651546306569517,attack_subtype,mac,extra_trees,5
numeric__client_mac_rx_delta,0.17422514486438473,attack_subtype,mac,extra_trees,5
numeric__client_mac_acked_delta,0.1590032943362167,attack_subtype,mac,extra_trees,5
numeric__client_mac_tx_attempts_delta,0.1541475500645958,attack_subtype,mac,extra_trees,5
numeric__root_mac_acked_delta,0.01588037251803793,attack_subtype,mac,extra_trees,5
numeric__client_mac_ack_ratio,0.011006113611754355,attack_subtype,mac,extra_trees,5
numeric__root_mac_tx_attempts_delta,0.010982192754692519,attack_subtype,mac,extra_trees,5
numeric__root_mac_ack_ratio,0.00804414767750657,attack_subtype,mac,extra_trees,5
numeric__queue_drops_delta,0.001556553515859596,attack_subtype,mac,extra_trees,5
numeric__client_mac_reset_nodes,0.0,attack_subtype,mac,extra_trees,5
numeric__client_mac_valid_nodes,0.0,attack_subtype,mac,extra_trees,5
numeric__client_energest_listen_delta,0.22645907798112966,attack_subtype,radio,extra_trees,1
numeric__client_radio_tx_fraction,0.2126649816633166,attack_subtype,radio,extra_trees,1
numeric__client_energest_tx_delta,0.20817128853670797,attack_subtype,radio,extra_trees,1
numeric__root_energest_tx_delta,0.1625063218579573,attack_subtype,radio,extra_trees,1
numeric__root_radio_tx_fraction,0.1598953886938825,attack_subtype,radio,extra_trees,1
numeric__client_energest_total_delta,0.030302941267005917,attack_subtype,radio,extra_trees,1
numeric__client_energest_listen_delta,0.2248621532276331,attack_subtype,radio,extra_trees,2
numeric__client_radio_tx_fraction,0.21572481966635063,attack_subtype,radio,extra_trees,2
numeric__client_energest_tx_delta,0.21057744009569274,attack_subtype,radio,extra_trees,2
numeric__root_energest_tx_delta,0.16427074782330145,attack_subtype,radio,extra_trees,2
numeric__root_radio_tx_fraction,0.15707610338879988,attack_subtype,radio,extra_trees,2
numeric__client_energest_total_delta,0.02748873579822221,attack_subtype,radio,extra_trees,2
numeric__client_energest_listen_delta,0.2285974517169284,attack_subtype,radio,extra_trees,3
numeric__client_radio_tx_fraction,0.2135624282779013,attack_subtype,radio,extra_trees,3
numeric__client_energest_tx_delta,0.2079567804632558,attack_subtype,radio,extra_trees,3
numeric__root_radio_tx_fraction,0.16298037267768728,attack_subtype,radio,extra_trees,3
numeric__root_energest_tx_delta,0.15545400944173252,attack_subtype,radio,extra_trees,3
numeric__client_energest_total_delta,0.03144895742249479,attack_subtype,radio,extra_trees,3
numeric__client_energest_listen_delta,0.22290921706227207,attack_subtype,radio,extra_trees,4
numeric__client_radio_tx_fraction,0.21173206434132982,attack_subtype,radio,extra_trees,4
numeric__client_energest_tx_delta,0.2086027742203104,attack_subtype,radio,extra_trees,4
numeric__root_energest_tx_delta,0.16628569083785247,attack_subtype,radio,extra_trees,4
numeric__root_radio_tx_fraction,0.16444143430258248,attack_subtype,radio,extra_trees,4
numeric__client_energest_total_delta,0.02602881923565281,attack_subtype,radio,extra_trees,4
numeric__client_energest_listen_delta,0.23343919234137556,attack_subtype,radio,extra_trees,5
numeric__client_radio_tx_fraction,0.21075338015284498,attack_subtype,radio,extra_trees,5
numeric__client_energest_tx_delta,0.21063312030084275,attack_subtype,radio,extra_trees,5
numeric__root_energest_tx_delta,0.1587775139262756,attack_subtype,radio,extra_trees,5
numeric__root_radio_tx_fraction,0.15394777494513484,attack_subtype,radio,extra_trees,5
numeric__client_energest_total_delta,0.03244901833352624,attack_subtype,radio,extra_trees,5
numeric__root_mac_rx_delta,0.28995292241002885,attack_subtype,all,extra_trees,1
numeric__client_mac_rx_delta,0.1028210865355201,attack_subtype,all,extra_trees,1
numeric__client_mac_acked_delta,0.09114858176162795,attack_subtype,all,extra_trees,1
numeric__client_mac_tx_attempts_delta,0.07505986240303349,attack_subtype,all,extra_trees,1
numeric__client_radio_tx_fraction,0.06971334706326227,attack_subtype,all,extra_trees,1
numeric__client_energest_tx_delta,0.059219744945671886,attack_subtype,all,extra_trees,1
numeric__client_energest_listen_delta,0.0573283058578624,attack_subtype,all,extra_trees,1
numeric__root_energest_tx_delta,0.04600005559721592,attack_subtype,all,extra_trees,1
numeric__root_radio_tx_fraction,0.04039337285361596,attack_subtype,all,extra_trees,1
numeric__mean_rank,0.01627883611927031,attack_subtype,all,extra_trees,1
numeric__p95_etx_x100,0.011484604001795379,attack_subtype,all,extra_trees,1
numeric__mean_etx_x100,0.011417527659193075,attack_subtype,all,extra_trees,1
numeric__root_mean_etx_x100,0.009805578176947613,attack_subtype,all,extra_trees,1
numeric__mean_rssi,0.009424158401103494,attack_subtype,all,extra_trees,1
numeric__std_etx_x100,0.009014766054636521,attack_subtype,all,extra_trees,1
numeric__mean_rtt_ms,0.007574046763916142,attack_subtype,all,extra_trees,1
numeric__root_server_tx_delta,0.007407218936967903,attack_subtype,all,extra_trees,1
numeric__root_mac_acked_delta,0.006682133044213627,attack_subtype,all,extra_trees,1
numeric__std_rtt_ms,0.006596154909663635,attack_subtype,all,extra_trees,1
numeric__median_rtt_ms,0.006532559008336783,attack_subtype,all,extra_trees,1
numeric__p95_rtt_ms,0.006505834402321174,attack_subtype,all,extra_trees,1
numeric__root_server_rx_delta,0.006480993156984557,attack_subtype,all,extra_trees,1
numeric__max_rtt_ms,0.006480609430969012,attack_subtype,all,extra_trees,1
numeric__app_rx_delta,0.006433897439194755,attack_subtype,all,extra_trees,1
numeric__client_mac_ack_ratio,0.006226064310269613,attack_subtype,all,extra_trees,1
numeric__root_mac_tx_attempts_delta,0.006172202910275246,attack_subtype,all,extra_trees,1
numeric__app_tx_delta,0.005494834893966294,attack_subtype,all,extra_trees,1
numeric__root_mac_ack_ratio,0.004942226034879541,attack_subtype,all,extra_trees,1
numeric__transaction_count,0.004468002311384823,attack_subtype,all,extra_trees,1
numeric__transaction_success_count,0.004360644919872451,attack_subtype,all,extra_trees,1
numeric__uplink_success_count,0.004241757121089491,attack_subtype,all,extra_trees,1
numeric__client_energest_total_delta,0.0038425556037936857,attack_subtype,all,extra_trees,1
numeric__app_delivery_ratio,0.0002543310986571525,attack_subtype,all,extra_trees,1
numeric__app_timeouts_delta,0.00023577899410327796,attack_subtype,all,extra_trees,1
numeric__queue_drops_delta,5.4048683556878935e-06,attack_subtype,all,extra_trees,1
numeric__route_miss_delta,0.0,attack_subtype,all,extra_trees,1
numeric__reachable_fraction,0.0,attack_subtype,all,extra_trees,1
numeric__mean_neighbors,0.0,attack_subtype,all,extra_trees,1
numeric__uplink_delivery_ratio,0.0,attack_subtype,all,extra_trees,1
numeric__root_mean_rssi,0.0,attack_subtype,all,extra_trees,1
numeric__parent_changes_delta,0.0,attack_subtype,all,extra_trees,1
numeric__client_mac_valid_nodes,0.0,attack_subtype,all,extra_trees,1
numeric__client_mac_reset_nodes,0.0,attack_subtype,all,extra_trees,1
numeric__root_mac_rx_delta,0.30150191890212746,attack_subtype,all,extra_trees,2
numeric__client_mac_acked_delta,0.09508589247855526,attack_subtype,all,extra_trees,2
numeric__client_mac_rx_delta,0.09488345893864226,attack_subtype,all,extra_trees,2
numeric__client_mac_tx_attempts_delta,0.07450562515254272,attack_subtype,all,extra_trees,2
numeric__client_radio_tx_fraction,0.06404403718604418,attack_subtype,all,extra_trees,2
numeric__client_energest_tx_delta,0.06169116662202898,attack_subtype,all,extra_trees,2
numeric__client_energest_listen_delta,0.056774804687769805,attack_subtype,all,extra_trees,2
numeric__root_energest_tx_delta,0.04618588726714934,attack_subtype,all,extra_trees,2
numeric__root_radio_tx_fraction,0.0372040576580884,attack_subtype,all,extra_trees,2
numeric__mean_etx_x100,0.013611424730164226,attack_subtype,all,extra_trees,2
numeric__p95_etx_x100,0.011009507174370506,attack_subtype,all,extra_trees,2
numeric__mean_rank,0.010248054525520987,attack_subtype,all,extra_trees,2
numeric__std_etx_x100,0.009913668232147538,attack_subtype,all,extra_trees,2
numeric__root_mean_etx_x100,0.00888464340908606,attack_subtype,all,extra_trees,2
numeric__root_server_rx_delta,0.00782085496231408,attack_subtype,all,extra_trees,2
numeric__mean_rssi,0.007583587203155118,attack_subtype,all,extra_trees,2
numeric__mean_rtt_ms,0.007513917622443299,attack_subtype,all,extra_trees,2
numeric__std_rtt_ms,0.007366261417278137,attack_subtype,all,extra_trees,2
numeric__max_rtt_ms,0.0071330575967001545,attack_subtype,all,extra_trees,2
numeric__root_server_tx_delta,0.007122110904091996,attack_subtype,all,extra_trees,2
numeric__p95_rtt_ms,0.0070736436323272055,attack_subtype,all,extra_trees,2
numeric__app_rx_delta,0.006969512538988975,attack_subtype,all,extra_trees,2
numeric__median_rtt_ms,0.006768338782893378,attack_subtype,all,extra_trees,2
numeric__root_mac_acked_delta,0.006384250605344767,attack_subtype,all,extra_trees,2
numeric__root_mac_tx_attempts_delta,0.006283074233791384,attack_subtype,all,extra_trees,2
numeric__client_mac_ack_ratio,0.006255548427660877,attack_subtype,all,extra_trees,2
numeric__app_tx_delta,0.0058962524614521086,attack_subtype,all,extra_trees,2
numeric__root_mac_ack_ratio,0.005167147344994867,attack_subtype,all,extra_trees,2
numeric__transaction_count,0.0044366336867533735,attack_subtype,all,extra_trees,2
numeric__transaction_success_count,0.004311552170873535,attack_subtype,all,extra_trees,2
numeric__uplink_success_count,0.004279193403075726,attack_subtype,all,extra_trees,2
numeric__client_energest_total_delta,0.0038232805590394463,attack_subtype,all,extra_trees,2
numeric__queue_drops_delta,0.0006515001058894725,attack_subtype,all,extra_trees,2
numeric__app_timeouts_delta,0.0005914528345837503,attack_subtype,all,extra_trees,2
numeric__uplink_delivery_ratio,0.0005871046905983786,attack_subtype,all,extra_trees,2
numeric__app_delivery_ratio,0.0004375778515122596,attack_subtype,all,extra_trees,2
numeric__reachable_fraction,0.0,attack_subtype,all,extra_trees,2
numeric__route_miss_delta,0.0,attack_subtype,all,extra_trees,2
numeric__mean_neighbors,0.0,attack_subtype,all,extra_trees,2
numeric__root_mean_rssi,0.0,attack_subtype,all,extra_trees,2
numeric__parent_changes_delta,0.0,attack_subtype,all,extra_trees,2
numeric__client_mac_valid_nodes,0.0,attack_subtype,all,extra_trees,2
numeric__client_mac_reset_nodes,0.0,attack_subtype,all,extra_trees,2
numeric__root_mac_rx_delta,0.2890500072428939,attack_subtype,all,extra_trees,3
numeric__client_mac_rx_delta,0.11054886675454544,attack_subtype,all,extra_trees,3
numeric__client_mac_acked_delta,0.09347791668193906,attack_subtype,all,extra_trees,3
numeric__client_mac_tx_attempts_delta,0.07278591462623678,attack_subtype,all,extra_trees,3
numeric__client_radio_tx_fraction,0.06676877017341933,attack_subtype,all,extra_trees,3
numeric__client_energest_tx_delta,0.058627246502617365,attack_subtype,all,extra_trees,3
numeric__client_energest_listen_delta,0.057322969010764,attack_subtype,all,extra_trees,3
numeric__root_energest_tx_delta,0.0465839783747492,attack_subtype,all,extra_trees,3
numeric__root_radio_tx_fraction,0.040360692250199275,attack_subtype,all,extra_trees,3
numeric__mean_rank,0.014209116598043896,attack_subtype,all,extra_trees,3
numeric__mean_etx_x100,0.012561989266655927,attack_subtype,all,extra_trees,3
numeric__p95_etx_x100,0.010459780754460132,attack_subtype,all,extra_trees,3
numeric__std_etx_x100,0.009209887855562426,attack_subtype,all,extra_trees,3
numeric__root_mean_etx_x100,0.008394198543144434,attack_subtype,all,extra_trees,3
numeric__mean_rssi,0.007098848032278559,attack_subtype,all,extra_trees,3
numeric__root_server_rx_delta,0.007001556288269393,attack_subtype,all,extra_trees,3
numeric__max_rtt_ms,0.006888189587399473,attack_subtype,all,extra_trees,3
numeric__mean_rtt_ms,0.006875132085689827,attack_subtype,all,extra_trees,3
numeric__std_rtt_ms,0.006731318478966308,attack_subtype,all,extra_trees,3
numeric__client_mac_ack_ratio,0.006709849092846041,attack_subtype,all,extra_trees,3
numeric__app_tx_delta,0.006468279273892774,attack_subtype,all,extra_trees,3
numeric__app_rx_delta,0.006433386142103832,attack_subtype,all,extra_trees,3
numeric__p95_rtt_ms,0.006423742496539119,attack_subtype,all,extra_trees,3
numeric__root_mac_tx_attempts_delta,0.006398087992536807,attack_subtype,all,extra_trees,3
numeric__root_mac_acked_delta,0.006378308095878147,attack_subtype,all,extra_trees,3
numeric__root_server_tx_delta,0.006368724380271864,attack_subtype,all,extra_trees,3
numeric__median_rtt_ms,0.00636692489917039,attack_subtype,all,extra_trees,3
numeric__root_mac_ack_ratio,0.0051445767262863545,attack_subtype,all,extra_trees,3
numeric__uplink_success_count,0.004244112239167846,attack_subtype,all,extra_trees,3
numeric__transaction_count,0.004184778087564535,attack_subtype,all,extra_trees,3
numeric__transaction_success_count,0.0041394348652096765,attack_subtype,all,extra_trees,3
numeric__client_energest_total_delta,0.0033374069350618745,attack_subtype,all,extra_trees,3
numeric__app_delivery_ratio,0.0006391558908398338,attack_subtype,all,extra_trees,3
numeric__queue_drops_delta,0.0006209325134246169,attack_subtype,all,extra_trees,3
numeric__app_timeouts_delta,0.0006077733090570775,attack_subtype,all,extra_trees,3
numeric__uplink_delivery_ratio,0.0005781479523145177,attack_subtype,all,extra_trees,3
numeric__reachable_fraction,0.0,attack_subtype,all,extra_trees,3
numeric__route_miss_delta,0.0,attack_subtype,all,extra_trees,3
numeric__mean_neighbors,0.0,attack_subtype,all,extra_trees,3
numeric__root_mean_rssi,0.0,attack_subtype,all,extra_trees,3
numeric__parent_changes_delta,0.0,attack_subtype,all,extra_trees,3
numeric__client_mac_valid_nodes,0.0,attack_subtype,all,extra_trees,3
numeric__client_mac_reset_nodes,0.0,attack_subtype,all,extra_trees,3
numeric__root_mac_rx_delta,0.301598800801164,attack_subtype,all,extra_trees,4
numeric__client_mac_rx_delta,0.10319882288116594,attack_subtype,all,extra_trees,4
numeric__client_mac_acked_delta,0.09411340705175708,attack_subtype,all,extra_trees,4
numeric__client_mac_tx_attempts_delta,0.0720179671194345,attack_subtype,all,extra_trees,4
numeric__client_energest_listen_delta,0.06218605369932017,attack_subtype,all,extra_trees,4
numeric__client_radio_tx_fraction,0.06178368830289609,attack_subtype,all,extra_trees,4
numeric__client_energest_tx_delta,0.058149929113920175,attack_subtype,all,extra_trees,4
numeric__root_energest_tx_delta,0.046624517013361635,attack_subtype,all,extra_trees,4
numeric__root_radio_tx_fraction,0.03679467155799176,attack_subtype,all,extra_trees,4
numeric__mean_etx_x100,0.012079139002342094,attack_subtype,all,extra_trees,4
numeric__mean_rank,0.0119230026602657,attack_subtype,all,extra_trees,4
numeric__p95_etx_x100,0.010687411234586077,attack_subtype,all,extra_trees,4
numeric__std_etx_x100,0.010238215153270756,attack_subtype,all,extra_trees,4
numeric__mean_rssi,0.008599297163556239,attack_subtype,all,extra_trees,4
numeric__root_mean_etx_x100,0.008089548717925036,attack_subtype,all,extra_trees,4
numeric__std_rtt_ms,0.007191179355537419,attack_subtype,all,extra_trees,4
numeric__root_server_rx_delta,0.0070992480854127115,attack_subtype,all,extra_trees,4
numeric__root_server_tx_delta,0.0069058847191662675,attack_subtype,all,extra_trees,4
numeric__mean_rtt_ms,0.006888567163363598,attack_subtype,all,extra_trees,4
numeric__root_mac_acked_delta,0.006869917919931251,attack_subtype,all,extra_trees,4
numeric__max_rtt_ms,0.006591965657071162,attack_subtype,all,extra_trees,4
numeric__p95_rtt_ms,0.006410663024672398,attack_subtype,all,extra_trees,4
numeric__root_mac_tx_attempts_delta,0.006286515815459216,attack_subtype,all,extra_trees,4
numeric__median_rtt_ms,0.006020944655243813,attack_subtype,all,extra_trees,4
numeric__client_mac_ack_ratio,0.005890196312586608,attack_subtype,all,extra_trees,4
numeric__app_rx_delta,0.005799716865270585,attack_subtype,all,extra_trees,4
numeric__root_mac_ack_ratio,0.005176231390527027,attack_subtype,all,extra_trees,4
numeric__app_tx_delta,0.005127620248038911,attack_subtype,all,extra_trees,4
numeric__transaction_count,0.004755603406793581,attack_subtype,all,extra_trees,4
numeric__transaction_success_count,0.004741210280542094,attack_subtype,all,extra_trees,4
numeric__uplink_success_count,0.0043881921796444226,attack_subtype,all,extra_trees,4
numeric__client_energest_total_delta,0.0031569375126064207,attack_subtype,all,extra_trees,4
numeric__uplink_delivery_ratio,0.0007093070980486084,attack_subtype,all,extra_trees,4
numeric__app_delivery_ratio,0.0006443911032301352,attack_subtype,all,extra_trees,4
numeric__app_timeouts_delta,0.0006422949770427199,attack_subtype,all,extra_trees,4
numeric__queue_drops_delta,0.00061894075685387,attack_subtype,all,extra_trees,4
numeric__reachable_fraction,0.0,attack_subtype,all,extra_trees,4
numeric__route_miss_delta,0.0,attack_subtype,all,extra_trees,4
numeric__mean_neighbors,0.0,attack_subtype,all,extra_trees,4
numeric__root_mean_rssi,0.0,attack_subtype,all,extra_trees,4
numeric__parent_changes_delta,0.0,attack_subtype,all,extra_trees,4
numeric__client_mac_valid_nodes,0.0,attack_subtype,all,extra_trees,4
numeric__client_mac_reset_nodes,0.0,attack_subtype,all,extra_trees,4
numeric__root_mac_rx_delta,0.2948909615347125,attack_subtype,all,extra_trees,5
numeric__client_mac_rx_delta,0.10051257502215145,attack_subtype,all,extra_trees,5
numeric__client_mac_acked_delta,0.09331995030950707,attack_subtype,all,extra_trees,5
numeric__client_mac_tx_attempts_delta,0.07033998006495777,attack_subtype,all,extra_trees,5
numeric__client_radio_tx_fraction,0.06580247168388646,attack_subtype,all,extra_trees,5
numeric__client_energest_listen_delta,0.061096983010181176,attack_subtype,all,extra_trees,5
numeric__client_energest_tx_delta,0.05963378395620737,attack_subtype,all,extra_trees,5
numeric__root_energest_tx_delta,0.04625952854657035,attack_subtype,all,extra_trees,5
numeric__root_radio_tx_fraction,0.03757765613219316,attack_subtype,all,extra_trees,5
numeric__mean_etx_x100,0.013206828787310592,attack_subtype,all,extra_trees,5
numeric__std_etx_x100,0.010861510819404794,attack_subtype,all,extra_trees,5
numeric__p95_etx_x100,0.010830902383881099,attack_subtype,all,extra_trees,5
numeric__mean_rank,0.010820617222198035,attack_subtype,all,extra_trees,5
numeric__root_mean_etx_x100,0.009812703254520234,attack_subtype,all,extra_trees,5
numeric__mean_rssi,0.008264254020786808,attack_subtype,all,extra_trees,5
numeric__root_server_rx_delta,0.007917086747934735,attack_subtype,all,extra_trees,5
numeric__max_rtt_ms,0.007514928549647454,attack_subtype,all,extra_trees,5
numeric__mean_rtt_ms,0.007446467878287261,attack_subtype,all,extra_trees,5
numeric__root_server_tx_delta,0.0073302456103570834,attack_subtype,all,extra_trees,5
numeric__std_rtt_ms,0.007146080129903871,attack_subtype,all,extra_trees,5
numeric__p95_rtt_ms,0.00702946707249389,attack_subtype,all,extra_trees,5
numeric__root_mac_acked_delta,0.006826697601499558,attack_subtype,all,extra_trees,5
numeric__client_mac_ack_ratio,0.006570637324225897,attack_subtype,all,extra_trees,5
numeric__app_rx_delta,0.006012489257308289,attack_subtype,all,extra_trees,5
numeric__median_rtt_ms,0.005973852377610977,attack_subtype,all,extra_trees,5
numeric__app_tx_delta,0.0057965512592947025,attack_subtype,all,extra_trees,5
numeric__root_mac_tx_attempts_delta,0.00572414206021068,attack_subtype,all,extra_trees,5
numeric__root_mac_ack_ratio,0.00539562187555897,attack_subtype,all,extra_trees,5
numeric__uplink_success_count,0.0044995428466157745,attack_subtype,all,extra_trees,5
numeric__transaction_success_count,0.004476812494453259,attack_subtype,all,extra_trees,5
numeric__client_energest_total_delta,0.004453770631992895,attack_subtype,all,extra_trees,5
numeric__transaction_count,0.004189650937657098,attack_subtype,all,extra_trees,5
numeric__app_timeouts_delta,0.0007630348823391855,attack_subtype,all,extra_trees,5
numeric__uplink_delivery_ratio,0.0006069063222798285,attack_subtype,all,extra_trees,5
numeric__queue_drops_delta,0.0005795226386845039,attack_subtype,all,extra_trees,5
numeric__app_delivery_ratio,0.000515784753175294,attack_subtype,all,extra_trees,5
numeric__reachable_fraction,0.0,attack_subtype,all,extra_trees,5
numeric__route_miss_delta,0.0,attack_subtype,all,extra_trees,5
numeric__mean_neighbors,0.0,attack_subtype,all,extra_trees,5
numeric__root_mean_rssi,0.0,attack_subtype,all,extra_trees,5
numeric__parent_changes_delta,0.0,attack_subtype,all,extra_trees,5
numeric__client_mac_valid_nodes,0.0,attack_subtype,all,extra_trees,5
numeric__client_mac_reset_nodes,0.0,attack_subtype,all,extra_trees,5
