feature,importance,task,feature_set,model,fold
numeric__client_mac_rx_delta,0.14303078276362008,binary_attack,all,random_forest,1
numeric__mean_rank,0.12594550326627993,binary_attack,all,random_forest,1
numeric__client_radio_tx_fraction,0.09668143930566914,binary_attack,all,random_forest,1
numeric__mean_etx_x100,0.09014901103478423,binary_attack,all,random_forest,1
numeric__client_energest_listen_delta,0.08431781209799712,binary_attack,all,random_forest,1
numeric__client_energest_tx_delta,0.07897169683244812,binary_attack,all,random_forest,1
numeric__root_mac_rx_delta,0.07168100446857659,binary_attack,all,random_forest,1
numeric__root_mean_etx_x100,0.05775810492287523,binary_attack,all,random_forest,1
numeric__client_mac_ack_ratio,0.05485723766562615,binary_attack,all,random_forest,1
numeric__p95_etx_x100,0.04140939439263878,binary_attack,all,random_forest,1
numeric__client_mac_tx_attempts_delta,0.026918294007318922,binary_attack,all,random_forest,1
numeric__client_mac_acked_delta,0.022344269680186116,binary_attack,all,random_forest,1
numeric__std_etx_x100,0.02232500220772926,binary_attack,all,random_forest,1
numeric__root_mac_tx_attempts_delta,0.017736040993634863,binary_attack,all,random_forest,1
numeric__mean_rssi,0.014805872953277881,binary_attack,all,random_forest,1
numeric__root_mac_ack_ratio,0.012966506705356963,binary_attack,all,random_forest,1
numeric__root_energest_tx_delta,0.01292581025086542,binary_attack,all,random_forest,1
numeric__root_radio_tx_fraction,0.008166777444400026,binary_attack,all,random_forest,1
numeric__mean_rtt_ms,0.004811863462166217,binary_attack,all,random_forest,1
numeric__median_rtt_ms,0.0025848605976517627,binary_attack,all,random_forest,1
numeric__p95_rtt_ms,0.001938698353046717,binary_attack,all,random_forest,1
numeric__max_rtt_ms,0.001681135702188537,binary_attack,all,random_forest,1
numeric__std_rtt_ms,0.0015251530047119986,binary_attack,all,random_forest,1
numeric__app_rx_delta,0.0008633054288667183,binary_attack,all,random_forest,1
numeric__transaction_count,0.0006272702208191092,binary_attack,all,random_forest,1
numeric__app_tx_delta,0.0005858033603435659,binary_attack,all,random_forest,1
numeric__transaction_success_count,0.0004576738600429176,binary_attack,all,random_forest,1
numeric__root_server_tx_delta,0.0004216842231451397,binary_attack,all,random_forest,1
numeric__root_server_rx_delta,0.000420879882327593,binary_attack,all,random_forest,1
numeric__root_mac_acked_delta,0.0003553744741158333,binary_attack,all,random_forest,1
numeric__uplink_success_count,0.0003537238689236518,binary_attack,all,random_forest,1
numeric__client_energest_total_delta,0.000266685009417764,binary_attack,all,random_forest,1
numeric__parent_changes_delta,5.285220251505735e-05,binary_attack,all,random_forest,1
numeric__client_mac_reset_nodes,2.237945344236792e-05,binary_attack,all,random_forest,1
numeric__app_timeouts_delta,1.7986588130922673e-05,binary_attack,all,random_forest,1
numeric__app_delivery_ratio,1.3204601332306209e-05,binary_attack,all,random_forest,1
numeric__client_mac_valid_nodes,8.904713526976927e-06,binary_attack,all,random_forest,1
numeric__uplink_delivery_ratio,1.642408965078638e-16,binary_attack,all,random_forest,1
numeric__queue_drops_delta,6.0188423337373e-17,binary_attack,all,random_forest,1
numeric__route_miss_delta,0.0,binary_attack,all,random_forest,1
numeric__reachable_fraction,0.0,binary_attack,all,random_forest,1
numeric__root_mean_rssi,0.0,binary_attack,all,random_forest,1
numeric__mean_neighbors,0.0,binary_attack,all,random_forest,1
numeric__client_mac_rx_delta,0.14064694266398023,binary_attack,all,random_forest,2
numeric__mean_rank,0.12742748778018345,binary_attack,all,random_forest,2
numeric__client_energest_listen_delta,0.09191889487014183,binary_attack,all,random_forest,2
numeric__mean_etx_x100,0.0907902159453936,binary_attack,all,random_forest,2
numeric__client_radio_tx_fraction,0.0866519738184602,binary_attack,all,random_forest,2
numeric__client_energest_tx_delta,0.07959947449652101,binary_attack,all,random_forest,2
numeric__root_mac_rx_delta,0.06756556698774618,binary_attack,all,random_forest,2
numeric__root_mean_etx_x100,0.05770486658749264,binary_attack,all,random_forest,2
numeric__client_mac_ack_ratio,0.0537579148996676,binary_attack,all,random_forest,2
numeric__p95_etx_x100,0.042282696754088356,binary_attack,all,random_forest,2
numeric__client_mac_tx_attempts_delta,0.029894706305456296,binary_attack,all,random_forest,2
numeric__std_etx_x100,0.02758676178965105,binary_attack,all,random_forest,2
numeric__client_mac_acked_delta,0.024028311456833547,binary_attack,all,random_forest,2
numeric__root_mac_tx_attempts_delta,0.019594505311133405,binary_attack,all,random_forest,2
numeric__root_mac_ack_ratio,0.01681823871566679,binary_attack,all,random_forest,2
numeric__root_energest_tx_delta,0.011627035649026906,binary_attack,all,random_forest,2
numeric__root_radio_tx_fraction,0.009791769386071035,binary_attack,all,random_forest,2
numeric__mean_rtt_ms,0.004798652343164803,binary_attack,all,random_forest,2
numeric__mean_rssi,0.003941989161804315,binary_attack,all,random_forest,2
numeric__p95_rtt_ms,0.0026348832681281475,binary_attack,all,random_forest,2
numeric__std_rtt_ms,0.0025927502749715395,binary_attack,all,random_forest,2
numeric__median_rtt_ms,0.0022850184029861343,binary_attack,all,random_forest,2
numeric__max_rtt_ms,0.0016628470747583205,binary_attack,all,random_forest,2
numeric__app_rx_delta,0.0008074565266824336,binary_attack,all,random_forest,2
numeric__transaction_success_count,0.0005429421246318646,binary_attack,all,random_forest,2
numeric__app_tx_delta,0.00048747637970159165,binary_attack,all,random_forest,2
numeric__transaction_count,0.00046438251993363933,binary_attack,all,random_forest,2
numeric__uplink_success_count,0.00044230180294800266,binary_attack,all,random_forest,2
numeric__root_server_tx_delta,0.00043788385474135286,binary_attack,all,random_forest,2
numeric__root_mac_acked_delta,0.0004080664063588074,binary_attack,all,random_forest,2
numeric__root_server_rx_delta,0.00036134467320687993,binary_attack,all,random_forest,2
numeric__client_energest_total_delta,0.00018183291299501752,binary_attack,all,random_forest,2
numeric__client_mac_reset_nodes,0.00014718713563146983,binary_attack,all,random_forest,2
numeric__parent_changes_delta,8.210208021194664e-05,binary_attack,all,random_forest,2
numeric__client_mac_valid_nodes,2.424949305620539e-05,binary_attack,all,random_forest,2
numeric__queue_drops_delta,5.023042130726078e-06,binary_attack,all,random_forest,2
numeric__app_timeouts_delta,4.247104442549676e-06,binary_attack,all,random_forest,2
numeric__app_delivery_ratio,1.2088070349067265e-16,binary_attack,all,random_forest,2
numeric__uplink_delivery_ratio,8.557969019122582e-17,binary_attack,all,random_forest,2
numeric__route_miss_delta,0.0,binary_attack,all,random_forest,2
numeric__reachable_fraction,0.0,binary_attack,all,random_forest,2
numeric__root_mean_rssi,0.0,binary_attack,all,random_forest,2
numeric__mean_neighbors,0.0,binary_attack,all,random_forest,2
numeric__client_mac_rx_delta,0.14327712207577367,binary_attack,all,random_forest,3
numeric__mean_rank,0.12506839073832027,binary_attack,all,random_forest,3
numeric__mean_etx_x100,0.09551255067167443,binary_attack,all,random_forest,3
numeric__client_radio_tx_fraction,0.08884618392392575,binary_attack,all,random_forest,3
numeric__client_energest_listen_delta,0.08445400619146316,binary_attack,all,random_forest,3
numeric__client_energest_tx_delta,0.08039503414046055,binary_attack,all,random_forest,3
numeric__root_mac_rx_delta,0.06681535417378309,binary_attack,all,random_forest,3
numeric__root_mean_etx_x100,0.059057321535971374,binary_attack,all,random_forest,3
numeric__client_mac_ack_ratio,0.0578110455921156,binary_attack,all,random_forest,3
numeric__p95_etx_x100,0.04192862954834039,binary_attack,all,random_forest,3
numeric__client_mac_tx_attempts_delta,0.030618179144550173,binary_attack,all,random_forest,3
numeric__std_etx_x100,0.02335638143841173,binary_attack,all,random_forest,3
numeric__client_mac_acked_delta,0.022630643625495123,binary_attack,all,random_forest,3
numeric__root_mac_tx_attempts_delta,0.0188749697023444,binary_attack,all,random_forest,3
numeric__root_mac_ack_ratio,0.018580322807646273,binary_attack,all,random_forest,3
numeric__root_energest_tx_delta,0.012288748809630443,binary_attack,all,random_forest,3
numeric__root_radio_tx_fraction,0.009105912174401494,binary_attack,all,random_forest,3
numeric__mean_rtt_ms,0.006302656931505524,binary_attack,all,random_forest,3
numeric__mean_rssi,0.003873794371132805,binary_attack,all,random_forest,3
numeric__median_rtt_ms,0.002473059663241187,binary_attack,all,random_forest,3
numeric__max_rtt_ms,0.001765429912048329,binary_attack,all,random_forest,3
numeric__std_rtt_ms,0.0014856089984171513,binary_attack,all,random_forest,3
numeric__p95_rtt_ms,0.0012752248977396454,binary_attack,all,random_forest,3
numeric__app_rx_delta,0.0006481919125393645,binary_attack,all,random_forest,3
numeric__uplink_success_count,0.0006366540728517095,binary_attack,all,random_forest,3
numeric__transaction_success_count,0.0005224800699776483,binary_attack,all,random_forest,3
numeric__transaction_count,0.0004961303452577243,binary_attack,all,random_forest,3
numeric__app_tx_delta,0.00048036363303446744,binary_attack,all,random_forest,3
numeric__root_mac_acked_delta,0.00036960865729737875,binary_attack,all,random_forest,3
numeric__root_server_rx_delta,0.00035928613503808526,binary_attack,all,random_forest,3
numeric__root_server_tx_delta,0.0003504696699292435,binary_attack,all,random_forest,3
numeric__client_energest_total_delta,0.00014873155735156516,binary_attack,all,random_forest,3
numeric__parent_changes_delta,7.152591249830423e-05,binary_attack,all,random_forest,3
numeric__client_mac_valid_nodes,5.7325877491251106e-05,binary_attack,all,random_forest,3
numeric__client_mac_reset_nodes,4.758858395115901e-05,binary_attack,all,random_forest,3
numeric__app_delivery_ratio,1.5072504388963062e-05,binary_attack,all,random_forest,3
numeric__app_timeouts_delta,1.249638019236195e-16,binary_attack,all,random_forest,3
numeric__queue_drops_delta,1.0788609081382715e-16,binary_attack,all,random_forest,3
numeric__uplink_delivery_ratio,6.291321375819616e-17,binary_attack,all,random_forest,3
numeric__route_miss_delta,0.0,binary_attack,all,random_forest,3
numeric__reachable_fraction,0.0,binary_attack,all,random_forest,3
numeric__root_mean_rssi,0.0,binary_attack,all,random_forest,3
numeric__mean_neighbors,0.0,binary_attack,all,random_forest,3
numeric__client_mac_rx_delta,0.1394701736366183,binary_attack,all,random_forest,4
numeric__mean_rank,0.11944743389591013,binary_attack,all,random_forest,4
numeric__client_energest_listen_delta,0.09093713196856196,binary_attack,all,random_forest,4
numeric__client_radio_tx_fraction,0.09011984537830496,binary_attack,all,random_forest,4
numeric__mean_etx_x100,0.0856607596365228,binary_attack,all,random_forest,4
numeric__client_energest_tx_delta,0.08359969078912192,binary_attack,all,random_forest,4
numeric__root_mean_etx_x100,0.06806590629226755,binary_attack,all,random_forest,4
numeric__root_mac_rx_delta,0.06662772122029721,binary_attack,all,random_forest,4
numeric__client_mac_ack_ratio,0.05053390123454199,binary_attack,all,random_forest,4
numeric__p95_etx_x100,0.04186251869064164,binary_attack,all,random_forest,4
numeric__client_mac_tx_attempts_delta,0.03331703808063894,binary_attack,all,random_forest,4
numeric__std_etx_x100,0.027773055160145953,binary_attack,all,random_forest,4
numeric__root_mac_tx_attempts_delta,0.020929537753627228,binary_attack,all,random_forest,4
numeric__client_mac_acked_delta,0.020788177881890336,binary_attack,all,random_forest,4
numeric__root_mac_ack_ratio,0.01643129312508822,binary_attack,all,random_forest,4
numeric__root_energest_tx_delta,0.013392556253038057,binary_attack,all,random_forest,4
numeric__root_radio_tx_fraction,0.010375380931646624,binary_attack,all,random_forest,4
numeric__mean_rtt_ms,0.00496022414193738,binary_attack,all,random_forest,4
numeric__median_rtt_ms,0.0025089082477913814,binary_attack,all,random_forest,4
numeric__std_rtt_ms,0.0024562015353127025,binary_attack,all,random_forest,4
numeric__mean_rssi,0.002411732056228732,binary_attack,all,random_forest,4
numeric__p95_rtt_ms,0.00236980887678752,binary_attack,all,random_forest,4
numeric__max_rtt_ms,0.002196639623756206,binary_attack,all,random_forest,4
numeric__app_rx_delta,0.0007501632241300594,binary_attack,all,random_forest,4
numeric__app_tx_delta,0.00047772884105733783,binary_attack,all,random_forest,4
numeric__root_mac_acked_delta,0.0004292735053256465,binary_attack,all,random_forest,4
numeric__root_server_tx_delta,0.000390542704631633,binary_attack,all,random_forest,4
numeric__transaction_count,0.0003461772788822686,binary_attack,all,random_forest,4
numeric__uplink_success_count,0.00030129613109058007,binary_attack,all,random_forest,4
numeric__transaction_success_count,0.00029466087586383694,binary_attack,all,random_forest,4
numeric__root_server_rx_delta,0.0002840237942012816,binary_attack,all,random_forest,4
numeric__client_energest_total_delta,0.00018350279661220667,binary_attack,all,random_forest,4
numeric__client_mac_valid_nodes,0.00012494153775773802,binary_attack,all,random_forest,4
numeric__parent_changes_delta,0.00012445032253380326,binary_attack,all,random_forest,4
numeric__client_mac_reset_nodes,4.787056888602098e-05,binary_attack,all,random_forest,4
numeric__app_delivery_ratio,8.656412803982456e-06,binary_attack,all,random_forest,4
numeric__app_timeouts_delta,1.0755955458114586e-06,binary_attack,all,random_forest,4
numeric__queue_drops_delta,8.04708004184829e-17,binary_attack,all,random_forest,4
numeric__uplink_delivery_ratio,3.332360807994808e-17,binary_attack,all,random_forest,4
numeric__route_miss_delta,0.0,binary_attack,all,random_forest,4
numeric__reachable_fraction,0.0,binary_attack,all,random_forest,4
numeric__root_mean_rssi,0.0,binary_attack,all,random_forest,4
numeric__mean_neighbors,0.0,binary_attack,all,random_forest,4
numeric__client_mac_rx_delta,0.13475704998033228,binary_attack,all,random_forest,5
numeric__mean_rank,0.11836435880937253,binary_attack,all,random_forest,5
numeric__client_energest_listen_delta,0.10147344362388926,binary_attack,all,random_forest,5
numeric__mean_etx_x100,0.0902397321479057,binary_attack,all,random_forest,5
numeric__client_energest_tx_delta,0.08512743147351147,binary_attack,all,random_forest,5
numeric__client_radio_tx_fraction,0.0830343744689584,binary_attack,all,random_forest,5
numeric__root_mac_rx_delta,0.06447215515399822,binary_attack,all,random_forest,5
numeric__client_mac_ack_ratio,0.06084880233341967,binary_attack,all,random_forest,5
numeric__root_mean_etx_x100,0.05970236813900998,binary_attack,all,random_forest,5
numeric__p95_etx_x100,0.041987101138381715,binary_attack,all,random_forest,5
numeric__std_etx_x100,0.028848991862870054,binary_attack,all,random_forest,5
numeric__client_mac_tx_attempts_delta,0.024779407342882823,binary_attack,all,random_forest,5
numeric__client_mac_acked_delta,0.021721743628206083,binary_attack,all,random_forest,5
numeric__root_mac_tx_attempts_delta,0.021208937389809657,binary_attack,all,random_forest,5
numeric__root_mac_ack_ratio,0.019943545256793323,binary_attack,all,random_forest,5
numeric__root_energest_tx_delta,0.009922012055127152,binary_attack,all,random_forest,5
numeric__root_radio_tx_fraction,0.009674468040643328,binary_attack,all,random_forest,5
numeric__mean_rtt_ms,0.00676148108128208,binary_attack,all,random_forest,5
numeric__mean_rssi,0.00417389547310619,binary_attack,all,random_forest,5
numeric__max_rtt_ms,0.002654423467657364,binary_attack,all,random_forest,5
numeric__std_rtt_ms,0.0022974609470426443,binary_attack,all,random_forest,5
numeric__median_rtt_ms,0.0019352161651461073,binary_attack,all,random_forest,5
numeric__p95_rtt_ms,0.0017201881781121358,binary_attack,all,random_forest,5
numeric__app_rx_delta,0.0007482055715702553,binary_attack,all,random_forest,5
numeric__transaction_count,0.0006083317640035969,binary_attack,all,random_forest,5
numeric__uplink_success_count,0.0005075531001231517,binary_attack,all,random_forest,5
numeric__root_server_rx_delta,0.00045657673809924393,binary_attack,all,random_forest,5
numeric__app_tx_delta,0.00045296770044746487,binary_attack,all,random_forest,5
numeric__transaction_success_count,0.000398959504710674,binary_attack,all,random_forest,5
numeric__root_mac_acked_delta,0.00038976846603521067,binary_attack,all,random_forest,5
numeric__root_server_tx_delta,0.0003824230017745425,binary_attack,all,random_forest,5
numeric__client_energest_total_delta,0.0001989759281966072,binary_attack,all,random_forest,5
numeric__client_mac_valid_nodes,8.560028831790093e-05,binary_attack,all,random_forest,5
numeric__parent_changes_delta,6.768817965363471e-05,binary_attack,all,random_forest,5
numeric__client_mac_reset_nodes,3.89970572322109e-05,binary_attack,all,random_forest,5
numeric__app_timeouts_delta,1.5364542377310345e-05,binary_attack,all,random_forest,5
numeric__app_delivery_ratio,1.356332526478478e-16,binary_attack,all,random_forest,5
numeric__queue_drops_delta,5.120702011374447e-17,binary_attack,all,random_forest,5
numeric__uplink_delivery_ratio,3.110804105196658e-17,binary_attack,all,random_forest,5
numeric__route_miss_delta,0.0,binary_attack,all,random_forest,5
numeric__reachable_fraction,0.0,binary_attack,all,random_forest,5
numeric__root_mean_rssi,0.0,binary_attack,all,random_forest,5
numeric__mean_neighbors,0.0,binary_attack,all,random_forest,5
numeric__client_mac_rx_delta,0.16887691619624448,binary_attack,all,extra_trees,1
numeric__client_energest_tx_delta,0.09351491445582905,binary_attack,all,extra_trees,1
numeric__client_energest_listen_delta,0.0919273280010988,binary_attack,all,extra_trees,1
numeric__mean_rank,0.08097079935699002,binary_attack,all,extra_trees,1
numeric__client_radio_tx_fraction,0.07766948565229445,binary_attack,all,extra_trees,1
numeric__root_mac_rx_delta,0.07202149000307977,binary_attack,all,extra_trees,1
numeric__client_mac_ack_ratio,0.05617438923245879,binary_attack,all,extra_trees,1
numeric__mean_etx_x100,0.05461692976258548,binary_attack,all,extra_trees,1
numeric__p95_etx_x100,0.04490134128654275,binary_attack,all,extra_trees,1
numeric__client_mac_acked_delta,0.043201966708192666,binary_attack,all,extra_trees,1
numeric__client_mac_tx_attempts_delta,0.04038261731911804,binary_attack,all,extra_trees,1
numeric__root_mean_etx_x100,0.033939004713325144,binary_attack,all,extra_trees,1
numeric__std_etx_x100,0.02910858723454115,binary_attack,all,extra_trees,1
numeric__root_mac_ack_ratio,0.02862157237753803,binary_attack,all,extra_trees,1
numeric__root_mac_tx_attempts_delta,0.015425434305425624,binary_attack,all,extra_trees,1
numeric__mean_rssi,0.014733728376849161,binary_attack,all,extra_trees,1
numeric__root_energest_tx_delta,0.010988358508371904,binary_attack,all,extra_trees,1
numeric__root_radio_tx_fraction,0.010695797633160217,binary_attack,all,extra_trees,1
numeric__mean_rtt_ms,0.0085240424788652,binary_attack,all,extra_trees,1
numeric__p95_rtt_ms,0.0032771339754736864,binary_attack,all,extra_trees,1
numeric__median_rtt_ms,0.002862132893912255,binary_attack,all,extra_trees,1
numeric__std_rtt_ms,0.002524580586293507,binary_attack,all,extra_trees,1
numeric__max_rtt_ms,0.002517947532246459,binary_attack,all,extra_trees,1
numeric__app_tx_delta,0.001992137255856597,binary_attack,all,extra_trees,1
numeric__app_rx_delta,0.0015709135589000427,binary_attack,all,extra_trees,1
numeric__root_server_rx_delta,0.0013645689743420665,binary_attack,all,extra_trees,1
numeric__root_server_tx_delta,0.001319974115330176,binary_attack,all,extra_trees,1
numeric__root_mac_acked_delta,0.0012852571309506665,binary_attack,all,extra_trees,1
numeric__transaction_success_count,0.0011826835617373918,binary_attack,all,extra_trees,1
numeric__uplink_success_count,0.0011057658639482702,binary_attack,all,extra_trees,1
numeric__transaction_count,0.0010353432706085726,binary_attack,all,extra_trees,1
numeric__client_energest_total_delta,0.0007160946701560425,binary_attack,all,extra_trees,1
numeric__client_mac_reset_nodes,0.00020213083344408056,binary_attack,all,extra_trees,1
numeric__app_timeouts_delta,0.00019992270224200104,binary_attack,all,extra_trees,1
numeric__parent_changes_delta,0.00017256636671090546,binary_attack,all,extra_trees,1
numeric__app_delivery_ratio,0.00015612871167917025,binary_attack,all,extra_trees,1
numeric__client_mac_valid_nodes,0.00012318727387335512,binary_attack,all,extra_trees,1
numeric__queue_drops_delta,4.850082153326394e-05,binary_attack,all,extra_trees,1
numeric__uplink_delivery_ratio,4.832629825091692e-05,binary_attack,all,extra_trees,1
numeric__route_miss_delta,0.0,binary_attack,all,extra_trees,1
numeric__reachable_fraction,0.0,binary_attack,all,extra_trees,1
numeric__root_mean_rssi,0.0,binary_attack,all,extra_trees,1
numeric__mean_neighbors,0.0,binary_attack,all,extra_trees,1
numeric__client_mac_rx_delta,0.1789561721622733,binary_attack,all,extra_trees,2
numeric__client_energest_tx_delta,0.09109797808714565,binary_attack,all,extra_trees,2
numeric__client_radio_tx_fraction,0.08495873192913381,binary_attack,all,extra_trees,2
numeric__client_energest_listen_delta,0.08190121755762045,binary_attack,all,extra_trees,2
numeric__mean_rank,0.07106004965087707,binary_attack,all,extra_trees,2
numeric__root_mac_rx_delta,0.0670149018501367,binary_attack,all,extra_trees,2
numeric__mean_etx_x100,0.06308347844515473,binary_attack,all,extra_trees,2
numeric__client_mac_ack_ratio,0.05216952782427503,binary_attack,all,extra_trees,2
numeric__client_mac_acked_delta,0.04883024327024604,binary_attack,all,extra_trees,2
numeric__p95_etx_x100,0.044370539011112126,binary_attack,all,extra_trees,2
numeric__client_mac_tx_attempts_delta,0.038055311565872815,binary_attack,all,extra_trees,2
numeric__root_mac_ack_ratio,0.035653447034459704,binary_attack,all,extra_trees,2
numeric__root_mean_etx_x100,0.034617332709203696,binary_attack,all,extra_trees,2
numeric__std_etx_x100,0.029710128975803222,binary_attack,all,extra_trees,2
numeric__root_mac_tx_attempts_delta,0.016742997447683268,binary_attack,all,extra_trees,2
numeric__root_energest_tx_delta,0.011584177626208182,binary_attack,all,extra_trees,2
numeric__root_radio_tx_fraction,0.01119034645236455,binary_attack,all,extra_trees,2
numeric__mean_rtt_ms,0.008077849075322833,binary_attack,all,extra_trees,2
numeric__mean_rssi,0.007530812336151319,binary_attack,all,extra_trees,2
numeric__p95_rtt_ms,0.0035269735173446637,binary_attack,all,extra_trees,2
numeric__std_rtt_ms,0.002900356531712223,binary_attack,all,extra_trees,2
numeric__median_rtt_ms,0.0025698573527406,binary_attack,all,extra_trees,2
numeric__max_rtt_ms,0.0023900184181060097,binary_attack,all,extra_trees,2
numeric__app_tx_delta,0.0016447605698763385,binary_attack,all,extra_trees,2
numeric__app_rx_delta,0.0016281490967276152,binary_attack,all,extra_trees,2
numeric__root_server_tx_delta,0.001294003770592712,binary_attack,all,extra_trees,2
numeric__root_mac_acked_delta,0.0012683424984205856,binary_attack,all,extra_trees,2
numeric__root_server_rx_delta,0.0011906671200905947,binary_attack,all,extra_trees,2
numeric__transaction_success_count,0.001179315817652786,binary_attack,all,extra_trees,2
numeric__uplink_success_count,0.0011790402952579437,binary_attack,all,extra_trees,2
numeric__transaction_count,0.0010535319464112904,binary_attack,all,extra_trees,2
numeric__client_energest_total_delta,0.0005798183765496423,binary_attack,all,extra_trees,2
numeric__client_mac_reset_nodes,0.000363735975232298,binary_attack,all,extra_trees,2
numeric__client_mac_valid_nodes,0.00026224557169930463,binary_attack,all,extra_trees,2
numeric__parent_changes_delta,0.0002167015668304589,binary_attack,all,extra_trees,2
numeric__app_timeouts_delta,7.569690279156017e-05,binary_attack,all,extra_trees,2
numeric__app_delivery_ratio,4.5974027105480435e-05,binary_attack,all,extra_trees,2
numeric__queue_drops_delta,1.4587912365270849e-05,binary_attack,all,extra_trees,2
numeric__uplink_delivery_ratio,1.0979721448177259e-05,binary_attack,all,extra_trees,2
numeric__route_miss_delta,0.0,binary_attack,all,extra_trees,2
numeric__reachable_fraction,0.0,binary_attack,all,extra_trees,2
numeric__root_mean_rssi,0.0,binary_attack,all,extra_trees,2
numeric__mean_neighbors,0.0,binary_attack,all,extra_trees,2
numeric__client_mac_rx_delta,0.1628567092258924,binary_attack,all,extra_trees,3
numeric__client_energest_tx_delta,0.09283053613306769,binary_attack,all,extra_trees,3
numeric__client_radio_tx_fraction,0.08632246322673377,binary_attack,all,extra_trees,3
numeric__client_energest_listen_delta,0.08578066035844442,binary_attack,all,extra_trees,3
numeric__mean_rank,0.07088584212197377,binary_attack,all,extra_trees,3
numeric__root_mac_rx_delta,0.07067610073976346,binary_attack,all,extra_trees,3
numeric__mean_etx_x100,0.05880917376331975,binary_attack,all,extra_trees,3
numeric__client_mac_ack_ratio,0.05669907022206457,binary_attack,all,extra_trees,3
numeric__p95_etx_x100,0.046339656623650444,binary_attack,all,extra_trees,3
numeric__client_mac_acked_delta,0.043525615544835375,binary_attack,all,extra_trees,3
numeric__root_mean_etx_x100,0.04100068480746998,binary_attack,all,extra_trees,3
numeric__client_mac_tx_attempts_delta,0.03897575903886402,binary_attack,all,extra_trees,3
numeric__root_mac_ack_ratio,0.030874016668462553,binary_attack,all,extra_trees,3
numeric__std_etx_x100,0.029563503537828106,binary_attack,all,extra_trees,3
numeric__root_mac_tx_attempts_delta,0.017160438482330297,binary_attack,all,extra_trees,3
numeric__root_radio_tx_fraction,0.012188821758626367,binary_attack,all,extra_trees,3
numeric__root_energest_tx_delta,0.011849283667242576,binary_attack,all,extra_trees,3
numeric__mean_rssi,0.009911764236328417,binary_attack,all,extra_trees,3
numeric__mean_rtt_ms,0.008427089468842497,binary_attack,all,extra_trees,3
numeric__p95_rtt_ms,0.003744662360093988,binary_attack,all,extra_trees,3
numeric__median_rtt_ms,0.0033398235957439325,binary_attack,all,extra_trees,3
numeric__std_rtt_ms,0.0032496966170196184,binary_attack,all,extra_trees,3
numeric__max_rtt_ms,0.0028281864197457138,binary_attack,all,extra_trees,3
numeric__app_rx_delta,0.001660883488225042,binary_attack,all,extra_trees,3
numeric__app_tx_delta,0.0016605655020076955,binary_attack,all,extra_trees,3
numeric__root_server_rx_delta,0.001465261678766422,binary_attack,all,extra_trees,3
numeric__root_mac_acked_delta,0.0013689898190239747,binary_attack,all,extra_trees,3
numeric__root_server_tx_delta,0.0012401039102960902,binary_attack,all,extra_trees,3
numeric__uplink_success_count,0.001179528165514493,binary_attack,all,extra_trees,3
numeric__transaction_success_count,0.001168925691277743,binary_attack,all,extra_trees,3
numeric__transaction_count,0.0010218104716578687,binary_attack,all,extra_trees,3
numeric__client_energest_total_delta,0.0005273859479087345,binary_attack,all,extra_trees,3
numeric__client_mac_reset_nodes,0.00031002909773378,binary_attack,all,extra_trees,3
numeric__client_mac_valid_nodes,0.0002241771151583653,binary_attack,all,extra_trees,3
numeric__parent_changes_delta,0.0001242419006988526,binary_attack,all,extra_trees,3
numeric__app_timeouts_delta,9.536248946296332e-05,binary_attack,all,extra_trees,3
numeric__app_delivery_ratio,6.61949075855662e-05,binary_attack,all,extra_trees,3
numeric__queue_drops_delta,2.434958148713347e-05,binary_attack,all,extra_trees,3
numeric__uplink_delivery_ratio,2.263161485157494e-05,binary_attack,all,extra_trees,3
numeric__route_miss_delta,0.0,binary_attack,all,extra_trees,3
numeric__reachable_fraction,0.0,binary_attack,all,extra_trees,3
numeric__root_mean_rssi,0.0,binary_attack,all,extra_trees,3
numeric__mean_neighbors,0.0,binary_attack,all,extra_trees,3
numeric__client_mac_rx_delta,0.17010647030188292,binary_attack,all,extra_trees,4
numeric__client_radio_tx_fraction,0.08848801724301425,binary_attack,all,extra_trees,4
numeric__client_energest_tx_delta,0.08765722129466798,binary_attack,all,extra_trees,4
numeric__client_energest_listen_delta,0.08684813694387823,binary_attack,all,extra_trees,4
numeric__root_mac_rx_delta,0.07199005943515384,binary_attack,all,extra_trees,4
numeric__mean_rank,0.06658284040372872,binary_attack,all,extra_trees,4
numeric__mean_etx_x100,0.06354817691743929,binary_attack,all,extra_trees,4
numeric__client_mac_ack_ratio,0.05183645237797563,binary_attack,all,extra_trees,4
numeric__client_mac_acked_delta,0.04302299040297823,binary_attack,all,extra_trees,4
numeric__p95_etx_x100,0.04273350268706135,binary_attack,all,extra_trees,4
numeric__root_mean_etx_x100,0.03997618186968854,binary_attack,all,extra_trees,4
numeric__client_mac_tx_attempts_delta,0.03899177977167201,binary_attack,all,extra_trees,4
numeric__root_mac_ack_ratio,0.03341472974259731,binary_attack,all,extra_trees,4
numeric__std_etx_x100,0.02835987819203319,binary_attack,all,extra_trees,4
numeric__root_mac_tx_attempts_delta,0.01905427413774269,binary_attack,all,extra_trees,4
numeric__root_energest_tx_delta,0.01322348533921027,binary_attack,all,extra_trees,4
numeric__root_radio_tx_fraction,0.013036854879935484,binary_attack,all,extra_trees,4
numeric__mean_rtt_ms,0.010201038319074677,binary_attack,all,extra_trees,4
numeric__mean_rssi,0.006205396475288248,binary_attack,all,extra_trees,4
numeric__p95_rtt_ms,0.0034984620730784907,binary_attack,all,extra_trees,4
numeric__median_rtt_ms,0.0033015471833574956,binary_attack,all,extra_trees,4
numeric__max_rtt_ms,0.0032145547149563356,binary_attack,all,extra_trees,4
numeric__std_rtt_ms,0.0028735932915323376,binary_attack,all,extra_trees,4
numeric__app_rx_delta,0.0018094259303986322,binary_attack,all,extra_trees,4
numeric__app_tx_delta,0.0016289070606116706,binary_attack,all,extra_trees,4
numeric__root_server_tx_delta,0.0012279769451745486,binary_attack,all,extra_trees,4
numeric__root_server_rx_delta,0.0012186692261178013,binary_attack,all,extra_trees,4
numeric__root_mac_acked_delta,0.0012028053959245737,binary_attack,all,extra_trees,4
numeric__transaction_success_count,0.001046566731987253,binary_attack,all,extra_trees,4
numeric__uplink_success_count,0.0010271587889987882,binary_attack,all,extra_trees,4
numeric__transaction_count,0.0010101329916701255,binary_attack,all,extra_trees,4
numeric__client_energest_total_delta,0.0006429445235964695,binary_attack,all,extra_trees,4
numeric__client_mac_reset_nodes,0.00037460478413509746,binary_attack,all,extra_trees,4
numeric__client_mac_valid_nodes,0.0002894680478544104,binary_attack,all,extra_trees,4
numeric__parent_changes_delta,0.00018005869907044653,binary_attack,all,extra_trees,4
numeric__app_delivery_ratio,8.34593042984201e-05,binary_attack,all,extra_trees,4
numeric__app_timeouts_delta,5.308901541679044e-05,binary_attack,all,extra_trees,4
numeric__uplink_delivery_ratio,2.207402547790474e-05,binary_attack,all,extra_trees,4
numeric__queue_drops_delta,1.7014531319449493e-05,binary_attack,all,extra_trees,4
numeric__route_miss_delta,0.0,binary_attack,all,extra_trees,4
numeric__reachable_fraction,0.0,binary_attack,all,extra_trees,4
numeric__root_mean_rssi,0.0,binary_attack,all,extra_trees,4
numeric__mean_neighbors,0.0,binary_attack,all,extra_trees,4
numeric__client_mac_rx_delta,0.17920241748766086,binary_attack,all,extra_trees,5
numeric__client_energest_tx_delta,0.09065080298018544,binary_attack,all,extra_trees,5
numeric__client_energest_listen_delta,0.0816057871126011,binary_attack,all,extra_trees,5
numeric__client_radio_tx_fraction,0.08092255813062064,binary_attack,all,extra_trees,5
numeric__mean_rank,0.07030080977388259,binary_attack,all,extra_trees,5
numeric__root_mac_rx_delta,0.06811911629759204,binary_attack,all,extra_trees,5
numeric__mean_etx_x100,0.064789659175097,binary_attack,all,extra_trees,5
numeric__client_mac_ack_ratio,0.05276372039146185,binary_attack,all,extra_trees,5
numeric__client_mac_acked_delta,0.04162148001431079,binary_attack,all,extra_trees,5
numeric__p95_etx_x100,0.040141639021433875,binary_attack,all,extra_trees,5
numeric__client_mac_tx_attempts_delta,0.038976026803111234,binary_attack,all,extra_trees,5
numeric__root_mean_etx_x100,0.03897031892273913,binary_attack,all,extra_trees,5
numeric__root_mac_ack_ratio,0.03561490867461399,binary_attack,all,extra_trees,5
numeric__std_etx_x100,0.02717790146485281,binary_attack,all,extra_trees,5
numeric__root_mac_tx_attempts_delta,0.017981755300537344,binary_attack,all,extra_trees,5
numeric__root_radio_tx_fraction,0.014327161438916084,binary_attack,all,extra_trees,5
numeric__root_energest_tx_delta,0.013615966898523967,binary_attack,all,extra_trees,5
numeric__mean_rtt_ms,0.008868806651330816,binary_attack,all,extra_trees,5
numeric__mean_rssi,0.008514767705530989,binary_attack,all,extra_trees,5
numeric__p95_rtt_ms,0.003927322100283717,binary_attack,all,extra_trees,5
numeric__median_rtt_ms,0.0035108634634858395,binary_attack,all,extra_trees,5
numeric__std_rtt_ms,0.0031942132603612135,binary_attack,all,extra_trees,5
numeric__max_rtt_ms,0.0028648775314889007,binary_attack,all,extra_trees,5
numeric__app_rx_delta,0.0018636864389521641,binary_attack,all,extra_trees,5
numeric__app_tx_delta,0.001677215299761446,binary_attack,all,extra_trees,5
numeric__root_server_rx_delta,0.001528948614227572,binary_attack,all,extra_trees,5
numeric__root_mac_acked_delta,0.0013165483019417922,binary_attack,all,extra_trees,5
numeric__root_server_tx_delta,0.0013013942279955263,binary_attack,all,extra_trees,5
numeric__transaction_success_count,0.0011356557920360055,binary_attack,all,extra_trees,5
numeric__transaction_count,0.0010964419235075175,binary_attack,all,extra_trees,5
numeric__uplink_success_count,0.0010676986667124356,binary_attack,all,extra_trees,5
numeric__client_energest_total_delta,0.0006556924358633124,binary_attack,all,extra_trees,5
numeric__client_mac_valid_nodes,0.0002281609913081424,binary_attack,all,extra_trees,5
numeric__client_mac_reset_nodes,0.00016932861644634729,binary_attack,all,extra_trees,5
numeric__parent_changes_delta,0.00014677524656848674,binary_attack,all,extra_trees,5
numeric__app_timeouts_delta,5.264717248792701e-05,binary_attack,all,extra_trees,5
numeric__queue_drops_delta,3.779877202958595e-05,binary_attack,all,extra_trees,5
numeric__app_delivery_ratio,3.003833088901831e-05,binary_attack,all,extra_trees,5
numeric__uplink_delivery_ratio,2.908856865049766e-05,binary_attack,all,extra_trees,5
numeric__route_miss_delta,0.0,binary_attack,all,extra_trees,5
numeric__reachable_fraction,0.0,binary_attack,all,extra_trees,5
numeric__root_mean_rssi,0.0,binary_attack,all,extra_trees,5
numeric__mean_neighbors,0.0,binary_attack,all,extra_trees,5
numeric__mean_rank,0.1288434867287683,cause_family,all,random_forest,1
numeric__client_energest_listen_delta,0.113480529940747,cause_family,all,random_forest,1
numeric__client_energest_tx_delta,0.11287931572162925,cause_family,all,random_forest,1
numeric__mean_etx_x100,0.09983777759919904,cause_family,all,random_forest,1
numeric__client_radio_tx_fraction,0.09806944770818461,cause_family,all,random_forest,1
numeric__root_mean_etx_x100,0.08053331435938302,cause_family,all,random_forest,1
numeric__client_mac_rx_delta,0.07567758151636046,cause_family,all,random_forest,1
numeric__p95_etx_x100,0.054186927045832015,cause_family,all,random_forest,1
numeric__client_mac_ack_ratio,0.04677305405554969,cause_family,all,random_forest,1
numeric__root_mac_rx_delta,0.036470944746762206,cause_family,all,random_forest,1
numeric__std_etx_x100,0.03299641572176894,cause_family,all,random_forest,1
numeric__client_mac_tx_attempts_delta,0.019200490426429347,cause_family,all,random_forest,1
numeric__root_mac_tx_attempts_delta,0.014359172071312959,cause_family,all,random_forest,1
numeric__root_mac_ack_ratio,0.013994138606013312,cause_family,all,random_forest,1
numeric__client_mac_acked_delta,0.013602673470924035,cause_family,all,random_forest,1
numeric__root_energest_tx_delta,0.013521448303483919,cause_family,all,random_forest,1
numeric__mean_rssi,0.012335410453577859,cause_family,all,random_forest,1
numeric__root_radio_tx_fraction,0.012156377978751546,cause_family,all,random_forest,1
numeric__mean_rtt_ms,0.0048183109035161665,cause_family,all,random_forest,1
numeric__max_rtt_ms,0.002937830056909954,cause_family,all,random_forest,1
numeric__median_rtt_ms,0.0027650158837770403,cause_family,all,random_forest,1
numeric__std_rtt_ms,0.0023724473203053913,cause_family,all,random_forest,1
numeric__p95_rtt_ms,0.0023214887423099622,cause_family,all,random_forest,1
numeric__app_rx_delta,0.001235018206533662,cause_family,all,random_forest,1
numeric__app_tx_delta,0.0008924810493168068,cause_family,all,random_forest,1
numeric__root_mac_acked_delta,0.0006687993911361415,cause_family,all,random_forest,1
numeric__root_server_tx_delta,0.0006511053444210077,cause_family,all,random_forest,1
numeric__root_server_rx_delta,0.0005493070401983635,cause_family,all,random_forest,1
numeric__uplink_success_count,0.0005460733445366744,cause_family,all,random_forest,1
numeric__transaction_success_count,0.0004643925409185567,cause_family,all,random_forest,1
numeric__transaction_count,0.00044432793357228014,cause_family,all,random_forest,1
numeric__client_energest_total_delta,0.000336299537035695,cause_family,all,random_forest,1
numeric__client_mac_valid_nodes,3.1289275181530054e-05,cause_family,all,random_forest,1
numeric__app_timeouts_delta,2.4335687107279873e-05,cause_family,all,random_forest,1
numeric__parent_changes_delta,1.2368663574374694e-05,cause_family,all,random_forest,1
numeric__client_mac_reset_nodes,9.197372093851258e-06,cause_family,all,random_forest,1
numeric__app_delivery_ratio,1.4052528775290125e-06,cause_family,all,random_forest,1
numeric__uplink_delivery_ratio,9.530736706351465e-17,cause_family,all,random_forest,1
numeric__queue_drops_delta,6.778468821241245e-17,cause_family,all,random_forest,1
numeric__route_miss_delta,0.0,cause_family,all,random_forest,1
numeric__reachable_fraction,0.0,cause_family,all,random_forest,1
numeric__root_mean_rssi,0.0,cause_family,all,random_forest,1
numeric__mean_neighbors,0.0,cause_family,all,random_forest,1
numeric__mean_rank,0.13259387085081958,cause_family,all,random_forest,2
numeric__client_energest_listen_delta,0.11847722754117862,cause_family,all,random_forest,2
numeric__client_energest_tx_delta,0.10646345148422248,cause_family,all,random_forest,2
numeric__client_radio_tx_fraction,0.1042371160477972,cause_family,all,random_forest,2
numeric__mean_etx_x100,0.09587612352216053,cause_family,all,random_forest,2
numeric__client_mac_rx_delta,0.07138589213189551,cause_family,all,random_forest,2
numeric__root_mean_etx_x100,0.06778607924184282,cause_family,all,random_forest,2
numeric__p95_etx_x100,0.059698701895318285,cause_family,all,random_forest,2
numeric__client_mac_ack_ratio,0.04996344852806913,cause_family,all,random_forest,2
numeric__std_etx_x100,0.043954165259561986,cause_family,all,random_forest,2
numeric__root_mac_rx_delta,0.03675338367076328,cause_family,all,random_forest,2
numeric__client_mac_tx_attempts_delta,0.02192659494877542,cause_family,all,random_forest,2
numeric__client_mac_acked_delta,0.014789158566259014,cause_family,all,random_forest,2
numeric__root_mac_tx_attempts_delta,0.014495861352757907,cause_family,all,random_forest,2
numeric__root_mac_ack_ratio,0.013919458780325255,cause_family,all,random_forest,2
numeric__root_energest_tx_delta,0.013555301713116643,cause_family,all,random_forest,2
numeric__root_radio_tx_fraction,0.011613795032421952,cause_family,all,random_forest,2
numeric__mean_rtt_ms,0.005354924454307284,cause_family,all,random_forest,2
numeric__mean_rssi,0.0031708334876827927,cause_family,all,random_forest,2
numeric__max_rtt_ms,0.0025670722937865386,cause_family,all,random_forest,2
numeric__median_rtt_ms,0.002438367975573403,cause_family,all,random_forest,2
numeric__std_rtt_ms,0.0021464963843421518,cause_family,all,random_forest,2
numeric__p95_rtt_ms,0.0017047034384994565,cause_family,all,random_forest,2
numeric__app_rx_delta,0.0010390079890573755,cause_family,all,random_forest,2
numeric__app_tx_delta,0.000628225574764878,cause_family,all,random_forest,2
numeric__transaction_success_count,0.0006126768002402614,cause_family,all,random_forest,2
numeric__root_mac_acked_delta,0.0005888383032298012,cause_family,all,random_forest,2
numeric__uplink_success_count,0.0005424900761435062,cause_family,all,random_forest,2
numeric__root_server_tx_delta,0.0005199323745697439,cause_family,all,random_forest,2
numeric__root_server_rx_delta,0.0004923197387862218,cause_family,all,random_forest,2
numeric__transaction_count,0.0004145743319668954,cause_family,all,random_forest,2
numeric__client_energest_total_delta,0.0001241413274123241,cause_family,all,random_forest,2
numeric__client_mac_valid_nodes,8.377056174861866e-05,cause_family,all,random_forest,2
numeric__client_mac_reset_nodes,4.519650929269437e-05,cause_family,all,random_forest,2
numeric__parent_changes_delta,3.392259566862826e-05,cause_family,all,random_forest,2
numeric__app_delivery_ratio,2.875215641312363e-06,cause_family,all,random_forest,2
numeric__uplink_delivery_ratio,1.9117671599174033e-16,cause_family,all,random_forest,2
numeric__app_timeouts_delta,1.751143974513537e-16,cause_family,all,random_forest,2
numeric__queue_drops_delta,3.9820116918021574e-17,cause_family,all,random_forest,2
numeric__route_miss_delta,0.0,cause_family,all,random_forest,2
numeric__reachable_fraction,0.0,cause_family,all,random_forest,2
numeric__root_mean_rssi,0.0,cause_family,all,random_forest,2
numeric__mean_neighbors,0.0,cause_family,all,random_forest,2
numeric__mean_rank,0.13331497218609864,cause_family,all,random_forest,3
numeric__client_radio_tx_fraction,0.11093025556936605,cause_family,all,random_forest,3
numeric__client_energest_listen_delta,0.10763476596101419,cause_family,all,random_forest,3
numeric__client_energest_tx_delta,0.09770966182238469,cause_family,all,random_forest,3
numeric__mean_etx_x100,0.09249921805977639,cause_family,all,random_forest,3
numeric__client_mac_rx_delta,0.07950422341864735,cause_family,all,random_forest,3
numeric__root_mean_etx_x100,0.0735074199459862,cause_family,all,random_forest,3
numeric__p95_etx_x100,0.059542596723458165,cause_family,all,random_forest,3
numeric__client_mac_ack_ratio,0.05344097048273773,cause_family,all,random_forest,3
numeric__std_etx_x100,0.03712193478700195,cause_family,all,random_forest,3
numeric__root_mac_rx_delta,0.034815420503484386,cause_family,all,random_forest,3
numeric__client_mac_tx_attempts_delta,0.022425094404075432,cause_family,all,random_forest,3
numeric__root_mac_ack_ratio,0.016074360029339457,cause_family,all,random_forest,3
numeric__root_energest_tx_delta,0.01554880362229281,cause_family,all,random_forest,3
numeric__client_mac_acked_delta,0.014728329020430947,cause_family,all,random_forest,3
numeric__root_mac_tx_attempts_delta,0.014265158057663502,cause_family,all,random_forest,3
numeric__root_radio_tx_fraction,0.011716875778737923,cause_family,all,random_forest,3
numeric__mean_rtt_ms,0.004983590715566261,cause_family,all,random_forest,3
numeric__mean_rssi,0.0046046307339848705,cause_family,all,random_forest,3
numeric__max_rtt_ms,0.0027154996301741135,cause_family,all,random_forest,3
numeric__median_rtt_ms,0.002454506441417476,cause_family,all,random_forest,3
numeric__p95_rtt_ms,0.0022551197908195924,cause_family,all,random_forest,3
numeric__std_rtt_ms,0.001893341445236811,cause_family,all,random_forest,3
numeric__app_rx_delta,0.0011778084890872696,cause_family,all,random_forest,3
numeric__app_tx_delta,0.0008833343027464532,cause_family,all,random_forest,3
numeric__root_server_rx_delta,0.0008520968162103336,cause_family,all,random_forest,3
numeric__transaction_count,0.0007221911948170292,cause_family,all,random_forest,3
numeric__uplink_success_count,0.0006619103814032388,cause_family,all,random_forest,3
numeric__root_server_tx_delta,0.0006403833732951761,cause_family,all,random_forest,3
numeric__transaction_success_count,0.0005989218820401061,cause_family,all,random_forest,3
numeric__root_mac_acked_delta,0.000531793039519051,cause_family,all,random_forest,3
numeric__client_energest_total_delta,0.0001381909521196103,cause_family,all,random_forest,3
numeric__client_mac_valid_nodes,3.970939152004586e-05,cause_family,all,random_forest,3
numeric__parent_changes_delta,2.3170712429954098e-05,cause_family,all,random_forest,3
numeric__app_timeouts_delta,1.6859148192927086e-05,cause_family,all,random_forest,3
numeric__client_mac_reset_nodes,1.2417112650428934e-05,cause_family,all,random_forest,3
numeric__app_delivery_ratio,1.1838023853256466e-05,cause_family,all,random_forest,3
numeric__uplink_delivery_ratio,2.6260504202586435e-06,cause_family,all,random_forest,3
numeric__queue_drops_delta,3.070438122269133e-17,cause_family,all,random_forest,3
numeric__route_miss_delta,0.0,cause_family,all,random_forest,3
numeric__reachable_fraction,0.0,cause_family,all,random_forest,3
numeric__root_mean_rssi,0.0,cause_family,all,random_forest,3
numeric__mean_neighbors,0.0,cause_family,all,random_forest,3
numeric__mean_rank,0.1278839963191098,cause_family,all,random_forest,4
numeric__client_energest_listen_delta,0.12051212756214837,cause_family,all,random_forest,4
numeric__client_energest_tx_delta,0.10691726026873916,cause_family,all,random_forest,4
numeric__client_radio_tx_fraction,0.09466574636856766,cause_family,all,random_forest,4
numeric__mean_etx_x100,0.09043255598774431,cause_family,all,random_forest,4
numeric__root_mean_etx_x100,0.0858135071084261,cause_family,all,random_forest,4
numeric__client_mac_rx_delta,0.07695985926430464,cause_family,all,random_forest,4
numeric__p95_etx_x100,0.05817903609997109,cause_family,all,random_forest,4
numeric__std_etx_x100,0.04186113772239456,cause_family,all,random_forest,4
numeric__root_mac_rx_delta,0.03945736681864341,cause_family,all,random_forest,4
numeric__client_mac_ack_ratio,0.03638255005273031,cause_family,all,random_forest,4
numeric__client_mac_tx_attempts_delta,0.023686030676375546,cause_family,all,random_forest,4
numeric__root_energest_tx_delta,0.01632759960471607,cause_family,all,random_forest,4
numeric__root_mac_tx_attempts_delta,0.01565913010796709,cause_family,all,random_forest,4
numeric__root_mac_ack_ratio,0.015089190937855044,cause_family,all,random_forest,4
numeric__client_mac_acked_delta,0.014442531050368636,cause_family,all,random_forest,4
numeric__root_radio_tx_fraction,0.010882228441441332,cause_family,all,random_forest,4
numeric__mean_rtt_ms,0.005482053901472371,cause_family,all,random_forest,4
numeric__median_rtt_ms,0.003765349921624328,cause_family,all,random_forest,4
numeric__p95_rtt_ms,0.0034514760954318154,cause_family,all,random_forest,4
numeric__max_rtt_ms,0.0027299540465397687,cause_family,all,random_forest,4
numeric__mean_rssi,0.0023966026649940866,cause_family,all,random_forest,4
numeric__std_rtt_ms,0.0014385717017505828,cause_family,all,random_forest,4
numeric__app_rx_delta,0.0013131860200436022,cause_family,all,random_forest,4
numeric__app_tx_delta,0.0008437933016064983,cause_family,all,random_forest,4
numeric__root_server_tx_delta,0.0005175222899912699,cause_family,all,random_forest,4
numeric__root_server_rx_delta,0.0004959758829582519,cause_family,all,random_forest,4
numeric__transaction_success_count,0.0004931075871874503,cause_family,all,random_forest,4
numeric__root_mac_acked_delta,0.000488480952455771,cause_family,all,random_forest,4
numeric__transaction_count,0.000486949067906081,cause_family,all,random_forest,4
numeric__uplink_success_count,0.0004463147417286232,cause_family,all,random_forest,4
numeric__client_energest_total_delta,0.000270580282647972,cause_family,all,random_forest,4
numeric__parent_changes_delta,0.00011165017754722293,cause_family,all,random_forest,4
numeric__client_mac_valid_nodes,5.6758071870254676e-05,cause_family,all,random_forest,4
numeric__client_mac_reset_nodes,3.42474646037336e-05,cause_family,all,random_forest,4
numeric__app_timeouts_delta,1.8403968399392594e-05,cause_family,all,random_forest,4
numeric__queue_drops_delta,7.167467737598884e-06,cause_family,all,random_forest,4
numeric__uplink_delivery_ratio,1.3212338478052832e-16,cause_family,all,random_forest,4
numeric__app_delivery_ratio,1.7477794182418933e-17,cause_family,all,random_forest,4
numeric__route_miss_delta,0.0,cause_family,all,random_forest,4
numeric__reachable_fraction,0.0,cause_family,all,random_forest,4
numeric__root_mean_rssi,0.0,cause_family,all,random_forest,4
numeric__mean_neighbors,0.0,cause_family,all,random_forest,4
numeric__mean_rank,0.12123804132186407,cause_family,all,random_forest,5
numeric__client_energest_tx_delta,0.11137267982094519,cause_family,all,random_forest,5
numeric__client_energest_listen_delta,0.11079538955054705,cause_family,all,random_forest,5
numeric__client_radio_tx_fraction,0.09895191392181972,cause_family,all,random_forest,5
numeric__mean_etx_x100,0.09328484988666648,cause_family,all,random_forest,5
numeric__client_mac_rx_delta,0.0771022017434136,cause_family,all,random_forest,5
numeric__root_mean_etx_x100,0.07301647632430412,cause_family,all,random_forest,5
numeric__p95_etx_x100,0.058217948124209815,cause_family,all,random_forest,5
numeric__client_mac_ack_ratio,0.05581213497448513,cause_family,all,random_forest,5
numeric__std_etx_x100,0.04644851017564244,cause_family,all,random_forest,5
numeric__root_mac_rx_delta,0.0349265568509623,cause_family,all,random_forest,5
numeric__client_mac_tx_attempts_delta,0.02316979775667297,cause_family,all,random_forest,5
numeric__root_mac_ack_ratio,0.015422440570232296,cause_family,all,random_forest,5
numeric__root_mac_tx_attempts_delta,0.014848767407840783,cause_family,all,random_forest,5
numeric__root_energest_tx_delta,0.014210227899448232,cause_family,all,random_forest,5
numeric__client_mac_acked_delta,0.013887803692257412,cause_family,all,random_forest,5
numeric__root_radio_tx_fraction,0.011816454371136214,cause_family,all,random_forest,5
numeric__mean_rtt_ms,0.005313435385886362,cause_family,all,random_forest,5
numeric__mean_rssi,0.0032934125477958424,cause_family,all,random_forest,5
numeric__max_rtt_ms,0.002978741812665016,cause_family,all,random_forest,5
numeric__std_rtt_ms,0.0028149291424546946,cause_family,all,random_forest,5
numeric__p95_rtt_ms,0.0027747114027843823,cause_family,all,random_forest,5
numeric__median_rtt_ms,0.0025238052517255155,cause_family,all,random_forest,5
numeric__app_rx_delta,0.0010491749713548142,cause_family,all,random_forest,5
numeric__root_server_tx_delta,0.000810707185913997,cause_family,all,random_forest,5
numeric__root_mac_acked_delta,0.000759582193163993,cause_family,all,random_forest,5
numeric__root_server_rx_delta,0.0006297806028600358,cause_family,all,random_forest,5
numeric__app_tx_delta,0.0005791915278494696,cause_family,all,random_forest,5
numeric__uplink_success_count,0.0005679661803127052,cause_family,all,random_forest,5
numeric__transaction_count,0.0005168597419262504,cause_family,all,random_forest,5
numeric__transaction_success_count,0.0004928893056514151,cause_family,all,random_forest,5
numeric__client_energest_total_delta,0.00021568345551248533,cause_family,all,random_forest,5
numeric__client_mac_valid_nodes,6.48414063712727e-05,cause_family,all,random_forest,5
numeric__app_timeouts_delta,3.8953423052164295e-05,cause_family,all,random_forest,5
numeric__app_delivery_ratio,2.318820363266631e-05,cause_family,all,random_forest,5
numeric__parent_changes_delta,1.77102734044579e-05,cause_family,all,random_forest,5
numeric__client_mac_reset_nodes,1.2241593234491311e-05,cause_family,all,random_forest,5
numeric__queue_drops_delta,7.365201328730996e-17,cause_family,all,random_forest,5
numeric__uplink_delivery_ratio,7.209843070951099e-17,cause_family,all,random_forest,5
numeric__route_miss_delta,0.0,cause_family,all,random_forest,5
numeric__reachable_fraction,0.0,cause_family,all,random_forest,5
numeric__root_mean_rssi,0.0,cause_family,all,random_forest,5
numeric__mean_neighbors,0.0,cause_family,all,random_forest,5
numeric__client_mac_rx_delta,0.11432422091674735,cause_family,all,extra_trees,1
numeric__mean_rank,0.09646846182389811,cause_family,all,extra_trees,1
numeric__client_energest_tx_delta,0.09362103434977202,cause_family,all,extra_trees,1
numeric__client_radio_tx_fraction,0.09314325487047688,cause_family,all,extra_trees,1
numeric__client_energest_listen_delta,0.08598916199325567,cause_family,all,extra_trees,1
numeric__mean_etx_x100,0.0777946698860131,cause_family,all,extra_trees,1
numeric__client_mac_ack_ratio,0.05458515036666532,cause_family,all,extra_trees,1
numeric__p95_etx_x100,0.05153206327963219,cause_family,all,extra_trees,1
numeric__root_mean_etx_x100,0.045120099621098496,cause_family,all,extra_trees,1
numeric__root_mac_rx_delta,0.0440444280814894,cause_family,all,extra_trees,1
numeric__root_mac_ack_ratio,0.037502513612340777,cause_family,all,extra_trees,1
numeric__client_mac_tx_attempts_delta,0.03365729421750165,cause_family,all,extra_trees,1
numeric__client_mac_acked_delta,0.0327808348177572,cause_family,all,extra_trees,1
numeric__std_etx_x100,0.029540731721539978,cause_family,all,extra_trees,1
numeric__root_energest_tx_delta,0.01874123407494532,cause_family,all,extra_trees,1
numeric__root_radio_tx_fraction,0.0187060922603086,cause_family,all,extra_trees,1
numeric__root_mac_tx_attempts_delta,0.016195773199305007,cause_family,all,extra_trees,1
numeric__mean_rssi,0.013119883502007866,cause_family,all,extra_trees,1
numeric__mean_rtt_ms,0.012373699029399539,cause_family,all,extra_trees,1
numeric__median_rtt_ms,0.0047584380925247485,cause_family,all,extra_trees,1
numeric__max_rtt_ms,0.0033287476313110884,cause_family,all,extra_trees,1
numeric__p95_rtt_ms,0.003242936144303316,cause_family,all,extra_trees,1
numeric__std_rtt_ms,0.0029602078812169257,cause_family,all,extra_trees,1
numeric__app_tx_delta,0.0024777336635682552,cause_family,all,extra_trees,1
numeric__root_server_rx_delta,0.0021093366583115796,cause_family,all,extra_trees,1
numeric__app_rx_delta,0.002081950706573962,cause_family,all,extra_trees,1
numeric__root_server_tx_delta,0.0019595292479226735,cause_family,all,extra_trees,1
numeric__root_mac_acked_delta,0.0019277772021144193,cause_family,all,extra_trees,1
numeric__transaction_success_count,0.0014724842288289799,cause_family,all,extra_trees,1
numeric__uplink_success_count,0.0013878166692223189,cause_family,all,extra_trees,1
numeric__transaction_count,0.0013587070747754061,cause_family,all,extra_trees,1
numeric__client_energest_total_delta,0.0008037424932063074,cause_family,all,extra_trees,1
numeric__app_timeouts_delta,0.0002904496706289856,cause_family,all,extra_trees,1
numeric__app_delivery_ratio,0.00016894433591424672,cause_family,all,extra_trees,1
numeric__client_mac_valid_nodes,0.00012340448100158855,cause_family,all,extra_trees,1
numeric__client_mac_reset_nodes,0.00011282464179248922,cause_family,all,extra_trees,1
numeric__queue_drops_delta,7.471622931459781e-05,cause_family,all,extra_trees,1
numeric__uplink_delivery_ratio,6.965618722344092e-05,cause_family,all,extra_trees,1
numeric__parent_changes_delta,4.999513609016248e-05,cause_family,all,extra_trees,1
numeric__route_miss_delta,0.0,cause_family,all,extra_trees,1
numeric__reachable_fraction,0.0,cause_family,all,extra_trees,1
numeric__root_mean_rssi,0.0,cause_family,all,extra_trees,1
numeric__mean_neighbors,0.0,cause_family,all,extra_trees,1
numeric__client_mac_rx_delta,0.11715680806680556,cause_family,all,extra_trees,2
numeric__client_radio_tx_fraction,0.09525230151255316,cause_family,all,extra_trees,2
numeric__client_energest_tx_delta,0.09076058442087234,cause_family,all,extra_trees,2
numeric__client_energest_listen_delta,0.08699850978928513,cause_family,all,extra_trees,2
numeric__mean_etx_x100,0.08442209675392438,cause_family,all,extra_trees,2
numeric__mean_rank,0.07848187005514483,cause_family,all,extra_trees,2
numeric__p95_etx_x100,0.05730587101165276,cause_family,all,extra_trees,2
numeric__client_mac_ack_ratio,0.05575963592214479,cause_family,all,extra_trees,2
numeric__root_mac_rx_delta,0.04462240012893159,cause_family,all,extra_trees,2
numeric__root_mean_etx_x100,0.04287558420743068,cause_family,all,extra_trees,2
numeric__std_etx_x100,0.03827833917921801,cause_family,all,extra_trees,2
numeric__root_mac_ack_ratio,0.03716233617533868,cause_family,all,extra_trees,2
numeric__client_mac_tx_attempts_delta,0.036157439598324737,cause_family,all,extra_trees,2
numeric__client_mac_acked_delta,0.030999861769978692,cause_family,all,extra_trees,2
numeric__root_radio_tx_fraction,0.017897236096512757,cause_family,all,extra_trees,2
numeric__root_energest_tx_delta,0.01771850379689848,cause_family,all,extra_trees,2
numeric__root_mac_tx_attempts_delta,0.01686944148788226,cause_family,all,extra_trees,2
numeric__mean_rtt_ms,0.013083317014027101,cause_family,all,extra_trees,2
numeric__mean_rssi,0.008013249207447334,cause_family,all,extra_trees,2
numeric__median_rtt_ms,0.004161967511418964,cause_family,all,extra_trees,2
numeric__p95_rtt_ms,0.0037692509718964527,cause_family,all,extra_trees,2
numeric__std_rtt_ms,0.003189877266399071,cause_family,all,extra_trees,2
numeric__max_rtt_ms,0.0029219399182124736,cause_family,all,extra_trees,2
numeric__app_rx_delta,0.0022368450444086524,cause_family,all,extra_trees,2
numeric__app_tx_delta,0.002160042747293176,cause_family,all,extra_trees,2
numeric__root_server_tx_delta,0.0019590744350691937,cause_family,all,extra_trees,2
numeric__root_mac_acked_delta,0.0018802856847847669,cause_family,all,extra_trees,2
numeric__root_server_rx_delta,0.0018590555849016138,cause_family,all,extra_trees,2
numeric__transaction_success_count,0.0015840805573217934,cause_family,all,extra_trees,2
numeric__transaction_count,0.0014766923782833844,cause_family,all,extra_trees,2
numeric__uplink_success_count,0.001433823304957209,cause_family,all,extra_trees,2
numeric__client_energest_total_delta,0.0006170122570510669,cause_family,all,extra_trees,2
numeric__client_mac_reset_nodes,0.00023534839699791528,cause_family,all,extra_trees,2
numeric__client_mac_valid_nodes,0.00019731653545712114,cause_family,all,extra_trees,2
numeric__app_timeouts_delta,0.00018446726813315428,cause_family,all,extra_trees,2
numeric__parent_changes_delta,0.00011163863862829783,cause_family,all,extra_trees,2
numeric__uplink_delivery_ratio,8.706414365467348e-05,cause_family,all,extra_trees,2
numeric__queue_drops_delta,6.097574764724122e-05,cause_family,all,extra_trees,2
numeric__app_delivery_ratio,5.785541311053799e-05,cause_family,all,extra_trees,2
numeric__route_miss_delta,0.0,cause_family,all,extra_trees,2
numeric__reachable_fraction,0.0,cause_family,all,extra_trees,2
numeric__root_mean_rssi,0.0,cause_family,all,extra_trees,2
numeric__mean_neighbors,0.0,cause_family,all,extra_trees,2
numeric__client_mac_rx_delta,0.12057542930461664,cause_family,all,extra_trees,3
numeric__client_energest_tx_delta,0.09474281993628077,cause_family,all,extra_trees,3
numeric__mean_rank,0.09360894461384064,cause_family,all,extra_trees,3
numeric__client_radio_tx_fraction,0.08284433300487552,cause_family,all,extra_trees,3
numeric__client_energest_listen_delta,0.08250596887018091,cause_family,all,extra_trees,3
numeric__mean_etx_x100,0.07489016700837964,cause_family,all,extra_trees,3
numeric__client_mac_ack_ratio,0.05915988880948558,cause_family,all,extra_trees,3
numeric__p95_etx_x100,0.0479704917033672,cause_family,all,extra_trees,3
numeric__root_mac_rx_delta,0.046855323180496546,cause_family,all,extra_trees,3
numeric__root_mean_etx_x100,0.04646140116793836,cause_family,all,extra_trees,3
numeric__client_mac_tx_attempts_delta,0.03763425193106581,cause_family,all,extra_trees,3
numeric__root_mac_ack_ratio,0.03600911935533473,cause_family,all,extra_trees,3
numeric__std_etx_x100,0.03414613405782378,cause_family,all,extra_trees,3
numeric__client_mac_acked_delta,0.03116967224888829,cause_family,all,extra_trees,3
numeric__root_energest_tx_delta,0.019641932288877,cause_family,all,extra_trees,3
numeric__root_radio_tx_fraction,0.01884983001791672,cause_family,all,extra_trees,3
numeric__root_mac_tx_attempts_delta,0.017317994076787923,cause_family,all,extra_trees,3
numeric__mean_rtt_ms,0.012782794004693131,cause_family,all,extra_trees,3
numeric__mean_rssi,0.010226383481950053,cause_family,all,extra_trees,3
numeric__median_rtt_ms,0.004332367216401085,cause_family,all,extra_trees,3
numeric__p95_rtt_ms,0.004207317882113782,cause_family,all,extra_trees,3
numeric__max_rtt_ms,0.0035588828307953515,cause_family,all,extra_trees,3
numeric__std_rtt_ms,0.003455775809879813,cause_family,all,extra_trees,3
numeric__app_tx_delta,0.002315353450920752,cause_family,all,extra_trees,3
numeric__root_server_rx_delta,0.0022616173815959424,cause_family,all,extra_trees,3
numeric__app_rx_delta,0.0021095510391699866,cause_family,all,extra_trees,3
numeric__root_server_tx_delta,0.0020572273841296634,cause_family,all,extra_trees,3
numeric__root_mac_acked_delta,0.0019940464384051323,cause_family,all,extra_trees,3
numeric__transaction_count,0.0015930807691401797,cause_family,all,extra_trees,3
numeric__transaction_success_count,0.0015910875708263236,cause_family,all,extra_trees,3
numeric__uplink_success_count,0.0015293193810934276,cause_family,all,extra_trees,3
numeric__client_energest_total_delta,0.0005535850910224138,cause_family,all,extra_trees,3
numeric__app_timeouts_delta,0.0002693943624262129,cause_family,all,extra_trees,3
numeric__client_mac_reset_nodes,0.00024548626126933776,cause_family,all,extra_trees,3
numeric__app_delivery_ratio,0.00018694592113588268,cause_family,all,extra_trees,3
numeric__client_mac_valid_nodes,0.00018021873153924083,cause_family,all,extra_trees,3
numeric__parent_changes_delta,5.916862300421348e-05,cause_family,all,extra_trees,3
numeric__queue_drops_delta,5.469794477284548e-05,cause_family,all,extra_trees,3
numeric__uplink_delivery_ratio,5.199684755919563e-05,cause_family,all,extra_trees,3
numeric__route_miss_delta,0.0,cause_family,all,extra_trees,3
numeric__reachable_fraction,0.0,cause_family,all,extra_trees,3
numeric__root_mean_rssi,0.0,cause_family,all,extra_trees,3
numeric__mean_neighbors,0.0,cause_family,all,extra_trees,3
numeric__client_mac_rx_delta,0.11521124074079354,cause_family,all,extra_trees,4
numeric__client_radio_tx_fraction,0.09266652968712186,cause_family,all,extra_trees,4
numeric__client_energest_tx_delta,0.09115454511701301,cause_family,all,extra_trees,4
numeric__client_energest_listen_delta,0.08908208417625667,cause_family,all,extra_trees,4
numeric__mean_rank,0.08625821044637011,cause_family,all,extra_trees,4
numeric__mean_etx_x100,0.07837782883804283,cause_family,all,extra_trees,4
numeric__client_mac_ack_ratio,0.05712890082159366,cause_family,all,extra_trees,4
numeric__p95_etx_x100,0.048253040731544045,cause_family,all,extra_trees,4
numeric__root_mean_etx_x100,0.04635739166851879,cause_family,all,extra_trees,4
numeric__root_mac_rx_delta,0.04561749059096899,cause_family,all,extra_trees,4
numeric__root_mac_ack_ratio,0.04081803173897102,cause_family,all,extra_trees,4
numeric__client_mac_tx_attempts_delta,0.03737150099341664,cause_family,all,extra_trees,4
numeric__std_etx_x100,0.03502445210617545,cause_family,all,extra_trees,4
numeric__client_mac_acked_delta,0.028424882950030383,cause_family,all,extra_trees,4
numeric__root_radio_tx_fraction,0.019804918267590017,cause_family,all,extra_trees,4
numeric__root_energest_tx_delta,0.01900826631045652,cause_family,all,extra_trees,4
numeric__root_mac_tx_attempts_delta,0.017013197677309536,cause_family,all,extra_trees,4
numeric__mean_rtt_ms,0.013060693399275602,cause_family,all,extra_trees,4
numeric__mean_rssi,0.005918788335955986,cause_family,all,extra_trees,4
numeric__median_rtt_ms,0.005378830281265753,cause_family,all,extra_trees,4
numeric__p95_rtt_ms,0.004199842646345358,cause_family,all,extra_trees,4
numeric__std_rtt_ms,0.003563819700079531,cause_family,all,extra_trees,4
numeric__max_rtt_ms,0.003376752968741646,cause_family,all,extra_trees,4
numeric__app_tx_delta,0.0025432323239981385,cause_family,all,extra_trees,4
numeric__app_rx_delta,0.002208966174234266,cause_family,all,extra_trees,4
numeric__root_server_rx_delta,0.0021351379356150542,cause_family,all,extra_trees,4
numeric__root_server_tx_delta,0.001910655318495988,cause_family,all,extra_trees,4
numeric__root_mac_acked_delta,0.0018941508739262214,cause_family,all,extra_trees,4
numeric__transaction_success_count,0.0015183225447149146,cause_family,all,extra_trees,4
numeric__transaction_count,0.0014426850317819616,cause_family,all,extra_trees,4
numeric__uplink_success_count,0.0014356883883201385,cause_family,all,extra_trees,4
numeric__client_energest_total_delta,0.0007591421376873648,cause_family,all,extra_trees,4
numeric__app_timeouts_delta,0.00028867535059233957,cause_family,all,extra_trees,4
numeric__client_mac_valid_nodes,0.00023038256382345242,cause_family,all,extra_trees,4
numeric__client_mac_reset_nodes,0.0001813672582795129,cause_family,all,extra_trees,4
numeric__app_delivery_ratio,0.00016896630676510572,cause_family,all,extra_trees,4
numeric__uplink_delivery_ratio,7.25316490188287e-05,cause_family,all,extra_trees,4
numeric__queue_drops_delta,6.944506477995937e-05,cause_family,all,extra_trees,4
numeric__parent_changes_delta,6.941088412991801e-05,cause_family,all,extra_trees,4
numeric__route_miss_delta,0.0,cause_family,all,extra_trees,4
numeric__reachable_fraction,0.0,cause_family,all,extra_trees,4
numeric__root_mean_rssi,0.0,cause_family,all,extra_trees,4
numeric__mean_neighbors,0.0,cause_family,all,extra_trees,4
numeric__client_mac_rx_delta,0.12354825485805523,cause_family,all,extra_trees,5
numeric__client_radio_tx_fraction,0.08817915227325318,cause_family,all,extra_trees,5
numeric__client_energest_tx_delta,0.08722980343531832,cause_family,all,extra_trees,5
numeric__client_energest_listen_delta,0.08541953830275723,cause_family,all,extra_trees,5
numeric__mean_rank,0.07706346687267131,cause_family,all,extra_trees,5
numeric__mean_etx_x100,0.07633441285104431,cause_family,all,extra_trees,5
numeric__client_mac_ack_ratio,0.056667369610507556,cause_family,all,extra_trees,5
numeric__p95_etx_x100,0.04996675549265735,cause_family,all,extra_trees,5
numeric__root_mean_etx_x100,0.04796416363459217,cause_family,all,extra_trees,5
numeric__root_mac_rx_delta,0.044632432605111995,cause_family,all,extra_trees,5
numeric__root_mac_ack_ratio,0.044278298793074204,cause_family,all,extra_trees,5
numeric__client_mac_tx_attempts_delta,0.03524659557031382,cause_family,all,extra_trees,5
numeric__std_etx_x100,0.035066973115457076,cause_family,all,extra_trees,5
numeric__client_mac_acked_delta,0.02958519868886458,cause_family,all,extra_trees,5
numeric__root_radio_tx_fraction,0.021183293358027353,cause_family,all,extra_trees,5
numeric__root_energest_tx_delta,0.01905284231202926,cause_family,all,extra_trees,5
numeric__root_mac_tx_attempts_delta,0.019022118668219647,cause_family,all,extra_trees,5
numeric__mean_rtt_ms,0.014036874287318951,cause_family,all,extra_trees,5
numeric__mean_rssi,0.008419391866786672,cause_family,all,extra_trees,5
numeric__p95_rtt_ms,0.006755860959981788,cause_family,all,extra_trees,5
numeric__median_rtt_ms,0.004733866760788338,cause_family,all,extra_trees,5
numeric__std_rtt_ms,0.0037958033774770023,cause_family,all,extra_trees,5
numeric__max_rtt_ms,0.003776198680532804,cause_family,all,extra_trees,5
numeric__app_rx_delta,0.0026727858405862937,cause_family,all,extra_trees,5
numeric__app_tx_delta,0.00249419823067955,cause_family,all,extra_trees,5
numeric__root_mac_acked_delta,0.002411657082074451,cause_family,all,extra_trees,5
numeric__root_server_rx_delta,0.002385229996322591,cause_family,all,extra_trees,5
numeric__root_server_tx_delta,0.002252960141753756,cause_family,all,extra_trees,5
numeric__transaction_count,0.0014842590039930758,cause_family,all,extra_trees,5
numeric__uplink_success_count,0.0014606247915728305,cause_family,all,extra_trees,5
numeric__transaction_success_count,0.0014258858699997617,cause_family,all,extra_trees,5
numeric__client_energest_total_delta,0.0007080504151489366,cause_family,all,extra_trees,5
numeric__client_mac_valid_nodes,0.00018430431627763417,cause_family,all,extra_trees,5
numeric__client_mac_reset_nodes,0.00014799320211581106,cause_family,all,extra_trees,5
numeric__app_timeouts_delta,0.00012290064095169396,cause_family,all,extra_trees,5
numeric__app_delivery_ratio,0.0001206743491273213,cause_family,all,extra_trees,5
numeric__parent_changes_delta,9.398146226242875e-05,cause_family,all,extra_trees,5
numeric__queue_drops_delta,4.93281876258199e-05,cause_family,all,extra_trees,5
numeric__uplink_delivery_ratio,2.6500094667862468e-05,cause_family,all,extra_trees,5
numeric__route_miss_delta,0.0,cause_family,all,extra_trees,5
numeric__reachable_fraction,0.0,cause_family,all,extra_trees,5
numeric__root_mean_rssi,0.0,cause_family,all,extra_trees,5
numeric__mean_neighbors,0.0,cause_family,all,extra_trees,5
numeric__mean_rank,0.12035278283530881,seven_class,all,random_forest,1
numeric__root_mac_rx_delta,0.11446569666493057,seven_class,all,random_forest,1
numeric__client_mac_rx_delta,0.10700121164901609,seven_class,all,random_forest,1
numeric__mean_etx_x100,0.10341833865995825,seven_class,all,random_forest,1
numeric__root_mean_etx_x100,0.07927728987873955,seven_class,all,random_forest,1
numeric__client_radio_tx_fraction,0.06028627208461172,seven_class,all,random_forest,1
numeric__client_energest_tx_delta,0.06016024559958108,seven_class,all,random_forest,1
numeric__client_energest_listen_delta,0.0571206662013703,seven_class,all,random_forest,1
numeric__p95_etx_x100,0.05632558397038117,seven_class,all,random_forest,1
numeric__client_mac_tx_attempts_delta,0.04675019181856476,seven_class,all,random_forest,1
numeric__std_etx_x100,0.03982099148698058,seven_class,all,random_forest,1
numeric__client_mac_acked_delta,0.029467396017733564,seven_class,all,random_forest,1
numeric__client_mac_ack_ratio,0.021159469162945022,seven_class,all,random_forest,1
numeric__root_energest_tx_delta,0.01807193432888212,seven_class,all,random_forest,1
numeric__root_radio_tx_fraction,0.015156572461803604,seven_class,all,random_forest,1
numeric__mean_rssi,0.013495497803868805,seven_class,all,random_forest,1
numeric__root_mac_ack_ratio,0.012158167683179262,seven_class,all,random_forest,1
numeric__mean_rtt_ms,0.008167664322639955,seven_class,all,random_forest,1
numeric__root_mac_tx_attempts_delta,0.006590413933180897,seven_class,all,random_forest,1
numeric__median_rtt_ms,0.005030259306880175,seven_class,all,random_forest,1
numeric__max_rtt_ms,0.004765715352237981,seven_class,all,random_forest,1
numeric__p95_rtt_ms,0.004513218489161652,seven_class,all,random_forest,1
numeric__std_rtt_ms,0.004498546327711557,seven_class,all,random_forest,1
numeric__app_rx_delta,0.0015587852700992885,seven_class,all,random_forest,1
numeric__root_mac_acked_delta,0.0015072886282001658,seven_class,all,random_forest,1
numeric__app_tx_delta,0.0014335907717669325,seven_class,all,random_forest,1
numeric__root_server_tx_delta,0.0013909527722812086,seven_class,all,random_forest,1
numeric__root_server_rx_delta,0.0013417469229643091,seven_class,all,random_forest,1
numeric__client_energest_total_delta,0.001167985852560573,seven_class,all,random_forest,1
numeric__transaction_count,0.001030610061973457,seven_class,all,random_forest,1
numeric__transaction_success_count,0.0010263556981614597,seven_class,all,random_forest,1
numeric__uplink_success_count,0.0010108343483612426,seven_class,all,random_forest,1
numeric__app_timeouts_delta,9.931808075920424e-05,seven_class,all,random_forest,1
numeric__client_mac_valid_nodes,8.275581071180693e-05,seven_class,all,random_forest,1
numeric__app_delivery_ratio,7.912532732315889e-05,seven_class,all,random_forest,1
numeric__client_mac_reset_nodes,6.60909375746883e-05,seven_class,all,random_forest,1
numeric__uplink_delivery_ratio,5.237271888792626e-05,seven_class,all,random_forest,1
numeric__queue_drops_delta,5.029188983798257e-05,seven_class,all,random_forest,1
numeric__parent_changes_delta,4.776886886920872e-05,seven_class,all,random_forest,1
numeric__route_miss_delta,0.0,seven_class,all,random_forest,1
numeric__reachable_fraction,0.0,seven_class,all,random_forest,1
numeric__root_mean_rssi,0.0,seven_class,all,random_forest,1
numeric__mean_neighbors,0.0,seven_class,all,random_forest,1
numeric__root_mac_rx_delta,0.12293041993812373,seven_class,all,random_forest,2
numeric__mean_rank,0.11088073874755645,seven_class,all,random_forest,2
numeric__mean_etx_x100,0.10275158109667049,seven_class,all,random_forest,2
numeric__client_mac_rx_delta,0.10019831703958754,seven_class,all,random_forest,2
numeric__root_mean_etx_x100,0.07782959169412504,seven_class,all,random_forest,2
numeric__client_energest_listen_delta,0.06135083766764172,seven_class,all,random_forest,2
numeric__client_energest_tx_delta,0.05843394287768932,seven_class,all,random_forest,2
numeric__p95_etx_x100,0.05721748958148696,seven_class,all,random_forest,2
numeric__client_radio_tx_fraction,0.05715173076562488,seven_class,all,random_forest,2
numeric__client_mac_tx_attempts_delta,0.045746685012862255,seven_class,all,random_forest,2
numeric__std_etx_x100,0.044003483782272965,seven_class,all,random_forest,2
numeric__client_mac_acked_delta,0.030592965150998498,seven_class,all,random_forest,2
numeric__client_mac_ack_ratio,0.02090549611794518,seven_class,all,random_forest,2
numeric__root_energest_tx_delta,0.019480886585267847,seven_class,all,random_forest,2
numeric__root_radio_tx_fraction,0.016274027676555784,seven_class,all,random_forest,2
numeric__mean_rssi,0.013310396553622069,seven_class,all,random_forest,2
numeric__root_mac_ack_ratio,0.012133935682472074,seven_class,all,random_forest,2
numeric__mean_rtt_ms,0.00856632923578745,seven_class,all,random_forest,2
numeric__root_mac_tx_attempts_delta,0.0068862777317457045,seven_class,all,random_forest,2
numeric__max_rtt_ms,0.005806389929782466,seven_class,all,random_forest,2
numeric__p95_rtt_ms,0.0048514110547750585,seven_class,all,random_forest,2
numeric__std_rtt_ms,0.004827759800973208,seven_class,all,random_forest,2
numeric__median_rtt_ms,0.00479238831401031,seven_class,all,random_forest,2
numeric__root_server_rx_delta,0.0016445039094363316,seven_class,all,random_forest,2
numeric__app_rx_delta,0.0015513738813635353,seven_class,all,random_forest,2
numeric__root_mac_acked_delta,0.0015086028359021836,seven_class,all,random_forest,2
numeric__app_tx_delta,0.0013980158590013814,seven_class,all,random_forest,2
numeric__root_server_tx_delta,0.0013634032794618007,seven_class,all,random_forest,2
numeric__transaction_count,0.0012789678647938106,seven_class,all,random_forest,2
numeric__uplink_success_count,0.001232196634220509,seven_class,all,random_forest,2
numeric__transaction_success_count,0.0011500273957733302,seven_class,all,random_forest,2
numeric__client_energest_total_delta,0.0008943274590194557,seven_class,all,random_forest,2
numeric__client_mac_valid_nodes,0.00021306206884259073,seven_class,all,random_forest,2
numeric__parent_changes_delta,0.00020352849116865037,seven_class,all,random_forest,2
numeric__client_mac_reset_nodes,0.0002018117186237241,seven_class,all,random_forest,2
numeric__app_delivery_ratio,0.00017557173658022454,seven_class,all,random_forest,2
numeric__app_timeouts_delta,9.263479787407334e-05,seven_class,all,random_forest,2
numeric__queue_drops_delta,9.055053680157096e-05,seven_class,all,random_forest,2
numeric__uplink_delivery_ratio,7.833949355999024e-05,seven_class,all,random_forest,2
numeric__route_miss_delta,0.0,seven_class,all,random_forest,2
numeric__reachable_fraction,0.0,seven_class,all,random_forest,2
numeric__root_mean_rssi,0.0,seven_class,all,random_forest,2
numeric__mean_neighbors,0.0,seven_class,all,random_forest,2
numeric__root_mac_rx_delta,0.11749738614076821,seven_class,all,random_forest,3
numeric__mean_rank,0.10818881510305675,seven_class,all,random_forest,3
numeric__client_mac_rx_delta,0.1072334744295401,seven_class,all,random_forest,3
numeric__mean_etx_x100,0.09371183292043436,seven_class,all,random_forest,3
numeric__root_mean_etx_x100,0.08460231899388126,seven_class,all,random_forest,3
numeric__client_radio_tx_fraction,0.062117548496649064,seven_class,all,random_forest,3
numeric__client_energest_tx_delta,0.06174160985161197,seven_class,all,random_forest,3
numeric__client_energest_listen_delta,0.05820521181710879,seven_class,all,random_forest,3
numeric__p95_etx_x100,0.056155094889615655,seven_class,all,random_forest,3
numeric__client_mac_tx_attempts_delta,0.04626568551882721,seven_class,all,random_forest,3
numeric__std_etx_x100,0.04259076783888992,seven_class,all,random_forest,3
numeric__client_mac_acked_delta,0.031059888304789052,seven_class,all,random_forest,3
numeric__client_mac_ack_ratio,0.021416018155263734,seven_class,all,random_forest,3
numeric__root_energest_tx_delta,0.019074794950022955,seven_class,all,random_forest,3
numeric__root_radio_tx_fraction,0.017130075653269478,seven_class,all,random_forest,3
numeric__mean_rssi,0.016097179182638827,seven_class,all,random_forest,3
numeric__root_mac_ack_ratio,0.010646515914169747,seven_class,all,random_forest,3
numeric__mean_rtt_ms,0.0070510490921301665,seven_class,all,random_forest,3
numeric__root_mac_tx_attempts_delta,0.007022969700905532,seven_class,all,random_forest,3
numeric__max_rtt_ms,0.005180193031436452,seven_class,all,random_forest,3
numeric__p95_rtt_ms,0.00483702309917205,seven_class,all,random_forest,3
numeric__std_rtt_ms,0.004713366047337575,seven_class,all,random_forest,3
numeric__median_rtt_ms,0.004609328446453728,seven_class,all,random_forest,3
numeric__app_tx_delta,0.001633367124996248,seven_class,all,random_forest,3
numeric__root_server_tx_delta,0.0014562364280342331,seven_class,all,random_forest,3
numeric__app_rx_delta,0.0014537974246833345,seven_class,all,random_forest,3
numeric__root_mac_acked_delta,0.0014209601323775683,seven_class,all,random_forest,3
numeric__root_server_rx_delta,0.0013359301872674205,seven_class,all,random_forest,3
numeric__transaction_success_count,0.0012583199474645822,seven_class,all,random_forest,3
numeric__transaction_count,0.001179058383995912,seven_class,all,random_forest,3
numeric__uplink_success_count,0.0010735563714809899,seven_class,all,random_forest,3
numeric__client_energest_total_delta,0.0009760649918880511,seven_class,all,random_forest,3
numeric__parent_changes_delta,0.00028363901848274775,seven_class,all,random_forest,3
numeric__client_mac_valid_nodes,0.00021417809827560587,seven_class,all,random_forest,3
numeric__app_delivery_ratio,0.00018413823385631146,seven_class,all,random_forest,3
numeric__client_mac_reset_nodes,0.00014729691718533454,seven_class,all,random_forest,3
numeric__app_timeouts_delta,0.0001163865761718667,seven_class,all,random_forest,3
numeric__queue_drops_delta,6.582948839095316e-05,seven_class,all,random_forest,3
numeric__uplink_delivery_ratio,5.3093097476348426e-05,seven_class,all,random_forest,3
numeric__route_miss_delta,0.0,seven_class,all,random_forest,3
numeric__reachable_fraction,0.0,seven_class,all,random_forest,3
numeric__root_mean_rssi,0.0,seven_class,all,random_forest,3
numeric__mean_neighbors,0.0,seven_class,all,random_forest,3
numeric__root_mac_rx_delta,0.12181472380069738,seven_class,all,random_forest,4
numeric__mean_rank,0.11865040078425579,seven_class,all,random_forest,4
numeric__client_mac_rx_delta,0.10555190165629856,seven_class,all,random_forest,4
numeric__root_mean_etx_x100,0.09066034110209747,seven_class,all,random_forest,4
numeric__mean_etx_x100,0.08504962512317124,seven_class,all,random_forest,4
numeric__client_energest_tx_delta,0.05880308169556938,seven_class,all,random_forest,4
numeric__client_energest_listen_delta,0.05796290055341574,seven_class,all,random_forest,4
numeric__client_radio_tx_fraction,0.057388707647870386,seven_class,all,random_forest,4
numeric__p95_etx_x100,0.0530482915649154,seven_class,all,random_forest,4
numeric__client_mac_tx_attempts_delta,0.04564759753960472,seven_class,all,random_forest,4
numeric__std_etx_x100,0.044714305222588235,seven_class,all,random_forest,4
numeric__client_mac_acked_delta,0.031066365956066128,seven_class,all,random_forest,4
numeric__mean_rssi,0.02262990382122156,seven_class,all,random_forest,4
numeric__client_mac_ack_ratio,0.019250780969153992,seven_class,all,random_forest,4
numeric__root_energest_tx_delta,0.017980233788092267,seven_class,all,random_forest,4
numeric__root_radio_tx_fraction,0.016016041208897096,seven_class,all,random_forest,4
numeric__root_mac_ack_ratio,0.010776822173376088,seven_class,all,random_forest,4
numeric__mean_rtt_ms,0.008306160548612366,seven_class,all,random_forest,4
numeric__root_mac_tx_attempts_delta,0.0048021451296959535,seven_class,all,random_forest,4
numeric__max_rtt_ms,0.004765232191058783,seven_class,all,random_forest,4
numeric__p95_rtt_ms,0.0047243787646403905,seven_class,all,random_forest,4
numeric__median_rtt_ms,0.004502604321254272,seven_class,all,random_forest,4
numeric__std_rtt_ms,0.00437759214647493,seven_class,all,random_forest,4
numeric__root_server_rx_delta,0.0014032337154205562,seven_class,all,random_forest,4
numeric__root_server_tx_delta,0.00131100327134522,seven_class,all,random_forest,4
numeric__app_rx_delta,0.0012178520588531575,seven_class,all,random_forest,4
numeric__transaction_count,0.0012007392936872919,seven_class,all,random_forest,4
numeric__root_mac_acked_delta,0.001195242927070861,seven_class,all,random_forest,4
numeric__app_tx_delta,0.0011946331259436076,seven_class,all,random_forest,4
numeric__transaction_success_count,0.0010689509088546913,seven_class,all,random_forest,4
numeric__uplink_success_count,0.001000310660354041,seven_class,all,random_forest,4
numeric__client_energest_total_delta,0.0007361965828548949,seven_class,all,random_forest,4
numeric__client_mac_valid_nodes,0.00022717659424341258,seven_class,all,random_forest,4
numeric__parent_changes_delta,0.0002082246586336552,seven_class,all,random_forest,4
numeric__client_mac_reset_nodes,0.00020184065508031674,seven_class,all,random_forest,4
numeric__app_delivery_ratio,0.00017848537563453342,seven_class,all,random_forest,4
numeric__queue_drops_delta,0.00015394633739605648,seven_class,all,random_forest,4
numeric__uplink_delivery_ratio,0.0001341477450282083,seven_class,all,random_forest,4
numeric__app_timeouts_delta,7.78783805713781e-05,seven_class,all,random_forest,4
numeric__route_miss_delta,0.0,seven_class,all,random_forest,4
numeric__reachable_fraction,0.0,seven_class,all,random_forest,4
numeric__root_mean_rssi,0.0,seven_class,all,random_forest,4
numeric__mean_neighbors,0.0,seven_class,all,random_forest,4
numeric__root_mac_rx_delta,0.11638725778728254,seven_class,all,random_forest,5
numeric__client_mac_rx_delta,0.11101733251951089,seven_class,all,random_forest,5
numeric__mean_rank,0.10153628724366123,seven_class,all,random_forest,5
numeric__mean_etx_x100,0.09276598737985829,seven_class,all,random_forest,5
numeric__root_mean_etx_x100,0.089891353851046,seven_class,all,random_forest,5
numeric__client_radio_tx_fraction,0.0573285844559721,seven_class,all,random_forest,5
numeric__client_energest_tx_delta,0.056245561890750355,seven_class,all,random_forest,5
numeric__client_energest_listen_delta,0.055317088712895625,seven_class,all,random_forest,5
numeric__p95_etx_x100,0.05450569583333502,seven_class,all,random_forest,5
numeric__client_mac_tx_attempts_delta,0.04826229267224333,seven_class,all,random_forest,5
numeric__std_etx_x100,0.04379427513187228,seven_class,all,random_forest,5
numeric__client_mac_acked_delta,0.030540836186554322,seven_class,all,random_forest,5
numeric__mean_rssi,0.02277554250594617,seven_class,all,random_forest,5
numeric__client_mac_ack_ratio,0.02037242961867904,seven_class,all,random_forest,5
numeric__root_energest_tx_delta,0.01897758331745899,seven_class,all,random_forest,5
numeric__root_radio_tx_fraction,0.015286549216383696,seven_class,all,random_forest,5
numeric__root_mac_ack_ratio,0.015028080871585872,seven_class,all,random_forest,5
numeric__mean_rtt_ms,0.008710413744159533,seven_class,all,random_forest,5
numeric__root_mac_tx_attempts_delta,0.008163321882844288,seven_class,all,random_forest,5
numeric__max_rtt_ms,0.005261141544045957,seven_class,all,random_forest,5
numeric__p95_rtt_ms,0.00506231922510442,seven_class,all,random_forest,5
numeric__median_rtt_ms,0.004969839583416692,seven_class,all,random_forest,5
numeric__std_rtt_ms,0.004834563720691526,seven_class,all,random_forest,5
numeric__root_server_tx_delta,0.001623697328068993,seven_class,all,random_forest,5
numeric__root_server_rx_delta,0.0014815286055449436,seven_class,all,random_forest,5
numeric__app_rx_delta,0.0014395349768471077,seven_class,all,random_forest,5
numeric__app_tx_delta,0.0014020317309861056,seven_class,all,random_forest,5
numeric__root_mac_acked_delta,0.0013783484063014224,seven_class,all,random_forest,5
numeric__client_energest_total_delta,0.0013268638493130166,seven_class,all,random_forest,5
numeric__uplink_success_count,0.0011592674656264038,seven_class,all,random_forest,5
numeric__transaction_count,0.001116356163487548,seven_class,all,random_forest,5
numeric__transaction_success_count,0.0010862892517198015,seven_class,all,random_forest,5
numeric__parent_changes_delta,0.00019662488018371314,seven_class,all,random_forest,5
numeric__app_delivery_ratio,0.00019494175387669275,seven_class,all,random_forest,5
numeric__client_mac_reset_nodes,0.0001517933472273287,seven_class,all,random_forest,5
numeric__client_mac_valid_nodes,0.00011403891334157061,seven_class,all,random_forest,5
numeric__app_timeouts_delta,0.00011064401447876096,seven_class,all,random_forest,5
numeric__queue_drops_delta,0.00010318152643995959,seven_class,all,random_forest,5
numeric__uplink_delivery_ratio,8.051889125836272e-05,seven_class,all,random_forest,5
numeric__route_miss_delta,0.0,seven_class,all,random_forest,5
numeric__reachable_fraction,0.0,seven_class,all,random_forest,5
numeric__root_mean_rssi,0.0,seven_class,all,random_forest,5
numeric__mean_neighbors,0.0,seven_class,all,random_forest,5
numeric__root_mac_rx_delta,0.11769102650099302,seven_class,all,extra_trees,1
numeric__mean_rank,0.09717388616759484,seven_class,all,extra_trees,1
numeric__mean_etx_x100,0.08588612538326067,seven_class,all,extra_trees,1
numeric__client_mac_rx_delta,0.08025745573341636,seven_class,all,extra_trees,1
numeric__client_energest_listen_delta,0.06527067637192205,seven_class,all,extra_trees,1
numeric__root_mean_etx_x100,0.06134373554348843,seven_class,all,extra_trees,1
numeric__client_radio_tx_fraction,0.060046109312745635,seven_class,all,extra_trees,1
numeric__p95_etx_x100,0.05890119637602752,seven_class,all,extra_trees,1
numeric__client_energest_tx_delta,0.05819706917364708,seven_class,all,extra_trees,1
numeric__client_mac_acked_delta,0.04775265897033633,seven_class,all,extra_trees,1
numeric__client_mac_tx_attempts_delta,0.039929764740666604,seven_class,all,extra_trees,1
numeric__std_etx_x100,0.03477381727702049,seven_class,all,extra_trees,1
numeric__client_mac_ack_ratio,0.03368162952900275,seven_class,all,extra_trees,1
numeric__root_energest_tx_delta,0.02106306620826586,seven_class,all,extra_trees,1
numeric__mean_rssi,0.020761932478851084,seven_class,all,extra_trees,1
numeric__root_radio_tx_fraction,0.020493794034831782,seven_class,all,extra_trees,1
numeric__root_mac_ack_ratio,0.02029401213984944,seven_class,all,extra_trees,1
numeric__root_mac_tx_attempts_delta,0.012189191766637918,seven_class,all,extra_trees,1
numeric__mean_rtt_ms,0.01051931751888931,seven_class,all,extra_trees,1
numeric__median_rtt_ms,0.005759577094414488,seven_class,all,extra_trees,1
numeric__p95_rtt_ms,0.0050681116047693485,seven_class,all,extra_trees,1
numeric__max_rtt_ms,0.005003124684894459,seven_class,all,extra_trees,1
numeric__std_rtt_ms,0.0046175792745590605,seven_class,all,extra_trees,1
numeric__root_server_tx_delta,0.004237353062122187,seven_class,all,extra_trees,1
numeric__root_mac_acked_delta,0.004211535737421091,seven_class,all,extra_trees,1
numeric__app_tx_delta,0.0041741271901333645,seven_class,all,extra_trees,1
numeric__root_server_rx_delta,0.004046583237487705,seven_class,all,extra_trees,1
numeric__app_rx_delta,0.0038799968185152483,seven_class,all,extra_trees,1
numeric__transaction_count,0.0029803579554353306,seven_class,all,extra_trees,1
numeric__transaction_success_count,0.002880095623664936,seven_class,all,extra_trees,1
numeric__uplink_success_count,0.0027802356123959268,seven_class,all,extra_trees,1
numeric__client_energest_total_delta,0.002301707156012838,seven_class,all,extra_trees,1
numeric__app_delivery_ratio,0.00047620285178866673,seven_class,all,extra_trees,1
numeric__app_timeouts_delta,0.00035472935009635503,seven_class,all,extra_trees,1
numeric__client_mac_reset_nodes,0.0003057083051691967,seven_class,all,extra_trees,1
numeric__client_mac_valid_nodes,0.0002622683979286948,seven_class,all,extra_trees,1
numeric__parent_changes_delta,0.00018345813200127726,seven_class,all,extra_trees,1
numeric__queue_drops_delta,0.00013400725147400344,seven_class,all,extra_trees,1
numeric__uplink_delivery_ratio,0.00011677543226884043,seven_class,all,extra_trees,1
numeric__route_miss_delta,0.0,seven_class,all,extra_trees,1
numeric__reachable_fraction,0.0,seven_class,all,extra_trees,1
numeric__root_mean_rssi,0.0,seven_class,all,extra_trees,1
numeric__mean_neighbors,0.0,seven_class,all,extra_trees,1
numeric__root_mac_rx_delta,0.11783591749243252,seven_class,all,extra_trees,2
numeric__mean_rank,0.08846004772727863,seven_class,all,extra_trees,2
numeric__mean_etx_x100,0.08804343003477985,seven_class,all,extra_trees,2
numeric__client_mac_rx_delta,0.07750467722202879,seven_class,all,extra_trees,2
numeric__root_mean_etx_x100,0.06766231789928298,seven_class,all,extra_trees,2
numeric__client_energest_tx_delta,0.06056956485854117,seven_class,all,extra_trees,2
numeric__client_radio_tx_fraction,0.05944890592167129,seven_class,all,extra_trees,2
numeric__client_energest_listen_delta,0.05888605726945938,seven_class,all,extra_trees,2
numeric__p95_etx_x100,0.05331435624537449,seven_class,all,extra_trees,2
numeric__client_mac_acked_delta,0.04817790353557033,seven_class,all,extra_trees,2
numeric__client_mac_tx_attempts_delta,0.04632995899963118,seven_class,all,extra_trees,2
numeric__std_etx_x100,0.03621743936453279,seven_class,all,extra_trees,2
numeric__client_mac_ack_ratio,0.03262601770003858,seven_class,all,extra_trees,2
numeric__root_mac_ack_ratio,0.02175213757621352,seven_class,all,extra_trees,2
numeric__root_radio_tx_fraction,0.021441153754562858,seven_class,all,extra_trees,2
numeric__root_energest_tx_delta,0.01941324078213241,seven_class,all,extra_trees,2
numeric__mean_rssi,0.018207736753604233,seven_class,all,extra_trees,2
numeric__root_mac_tx_attempts_delta,0.012274957328812567,seven_class,all,extra_trees,2
numeric__mean_rtt_ms,0.011454821674375825,seven_class,all,extra_trees,2
numeric__p95_rtt_ms,0.006444995422259222,seven_class,all,extra_trees,2
numeric__std_rtt_ms,0.006055882371892455,seven_class,all,extra_trees,2
numeric__median_rtt_ms,0.005643746738936987,seven_class,all,extra_trees,2
numeric__max_rtt_ms,0.005561857210687877,seven_class,all,extra_trees,2
numeric__root_server_tx_delta,0.004662942877795682,seven_class,all,extra_trees,2
numeric__root_server_rx_delta,0.00449956004012717,seven_class,all,extra_trees,2
numeric__root_mac_acked_delta,0.004148368377931843,seven_class,all,extra_trees,2
numeric__app_rx_delta,0.004146763979440702,seven_class,all,extra_trees,2
numeric__app_tx_delta,0.003982963809675293,seven_class,all,extra_trees,2
numeric__transaction_success_count,0.003303480786058987,seven_class,all,extra_trees,2
numeric__uplink_success_count,0.0032525162731307008,seven_class,all,extra_trees,2
numeric__transaction_count,0.003164317374711033,seven_class,all,extra_trees,2
numeric__client_energest_total_delta,0.0023003400831021134,seven_class,all,extra_trees,2
numeric__client_mac_valid_nodes,0.0006079175930604973,seven_class,all,extra_trees,2
numeric__client_mac_reset_nodes,0.000569030456149887,seven_class,all,extra_trees,2
numeric__app_delivery_ratio,0.0005085128716345715,seven_class,all,extra_trees,2
numeric__parent_changes_delta,0.0004924025476694285,seven_class,all,extra_trees,2
numeric__app_timeouts_delta,0.0004123839016864369,seven_class,all,extra_trees,2
numeric__uplink_delivery_ratio,0.0003107108146988571,seven_class,all,extra_trees,2
numeric__queue_drops_delta,0.0003106643290268664,seven_class,all,extra_trees,2
numeric__route_miss_delta,0.0,seven_class,all,extra_trees,2
numeric__reachable_fraction,0.0,seven_class,all,extra_trees,2
numeric__root_mean_rssi,0.0,seven_class,all,extra_trees,2
numeric__mean_neighbors,0.0,seven_class,all,extra_trees,2
numeric__root_mac_rx_delta,0.11799303973184855,seven_class,all,extra_trees,3
numeric__mean_rank,0.08907288675823831,seven_class,all,extra_trees,3
numeric__mean_etx_x100,0.0853337040885929,seven_class,all,extra_trees,3
numeric__client_mac_rx_delta,0.0848359130951092,seven_class,all,extra_trees,3
numeric__root_mean_etx_x100,0.06880182011033353,seven_class,all,extra_trees,3
numeric__client_energest_tx_delta,0.06048870353948059,seven_class,all,extra_trees,3
numeric__client_energest_listen_delta,0.06033538977079983,seven_class,all,extra_trees,3
numeric__client_radio_tx_fraction,0.058298018776719654,seven_class,all,extra_trees,3
numeric__p95_etx_x100,0.05074331875169232,seven_class,all,extra_trees,3
numeric__client_mac_acked_delta,0.0494737579201478,seven_class,all,extra_trees,3
numeric__client_mac_tx_attempts_delta,0.046843808143632724,seven_class,all,extra_trees,3
numeric__std_etx_x100,0.03533429704562669,seven_class,all,extra_trees,3
numeric__client_mac_ack_ratio,0.03378823068887268,seven_class,all,extra_trees,3
numeric__root_mac_ack_ratio,0.021091463677980416,seven_class,all,extra_trees,3
numeric__root_radio_tx_fraction,0.019596906317984303,seven_class,all,extra_trees,3
numeric__mean_rssi,0.019133280543264714,seven_class,all,extra_trees,3
numeric__root_energest_tx_delta,0.017823449789762257,seven_class,all,extra_trees,3
numeric__root_mac_tx_attempts_delta,0.012405606061505618,seven_class,all,extra_trees,3
numeric__mean_rtt_ms,0.011139007702946815,seven_class,all,extra_trees,3
numeric__p95_rtt_ms,0.005783851869831757,seven_class,all,extra_trees,3
numeric__max_rtt_ms,0.005438341376654465,seven_class,all,extra_trees,3
numeric__std_rtt_ms,0.0053317143006429875,seven_class,all,extra_trees,3
numeric__median_rtt_ms,0.005277716891441387,seven_class,all,extra_trees,3
numeric__root_server_rx_delta,0.004318941766579789,seven_class,all,extra_trees,3
numeric__root_server_tx_delta,0.0043102910890142855,seven_class,all,extra_trees,3
numeric__root_mac_acked_delta,0.004217588295222157,seven_class,all,extra_trees,3
numeric__app_tx_delta,0.0040738192169942015,seven_class,all,extra_trees,3
numeric__app_rx_delta,0.003952179232411465,seven_class,all,extra_trees,3
numeric__transaction_success_count,0.0033285772889010564,seven_class,all,extra_trees,3
numeric__uplink_success_count,0.003069458461237502,seven_class,all,extra_trees,3
numeric__transaction_count,0.0030625683986375417,seven_class,all,extra_trees,3
numeric__client_energest_total_delta,0.002185507674057749,seven_class,all,extra_trees,3
numeric__app_delivery_ratio,0.0006540573148428961,seven_class,all,extra_trees,3
numeric__app_timeouts_delta,0.0005449934770479956,seven_class,all,extra_trees,3
numeric__client_mac_valid_nodes,0.0005394307392316214,seven_class,all,extra_trees,3
numeric__client_mac_reset_nodes,0.0004974861677403431,seven_class,all,extra_trees,3
numeric__parent_changes_delta,0.0003952379539290666,seven_class,all,extra_trees,3
numeric__queue_drops_delta,0.00025749817687361156,seven_class,all,extra_trees,3
numeric__uplink_delivery_ratio,0.00022813779416941198,seven_class,all,extra_trees,3
numeric__route_miss_delta,0.0,seven_class,all,extra_trees,3
numeric__reachable_fraction,0.0,seven_class,all,extra_trees,3
numeric__root_mean_rssi,0.0,seven_class,all,extra_trees,3
numeric__mean_neighbors,0.0,seven_class,all,extra_trees,3
numeric__root_mac_rx_delta,0.12432662644808973,seven_class,all,extra_trees,4
numeric__mean_rank,0.09356437084702139,seven_class,all,extra_trees,4
numeric__client_mac_rx_delta,0.08150365653080946,seven_class,all,extra_trees,4
numeric__mean_etx_x100,0.08070035450897335,seven_class,all,extra_trees,4
numeric__root_mean_etx_x100,0.07133487712284627,seven_class,all,extra_trees,4
numeric__client_energest_tx_delta,0.05839490945881523,seven_class,all,extra_trees,4
numeric__client_radio_tx_fraction,0.05754097351984223,seven_class,all,extra_trees,4
numeric__client_energest_listen_delta,0.0573093054418921,seven_class,all,extra_trees,4
numeric__p95_etx_x100,0.05011362502588224,seven_class,all,extra_trees,4
numeric__client_mac_acked_delta,0.04864342373614222,seven_class,all,extra_trees,4
numeric__client_mac_tx_attempts_delta,0.043892432175486565,seven_class,all,extra_trees,4
numeric__std_etx_x100,0.03341201805825691,seven_class,all,extra_trees,4
numeric__client_mac_ack_ratio,0.03169166890169567,seven_class,all,extra_trees,4
numeric__mean_rssi,0.024769208623124324,seven_class,all,extra_trees,4
numeric__root_mac_ack_ratio,0.022062674967385013,seven_class,all,extra_trees,4
numeric__root_radio_tx_fraction,0.02151843054227506,seven_class,all,extra_trees,4
numeric__root_energest_tx_delta,0.017379283474722864,seven_class,all,extra_trees,4
numeric__root_mac_tx_attempts_delta,0.01279614662152173,seven_class,all,extra_trees,4
numeric__mean_rtt_ms,0.012010130106768236,seven_class,all,extra_trees,4
numeric__median_rtt_ms,0.0061019670929773435,seven_class,all,extra_trees,4
numeric__p95_rtt_ms,0.006018569094850013,seven_class,all,extra_trees,4
numeric__std_rtt_ms,0.005532282901545127,seven_class,all,extra_trees,4
numeric__max_rtt_ms,0.004979330433895651,seven_class,all,extra_trees,4
numeric__root_server_tx_delta,0.004381259049030699,seven_class,all,extra_trees,4
numeric__root_server_rx_delta,0.004315422466281328,seven_class,all,extra_trees,4
numeric__root_mac_acked_delta,0.003892744721715957,seven_class,all,extra_trees,4
numeric__app_tx_delta,0.003776252042214642,seven_class,all,extra_trees,4
numeric__app_rx_delta,0.0036443071809587556,seven_class,all,extra_trees,4
numeric__transaction_success_count,0.0031305483332050485,seven_class,all,extra_trees,4
numeric__uplink_success_count,0.002921316976395246,seven_class,all,extra_trees,4
numeric__transaction_count,0.0029153102468296535,seven_class,all,extra_trees,4
numeric__client_energest_total_delta,0.002063834412789997,seven_class,all,extra_trees,4
numeric__client_mac_reset_nodes,0.0006064565555870519,seven_class,all,extra_trees,4
numeric__parent_changes_delta,0.0005432377810002529,seven_class,all,extra_trees,4
numeric__client_mac_valid_nodes,0.0005389289051906832,seven_class,all,extra_trees,4
numeric__app_delivery_ratio,0.0005368552645110751,seven_class,all,extra_trees,4
numeric__app_timeouts_delta,0.0004919526929488253,seven_class,all,extra_trees,4
numeric__uplink_delivery_ratio,0.0003374181726193974,seven_class,all,extra_trees,4
numeric__queue_drops_delta,0.0003078895639027359,seven_class,all,extra_trees,4
numeric__route_miss_delta,0.0,seven_class,all,extra_trees,4
numeric__reachable_fraction,0.0,seven_class,all,extra_trees,4
numeric__root_mean_rssi,0.0,seven_class,all,extra_trees,4
numeric__mean_neighbors,0.0,seven_class,all,extra_trees,4
numeric__root_mac_rx_delta,0.11861198074107016,seven_class,all,extra_trees,5
numeric__mean_etx_x100,0.08394254042511196,seven_class,all,extra_trees,5
numeric__client_mac_rx_delta,0.08370685629103332,seven_class,all,extra_trees,5
numeric__mean_rank,0.07922395536207019,seven_class,all,extra_trees,5
numeric__root_mean_etx_x100,0.0707255740400563,seven_class,all,extra_trees,5
numeric__client_energest_listen_delta,0.059029346890753044,seven_class,all,extra_trees,5
numeric__client_energest_tx_delta,0.05805504809022913,seven_class,all,extra_trees,5
numeric__client_radio_tx_fraction,0.05484630912319704,seven_class,all,extra_trees,5
numeric__p95_etx_x100,0.053339443743647,seven_class,all,extra_trees,5
numeric__client_mac_acked_delta,0.04942201388180236,seven_class,all,extra_trees,5
numeric__client_mac_tx_attempts_delta,0.045649796878783955,seven_class,all,extra_trees,5
numeric__std_etx_x100,0.032363443192273675,seven_class,all,extra_trees,5
numeric__client_mac_ack_ratio,0.03166306545852901,seven_class,all,extra_trees,5
numeric__mean_rssi,0.027003631789657173,seven_class,all,extra_trees,5
numeric__root_mac_ack_ratio,0.025350586240236558,seven_class,all,extra_trees,5
numeric__root_radio_tx_fraction,0.02141645744577227,seven_class,all,extra_trees,5
numeric__root_energest_tx_delta,0.019123971880283034,seven_class,all,extra_trees,5
numeric__root_mac_tx_attempts_delta,0.013531469779615023,seven_class,all,extra_trees,5
numeric__mean_rtt_ms,0.011604763049695443,seven_class,all,extra_trees,5
numeric__p95_rtt_ms,0.006648689069807595,seven_class,all,extra_trees,5
numeric__median_rtt_ms,0.006153819111665528,seven_class,all,extra_trees,5
numeric__std_rtt_ms,0.005959231259228641,seven_class,all,extra_trees,5
numeric__max_rtt_ms,0.0054631341663963495,seven_class,all,extra_trees,5
numeric__root_server_tx_delta,0.004840372686847105,seven_class,all,extra_trees,5
numeric__root_server_rx_delta,0.00435661494675805,seven_class,all,extra_trees,5
numeric__root_mac_acked_delta,0.004266135406210006,seven_class,all,extra_trees,5
numeric__app_tx_delta,0.004135145953884538,seven_class,all,extra_trees,5
numeric__app_rx_delta,0.004051341676008477,seven_class,all,extra_trees,5
numeric__transaction_count,0.0033474158546215813,seven_class,all,extra_trees,5
numeric__transaction_success_count,0.0032014531059446293,seven_class,all,extra_trees,5
numeric__uplink_success_count,0.003176298679729511,seven_class,all,extra_trees,5
numeric__client_energest_total_delta,0.002593045033573187,seven_class,all,extra_trees,5
numeric__app_delivery_ratio,0.0006288319599044299,seven_class,all,extra_trees,5
numeric__client_mac_valid_nodes,0.0005877958133634018,seven_class,all,extra_trees,5
numeric__app_timeouts_delta,0.0005799787632735532,seven_class,all,extra_trees,5
numeric__client_mac_reset_nodes,0.00047235306657950987,seven_class,all,extra_trees,5
numeric__parent_changes_delta,0.00043252013395187394,seven_class,all,extra_trees,5
numeric__uplink_delivery_ratio,0.0002601782579299544,seven_class,all,extra_trees,5
numeric__queue_drops_delta,0.00023539075050560307,seven_class,all,extra_trees,5
numeric__route_miss_delta,0.0,seven_class,all,extra_trees,5
numeric__reachable_fraction,0.0,seven_class,all,extra_trees,5
numeric__root_mean_rssi,0.0,seven_class,all,extra_trees,5
numeric__mean_neighbors,0.0,seven_class,all,extra_trees,5
numeric__root_mac_rx_delta,0.27621393940086514,attack_subtype,all,random_forest,1
numeric__client_mac_rx_delta,0.15279934025091876,attack_subtype,all,random_forest,1
numeric__client_energest_tx_delta,0.07027207466654327,attack_subtype,all,random_forest,1
numeric__client_radio_tx_fraction,0.06183306457824084,attack_subtype,all,random_forest,1
numeric__client_energest_listen_delta,0.06099019789041884,attack_subtype,all,random_forest,1
numeric__root_radio_tx_fraction,0.058465105879080825,attack_subtype,all,random_forest,1
numeric__root_energest_tx_delta,0.05787856880536873,attack_subtype,all,random_forest,1
numeric__client_mac_acked_delta,0.057159608680860556,attack_subtype,all,random_forest,1
numeric__client_mac_tx_attempts_delta,0.055146909276607016,attack_subtype,all,random_forest,1
numeric__mean_rank,0.022137805231807882,attack_subtype,all,random_forest,1
numeric__mean_etx_x100,0.014921956489110558,attack_subtype,all,random_forest,1
numeric__p95_etx_x100,0.012961470757680857,attack_subtype,all,random_forest,1
numeric__std_etx_x100,0.010856186161978797,attack_subtype,all,random_forest,1
numeric__max_rtt_ms,0.008745123161343831,attack_subtype,all,random_forest,1
numeric__root_mean_etx_x100,0.008339471479946898,attack_subtype,all,random_forest,1
numeric__median_rtt_ms,0.008036800338125602,attack_subtype,all,random_forest,1
numeric__std_rtt_ms,0.008022021908738394,attack_subtype,all,random_forest,1
numeric__mean_rssi,0.007956059946590077,attack_subtype,all,random_forest,1
numeric__mean_rtt_ms,0.007544874326882218,attack_subtype,all,random_forest,1
numeric__p95_rtt_ms,0.006608586998973566,attack_subtype,all,random_forest,1
numeric__client_mac_ack_ratio,0.005879842448903808,attack_subtype,all,random_forest,1
numeric__root_mac_tx_attempts_delta,0.0030779328445700773,attack_subtype,all,random_forest,1
numeric__app_rx_delta,0.0029852821462205835,attack_subtype,all,random_forest,1
numeric__app_tx_delta,0.0029640732029734395,attack_subtype,all,random_forest,1
numeric__root_mac_acked_delta,0.0027729843654739393,attack_subtype,all,random_forest,1
numeric__client_energest_total_delta,0.0025912759000451743,attack_subtype,all,random_forest,1
numeric__root_server_tx_delta,0.002561444223434778,attack_subtype,all,random_forest,1
numeric__root_mac_ack_ratio,0.0024284433608255523,attack_subtype,all,random_forest,1
numeric__transaction_success_count,0.002215396020289516,attack_subtype,all,random_forest,1
numeric__root_server_rx_delta,0.0021326041955170923,attack_subtype,all,random_forest,1
numeric__transaction_count,0.0018170973229703423,attack_subtype,all,random_forest,1
numeric__uplink_success_count,0.001625015669231231,attack_subtype,all,random_forest,1
numeric__app_timeouts_delta,3.198556646380523e-05,attack_subtype,all,random_forest,1
numeric__app_delivery_ratio,2.7456502998023576e-05,attack_subtype,all,random_forest,1
numeric__queue_drops_delta,5.659594085990016e-17,attack_subtype,all,random_forest,1
numeric__route_miss_delta,0.0,attack_subtype,all,random_forest,1
numeric__reachable_fraction,0.0,attack_subtype,all,random_forest,1
numeric__mean_neighbors,0.0,attack_subtype,all,random_forest,1
numeric__uplink_delivery_ratio,0.0,attack_subtype,all,random_forest,1
numeric__root_mean_rssi,0.0,attack_subtype,all,random_forest,1
numeric__parent_changes_delta,0.0,attack_subtype,all,random_forest,1
numeric__client_mac_valid_nodes,0.0,attack_subtype,all,random_forest,1
numeric__client_mac_reset_nodes,0.0,attack_subtype,all,random_forest,1
numeric__root_mac_rx_delta,0.2865123622310197,attack_subtype,all,random_forest,2
numeric__client_mac_rx_delta,0.13416412237683226,attack_subtype,all,random_forest,2
numeric__client_energest_tx_delta,0.07749773912402896,attack_subtype,all,random_forest,2
numeric__client_energest_listen_delta,0.0645844635627447,attack_subtype,all,random_forest,2
numeric__client_radio_tx_fraction,0.06382927687727079,attack_subtype,all,random_forest,2
numeric__root_radio_tx_fraction,0.06225080695795291,attack_subtype,all,random_forest,2
numeric__client_mac_tx_attempts_delta,0.061947504142586235,attack_subtype,all,random_forest,2
numeric__client_mac_acked_delta,0.053768846312183705,attack_subtype,all,random_forest,2
numeric__root_energest_tx_delta,0.04826940331090554,attack_subtype,all,random_forest,2
numeric__mean_etx_x100,0.01647345833854564,attack_subtype,all,random_forest,2
numeric__p95_etx_x100,0.014984338310887975,attack_subtype,all,random_forest,2
numeric__std_etx_x100,0.011703333353023943,attack_subtype,all,random_forest,2
numeric__mean_rank,0.011551204542271442,attack_subtype,all,random_forest,2
numeric__max_rtt_ms,0.009611885711068933,attack_subtype,all,random_forest,2
numeric__mean_rtt_ms,0.009174328566327734,attack_subtype,all,random_forest,2
numeric__std_rtt_ms,0.008656279105068608,attack_subtype,all,random_forest,2
numeric__median_rtt_ms,0.008363460452670172,attack_subtype,all,random_forest,2
numeric__p95_rtt_ms,0.008285433662959855,attack_subtype,all,random_forest,2
numeric__root_mean_etx_x100,0.007836541664463967,attack_subtype,all,random_forest,2
numeric__client_mac_ack_ratio,0.005650880402020171,attack_subtype,all,random_forest,2
numeric__mean_rssi,0.004876942404214633,attack_subtype,all,random_forest,2
numeric__root_mac_tx_attempts_delta,0.0036164188945287724,attack_subtype,all,random_forest,2
numeric__root_mac_ack_ratio,0.0036021247312107603,attack_subtype,all,random_forest,2
numeric__app_rx_delta,0.003355102262239859,attack_subtype,all,random_forest,2
numeric__app_tx_delta,0.0028879828391623753,attack_subtype,all,random_forest,2
numeric__root_mac_acked_delta,0.0028139549984544593,attack_subtype,all,random_forest,2
numeric__root_server_tx_delta,0.0025648974546809682,attack_subtype,all,random_forest,2
numeric__root_server_rx_delta,0.0024641724616566913,attack_subtype,all,random_forest,2
numeric__transaction_count,0.0020801383469631145,attack_subtype,all,random_forest,2
numeric__uplink_success_count,0.00199840553710472,attack_subtype,all,random_forest,2
numeric__client_energest_total_delta,0.0019942940998941843,attack_subtype,all,random_forest,2
numeric__transaction_success_count,0.0019478152056154102,attack_subtype,all,random_forest,2
numeric__queue_drops_delta,0.0002326821125891121,attack_subtype,all,random_forest,2
numeric__uplink_delivery_ratio,0.00017270351440820282,attack_subtype,all,random_forest,2
numeric__app_delivery_ratio,0.00014335230617155037,attack_subtype,all,random_forest,2
numeric__app_timeouts_delta,0.00013334382627189705,attack_subtype,all,random_forest,2
numeric__reachable_fraction,0.0,attack_subtype,all,random_forest,2
numeric__route_miss_delta,0.0,attack_subtype,all,random_forest,2
numeric__mean_neighbors,0.0,attack_subtype,all,random_forest,2
numeric__root_mean_rssi,0.0,attack_subtype,all,random_forest,2
numeric__parent_changes_delta,0.0,attack_subtype,all,random_forest,2
numeric__client_mac_valid_nodes,0.0,attack_subtype,all,random_forest,2
numeric__client_mac_reset_nodes,0.0,attack_subtype,all,random_forest,2
numeric__root_mac_rx_delta,0.28245268290447134,attack_subtype,all,random_forest,3
numeric__client_mac_rx_delta,0.14343931016251166,attack_subtype,all,random_forest,3
numeric__client_energest_tx_delta,0.07791077165824935,attack_subtype,all,random_forest,3
numeric__client_energest_listen_delta,0.0674601026545259,attack_subtype,all,random_forest,3
numeric__client_radio_tx_fraction,0.06547110073954088,attack_subtype,all,random_forest,3
numeric__root_radio_tx_fraction,0.06268765648301175,attack_subtype,all,random_forest,3
numeric__client_mac_tx_attempts_delta,0.06169811099608109,attack_subtype,all,random_forest,3
numeric__client_mac_acked_delta,0.05298356727369195,attack_subtype,all,random_forest,3
numeric__root_energest_tx_delta,0.04609030673860762,attack_subtype,all,random_forest,3
numeric__p95_etx_x100,0.015859580927414883,attack_subtype,all,random_forest,3
numeric__mean_etx_x100,0.015654010783721185,attack_subtype,all,random_forest,3
numeric__mean_rank,0.013960805169122775,attack_subtype,all,random_forest,3
numeric__std_etx_x100,0.011432495157061724,attack_subtype,all,random_forest,3
numeric__max_rtt_ms,0.008049267474929784,attack_subtype,all,random_forest,3
numeric__root_mean_etx_x100,0.007709014548018225,attack_subtype,all,random_forest,3
numeric__p95_rtt_ms,0.007680106760767965,attack_subtype,all,random_forest,3
numeric__std_rtt_ms,0.007518682022237085,attack_subtype,all,random_forest,3
numeric__mean_rtt_ms,0.007211642833782038,attack_subtype,all,random_forest,3
numeric__median_rtt_ms,0.007187742981330253,attack_subtype,all,random_forest,3
numeric__client_mac_ack_ratio,0.0056506610481030835,attack_subtype,all,random_forest,3
numeric__mean_rssi,0.004566305955433037,attack_subtype,all,random_forest,3
numeric__app_tx_delta,0.003205283675882244,attack_subtype,all,random_forest,3
numeric__app_rx_delta,0.0031832159419139263,attack_subtype,all,random_forest,3
numeric__root_mac_tx_attempts_delta,0.0031186271992162005,attack_subtype,all,random_forest,3
numeric__root_mac_ack_ratio,0.0028111576141420657,attack_subtype,all,random_forest,3
numeric__root_mac_acked_delta,0.0027249724004285592,attack_subtype,all,random_forest,3
numeric__root_server_tx_delta,0.002290635173289582,attack_subtype,all,random_forest,3
numeric__transaction_count,0.0020110296544983493,attack_subtype,all,random_forest,3
numeric__uplink_success_count,0.0019835767147370533,attack_subtype,all,random_forest,3
numeric__root_server_rx_delta,0.00188658710618685,attack_subtype,all,random_forest,3
numeric__transaction_success_count,0.0018257302225328645,attack_subtype,all,random_forest,3
numeric__client_energest_total_delta,0.0016073238689231625,attack_subtype,all,random_forest,3
numeric__app_delivery_ratio,0.00024862595631390235,attack_subtype,all,random_forest,3
numeric__uplink_delivery_ratio,0.00017776164542736443,attack_subtype,all,random_forest,3
numeric__queue_drops_delta,0.00015275535649571971,attack_subtype,all,random_forest,3
numeric__app_timeouts_delta,9.87921973984527e-05,attack_subtype,all,random_forest,3
numeric__reachable_fraction,0.0,attack_subtype,all,random_forest,3
numeric__route_miss_delta,0.0,attack_subtype,all,random_forest,3
numeric__mean_neighbors,0.0,attack_subtype,all,random_forest,3
numeric__root_mean_rssi,0.0,attack_subtype,all,random_forest,3
numeric__parent_changes_delta,0.0,attack_subtype,all,random_forest,3
numeric__client_mac_valid_nodes,0.0,attack_subtype,all,random_forest,3
numeric__client_mac_reset_nodes,0.0,attack_subtype,all,random_forest,3
numeric__root_mac_rx_delta,0.27679853008330296,attack_subtype,all,random_forest,4
numeric__client_mac_rx_delta,0.15218928122033004,attack_subtype,all,random_forest,4
numeric__client_energest_tx_delta,0.0831625171512513,attack_subtype,all,random_forest,4
numeric__client_energest_listen_delta,0.06691096999388615,attack_subtype,all,random_forest,4
numeric__root_radio_tx_fraction,0.06659356036747767,attack_subtype,all,random_forest,4
numeric__client_mac_tx_attempts_delta,0.06176967679414023,attack_subtype,all,random_forest,4
numeric__client_radio_tx_fraction,0.06061407562804131,attack_subtype,all,random_forest,4
numeric__root_energest_tx_delta,0.04779831495989396,attack_subtype,all,random_forest,4
numeric__client_mac_acked_delta,0.04427578909568125,attack_subtype,all,random_forest,4
numeric__p95_etx_x100,0.015696242472791003,attack_subtype,all,random_forest,4
numeric__mean_etx_x100,0.01436472891662892,attack_subtype,all,random_forest,4
numeric__mean_rank,0.012437665910064807,attack_subtype,all,random_forest,4
numeric__std_etx_x100,0.011876546685610986,attack_subtype,all,random_forest,4
numeric__max_rtt_ms,0.009321532934515412,attack_subtype,all,random_forest,4
numeric__std_rtt_ms,0.00805206099133101,attack_subtype,all,random_forest,4
numeric__mean_rtt_ms,0.007448828446101541,attack_subtype,all,random_forest,4
numeric__p95_rtt_ms,0.00731844470012575,attack_subtype,all,random_forest,4
numeric__mean_rssi,0.007068792892770227,attack_subtype,all,random_forest,4
numeric__root_mean_etx_x100,0.0066425233789826985,attack_subtype,all,random_forest,4
numeric__median_rtt_ms,0.0064107317268985485,attack_subtype,all,random_forest,4
numeric__client_mac_ack_ratio,0.005899844934594643,attack_subtype,all,random_forest,4
numeric__root_mac_tx_attempts_delta,0.003428615144381991,attack_subtype,all,random_forest,4
numeric__root_mac_ack_ratio,0.002917616691308719,attack_subtype,all,random_forest,4
numeric__app_rx_delta,0.0025721628771605814,attack_subtype,all,random_forest,4
numeric__uplink_success_count,0.0025340749545165395,attack_subtype,all,random_forest,4
numeric__root_server_tx_delta,0.0023796704951496756,attack_subtype,all,random_forest,4
numeric__root_server_rx_delta,0.0022894400632772873,attack_subtype,all,random_forest,4
numeric__transaction_success_count,0.002227064281886605,attack_subtype,all,random_forest,4
numeric__transaction_count,0.0021150169435796163,attack_subtype,all,random_forest,4
numeric__app_tx_delta,0.002105673782068676,attack_subtype,all,random_forest,4
numeric__client_energest_total_delta,0.0020454079403291053,attack_subtype,all,random_forest,4
numeric__root_mac_acked_delta,0.0019763591361923946,attack_subtype,all,random_forest,4
numeric__app_delivery_ratio,0.0002460618421652737,attack_subtype,all,random_forest,4
numeric__queue_drops_delta,0.00024166595485202688,attack_subtype,all,random_forest,4
numeric__uplink_delivery_ratio,0.00014077231380140657,attack_subtype,all,random_forest,4
numeric__app_timeouts_delta,0.0001297382949097774,attack_subtype,all,random_forest,4
numeric__reachable_fraction,0.0,attack_subtype,all,random_forest,4
numeric__route_miss_delta,0.0,attack_subtype,all,random_forest,4
numeric__mean_neighbors,0.0,attack_subtype,all,random_forest,4
numeric__root_mean_rssi,0.0,attack_subtype,all,random_forest,4
numeric__parent_changes_delta,0.0,attack_subtype,all,random_forest,4
numeric__client_mac_valid_nodes,0.0,attack_subtype,all,random_forest,4
numeric__client_mac_reset_nodes,0.0,attack_subtype,all,random_forest,4
numeric__root_mac_rx_delta,0.2929200225018241,attack_subtype,all,random_forest,5
numeric__client_mac_rx_delta,0.13396883996868572,attack_subtype,all,random_forest,5
numeric__client_energest_tx_delta,0.07828386530770155,attack_subtype,all,random_forest,5
numeric__client_energest_listen_delta,0.0681583755214664,attack_subtype,all,random_forest,5
numeric__root_radio_tx_fraction,0.06285449575940594,attack_subtype,all,random_forest,5
numeric__client_mac_tx_attempts_delta,0.061716736889772424,attack_subtype,all,random_forest,5
numeric__client_radio_tx_fraction,0.05915533321164297,attack_subtype,all,random_forest,5
numeric__client_mac_acked_delta,0.05300358695159667,attack_subtype,all,random_forest,5
numeric__root_energest_tx_delta,0.04778476677385921,attack_subtype,all,random_forest,5
numeric__mean_etx_x100,0.015385485933023435,attack_subtype,all,random_forest,5
numeric__p95_etx_x100,0.013245943144527973,attack_subtype,all,random_forest,5
numeric__std_etx_x100,0.012970206332412224,attack_subtype,all,random_forest,5
numeric__mean_rank,0.011022760668181187,attack_subtype,all,random_forest,5
numeric__max_rtt_ms,0.009802191462245858,attack_subtype,all,random_forest,5
numeric__p95_rtt_ms,0.008848195016660636,attack_subtype,all,random_forest,5
numeric__root_mean_etx_x100,0.008767553608252168,attack_subtype,all,random_forest,5
numeric__std_rtt_ms,0.008515427191906932,attack_subtype,all,random_forest,5
numeric__mean_rtt_ms,0.007968000277586252,attack_subtype,all,random_forest,5
numeric__median_rtt_ms,0.007016375158660477,attack_subtype,all,random_forest,5
numeric__client_mac_ack_ratio,0.005592889452341261,attack_subtype,all,random_forest,5
numeric__mean_rssi,0.005509494753883546,attack_subtype,all,random_forest,5
numeric__root_mac_ack_ratio,0.002989819767778235,attack_subtype,all,random_forest,5
numeric__root_mac_tx_attempts_delta,0.0029819261575523446,attack_subtype,all,random_forest,5
numeric__client_energest_total_delta,0.0029655586568210317,attack_subtype,all,random_forest,5
numeric__root_mac_acked_delta,0.002719360190753814,attack_subtype,all,random_forest,5
numeric__root_server_rx_delta,0.0026532745428431855,attack_subtype,all,random_forest,5
numeric__app_rx_delta,0.0025749094451608086,attack_subtype,all,random_forest,5
numeric__app_tx_delta,0.0022161016265265414,attack_subtype,all,random_forest,5
numeric__transaction_count,0.0021925572237751385,attack_subtype,all,random_forest,5
numeric__root_server_tx_delta,0.0020307381142700637,attack_subtype,all,random_forest,5
numeric__uplink_success_count,0.001928208667469414,attack_subtype,all,random_forest,5
numeric__transaction_success_count,0.0016570587062460773,attack_subtype,all,random_forest,5
numeric__app_delivery_ratio,0.0002154874023055724,attack_subtype,all,random_forest,5
numeric__queue_drops_delta,0.0001922518785685971,attack_subtype,all,random_forest,5
numeric__app_timeouts_delta,9.78584546661557e-05,attack_subtype,all,random_forest,5
numeric__uplink_delivery_ratio,9.434327962611176e-05,attack_subtype,all,random_forest,5
numeric__reachable_fraction,0.0,attack_subtype,all,random_forest,5
numeric__route_miss_delta,0.0,attack_subtype,all,random_forest,5
numeric__mean_neighbors,0.0,attack_subtype,all,random_forest,5
numeric__root_mean_rssi,0.0,attack_subtype,all,random_forest,5
numeric__parent_changes_delta,0.0,attack_subtype,all,random_forest,5
numeric__client_mac_valid_nodes,0.0,attack_subtype,all,random_forest,5
numeric__client_mac_reset_nodes,0.0,attack_subtype,all,random_forest,5
numeric__root_mac_rx_delta,0.28995292241002885,attack_subtype,all,extra_trees,1
numeric__client_mac_rx_delta,0.1028210865355201,attack_subtype,all,extra_trees,1
numeric__client_mac_acked_delta,0.09114858176162795,attack_subtype,all,extra_trees,1
numeric__client_mac_tx_attempts_delta,0.07505986240303349,attack_subtype,all,extra_trees,1
numeric__client_radio_tx_fraction,0.06971334706326227,attack_subtype,all,extra_trees,1
numeric__client_energest_tx_delta,0.059219744945671886,attack_subtype,all,extra_trees,1
numeric__client_energest_listen_delta,0.0573283058578624,attack_subtype,all,extra_trees,1
numeric__root_energest_tx_delta,0.04600005559721592,attack_subtype,all,extra_trees,1
numeric__root_radio_tx_fraction,0.04039337285361596,attack_subtype,all,extra_trees,1
numeric__mean_rank,0.01627883611927031,attack_subtype,all,extra_trees,1
numeric__p95_etx_x100,0.011484604001795379,attack_subtype,all,extra_trees,1
numeric__mean_etx_x100,0.011417527659193075,attack_subtype,all,extra_trees,1
numeric__root_mean_etx_x100,0.009805578176947613,attack_subtype,all,extra_trees,1
numeric__mean_rssi,0.009424158401103494,attack_subtype,all,extra_trees,1
numeric__std_etx_x100,0.009014766054636521,attack_subtype,all,extra_trees,1
numeric__mean_rtt_ms,0.007574046763916142,attack_subtype,all,extra_trees,1
numeric__root_server_tx_delta,0.007407218936967903,attack_subtype,all,extra_trees,1
numeric__root_mac_acked_delta,0.006682133044213627,attack_subtype,all,extra_trees,1
numeric__std_rtt_ms,0.006596154909663635,attack_subtype,all,extra_trees,1
numeric__median_rtt_ms,0.006532559008336783,attack_subtype,all,extra_trees,1
numeric__p95_rtt_ms,0.006505834402321174,attack_subtype,all,extra_trees,1
numeric__root_server_rx_delta,0.006480993156984557,attack_subtype,all,extra_trees,1
numeric__max_rtt_ms,0.006480609430969012,attack_subtype,all,extra_trees,1
numeric__app_rx_delta,0.006433897439194755,attack_subtype,all,extra_trees,1
numeric__client_mac_ack_ratio,0.006226064310269613,attack_subtype,all,extra_trees,1
numeric__root_mac_tx_attempts_delta,0.006172202910275246,attack_subtype,all,extra_trees,1
numeric__app_tx_delta,0.005494834893966294,attack_subtype,all,extra_trees,1
numeric__root_mac_ack_ratio,0.004942226034879541,attack_subtype,all,extra_trees,1
numeric__transaction_count,0.004468002311384823,attack_subtype,all,extra_trees,1
numeric__transaction_success_count,0.004360644919872451,attack_subtype,all,extra_trees,1
numeric__uplink_success_count,0.004241757121089491,attack_subtype,all,extra_trees,1
numeric__client_energest_total_delta,0.0038425556037936857,attack_subtype,all,extra_trees,1
numeric__app_delivery_ratio,0.0002543310986571525,attack_subtype,all,extra_trees,1
numeric__app_timeouts_delta,0.00023577899410327796,attack_subtype,all,extra_trees,1
numeric__queue_drops_delta,5.4048683556878935e-06,attack_subtype,all,extra_trees,1
numeric__route_miss_delta,0.0,attack_subtype,all,extra_trees,1
numeric__reachable_fraction,0.0,attack_subtype,all,extra_trees,1
numeric__mean_neighbors,0.0,attack_subtype,all,extra_trees,1
numeric__uplink_delivery_ratio,0.0,attack_subtype,all,extra_trees,1
numeric__root_mean_rssi,0.0,attack_subtype,all,extra_trees,1
numeric__parent_changes_delta,0.0,attack_subtype,all,extra_trees,1
numeric__client_mac_valid_nodes,0.0,attack_subtype,all,extra_trees,1
numeric__client_mac_reset_nodes,0.0,attack_subtype,all,extra_trees,1
numeric__root_mac_rx_delta,0.30150191890212746,attack_subtype,all,extra_trees,2
numeric__client_mac_acked_delta,0.09508589247855526,attack_subtype,all,extra_trees,2
numeric__client_mac_rx_delta,0.09488345893864226,attack_subtype,all,extra_trees,2
numeric__client_mac_tx_attempts_delta,0.07450562515254272,attack_subtype,all,extra_trees,2
numeric__client_radio_tx_fraction,0.06404403718604418,attack_subtype,all,extra_trees,2
numeric__client_energest_tx_delta,0.06169116662202898,attack_subtype,all,extra_trees,2
numeric__client_energest_listen_delta,0.056774804687769805,attack_subtype,all,extra_trees,2
numeric__root_energest_tx_delta,0.04618588726714934,attack_subtype,all,extra_trees,2
numeric__root_radio_tx_fraction,0.0372040576580884,attack_subtype,all,extra_trees,2
numeric__mean_etx_x100,0.013611424730164226,attack_subtype,all,extra_trees,2
numeric__p95_etx_x100,0.011009507174370506,attack_subtype,all,extra_trees,2
numeric__mean_rank,0.010248054525520987,attack_subtype,all,extra_trees,2
numeric__std_etx_x100,0.009913668232147538,attack_subtype,all,extra_trees,2
numeric__root_mean_etx_x100,0.00888464340908606,attack_subtype,all,extra_trees,2
numeric__root_server_rx_delta,0.00782085496231408,attack_subtype,all,extra_trees,2
numeric__mean_rssi,0.007583587203155118,attack_subtype,all,extra_trees,2
numeric__mean_rtt_ms,0.007513917622443299,attack_subtype,all,extra_trees,2
numeric__std_rtt_ms,0.007366261417278137,attack_subtype,all,extra_trees,2
numeric__max_rtt_ms,0.0071330575967001545,attack_subtype,all,extra_trees,2
numeric__root_server_tx_delta,0.007122110904091996,attack_subtype,all,extra_trees,2
numeric__p95_rtt_ms,0.0070736436323272055,attack_subtype,all,extra_trees,2
numeric__app_rx_delta,0.006969512538988975,attack_subtype,all,extra_trees,2
numeric__median_rtt_ms,0.006768338782893378,attack_subtype,all,extra_trees,2
numeric__root_mac_acked_delta,0.006384250605344767,attack_subtype,all,extra_trees,2
numeric__root_mac_tx_attempts_delta,0.006283074233791384,attack_subtype,all,extra_trees,2
numeric__client_mac_ack_ratio,0.006255548427660877,attack_subtype,all,extra_trees,2
numeric__app_tx_delta,0.0058962524614521086,attack_subtype,all,extra_trees,2
numeric__root_mac_ack_ratio,0.005167147344994867,attack_subtype,all,extra_trees,2
numeric__transaction_count,0.0044366336867533735,attack_subtype,all,extra_trees,2
numeric__transaction_success_count,0.004311552170873535,attack_subtype,all,extra_trees,2
numeric__uplink_success_count,0.004279193403075726,attack_subtype,all,extra_trees,2
numeric__client_energest_total_delta,0.0038232805590394463,attack_subtype,all,extra_trees,2
numeric__queue_drops_delta,0.0006515001058894725,attack_subtype,all,extra_trees,2
numeric__app_timeouts_delta,0.0005914528345837503,attack_subtype,all,extra_trees,2
numeric__uplink_delivery_ratio,0.0005871046905983786,attack_subtype,all,extra_trees,2
numeric__app_delivery_ratio,0.0004375778515122596,attack_subtype,all,extra_trees,2
numeric__reachable_fraction,0.0,attack_subtype,all,extra_trees,2
numeric__route_miss_delta,0.0,attack_subtype,all,extra_trees,2
numeric__mean_neighbors,0.0,attack_subtype,all,extra_trees,2
numeric__root_mean_rssi,0.0,attack_subtype,all,extra_trees,2
numeric__parent_changes_delta,0.0,attack_subtype,all,extra_trees,2
numeric__client_mac_valid_nodes,0.0,attack_subtype,all,extra_trees,2
numeric__client_mac_reset_nodes,0.0,attack_subtype,all,extra_trees,2
numeric__root_mac_rx_delta,0.2890500072428939,attack_subtype,all,extra_trees,3
numeric__client_mac_rx_delta,0.11054886675454544,attack_subtype,all,extra_trees,3
numeric__client_mac_acked_delta,0.09347791668193906,attack_subtype,all,extra_trees,3
numeric__client_mac_tx_attempts_delta,0.07278591462623678,attack_subtype,all,extra_trees,3
numeric__client_radio_tx_fraction,0.06676877017341933,attack_subtype,all,extra_trees,3
numeric__client_energest_tx_delta,0.058627246502617365,attack_subtype,all,extra_trees,3
numeric__client_energest_listen_delta,0.057322969010764,attack_subtype,all,extra_trees,3
numeric__root_energest_tx_delta,0.0465839783747492,attack_subtype,all,extra_trees,3
numeric__root_radio_tx_fraction,0.040360692250199275,attack_subtype,all,extra_trees,3
numeric__mean_rank,0.014209116598043896,attack_subtype,all,extra_trees,3
numeric__mean_etx_x100,0.012561989266655927,attack_subtype,all,extra_trees,3
numeric__p95_etx_x100,0.010459780754460132,attack_subtype,all,extra_trees,3
numeric__std_etx_x100,0.009209887855562426,attack_subtype,all,extra_trees,3
numeric__root_mean_etx_x100,0.008394198543144434,attack_subtype,all,extra_trees,3
numeric__mean_rssi,0.007098848032278559,attack_subtype,all,extra_trees,3
numeric__root_server_rx_delta,0.007001556288269393,attack_subtype,all,extra_trees,3
numeric__max_rtt_ms,0.006888189587399473,attack_subtype,all,extra_trees,3
numeric__mean_rtt_ms,0.006875132085689827,attack_subtype,all,extra_trees,3
numeric__std_rtt_ms,0.006731318478966308,attack_subtype,all,extra_trees,3
numeric__client_mac_ack_ratio,0.006709849092846041,attack_subtype,all,extra_trees,3
numeric__app_tx_delta,0.006468279273892774,attack_subtype,all,extra_trees,3
numeric__app_rx_delta,0.006433386142103832,attack_subtype,all,extra_trees,3
numeric__p95_rtt_ms,0.006423742496539119,attack_subtype,all,extra_trees,3
numeric__root_mac_tx_attempts_delta,0.006398087992536807,attack_subtype,all,extra_trees,3
numeric__root_mac_acked_delta,0.006378308095878147,attack_subtype,all,extra_trees,3
numeric__root_server_tx_delta,0.006368724380271864,attack_subtype,all,extra_trees,3
numeric__median_rtt_ms,0.00636692489917039,attack_subtype,all,extra_trees,3
numeric__root_mac_ack_ratio,0.0051445767262863545,attack_subtype,all,extra_trees,3
numeric__uplink_success_count,0.004244112239167846,attack_subtype,all,extra_trees,3
numeric__transaction_count,0.004184778087564535,attack_subtype,all,extra_trees,3
numeric__transaction_success_count,0.0041394348652096765,attack_subtype,all,extra_trees,3
numeric__client_energest_total_delta,0.0033374069350618745,attack_subtype,all,extra_trees,3
numeric__app_delivery_ratio,0.0006391558908398338,attack_subtype,all,extra_trees,3
numeric__queue_drops_delta,0.0006209325134246169,attack_subtype,all,extra_trees,3
numeric__app_timeouts_delta,0.0006077733090570775,attack_subtype,all,extra_trees,3
numeric__uplink_delivery_ratio,0.0005781479523145177,attack_subtype,all,extra_trees,3
numeric__reachable_fraction,0.0,attack_subtype,all,extra_trees,3
numeric__route_miss_delta,0.0,attack_subtype,all,extra_trees,3
numeric__mean_neighbors,0.0,attack_subtype,all,extra_trees,3
numeric__root_mean_rssi,0.0,attack_subtype,all,extra_trees,3
numeric__parent_changes_delta,0.0,attack_subtype,all,extra_trees,3
numeric__client_mac_valid_nodes,0.0,attack_subtype,all,extra_trees,3
numeric__client_mac_reset_nodes,0.0,attack_subtype,all,extra_trees,3
numeric__root_mac_rx_delta,0.301598800801164,attack_subtype,all,extra_trees,4
numeric__client_mac_rx_delta,0.10319882288116594,attack_subtype,all,extra_trees,4
numeric__client_mac_acked_delta,0.09411340705175708,attack_subtype,all,extra_trees,4
numeric__client_mac_tx_attempts_delta,0.0720179671194345,attack_subtype,all,extra_trees,4
numeric__client_energest_listen_delta,0.06218605369932017,attack_subtype,all,extra_trees,4
numeric__client_radio_tx_fraction,0.06178368830289609,attack_subtype,all,extra_trees,4
numeric__client_energest_tx_delta,0.058149929113920175,attack_subtype,all,extra_trees,4
numeric__root_energest_tx_delta,0.046624517013361635,attack_subtype,all,extra_trees,4
numeric__root_radio_tx_fraction,0.03679467155799176,attack_subtype,all,extra_trees,4
numeric__mean_etx_x100,0.012079139002342094,attack_subtype,all,extra_trees,4
numeric__mean_rank,0.0119230026602657,attack_subtype,all,extra_trees,4
numeric__p95_etx_x100,0.010687411234586077,attack_subtype,all,extra_trees,4
numeric__std_etx_x100,0.010238215153270756,attack_subtype,all,extra_trees,4
numeric__mean_rssi,0.008599297163556239,attack_subtype,all,extra_trees,4
numeric__root_mean_etx_x100,0.008089548717925036,attack_subtype,all,extra_trees,4
numeric__std_rtt_ms,0.007191179355537419,attack_subtype,all,extra_trees,4
numeric__root_server_rx_delta,0.0070992480854127115,attack_subtype,all,extra_trees,4
numeric__root_server_tx_delta,0.0069058847191662675,attack_subtype,all,extra_trees,4
numeric__mean_rtt_ms,0.006888567163363598,attack_subtype,all,extra_trees,4
numeric__root_mac_acked_delta,0.006869917919931251,attack_subtype,all,extra_trees,4
numeric__max_rtt_ms,0.006591965657071162,attack_subtype,all,extra_trees,4
numeric__p95_rtt_ms,0.006410663024672398,attack_subtype,all,extra_trees,4
numeric__root_mac_tx_attempts_delta,0.006286515815459216,attack_subtype,all,extra_trees,4
numeric__median_rtt_ms,0.006020944655243813,attack_subtype,all,extra_trees,4
numeric__client_mac_ack_ratio,0.005890196312586608,attack_subtype,all,extra_trees,4
numeric__app_rx_delta,0.005799716865270585,attack_subtype,all,extra_trees,4
numeric__root_mac_ack_ratio,0.005176231390527027,attack_subtype,all,extra_trees,4
numeric__app_tx_delta,0.005127620248038911,attack_subtype,all,extra_trees,4
numeric__transaction_count,0.004755603406793581,attack_subtype,all,extra_trees,4
numeric__transaction_success_count,0.004741210280542094,attack_subtype,all,extra_trees,4
numeric__uplink_success_count,0.0043881921796444226,attack_subtype,all,extra_trees,4
numeric__client_energest_total_delta,0.0031569375126064207,attack_subtype,all,extra_trees,4
numeric__uplink_delivery_ratio,0.0007093070980486084,attack_subtype,all,extra_trees,4
numeric__app_delivery_ratio,0.0006443911032301352,attack_subtype,all,extra_trees,4
numeric__app_timeouts_delta,0.0006422949770427199,attack_subtype,all,extra_trees,4
numeric__queue_drops_delta,0.00061894075685387,attack_subtype,all,extra_trees,4
numeric__reachable_fraction,0.0,attack_subtype,all,extra_trees,4
numeric__route_miss_delta,0.0,attack_subtype,all,extra_trees,4
numeric__mean_neighbors,0.0,attack_subtype,all,extra_trees,4
numeric__root_mean_rssi,0.0,attack_subtype,all,extra_trees,4
numeric__parent_changes_delta,0.0,attack_subtype,all,extra_trees,4
numeric__client_mac_valid_nodes,0.0,attack_subtype,all,extra_trees,4
numeric__client_mac_reset_nodes,0.0,attack_subtype,all,extra_trees,4
numeric__root_mac_rx_delta,0.2948909615347125,attack_subtype,all,extra_trees,5
numeric__client_mac_rx_delta,0.10051257502215145,attack_subtype,all,extra_trees,5
numeric__client_mac_acked_delta,0.09331995030950707,attack_subtype,all,extra_trees,5
numeric__client_mac_tx_attempts_delta,0.07033998006495777,attack_subtype,all,extra_trees,5
numeric__client_radio_tx_fraction,0.06580247168388646,attack_subtype,all,extra_trees,5
numeric__client_energest_listen_delta,0.061096983010181176,attack_subtype,all,extra_trees,5
numeric__client_energest_tx_delta,0.05963378395620737,attack_subtype,all,extra_trees,5
numeric__root_energest_tx_delta,0.04625952854657035,attack_subtype,all,extra_trees,5
numeric__root_radio_tx_fraction,0.03757765613219316,attack_subtype,all,extra_trees,5
numeric__mean_etx_x100,0.013206828787310592,attack_subtype,all,extra_trees,5
numeric__std_etx_x100,0.010861510819404794,attack_subtype,all,extra_trees,5
numeric__p95_etx_x100,0.010830902383881099,attack_subtype,all,extra_trees,5
numeric__mean_rank,0.010820617222198035,attack_subtype,all,extra_trees,5
numeric__root_mean_etx_x100,0.009812703254520234,attack_subtype,all,extra_trees,5
numeric__mean_rssi,0.008264254020786808,attack_subtype,all,extra_trees,5
numeric__root_server_rx_delta,0.007917086747934735,attack_subtype,all,extra_trees,5
numeric__max_rtt_ms,0.007514928549647454,attack_subtype,all,extra_trees,5
numeric__mean_rtt_ms,0.007446467878287261,attack_subtype,all,extra_trees,5
numeric__root_server_tx_delta,0.0073302456103570834,attack_subtype,all,extra_trees,5
numeric__std_rtt_ms,0.007146080129903871,attack_subtype,all,extra_trees,5
numeric__p95_rtt_ms,0.00702946707249389,attack_subtype,all,extra_trees,5
numeric__root_mac_acked_delta,0.006826697601499558,attack_subtype,all,extra_trees,5
numeric__client_mac_ack_ratio,0.006570637324225897,attack_subtype,all,extra_trees,5
numeric__app_rx_delta,0.006012489257308289,attack_subtype,all,extra_trees,5
numeric__median_rtt_ms,0.005973852377610977,attack_subtype,all,extra_trees,5
numeric__app_tx_delta,0.0057965512592947025,attack_subtype,all,extra_trees,5
numeric__root_mac_tx_attempts_delta,0.00572414206021068,attack_subtype,all,extra_trees,5
numeric__root_mac_ack_ratio,0.00539562187555897,attack_subtype,all,extra_trees,5
numeric__uplink_success_count,0.0044995428466157745,attack_subtype,all,extra_trees,5
numeric__transaction_success_count,0.004476812494453259,attack_subtype,all,extra_trees,5
numeric__client_energest_total_delta,0.004453770631992895,attack_subtype,all,extra_trees,5
numeric__transaction_count,0.004189650937657098,attack_subtype,all,extra_trees,5
numeric__app_timeouts_delta,0.0007630348823391855,attack_subtype,all,extra_trees,5
numeric__uplink_delivery_ratio,0.0006069063222798285,attack_subtype,all,extra_trees,5
numeric__queue_drops_delta,0.0005795226386845039,attack_subtype,all,extra_trees,5
numeric__app_delivery_ratio,0.000515784753175294,attack_subtype,all,extra_trees,5
numeric__reachable_fraction,0.0,attack_subtype,all,extra_trees,5
numeric__route_miss_delta,0.0,attack_subtype,all,extra_trees,5
numeric__mean_neighbors,0.0,attack_subtype,all,extra_trees,5
numeric__root_mean_rssi,0.0,attack_subtype,all,extra_trees,5
numeric__parent_changes_delta,0.0,attack_subtype,all,extra_trees,5
numeric__client_mac_valid_nodes,0.0,attack_subtype,all,extra_trees,5
numeric__client_mac_reset_nodes,0.0,attack_subtype,all,extra_trees,5
